time_s,0,0.1,0.2,0.3,0.4,0.5,0.6,0.7,0.8,0.9,1,1.1,1.2,1.3,1.4,1.5,1.6,1.7,1.8,1.9,2
60,2.55,2.55,2.55,2.55,2.55,2.55,2.55,2.55,2.55,2.55,2.55,2.55,2.55,2.55,2.55,2.55,2.549999926,2.54997966,2.548503423,2.518469626,2.327088288
120,2.55,2.55,2.55,2.55,2.55,2.55,2.55,2.55,2.55,2.55,2.55,2.55,2.55,2.55,2.549999977,2.549998257,2.549932035,2.548632305,2.535390686,2.463247205,2.242098808
180,2.55,2.55,2.55,2.55,2.55,2.55,2.55,2.55,2.55,2.55,2.55,2.55,2.549999998,2.549999893,2.549996691,2.549935054,2.549181256,2.543277972,2.513284781,2.412353413,2.179840266
240,2.55,2.55,2.55,2.55,2.55,2.55,2.55,2.55,2.55,2.55,2.55,2.549999994,2.549999831,2.549996749,2.549955346,2.549560593,2.546877406,2.533790691,2.487503428,2.366837634,2.129288957
300,2.55,2.55,2.55,2.55,2.55,2.55,2.55,2.55,2.55,2.55,2.549999991,2.549999831,2.549997558,2.54997312,2.549773636,2.548534288,2.542652029,2.52120142,2.460551884,2.325823568,2.086358679
360,2.55,2.55,2.55,2.55,2.55,2.55,2.55,2.55,2.55,2.549999991,2.549999864,2.549998395,2.549984829,2.549885353,2.549304956,2.546604923,2.536555935,2.50648,2.433519209,2.288495903,2.048877353
420,2.55,2.55,2.55,2.55,2.55,2.55,2.55,2.549999999,2.549999992,2.549999904,2.54999902,2.549991723,2.549942299,2.549667219,2.548407646,2.543653668,2.528817562,2.490354753,2.40694517,2.254252399,2.015464628
480,2.55,2.55,2.55,2.55,2.55,2.55,2.55,2.549999994,2.549999937,2.549999427,2.549995567,2.549970986,2.549839187,2.549243724,2.546974235,2.539664495,2.519709936,2.473343894,2.381080557,2.222606815,1.985227386
540,2.55,2.55,2.55,2.55,2.55,2.55,2.549999996,2.549999961,2.549999673,2.549997646,2.549985376,2.549921583,2.549636772,2.548544134,2.544938365,2.534685339,2.509495527,2.455814561,2.356039716,2.193166789,1.95764386
600,2.55,2.55,2.55,2.55,2.55,2.549999997,2.549999976,2.549999816,2.549998752,2.54999259,2.549961409,2.549823712,2.549293276,2.547509674,2.542269394,2.528795365,2.498397396,2.438006464,2.33183017,2.165630305,1.932335281
660,2.55,2.55,2.55,2.55,2.549999998,2.549999986,2.549999897,2.549999337,2.549996218,2.549980815,2.549913551,2.54965388,2.548768023,2.546095989,2.538962971,2.522084893,2.486599681,2.420087166,2.308448113,2.139770951,1.908994283
720,2.55,2.55,2.55,2.549999999,2.549999991,2.549999942,2.549999645,2.54999805,2.549990356,2.549957139,2.549828922,2.549386691,2.548024214,2.544272684,2.53503248,2.514643912,2.474249718,2.402169461,2.285865513,2.115412224,1.887323418
780,2.55,2.55,2.549999999,2.549999995,2.549999967,2.549999807,2.549998981,2.549995089,2.549978495,2.549914582,2.549692474,2.548996469,2.547030392,2.542021592,2.530503227,2.506559992,2.461473839,2.384348784,2.264075103,2.092402126,1.86709174
840,2.55,2.549999999,2.549999996,2.54999998,2.549999893,2.549999458,2.54999746,2.549989062,2.549956869,2.549844487,2.549487747,2.548458588,2.545761157,2.539335001,2.525408286,2.49791511,2.448375659,2.366689977,2.243041386,2.070605226,1.848125483
900,2.549999999,2.549999997,2.549999987,2.549999938,2.549999704,2.54999866,2.549994347,2.549977935,2.549920572,2.549736777,2.54919761,2.547750396,2.544197116,2.536213504,2.519785293,2.488785785,2.435044783,2.349248173,2.22274423,2.049910096,1.830242467
960,2.549999995,2.54999999,2.549999962,2.549999832,2.549999273,2.549997018,2.549988534,2.549958943,2.549863599,2.54958029,2.548804956,2.546851869,2.542324684,2.532664513,2.513674536,2.479241848,2.421554089,2.332056358,2.203137858,2.030195258,1.813410275
1020,2.549999985,2.549999971,2.549999897,2.549999589,2.549998383,2.549993921,2.549978461,2.549928556,2.549778944,2.549363148,2.548293241,2.545745826,2.540135161,2.528699582,2.50711477,2.469341863,2.407956406,2.315126978,2.184176349,2.011394291,1.797492567
1080,2.549999958,2.549999923,2.54999975,2.549999086,2.549996687,2.549988479,2.54996206,2.54988247,2.549658756,2.549073088,2.547646843,2.544417916,2.537623994,2.524333526,2.500144425,2.459140173,2.394301203,2.298480012,2.165836989,1.99342492,1.782487478
1140,2.549999891,2.549999814,2.549999442,2.549998117,2.549993668,2.549979474,2.549936714,2.549815648,2.549494508,2.548697782,2.546851373,2.542856593,2.534790122,2.519582862,2.492798373,2.448679343,2.380617231,2.28210697,2.148064431,1.97623899,1.768309711
1200,2.549999744,2.549999584,2.549998843,2.549996372,2.549988599,2.549965315,2.549899241,2.549722376,2.549277165,2.548225052,2.545893702,2.541052612,2.531634765,2.514464542,2.485109003,2.437998774,2.366936725,2.266021762,2.130857243,1.959793756,1.754839071
1260,2.549999444,2.549999133,2.549997751,2.549993399,2.549980496,2.549943997,2.54984589,2.549596336,2.548997359,2.547643092,2.54476215,2.538999193,2.528161877,2.508997324,2.477108625,2.427135902,2.353288955,2.250233159,2.114192394,1.944035241,1.741971573
1320,2.54999887,2.549998301,2.549995864,2.549988573,2.549968086,2.54991308,2.549772365,2.549430707,2.548645567,2.546940678,2.543446595,2.536691872,2.524377674,2.503201029,2.468828816,2.416126466,2.339702383,2.234749962,2.098046936,1.928892677,1.729739342
1380,2.549997832,2.549996844,2.549992753,2.549981059,2.549949771,2.549869675,2.549673857,2.549218273,2.548212277,2.546107319,2.541938477,2.534128201,2.520289802,2.497094765,2.460296547,2.404996023,2.326187919,2.219554965,2.082371836,1.914339641,1.718135144
1440,2.549996046,2.549994412,2.549987828,2.549969781,2.549923601,2.549810443,2.549545094,2.548951518,2.547688092,2.545133245,2.540230485,2.531306985,2.515906267,2.490696381,2.451536358,2.393769096,2.312762084,2.204652822,2.067168951,1.900359307,1.706998529
1500,2.549993105,2.54999051,2.549980312,2.549953387,2.549887256,2.549731607,2.549380387,2.548622712,2.547063833,2.544009505,2.538316717,2.528228756,2.511236759,2.484025204,2.442574325,2.382472428,2.299445235,2.190052958,2.052429546,1.886903866,1.696250907
1560,2.549988449,2.549984474,2.549969198,2.549930225,2.549838032,2.549628962,2.5491737,2.548224039,2.546330707,2.54272815,2.536192854,2.524895962,2.506292801,2.47710198,2.433437551,2.371133894,2.286259099,2.175762612,2.038133221,1.87391512,1.685926539
1620,2.549981326,2.549975432,2.549953227,2.549898317,2.54977284,2.549497922,2.548918732,2.547747722,2.545480445,2.54128234,2.533856136,2.52131261,2.501086687,2.469946336,2.42414875,2.359772039,2.273208888,2.161764128,2.024238195,1.861372585,1.676002699
1680,2.54997076,2.549962269,2.549930854,2.549855344,2.549688214,2.549333553,2.548608992,2.547186099,2.544505325,2.539666178,2.531304887,2.517483421,2.495630498,2.462576574,2.41472899,2.348405499,2.260305152,2.148057192,2.010738743,1.84925055,1.666439903
1740,2.549955516,2.5499436,2.549900221,2.549798635,2.549580324,2.54913062,2.548237866,2.546531707,2.543398234,2.537874774,2.528538653,2.513414227,2.489936905,2.455010598,2.405197191,2.337047678,2.247548455,2.134623971,1.997595828,1.837514483,1.657328316
1800,2.549934067,2.549917734,2.549859142,2.549725163,2.549444994,2.548883632,2.547798692,2.545777339,2.542152659,2.535904062,2.525557669,2.509110807,2.484016987,2.447262394,2.395565631,2.325703258,2.234930844,2.121443234,1.984787891,1.826173788,1.648618402
1860,2.549904564,2.549882649,2.549805078,2.549631541,2.549277725,2.548586879,2.547284777,2.544916021,2.540762561,2.533750528,2.522362504,2.504578719,2.477880929,2.439344807,2.385846546,2.314380388,2.222454768,2.108515303,1.972320244,1.815215484,1.640244997
1920,2.549864809,2.54983597,2.549735129,2.549514026,2.549073706,2.548234463,2.546689442,2.54394105,2.53922243,2.531411363,2.518954471,2.499824189,2.471539499,2.431271363,2.376053283,2.303089248,2.210126124,2.095843196,1.960191298,1.804626176,1.63210817
1980,2.549812229,2.549774946,2.549646019,2.549368524,2.548827848,2.547820345,2.546006087,2.542846077,2.537527393,2.528884626,2.515335893,2.494854573,2.465004915,2.423057952,2.366203644,2.291848094,2.197962987,2.083443006,1.948404662,1.794360166,1.624180769
2040,2.549743862,2.549696438,2.549534097,2.549190606,2.548534823,2.547338416,2.545228294,2.541625258,2.535673434,2.526169561,2.511510528,2.489678738,2.458290654,2.41472082,2.356313546,2.280668527,2.185967623,2.071299805,1.936919059,1.784382746,1.616527183
2100,2.549656349,2.549596915,2.549395349,2.548975543,2.548189118,2.546782574,2.544349905,2.540273287,2.533657292,2.523266189,2.507482565,2.484305136,2.451408388,2.406272657,2.346393732,2.26955613,2.174137195,2.059400653,1.925720707,1.774695874,1.609091623
2160,2.549545932,2.549472462,2.549225409,2.548718329,2.547785075,2.546146755,2.543365023,2.538785327,2.531476292,2.52017507,2.503256509,2.478742231,2.444369687,2.397726508,2.336456594,2.258520322,2.162476268,2.047745829,1.914807081,1.765279318,1.601852835
2220,2.54940846,2.54931878,2.549019576,2.548413712,2.547316927,2.545424977,2.542268058,2.537157069,2.529128464,2.516897556,2.49883764,2.472999161,2.437186594,2.389095434,2.326513486,2.247567491,2.150983246,2.036323265,1.904153141,1.756110147,1.594876331
2280,2.549239402,2.549131211,2.548772846,2.548056234,2.546778852,2.544611398,2.541053774,2.535384751,2.526612468,2.513435529,2.494231389,2.467084465,2.429869367,2.380389092,2.316570506,2.23669727,2.139649395,2.025116665,1.893744826,1.747198874,1.588103807
2340,2.549033869,2.548904756,2.54847993,2.547640262,2.546165001,2.543700325,2.539717255,2.533465031,2.523927366,2.509791076,2.489443044,2.461006168,2.422427636,2.371617098,2.306635558,2.225914614,2.128476717,2.01412753,1.88358393,1.738520081,1.581526262
2400,2.548786632,2.548634098,2.548135292,2.547160018,2.545469524,2.542686235,2.538253917,2.53139503,2.521072746,2.505966798,2.484478309,2.454772521,2.414870885,2.36278813,2.296714012,2.215219224,2.117457973,2.003341322,1.873649264,1.730071602,1.575145283
2460,2.548492151,2.548313633,2.547733171,2.546609615,2.544686611,2.541563801,2.536659519,2.52917229,2.518048574,2.501965474,2.479342718,2.448391184,2.407207743,2.353910374,2.286812408,2.20461557,2.106596068,1.992760873,1.863945258,1.721840367,1.568950115
2520,2.548144609,2.547937502,2.547267622,2.545983088,2.543810512,2.540327912,2.534930171,2.526794798,2.514855302,2.497790357,2.474042228,2.441870166,2.399447028,2.344991715,2.276935713,2.194103825,2.095885112,1.982373621,1.854453507,1.713823073,1.562929812
2580,2.547737946,2.547499628,2.546732552,2.545274436,2.54283558,2.538973702,2.533062343,2.52426095,2.51149373,2.493444843,2.468582603,2.435216892,2.391596745,2.336039577,2.267089997,2.1836888,2.085329856,1.972186895,1.845186531,1.706013306,1.556991398
2640,2.547265899,2.546993753,2.546121758,2.544477655,2.541756294,2.537496566,2.531052885,2.521569612,2.507965195,2.488932975,2.462970494,2.428440167,2.383667116,2.327064711,2.257285621,2.173379531,2.074936826,1.962201474,1.836128085,1.698369481,1.551206884
2700,2.546722056,2.546413496,2.545428984,2.543586803,2.540567342,2.535892266,2.528899168,2.518720296,2.504271753,2.484259467,2.457212959,2.421548548,2.375666763,2.318073844,2.247525089,2.163171836,2.064692499,1.952391771,1.827246759,1.690900109,1.545591044
2760,2.546099913,2.545752411,2.544647983,2.542596052,2.539263646,2.534156905,2.526598947,2.515712822,2.500415506,2.479428589,2.451315908,2.414548645,2.367601827,2.309071566,2.237810853,2.153066194,2.05459669,1.942761804,1.818559995,1.683611755,1.540042037
2820,2.545392923,2.545004025,2.543772538,2.54149969,2.537840333,2.532286859,2.524150278,2.512547293,2.496398817,2.474444942,2.445285895,2.407448484,2.359481242,2.300067216,2.228152264,2.143071761,2.044658668,1.933320645,1.810067086,1.676472881,1.534553547
2880,2.544594528,2.544161882,2.542796509,2.540292174,2.536292812,2.530278907,2.521551747,2.50922448,2.492224869,2.469314118,2.439130626,2.400257262,2.351314746,2.291069791,2.218556011,2.133191157,2.034874686,1.924053649,1.801737925,1.669460636,1.529202208
2940,2.543698248,2.54321962,2.54171392,2.538968219,2.534616865,2.528130311,2.51880249,2.505745689,2.48789723,2.464041725,2.432857137,2.392982414,2.343108767,2.282083079,2.209021655,2.123418434,2.025232479,1.914943847,1.793563385,1.662598314,1.523941766
3000,2.542697741,2.542171039,2.540518999,2.537522815,2.532808607,2.525838678,2.515901935,2.502112362,2.483419334,2.458632907,2.426471747,2.385630735,2.334869914,2.273113129,2.19955477,2.113759271,2.015739268,1.9060033,1.785559008,1.655864267,1.518709541
3060,2.541586832,2.541010115,2.539206195,2.535951226,2.530864478,2.523401996,2.512849924,2.498326399,2.47879518,2.453093588,2.419981896,2.37821055,2.326606529,2.264167169,2.190160071,2.104214404,2.006390583,1.89721978,1.777699267,1.649241795,1.513573272
3120,2.540359572,2.539731069,2.537770246,2.534249065,2.528781343,2.520818727,2.509646802,2.494390174,2.474029105,2.447429746,2.413394604,2.370729055,2.318324943,2.255249573,2.180839018,2.094781649,1.997179688,1.88858116,1.769970656,1.642725383,1.508577552
3180,2.539010302,2.538328424,2.53620622,2.532412319,2.526556465,2.51808773,2.506293242,2.490306227,2.469125344,2.441646845,2.406715765,2.363191445,2.310028209,2.246359603,2.171585395,2.085447854,1.988086101,1.880062728,1.762356952,1.636340461,1.503735001
3240,2.537533671,2.536797016,2.534509511,2.530437298,2.524187397,2.515208052,2.502789909,2.486076775,2.464087355,2.435749018,2.399949419,2.355600822,2.301717814,2.237496911,2.162397568,2.076211793,1.979112586,1.871677989,1.754886775,1.630090821,1.498946986
3300,2.535924588,2.535131939,2.532675762,2.528320541,2.521671878,2.512178857,2.499137504,2.481704027,2.458918662,2.429740773,2.393100624,2.347962337,2.293398566,2.228665593,2.153278695,2.067075886,1.970261685,1.863428655,1.747550925,1.623951157,1.494231381
3360,2.534178235,2.533328563,2.530700904,2.526058885,2.519007954,2.508999635,2.495337084,2.477190578,2.453623218,2.423627056,2.386174807,2.34028126,2.285074916,2.219868744,2.144230381,2.058040708,1.96153338,1.855313107,1.740345957,1.617919357,1.489538891
3420,2.532290134,2.531382602,2.528581219,2.523649531,2.516194043,2.505670234,2.491390028,2.472539307,2.4482052,2.417413009,2.379177627,2.332563309,2.276752285,2.211111396,2.135257517,2.049111345,1.952932698,1.847334732,1.733268224,1.611971496,1.484882588
3480,2.53025621,2.529290176,2.5263134,2.521090097,2.513228985,2.50219093,2.487298156,2.467753545,2.442669274,2.411104298,2.372115287,2.324814652,2.268436182,2.202397776,2.126362394,2.040287339,1.944455167,1.839483226,1.726303364,1.606109318,1.48024337
3540,2.528072848,2.527047867,2.523894612,2.518378677,2.510112088,2.498562443,2.483063669,2.462836901,2.437020221,2.404706497,2.364993678,2.317041024,2.260131841,2.193732492,2.117549096,2.031572343,1.936103932,1.831761536,1.719453089,1.600316076,1.475617736
3600,2.525736939,2.524652763,2.521322518,2.515513851,2.506843127,2.494785928,2.478689172,2.457793358,2.431263199,2.398225606,2.357819203,2.309248705,2.251844797,2.185119544,2.108818959,2.022963451,1.927869796,1.824151457,1.712689514,1.594580657,1.471093794
3660,2.523245913,2.522102489,2.518595313,2.512494719,2.503422367,2.490862964,2.474177568,2.452626991,2.425403105,2.391666791,2.350596545,2.301440976,2.243575875,2.176556179,2.100164603,2.014447907,1.919734814,1.816633624,1.706006702,1.588933792,1.466657161
3720,2.520597718,2.519395176,2.515711661,2.50932077,2.499850328,2.486795182,2.469531527,2.44734126,2.419443779,2.385033741,2.343328681,2.293619624,2.235325443,2.168041501,2.091584507,2.006024918,1.911701782,1.809219779,1.699426172,1.583371835,1.462250207
3780,2.517790684,2.516529319,2.51267054,2.505991731,2.496127664,2.48258424,2.46475366,2.441939566,2.413389151,2.378330604,2.336019654,2.285788279,2.227096405,2.159577337,2.083079081,1.997693432,1.903768581,1.801905428,1.692934711,1.577880787,1.457917842
3840,2.514823503,2.513503773,2.509471269,2.50250764,2.492255309,2.478232037,2.459846789,2.436425481,2.407243255,2.371561479,2.328673143,2.277949669,2.218890012,2.151163067,2.074645798,1.989449501,1.8959305,1.794685832,1.686531716,1.572468468,1.453613394
3900,2.511695278,2.51031779,2.506113534,2.49886885,2.488234437,2.473740619,2.454813759,2.430802464,2.401009874,2.364730115,2.321292499,2.270106443,2.210708072,2.142799816,2.066285632,1.981294769,1.888190821,1.787566704,1.680221772,1.567119963,1.449315295
3960,2.508405495,2.506970997,2.502597368,2.495076016,2.48406647,2.469112228,2.449657588,2.425074167,2.394693079,2.357840745,2.313881846,2.262262376,2.202553849,2.13449026,2.058000667,1.973230689,1.880549871,1.780545037,1.673994876,1.561826198,1.445048634
4020,2.504954064,2.50346344,2.498923206,2.491130174,2.479753187,2.464349436,2.444381599,2.419244524,2.388297184,2.35089776,2.306445308,2.254420977,2.194429937,2.126235879,2.049791174,1.965256204,1.873004868,1.773616174,1.667847479,1.556588612,1.440776898
4080,2.50134137,2.499795629,2.495091924,2.487032763,2.475296712,2.459455097,2.438989313,2.413317568,2.381826502,2.343905473,2.29898692,2.246585794,2.186339317,2.118039178,2.041659387,1.957373482,1.865558148,1.766782943,1.661780505,1.55139327,1.436479644
4140,2.497568262,2.495968534,2.491104835,2.482785619,2.470699525,2.45443237,2.433484525,2.407297613,2.375285685,2.336868662,2.291511377,2.238761251,2.178285969,2.109903473,2.033607584,1.949583081,1.858207259,1.760037131,1.655776478,1.546226101,1.432242291
4200,2.493636098,2.491983625,2.486963736,2.478391038,2.465964529,2.449284795,2.427871354,2.401189189,2.368679418,2.32979181,2.284022496,2.230949934,2.170270569,2.101826737,2.025630152,1.941874908,1.850936989,1.753360035,1.64982533,1.541113503,1.428046689
4260,2.48954673,2.487842853,2.482670856,2.473851661,2.461094845,2.444015941,2.422153674,2.394996238,2.362011376,2.322677942,2.276522292,2.223152583,2.16229252,2.093807249,2.017724776,1.934246981,1.843747698,1.746758604,1.643940839,1.536045748,1.423867884
4320,2.485302325,2.483548461,2.478228659,2.469170278,2.456093619,2.438629278,2.416335169,2.388722485,2.35528511,2.315530213,2.2690133,2.215370896,2.154352416,2.085844132,2.009888634,1.926694203,1.836631953,1.740221797,1.63810601,1.531019933,1.419779834
4380,2.480905292,2.479102929,2.473639813,2.464349825,2.450964086,2.433128283,2.41041943,2.382371413,2.34850371,2.308350957,2.261496696,2.207604463,2.14644788,2.077932824,2.002115183,1.919208913,1.829582689,1.733747073,1.632332822,1.52606353,1.415682889
4440,2.476358224,2.474508898,2.468907096,2.459393266,2.445709382,2.427516194,2.404409649,2.375945988,2.341669711,2.301142139,2.253973859,2.199854297,2.138580115,2.070075716,1.994409466,1.911800707,1.822616325,1.727358649,1.626640831,1.521142115,1.411523944
4500,2.471663815,2.469769106,2.464033366,2.454303637,2.440332749,2.421796447,2.398309438,2.36944997,2.334787032,2.293907874,2.246449171,2.192125102,2.130754115,2.06227788,1.986776162,1.904472953,1.815732467,1.721045287,1.620999183,1.516234708,1.407397426
4560,2.466825096,2.464886636,2.459021862,2.449084407,2.434837929,2.415973065,2.392123048,2.362887736,2.327859993,2.286652159,2.238925942,2.184419036,2.122970364,2.054537606,1.979210852,1.897217719,1.808918182,1.71478929,1.615397093,1.511361869,1.403318755
4620,2.46184556,2.459865025,2.453876237,2.44373939,2.429228894,2.410050111,2.3858545,2.356263055,2.32089184,2.279377414,2.23140546,2.17673603,2.115227341,2.046851985,1.971709349,1.8900296,1.802167634,1.708587929,1.609839197,1.506525462,1.399283815
4680,2.456728944,2.45470803,2.448600299,2.438272452,2.423509529,2.404031397,2.379507391,2.349579121,2.313885149,2.272085364,2.223888387,2.169075496,2.107523049,2.039217435,1.964266319,1.882901713,1.795473618,1.702435944,1.604324928,1.501736637,1.395295545
4740,2.451479027,2.449419435,2.443197841,2.432687369,2.417683532,2.397920442,2.373084914,2.342838624,2.306841919,2.264777159,2.216374942,2.161436751,2.099856095,2.031632248,1.95688045,1.875834298,1.788839552,1.696341442,1.598864928,1.49699077,1.391326254
4800,2.446099532,2.444002959,2.437672564,2.426987792,2.411754451,2.391720609,2.366590148,2.336044256,2.299764365,2.257454473,2.208866214,2.153820283,2.092226338,2.024095638,1.94955036,1.868825603,1.782263496,1.690301379,1.593452891,1.492282875,1.387359622
4860,2.440594177,2.438462317,2.43202816,2.421177365,2.405725829,2.385435264,2.360026189,2.329198732,2.292654711,2.250118947,2.201363217,2.146226517,2.084633797,2.016607629,1.942276789,1.861877967,1.77575006,1.684322567,1.588095129,1.487604643,1.383360396
4920,2.434966735,2.432801273,2.426268371,2.415259774,2.399601254,2.379067846,2.353396264,2.32230502,2.28551564,2.242772999,2.193868183,2.138657633,2.077080806,2.009170928,1.93506292,1.854994753,1.76930149,1.678402672,1.582778947,1.482939401,1.379395955
4980,2.429221137,2.427023755,2.420397111,2.409238906,2.393384559,2.372622092,2.346703962,2.315366487,2.278350207,2.235419242,2.1863831,2.131114763,2.069567325,2.001783943,1.927905143,1.848169719,1.762908228,1.672529791,1.577500369,1.478313077,1.375418812
5040,2.423361549,2.421133921,2.414418507,2.40311882,2.387079678,2.366101729,2.339952698,2.30838612,2.271160854,2.228059511,2.178909252,2.123598873,2.062094514,1.994448822,1.920807592,1.84141008,1.756582073,1.66672231,1.572277614,1.473699948,1.37137234
5100,2.417392258,2.415136042,2.408336786,2.396903663,2.380690645,2.359510651,2.33314621,2.301367517,2.263951104,2.220697359,2.171450344,2.11611392,2.054666528,1.98716958,1.913773395,1.834716924,1.750320049,1.660968094,1.567083482,1.469084574,1.367338368
5160,2.411317819,2.40903467,2.402156484,2.390597945,2.374221917,2.352853224,2.326288725,2.294314685,2.256724625,2.213335943,2.164008786,2.108661236,2.0472832,1.979944024,1.906797705,1.828081814,1.744108696,1.655248766,1.56190369,1.464478554,1.36338076
5220,2.405143108,2.402834663,2.395882404,2.384206358,2.367678003,2.346133666,2.319384021,2.28723077,2.249483688,2.205976366,2.156584169,2.101238517,2.03993992,1.972764838,1.899870132,1.821491229,1.737932801,1.649553263,1.556744536,1.459915072,1.35946006
5280,2.398872962,2.396540813,2.389519197,2.3777333,2.361062911,2.339355439,2.312434829,2.280117586,2.242229027,2.198618189,2.149174914,2.09384328,2.032633808,1.965629572,1.892989932,1.814948234,1.731802908,1.643904073,1.551634739,1.455383155,1.355481293
5340,2.392511809,2.390157493,2.383071065,2.371182695,2.354380186,2.332521621,2.305443721,2.272977211,2.234962323,2.191262885,2.141782564,2.086477457,2.025367477,1.958541731,1.886161681,1.808458684,1.72572551,1.638302938,1.546557975,1.450854278,1.351528631
5400,2.386063874,2.38368889,2.376542097,2.364558468,2.34763354,2.32563568,2.298413897,2.265812568,2.227686199,2.183912718,2.134408886,2.079142069,2.018140837,1.951499721,1.879381947,1.802016839,1.719691255,1.632735927,1.541505098,1.446350415,1.347567382
5460,2.379533494,2.377139314,2.369936503,2.357864667,2.340826782,2.318701098,2.291348416,2.258626185,2.220402543,2.176568846,2.127054266,2.071836798,2.010953133,1.94450284,1.87265068,1.795623743,1.713702789,1.627208651,1.536481063,1.441853262,1.343644225
5520,2.372925018,2.370513069,2.363258468,2.351105274,2.333963611,2.311721218,2.284250197,2.251420498,2.213113256,2.169232565,2.119719305,2.064561398,2.003803002,1.937548172,1.865962783,1.789271458,1.707748873,1.621706641,1.531475806,1.43738986,1.339752378
5580,2.366242728,2.363814395,2.356512094,2.344284156,2.327047558,2.304699125,2.277121757,2.24419733,2.205819342,2.161903975,2.112403185,2.057314265,1.996688411,1.930633895,1.859317618,1.782961894,1.701836079,1.616244667,1.526510068,1.432947193,1.335814645
5640,2.359490695,2.357047308,2.349701239,2.337404912,2.320081876,2.297637648,2.26996546,2.236958576,2.198522284,2.154584267,2.105106985,2.050096578,1.989610829,1.923761876,1.852717469,1.776697732,1.695967059,1.610821972,1.521571752,1.428510916,1.331879619
5700,2.352672853,2.350215703,2.34282968,2.330471133,2.313069903,2.290539832,2.262784024,2.229706615,2.191224115,2.147275125,2.097832038,2.042909303,1.982570826,1.916932265,1.846162022,1.770477893,1.690138779,1.605431969,1.516653422,1.424083467,1.327965222
5760,2.345793197,2.343323538,2.335901268,2.323486492,2.306015068,2.28340879,2.255580182,2.222443722,2.183926573,2.139977654,2.090578692,2.035751887,1.975566787,1.910142206,1.83964695,1.764296278,1.684343449,1.60006721,1.511754165,1.41967883,1.324068865
5820,2.338855724,2.336374765,2.328919817,2.316454569,2.298920623,2.276247349,2.248356235,2.215171589,2.176630674,2.132692178,2.083346652,2.028623615,1.968597947,1.903391436,1.833173223,1.758156086,1.678588091,1.59474065,1.506890512,1.415291172,1.32011195
5880,2.33186425,2.329373152,2.321888949,2.309378756,2.291789652,2.269058234,2.241114534,2.207892219,2.169338161,2.125420328,2.076137635,2.021526519,1.961666849,1.89668311,1.826744573,1.752061463,1.672876556,1.58945243,1.502050263,1.410899044,1.316159662
5940,2.324822562,2.32232245,2.31481232,2.302262555,2.284625463,2.261844534,2.233857938,2.20060824,2.16205143,2.118164247,2.068953466,2.014461954,1.954774105,1.890016673,1.820358655,1.746007194,1.667198664,1.584185074,1.497213812,1.406508645,1.312279916
6000,2.317734604,2.315226572,2.307693742,2.295109609,2.277431455,2.254609313,2.226589065,2.193321682,2.154771727,2.110924131,2.061792943,2.007426879,1.947914329,1.883383847,1.814003745,1.739977709,1.661535785,1.57892214,1.492381648,1.402155502,1.308480839
6060,2.310604194,2.308089273,2.300536782,2.287923157,2.270210388,2.247354687,2.219309207,2.186032831,2.14749817,2.103697839,2.054652697,2.00041694,1.941082705,1.876780233,1.807677193,1.733974274,1.655897024,1.5736864,1.487588735,1.397843765,1.304646216
6120,2.303434493,2.300913639,2.293344295,2.280705689,2.262964265,2.240082088,2.212019197,2.178741964,2.140230629,2.096485089,2.04753266,1.993432739,1.934281003,1.870209284,1.801384779,1.728005987,1.650295579,1.568491792,1.482835178,1.393542904,1.300743333
6180,2.296228187,2.293702307,2.28611879,2.273459516,2.255695164,2.232793365,2.204720704,2.171450677,2.132970774,2.089287809,2.04043522,1.986477301,1.927513031,1.863675718,1.795132203,1.722079053,1.644735552,1.563333536,1.478099224,1.38922797,1.296878795
6240,2.288988089,2.286458074,2.278863014,2.266187309,2.248405671,2.225491016,2.197416141,2.164161284,2.125720766,2.082107872,2.0333617,1.979550987,1.920777614,1.857176097,1.788912773,1.716181966,1.639198486,1.558186782,1.473366083,1.384936928,1.293057206
6300,2.281717315,2.279184027,2.271579958,2.258891898,2.241098367,2.218177269,2.190107251,2.156874888,2.1184809,2.074944622,2.026310433,1.972651235,1.914071681,1.850707511,1.782724601,1.710314972,1.633689292,1.553066993,1.468662515,1.380666602,1.289211756
6360,2.274418806,2.271883051,2.264272356,2.251575762,2.233775388,2.210853852,2.182795326,2.149592359,2.111251712,2.067798421,2.01928185,1.965778833,1.907396636,1.844272102,1.776570562,1.704481828,1.628212906,1.547978143,1.463983853,1.376403042,1.285320636
6420,2.26709526,2.264557811,2.256942759,2.244241283,2.226438908,2.203522711,2.175482086,2.142315236,2.10403462,2.060670662,2.012277427,1.958935455,1.900754456,1.837872267,1.770453656,1.698686267,1.622773162,1.542921916,1.459325888,1.372134134,1.281403331
6480,2.259749431,2.257211035,2.24959383,2.236891019,2.219091353,2.196186131,2.16816969,2.135045572,2.09683162,2.053563333,2.005299189,1.952123186,1.894147266,1.8315101,1.764375737,1.692929318,1.617368993,1.537893591,1.454681955,1.367861231,1.277454145
6540,2.252384292,2.249845677,2.242228468,2.229527781,2.211735423,2.188846678,2.160860553,2.127785622,2.089644792,2.046478314,1.99834878,1.945343357,1.887575957,1.825185797,1.758335785,1.687207791,1.611993772,1.532882233,1.450037093,1.363576228,1.273584492
6600,2.245003016,2.242464886,2.234849748,2.222154522,2.20437389,2.181506886,2.153556891,2.12053718,2.082475361,2.039416054,1.991425571,1.938593855,1.88103639,1.818892525,1.752323548,1.681507544,1.606630102,1.527871751,1.445393435,1.359325175,1.269732072
6660,2.237608684,2.235071693,2.227460549,2.214773858,2.197008987,2.17416847,2.146259762,2.113300514,2.075322697,2.032374996,1.984527183,1.931871794,1.874525776,1.812628543,1.746339753,1.67583397,1.601291888,1.522889496,1.440783334,1.355087412,1.265825452
6720,2.230203815,2.22766856,2.220063162,2.207387812,2.1896424,2.16683275,2.138970151,2.106076373,2.068187505,2.025356063,1.977655071,1.925179456,1.868047413,1.806398202,1.740389737,1.670193319,1.595985178,1.517935234,1.436189531,1.350844588,1.261913856
6780,2.222790677,2.22025773,2.212659765,2.199998466,2.182276106,2.159501607,2.131689868,2.098866529,2.061071531,2.018360943,1.970810748,1.918517961,1.861601716,1.800200868,1.734471461,1.664581436,1.59070196,1.51299553,1.431598582,1.346602051,1.258037295
6840,2.215371709,2.212841623,2.205252719,2.192608084,2.174912223,2.152176958,2.124420561,2.091672269,2.05397558,2.011389806,1.96399358,1.911885706,1.855186023,1.794032831,1.728580249,1.658992798,1.585436649,1.508068234,1.427019249,1.342378367,1.254148881
6900,2.207949304,2.205422594,2.197844264,2.185218713,2.16755253,2.144860241,2.11716326,2.084494168,2.046899759,2.004442342,1.957202972,1.905282074,1.84880007,1.787894641,1.722717912,1.653430973,1.580195278,1.503161608,1.422454274,1.338153477,1.250297088
6960,2.200525576,2.198002721,2.190436375,2.177832163,2.160198623,2.137552811,2.109919067,2.077333075,2.039844664,1.997518856,1.950438844,1.898706369,1.842442143,1.781782944,1.716878724,1.647887148,1.574965176,1.498258719,1.417890752,1.333953104,1.246490891
7020,2.193102473,2.190583917,2.183030858,2.170450059,2.152851872,2.130255692,2.10268856,2.070189012,2.032809646,1.990617942,1.943699,1.892155707,1.836108975,1.775694714,1.711060885,1.642362159,1.569752089,1.493374313,1.413351855,1.329772973,1.242660019
7080,2.185681568,2.183167711,2.175629108,2.163073584,2.145513175,2.122969454,2.09547197,2.063061905,2.02579442,1.983739257,1.936983256,1.885630323,1.829801499,1.769631843,1.705267516,1.636860724,1.564562474,1.488514071,1.40883464,1.325600928,1.238802294
7140,2.178264143,2.175755357,2.168232306,2.155703807,2.138183473,2.11569491,2.088270012,2.055952423,2.018799687,1.976883636,1.9302927,1.879131691,1.823521727,1.763597067,1.699502258,1.631387281,1.559400377,1.48367873,1.404333348,1.321427039,1.234949479
7200,2.170851547,2.168348195,2.160841767,2.148342006,2.130864006,2.10843327,2.081083877,2.048861759,2.011826646,1.970052265,1.923628446,1.872660735,1.817270206,1.757590263,1.693763836,1.625938524,1.554259138,1.478857709,1.399838583,1.317258624,1.231092619
7260,2.163445352,2.160947788,2.153459017,2.14098965,2.12355615,2.101185781,2.073914638,2.041790745,2.004875823,1.963245298,1.916990224,1.866216764,1.811045891,1.751610157,1.688050847,1.620513015,1.549137804,1.474052263,1.39535417,1.313092226,1.227240443
7320,2.156047155,2.153555707,2.146085559,2.133648122,2.116261128,2.093953467,2.066763084,2.034739923,1.997947511,1.956462802,1.910377937,1.859799592,1.804848585,1.745656593,1.682363228,1.61511098,1.544037409,1.469264906,1.390885585,1.308937836,1.223348333
7380,2.148658435,2.14617341,2.138722781,2.126318703,2.108980083,2.086737311,2.059630043,2.027709993,1.991042353,1.949705488,1.903792543,1.853410671,1.798680531,1.739732915,1.67670572,1.609738747,1.538965693,1.464503136,1.386432361,1.304773003,1.219460618
7440,2.141280667,2.138802359,2.131372119,2.119002791,2.101714377,2.079538661,2.052516885,2.020702388,1.984161882,1.942974987,1.897235696,1.847051469,1.792542618,1.733838839,1.67107607,1.604391115,1.533913165,1.459752111,1.381981516,1.300616312,1.215566848
7500,2.133915531,2.131444229,2.12403522,2.111701987,2.094465536,2.07235893,2.045424852,2.013718117,1.977306795,1.936271616,1.890707292,1.840721488,1.786434091,1.727973627,1.665473936,1.59906853,1.528881828,1.455017345,1.377540027,1.296454639,1.211695018
7560,2.126564725,2.124100693,2.116713696,2.1044178,2.087234932,2.06519932,2.038354959,2.00675799,1.970477685,1.929595721,1.884207354,1.83442027,1.780353721,1.722134809,1.659894999,1.593764288,1.523862307,1.450286824,1.373098997,1.29230844,1.207846021
7620,2.119229819,2.116773298,2.109409015,2.097151564,2.080023707,2.058060718,2.031307766,1.999822166,1.963674237,1.922946453,1.87773449,1.828145953,1.774299387,1.716320432,1.654338195,1.588479341,1.518859446,1.44557244,1.368676254,1.288171904,1.203960365
7680,2.111912075,2.109463274,2.102122311,2.089904264,2.07283265,2.050943695,2.024283629,1.992910825,1.956896539,1.916323941,1.871289034,1.821899258,1.768272374,1.710532492,1.64880637,1.583217558,1.513877951,1.440877059,1.36426582,1.284033616,1.200075644
7740,2.104612552,2.102171662,2.094854586,2.082676839,2.065662634,2.043849064,2.017283323,1.986024736,1.950145383,1.909729012,1.86487183,1.815680979,1.762273297,1.704771251,1.643299187,1.577977453,1.508913827,1.436192347,1.359857345,1.279896287,1.196233784
7800,2.09733237,2.094899577,2.087606925,2.075470331,2.058514636,2.03677771,2.0103076,1.979164456,1.943421035,1.903161505,1.8584821,1.809489494,1.756299447,1.699032681,1.637811084,1.572751796,1.503958666,1.431511787,1.355454549,1.275778615,1.192382525
7860,2.090072596,2.087648058,2.080380296,2.068285578,2.051389304,2.029730025,2.003356533,1.972329679,1.936722781,1.896620315,1.852118464,1.803323388,1.750349777,1.69331665,1.632343497,1.567544394,1.49901977,1.426846497,1.351064004,1.271658965,1.188570203
7920,2.082833975,2.080417828,2.073175343,2.06112311,2.044287021,2.022706236,1.996430194,1.965520342,1.930050437,1.890105131,1.845780412,1.797181766,1.744422645,1.687620223,1.626891557,1.562347848,1.494086501,1.422181943,1.346675415,1.267566853,1.184788118
7980,2.075617055,2.073209409,2.065992525,2.053983269,2.037207968,2.015706298,1.989528247,1.958735746,1.923402881,1.883614387,1.839465995,1.791062513,1.738516237,1.681942698,1.621456863,1.557167621,1.489170424,1.417539275,1.342315778,1.263490063,1.180954021
8040,2.068422072,2.066023017,2.05883199,2.046866103,2.030152072,2.008730033,1.982650458,1.951975705,1.916780131,1.877148521,1.833176324,1.784967671,1.73263373,1.676288451,1.616044876,1.552009883,1.484277115,1.412918274,1.337968915,1.259407073,1.177128608
8100,2.061249249,2.058858876,2.051693975,2.039771881,2.023119659,2.00177786,1.975797379,1.945240926,1.910183061,1.870708526,1.826912408,1.778898089,1.726775572,1.670657272,1.610654449,1.546872053,1.479401454,1.408311026,1.333632012,1.255337997,1.173296037
8160,2.0540991,2.051717506,2.044579007,2.032701139,2.016111272,1.994850313,1.968969516,1.938531873,1.903612076,1.864294777,1.820674674,1.772854418,1.72094292,1.665051161,1.605288632,1.541758086,1.474547982,1.403722478,1.329305515,1.251260807,1.169492956
8220,2.046972295,2.044599572,2.037487749,2.025654534,2.009127565,1.987948049,1.962167529,1.9318492,1.897067785,1.857907732,1.814463222,1.766836035,1.715133832,1.65946598,1.599939975,1.53665611,1.4696997,1.399131268,1.324974503,1.247205488,1.165720514
8280,2.039869574,2.037505803,2.030420879,2.018632653,2.002168972,1.98107127,1.955391288,1.925192325,1.890549046,1.851545628,1.808275713,1.760840246,1.709345745,1.653900106,1.59460897,1.531570341,1.464867082,1.394558096,1.320666183,1.243161843,1.161945838
8340,2.03279133,2.030436559,2.023378677,2.011635646,1.995235486,1.974219805,1.948640489,1.918560888,1.884055566,1.845208393,1.802112448,1.754867825,1.70357987,1.648354972,1.589296946,1.526501801,1.460050525,1.390000482,1.316373272,1.239134713,1.158133115
8400,2.02573775,2.023392023,2.016361303,2.004663648,1.988327214,1.967393747,1.941915234,1.911955038,1.877587596,1.838896467,1.795974191,1.748920063,1.697838344,1.642834045,1.584009343,1.521458418,1.455260269,1.385469314,1.312099104,1.235096132,1.15431516
8460,2.018709125,2.01637249,2.009369074,1.997717014,1.981444585,1.96059364,1.935216241,1.905375729,1.871146376,1.832611382,1.789862685,1.742998692,1.692122467,1.637337517,1.578744231,1.516434668,1.450484901,1.380944574,1.307821369,1.231062974,1.150532171
8520,2.011706067,2.00937858,2.002402627,1.990796404,1.974588268,1.953820138,1.928544085,1.898823363,1.864732003,1.826352773,1.783776938,1.73710197,1.686429707,1.631862144,1.573497797,1.5114263,1.445720492,1.376426262,1.303548683,1.227037876,1.146782727
8580,2.004729203,2.002410901,1.995462516,1.983902278,1.967758589,1.947073377,1.921898667,1.892297555,1.858343763,1.820119556,1.777715465,1.731227967,1.680757629,1.626404858,1.568266211,1.506428931,1.440963215,1.371913033,1.299284977,1.223035663,1.143035984
8640,1.997778842,1.995469738,1.98854895,1.977034721,1.96095546,1.940353061,1.915279449,1.885797519,1.851980646,1.813910578,1.771677125,1.725375822,1.675106034,1.620966689,1.563052553,1.501448866,1.436224043,1.367421121,1.29504527,1.219043962,1.139270384
8700,1.990854955,1.988555047,1.981661849,1.970193601,1.954178703,1.933658995,1.908686285,1.879323252,1.845642923,1.807726532,1.76566318,1.719547462,1.669477547,1.615550892,1.557860568,1.496490046,1.431506015,1.362949305,1.290820458,1.215055967,1.135479826
8760,1.983957577,1.981666874,1.974801287,1.963379046,1.947428531,1.92699151,1.90211966,1.872875427,1.839331471,1.801568502,1.759674894,1.713744293,1.66387367,1.61015905,1.552691874,1.49155379,1.426809211,1.358495239,1.28660503,1.211062896,1.131690804
8820,1.977087056,1.974805576,1.967967651,1.956591496,1.940705451,1.920351195,1.895580246,1.866454791,1.833047091,1.795437291,1.753712998,1.707966859,1.65829461,1.604790797,1.547545119,1.486637066,1.422128007,1.35405036,1.282391066,1.207070116,1.127912841
8880,1.970243957,1.96797172,1.961161513,1.949831518,1.934010015,1.913738562,1.88906848,1.860061647,1.826789877,1.789332692,1.747776877,1.702214037,1.652738627,1.59944366,1.542416962,1.481735608,1.41745773,1.349611725,1.2781811,1.203087154,1.124165856
8940,1.963428805,1.961165817,1.954383339,1.943099504,1.927342508,1.907153751,1.882584319,1.853695742,1.820559345,1.783254003,1.741865665,1.6964849,1.647204906,1.594117166,1.537307618,1.476850965,1.412802518,1.345187961,1.273989007,1.199121326,1.120380148
9000,1.956641891,1.954388142,1.947633365,1.936395632,1.920703035,1.9005968,1.87612776,1.847357084,1.814355605,1.777201554,1.735980065,1.690780684,1.641695337,1.588813918,1.532220365,1.471986927,1.408166025,1.340779642,1.26980277,1.195143499,1.116647589
9060,1.949883452,1.947638938,1.940911841,1.929720166,1.914091891,1.894068049,1.869699193,1.841046096,1.808179046,1.771175559,1.730119837,1.685100248,1.636207237,1.583528878,1.527146905,1.467130949,1.403530296,1.336363687,1.265607818,1.191192861,1.113002594
9120,1.943153778,1.94091848,1.934219,1.923073258,1.907509085,1.887567276,1.863298051,1.83476172,1.802027965,1.765173523,1.724281624,1.679439449,1.630736017,1.578257718,1.522084338,1.462283365,1.398902391,1.33196113,1.261442873,1.187280469,1.109295603
9180,1.936452686,1.934226552,1.927554532,1.916454447,1.900953964,1.881093625,1.856923303,1.828502851,1.795901365,1.759194854,1.718465659,1.673799881,1.625285247,1.573006625,1.517042095,1.457457586,1.394299973,1.3275891,1.257303916,1.183356147,1.105554148
9240,1.929779704,1.92756269,1.920917995,1.909863347,1.894426255,1.874647017,1.85057517,1.822270127,1.789800401,1.753241269,1.712674148,1.668184004,1.619857194,1.567777026,1.512019996,1.452650647,1.389714517,1.32322869,1.253166383,1.179434211,1.101826064
9300,1.923134769,1.920926849,1.914309407,1.903300069,1.887926183,1.868227791,1.844254086,1.816064015,1.783725498,1.747313059,1.706907188,1.662591737,1.614451773,1.562569197,1.507019035,1.44786421,1.385148026,1.318883928,1.249039153,1.175513479,1.098128346
9360,1.916518088,1.914319244,1.907728991,1.896764857,1.881454013,1.861836236,1.837960358,1.80988484,1.777676971,1.741410486,1.701164898,1.657022893,1.609068199,1.557381236,1.502035394,1.443091656,1.38059079,1.314543162,1.244914936,1.171611044,1.094431607
9420,1.909929933,1.907740139,1.901176998,1.890257921,1.875009893,1.855472399,1.831693877,1.803732276,1.771654229,1.735532668,1.695446144,1.65147623,1.603705397,1.552212657,1.497069765,1.438335749,1.37604914,1.310218149,1.240805928,1.16771031,1.090744796
9480,1.903370398,1.901189617,1.894653474,1.883779261,1.86859376,1.849136156,1.825454482,1.797606158,1.76565715,1.729679573,1.689751002,1.645951864,1.598363306,1.547062817,1.492120399,1.433593089,1.371517214,1.30589861,1.236699358,1.163823667,1.087098237
9540,1.896839478,1.894667668,1.888158394,1.87732882,1.862205514,1.84282734,1.819241903,1.791506068,1.759685108,1.723850302,1.68407823,1.640448169,1.593039944,1.541929546,1.487185291,1.428862367,1.366995284,1.30158886,1.232606338,1.159954727,1.083458538
9600,1.890337015,1.888174122,1.881691551,1.87090633,1.855844804,1.836545501,1.813055583,1.785431352,1.753737384,1.718044123,1.678427172,1.634964684,1.58773521,1.536813327,1.482265832,1.424146436,1.362488576,1.297296893,1.228534946,1.156104301,1.079785539
9660,1.883862678,1.881708642,1.875252596,1.864511431,1.849511265,1.830290293,1.806895243,1.779381868,1.747814078,1.71226153,1.67279891,1.629503322,1.582452131,1.531718593,1.477368109,1.419453019,1.358005479,1.29302817,1.224478428,1.152244594,1.076134656
9720,1.877416247,1.875271024,1.868841373,1.858144048,1.843204949,1.824061943,1.800761329,1.773358313,1.741916124,1.706503599,1.667194448,1.624064635,1.577190226,1.526643064,1.472487088,1.414773156,1.353531624,1.288762548,1.220421751,1.148401963,1.072476485
9780,1.870997825,1.868861378,1.862458003,1.851804317,1.836925985,1.817860531,1.794653808,1.767360453,1.736043005,1.70076949,1.66161268,1.618647491,1.571948854,1.521587422,1.467625881,1.410113686,1.349079552,1.284521552,1.216390574,1.144561235,1.068780796
9840,1.864607457,1.862479741,1.856102513,1.845492248,1.830674383,1.811686106,1.788572834,1.76138866,1.730195464,1.695060495,1.656055628,1.613254761,1.566731691,1.516555805,1.462788356,1.405477078,1.344648288,1.280295692,1.212361944,1.140713952,1.06512477
9900,1.85824534,1.856126328,1.849775166,1.839208186,1.824450599,1.805539254,1.782519129,1.755443757,1.724374332,1.689377286,1.650523535,1.60788588,1.56153687,1.51154449,1.457968357,1.400854129,1.340225137,1.276071037,1.208331976,1.136879981,1.061482855
9960,1.851911892,1.849801553,1.843476358,1.832952493,1.818254921,1.799420135,1.776492644,1.749525395,1.71857887,1.683718663,1.645014728,1.602538776,1.556362127,1.506551352,1.453164349,1.396244556,1.335812568,1.271855399,1.204311494,1.133054138,1.057884956
10020,1.845607268,1.843505552,1.837206172,1.826725158,1.812087219,1.793328476,1.770492956,1.743633004,1.712808374,1.678083806,1.639528262,1.597212318,1.551205983,1.501574293,1.4483733,1.391644286,1.331405611,1.267642876,1.200296945,1.129251742,1.054307569
10080,1.839331315,1.837238157,1.830964393,1.820525894,1.805947101,1.78726375,1.764519372,1.737765694,1.707061732,1.672471365,1.634062572,1.591904807,1.546066802,1.496612128,1.443595196,1.387055604,1.327010543,1.263446039,1.196305165,1.1254696,1.050711893
10140,1.833083585,1.830998907,1.82475053,1.814354159,1.799833972,1.781225324,1.758571258,1.731922908,1.70133858,1.66688134,1.628618235,1.586617653,1.540947109,1.491668793,1.438835627,1.38248583,1.322635642,1.259270341,1.1923299,1.121687698,1.047132829
10200,1.826863605,1.824787341,1.818564154,1.808209593,1.793747577,1.775213093,1.75264871,1.726104973,1.695639481,1.661314466,1.623195995,1.581351327,1.535846683,1.486742847,1.434091332,1.377929107,1.318271302,1.255101938,1.188360629,1.117923703,1.043550079
10260,1.820671168,1.818603261,1.812405091,1.802092046,1.787687789,1.769226931,1.746751562,1.720311637,1.689964049,1.655770212,1.617795255,1.576105387,1.530765684,1.481835741,1.429365892,1.373391967,1.313927984,1.250956642,1.184413352,1.114158371,1.039933453
10320,1.814506101,1.812446496,1.806273175,1.796001374,1.781654502,1.763266806,1.740879912,1.714543199,1.684312872,1.650249537,1.612417394,1.570881602,1.525706086,1.476949225,1.424660113,1.368873301,1.30960119,1.246823443,1.18046986,1.110396127,1.03634416
10380,1.808368414,1.806317065,1.800168463,1.789937688,1.775647897,1.757332976,1.735034083,1.708800021,1.678686302,1.644752724,1.607062565,1.565679951,1.520667688,1.472082954,1.419973528,1.364372354,1.305289506,1.242701157,1.176532659,1.106637127,1.032781094
10440,1.802258265,1.800215132,1.794091122,1.783901158,1.769668144,1.751425596,1.729214195,1.703082149,1.673084253,1.639279467,1.6017301,1.560499202,1.515648389,1.46723355,1.415301011,1.359881968,1.300984321,1.238582053,1.172600907,1.102899791,1.029216263
10500,1.79617575,1.794140778,1.788041196,1.777891766,1.763715124,1.745544406,1.723419804,1.697388929,1.667505865,1.633828767,1.596419049,1.555338789,1.510648561,1.462403112,1.410647465,1.355411285,1.296700868,1.234488794,1.168697102,1.099166425,1.025596431
10560,1.790120719,1.78809385,1.782018525,1.771909346,1.757788696,1.739689344,1.71765102,1.691720766,1.661952001,1.628402115,1.591131663,1.550201758,1.505671889,1.457595554,1.406016326,1.350962192,1.292437306,1.230410348,1.164795159,1.095424411,1.022030007
10620,1.784093238,1.782074435,1.776023252,1.765954142,1.751889235,1.733860939,1.71190852,1.686078451,1.656423462,1.623000149,1.585868143,1.545087501,1.500716496,1.452807231,1.401401634,1.346525616,1.288180356,1.22633043,1.160887588,1.09169636,1.018531179
10680,1.77809362,1.776082842,1.770055679,1.760026421,1.746016934,1.728059246,1.706192129,1.680461446,1.650919197,1.617621119,1.58062586,1.539992353,1.495777593,1.448032219,1.39679642,1.342093969,1.283923679,1.222249136,1.156987246,1.088000183,1.015080756
10740,1.772121829,1.770119005,1.764115645,1.754125869,1.740171262,1.722283448,1.70050069,1.67486822,1.645437296,1.612262804,1.575402426,1.534914016,1.490853356,1.443269697,1.392201648,1.337671349,1.279676735,1.218183126,1.153113228,1.084332333,1.011606833
10800,1.766177237,1.764182276,1.758202447,1.748251698,1.734351335,1.716532587,1.694833216,1.669297846,1.639977022,1.606924815,1.570197985,1.529853347,1.485945503,1.438522386,1.387621236,1.333263151,1.275446056,1.214136638,1.14925793,1.080668276,1.008123063
10860,1.760259079,1.758271897,1.75231535,1.742403219,1.728556545,1.710806173,1.68918938,1.663750202,1.634538485,1.601607497,1.565013077,1.52481099,1.481054668,1.433790806,1.38305552,1.328869199,1.271229644,1.210103384,1.145411886,1.077011218,1.004658387
10920,1.754366806,1.752387332,1.746453853,1.736579988,1.722786515,1.705103902,1.683568951,1.658225111,1.629121536,1.596310695,1.559847512,1.519786737,1.476180717,1.429075086,1.378505078,1.324490506,1.267028812,1.206086029,1.141582514,1.073369619,1.001175946
10980,1.74850002,1.746528187,1.740617578,1.730781653,1.717040931,1.699425515,1.67797174,1.652722488,1.623726246,1.591034716,1.554701966,1.514781819,1.471325671,1.42437827,1.373974102,1.320132388,1.262849972,1.202091577,1.137773037,1.06973215,0.9976748518
11040,1.742658474,1.74069423,1.734806333,1.725008092,1.711319781,1.693771151,1.672398091,1.64724294,1.618353544,1.58578087,1.549578166,1.509798372,1.466491976,1.419702838,1.369464596,1.315795551,1.258691084,1.198112696,1.133969546,1.066092592,0.9942119566
11100,1.736842265,1.734885573,1.729020283,1.719259555,1.70562342,1.688141281,1.666848582,1.641787114,1.613004064,1.580549645,1.544476255,1.504835915,1.461678151,1.415045849,1.364971611,1.31147243,1.25454163,1.194137653,1.130167808,1.062468119,0.9907655619
11160,1.731051685,1.729102507,1.723259707,1.71353629,1.699952035,1.682535985,1.661323122,1.63635467,1.607677149,1.575340015,1.539394837,1.499892757,1.456882398,1.410405708,1.360494227,1.307163585,1.250405395,1.190176544,1.126383339,1.058857715,0.9873096172
11220,1.725286796,1.72334508,1.717524609,1.707838236,1.694305485,1.676955038,1.655821422,1.630945308,1.602372574,1.570151963,1.534334269,1.494969819,1.452106379,1.405784965,1.35603604,1.302873956,1.24628888,1.186235915,1.122617481,1.05525212,0.9838064033
11280,1.71954753,1.717613225,1.711814938,1.70216537,1.688683801,1.671398567,1.650343754,1.625559507,1.597091096,1.564986581,1.529296014,1.490068913,1.447352156,1.401185748,1.351598962,1.298604685,1.24219105,1.182309405,1.118854062,1.051634953,0.9803664486
11340,1.713834026,1.711907097,1.706130888,1.69651795,1.683087323,1.665866999,1.644890627,1.62019782,1.591833222,1.55984418,1.524279943,1.485189134,1.442617624,1.396604277,1.347177025,1.294347042,1.238099939,1.178383668,1.115092021,1.048045824,0.9769479115
11400,1.708146545,1.70622695,1.700472689,1.69089616,1.677516152,1.660360303,1.639461812,1.614859749,1.586598128,1.554723589,1.519284595,1.480328908,1.43790144,1.39203995,1.342770992,1.290103922,1.234022187,1.174472071,1.111346413,1.044463059,0.9735491538
11460,1.702485074,1.700572757,1.694840276,1.685299876,1.671970098,1.654878222,1.634057003,1.609544967,1.581385496,1.549624508,1.514309651,1.475487765,1.43320271,1.387491007,1.338377751,1.285870662,1.229951636,1.17056606,1.107608523,1.040903538,0.9701481065
11520,1.696849422,1.69494432,1.689233431,1.679728844,1.666448848,1.649420367,1.628675709,1.604252865,1.576194596,1.544546128,1.50935434,1.470665225,1.428521689,1.382959177,1.334001575,1.281655368,1.225901498,1.166684974,1.103898024,1.037349056,0.9667023608
11580,1.691239255,1.689341306,1.683651824,1.674182752,1.660952138,1.643986573,1.623317943,1.598983738,1.571026136,1.539489704,1.504420571,1.465863871,1.423861521,1.378447824,1.329645402,1.27745942,1.221869311,1.162817181,1.100188373,1.033784008,0.9633005472
11640,1.685654477,1.683763638,1.678095437,1.668661671,1.65548016,1.638577161,1.617984143,1.593738082,1.56588055,1.534455403,1.499507947,1.461082369,1.419219507,1.373952474,1.325302614,1.273273662,1.217843116,1.158950418,1.096480155,1.030240658,0.9599102327
11700,1.680095177,1.678211398,1.67256433,1.663165621,1.65003285,1.633191935,1.612673915,1.588515248,1.560756893,1.529442013,1.494615135,1.456319582,1.414595247,1.369474222,1.3209767,1.269105021,1.213835054,1.155104755,1.092796184,1.026705079,0.9564869241
11760,1.674561198,1.672684425,1.667058322,1.657694398,1.644609999,1.627830716,1.607387178,1.583315343,1.55565559,1.524450411,1.489743567,1.451577518,1.40999118,1.365015519,1.316669416,1.264953672,1.209842271,1.151270248,1.089114455,1.023168399,0.953122163
11820,1.669052474,1.667182662,1.661577396,1.652248043,1.639211722,1.6224937,1.602124192,1.57813865,1.550576847,1.519480571,1.484892771,1.446854973,1.405405025,1.360572673,1.312375383,1.260812249,1.205855071,1.147436433,1.085433699,1.019653814,0.9498208729
11880,1.663569033,1.661706133,1.65612155,1.646826507,1.633837887,1.617180617,1.596884481,1.5729844,1.545519517,1.51453089,1.480060633,1.442149334,1.400833787,1.356142563,1.308091794,1.256679087,1.201874939,1.143612329,1.081773628,1.016171446,0.9464852801
11940,1.658110579,1.65625452,1.650690411,1.641429328,1.628487913,1.611890756,1.591667212,1.567851688,1.540482723,1.509600692,1.475246947,1.437461232,1.396279404,1.351728989,1.303824979,1.252563929,1.197915904,1.13981443,1.078139974,1.012689632,0.9431255026
12000,1.652676601,1.650827319,1.645283496,1.636056065,1.623161448,1.606623913,1.586472416,1.562740875,1.535467256,1.504691274,1.470453522,1.432792879,1.391744214,1.347333951,1.29957595,1.248465766,1.193972551,1.136027898,1.074507509,1.009205383,0.9398063007
12060,1.647266905,1.645424355,1.639900682,1.630706683,1.617858557,1.601380257,1.581300334,1.557652205,1.53047324,1.499802453,1.465679627,1.428142712,1.387225539,1.342953427,1.295339119,1.244377029,1.190034879,1.132242387,1.070875275,1.005739024,0.9365556268
12120,1.641881433,1.640045563,1.634541879,1.625381038,1.612579008,1.596159411,1.576150372,1.552584792,1.525499417,1.494932544,1.46092314,1.423508249,1.382720731,1.338584906,1.291112508,1.240296921,1.186104992,1.128466904,1.067262999,1.002304531,0.9332746466
12180,1.636519797,1.634690535,1.629206627,1.620078588,1.607322151,1.590960607,1.571021665,1.547537717,1.520544916,1.490080887,1.456183854,1.41889006,1.378231534,1.334231749,1.286901618,1.236233868,1.182195313,1.124717064,1.063678291,0.998874298,0.9299449133
12240,1.631181416,1.629358697,1.623894373,1.614798821,1.60208756,1.585783569,1.565914171,1.542511285,1.51561052,1.485248882,1.451463912,1.414291117,1.373761745,1.329898487,1.282711544,1.232193143,1.178309701,1.120990601,1.060107781,0.995439604,0.9266092989
12300,1.625866067,1.624049853,1.618604999,1.609541758,1.596875442,1.580628744,1.560828615,1.53750653,1.510697567,1.480438136,1.4467651,1.409713232,1.369313002,1.325586318,1.27854263,1.22817333,1.174443257,1.117277885,1.056541415,0.9920043695,0.9233033993
12360,1.620574032,1.618764302,1.613338857,1.604307826,1.591686322,1.575496746,1.555765681,1.532524148,1.505806689,1.47564909,1.44208752,1.405155992,1.364884171,1.321293136,1.274391415,1.224169096,1.170588701,1.113571864,1.052978814,0.9885799843,0.9200066333
12420,1.615305755,1.613502485,1.608096375,1.599097429,1.586520548,1.570387837,1.550725498,1.527564086,1.500937592,1.470881179,1.437430319,1.400618275,1.360473908,1.317017402,1.270256158,1.220178613,1.166744845,1.109873397,1.049421408,0.9851585461,0.9167423299
12480,1.610061489,1.608264641,1.602877755,1.5939107,1.581378165,1.565301946,1.545707854,1.522625964,1.4960897,1.466133582,1.432792363,1.396098515,1.356080028,1.312756075,1.266132788,1.21619695,1.162906602,1.106178468,1.04587071,0.9817613083,0.9134978883
12540,1.604841193,1.603050715,1.59768289,1.588747453,1.576258871,1.560238626,1.540712132,1.517708986,1.491262061,1.461405258,1.428172658,1.391596001,1.351702459,1.308510237,1.262024263,1.212229841,1.159083534,1.102501313,1.042340813,0.9783735035,0.9102425152
12600,1.599644538,1.59786037,1.592511432,1.583607324,1.571162301,1.555197539,1.535738072,1.512813034,1.486454762,1.456696548,1.423571788,1.387111441,1.347341768,1.304279887,1.257929442,1.20827435,1.155269858,1.098830646,1.038813357,0.9749958897,0.9070576072
12660,1.594471232,1.592693321,1.587363106,1.578490057,1.566088213,1.550178446,1.530785402,1.507937748,1.481667272,1.452006643,1.418988541,1.38264312,1.342995709,1.300062373,1.253845595,1.20432811,1.151464138,1.095168261,1.035300531,0.9716472577,0.9038782409
12720,1.589320927,1.58754921,1.582237531,1.573395227,1.561036121,1.545180779,1.525853465,1.503082382,1.476898778,1.447334709,1.414422167,1.378190527,1.338664258,1.295858476,1.249774693,1.2003948,1.147672748,1.091524162,1.031810711,0.9683119965,0.9006546098
12780,1.584193118,1.582427531,1.577134199,1.568322329,1.556005538,1.5402041,1.520941912,1.49824674,1.47214932,1.442681133,1.409873516,1.373755114,1.33434958,1.291671158,1.245720501,1.196478841,1.143899831,1.087898463,1.028332042,0.9649698688,0.8974631567
12840,1.579087426,1.577327919,1.572052787,1.563271114,1.550996319,1.535248395,1.516050882,1.493431112,1.467419308,1.438046349,1.405342884,1.369336772,1.330050794,1.287498292,1.241679073,1.19257364,1.140134788,1.084275917,1.024853572,0.961646275,0.8943199919
12900,1.57400369,1.572250217,1.566993143,1.558241428,1.546008288,1.530313428,1.511180023,1.488634956,1.462707923,1.433429194,1.400828735,1.364933653,1.325765945,1.283338174,1.237649414,1.188679432,1.136380281,1.080665239,1.021392993,0.9583463955,0.8911976481
12960,1.568941603,1.567194106,1.561954917,1.553232872,1.541040986,1.525398675,1.506328753,1.483857666,1.458014594,1.428829223,1.396330869,1.360545948,1.321495743,1.279192119,1.233633496,1.184799104,1.132640845,1.077072791,1.017955405,0.9550672593,0.8880246577
13020,1.563900734,1.562159158,1.556937689,1.548245045,1.536094046,1.520503835,1.501496883,1.479099222,1.453339553,1.424247033,1.3918504,1.356175463,1.317242897,1.275063981,1.22963662,1.18093971,1.128925112,1.073506477,1.01453902,0.9517813227,0.8848293794
13080,1.558880841,1.557145147,1.551941289,1.543277872,1.531167538,1.515629175,1.496684933,1.474360458,1.448684,1.419684202,1.387389236,1.351824299,1.313009419,1.270955225,1.225658997,1.177099004,1.12522598,1.06995028,1.011119815,0.9484900235,0.8817068657
13140,1.5538821,1.552152269,1.54696596,1.538331669,1.526261858,1.510775157,1.491893385,1.469641781,1.444048111,1.41514046,1.382946371,1.34749036,1.30879174,1.266860426,1.221692974,1.173266709,1.121530706,1.066392951,1.00770231,0.9452271015,0.8786033153
13200,1.548904734,1.54718073,1.542011861,1.533406504,1.521376929,1.505941493,1.487121669,1.464942276,1.439430592,1.410614165,1.378519961,1.343171902,1.304588716,1.262779733,1.217740836,1.169448431,1.117850528,1.062854829,1.004310532,0.9419766675,0.8754552693
13260,1.543948546,1.542230318,1.537078738,1.528502068,1.516512391,1.501127803,1.482369444,1.460261742,1.434831525,1.406105843,1.374111131,1.338870754,1.300402851,1.2587161,1.213805608,1.1656469,1.114187071,1.059332405,1.000927916,0.93872634,0.8723491754
13320,1.539013321,1.53730083,1.532166423,1.523618251,1.511668219,1.496334167,1.477636918,1.455600514,1.430251339,1.40161595,1.369720237,1.334586979,1.296233669,1.254668262,1.209885052,1.16185861,1.110534739,1.055817751,0.9975511155,0.9354910324,0.8692640942
13380,1.534099032,1.532392242,1.527274899,1.518755044,1.5068444,1.491560551,1.472923998,1.450958394,1.425689672,1.397143884,1.365346363,1.330319277,1.292079448,1.250634088,1.205976631,1.158080603,1.106890545,1.052309672,0.9941818282,0.9322688044,0.8662246536
13440,1.529205562,1.527504428,1.522404013,1.513912243,1.502040659,1.486806583,1.468230189,1.446334735,1.421145697,1.392688618,1.360988269,1.326066207,1.287938594,1.24661192,1.202078827,1.154312002,1.103255331,1.048812384,0.9908303349,0.9290757362,0.863165359
13500,1.524332559,1.522637025,1.51755337,1.509089408,1.497256498,1.482071707,1.463554891,1.441728933,1.416618886,1.388249826,1.356646022,1.321828499,1.283812841,1.242604906,1.198196654,1.150560133,1.099638944,1.04533692,0.9874995326,0.9258827897,0.8601161124
13560,1.519479587,1.517789604,1.512722569,1.504286187,1.492491649,1.477355782,1.458898142,1.437141258,1.412109767,1.38382828,1.352320547,1.317607013,1.279702626,1.238612571,1.194328163,1.146820981,1.096034346,1.041871534,0.9841773948,0.9227094246,0.857059422
13620,1.514646445,1.512961975,1.507911443,1.499502452,1.487746025,1.472658755,1.454259909,1.432571669,1.407618279,1.379423919,1.348011872,1.313402087,1.275608996,1.234637276,1.190477774,1.143101621,1.092451605,1.038429926,0.9808768136,0.9195317049,0.8539752215
13680,1.509833038,1.508154051,1.503119934,1.494738193,1.483019696,1.467980817,1.44964055,1.428020749,1.403145278,1.375037882,1.343721353,1.3092151,1.271532964,1.230679002,1.186643418,1.13939662,1.088880207,1.034993545,0.9775717146,0.9163556585,0.8509553725
13740,1.505039513,1.503365986,1.498348217,1.489993614,1.478312887,1.463322185,1.445040219,1.423488499,1.398690489,1.37066948,1.339447761,1.305044201,1.267472081,1.226734891,1.182822227,1.135703673,1.085319438,1.031567059,0.9742813908,0.913204146,0.8479109297
13800,1.500265943,1.498597843,1.493596321,1.485268687,1.473625491,1.45868266,1.440458624,1.418974564,1.394253561,1.366318489,1.335191192,1.300890068,1.26342792,1.222807719,1.179018421,1.132028711,1.08177761,1.028161183,0.9710105291,0.9100536828,0.8448492605
13860,1.495512263,1.493849561,1.488864198,1.480563392,1.468957545,1.454062372,1.435896044,1.414479427,1.389835244,1.36198597,1.330953005,1.296754271,1.259402031,1.218898625,1.175232214,1.128370428,1.078250738,1.024766305,0.9677426202,0.906902417,0.8418176671
13920,1.49077861,1.489121286,1.484152026,1.475877955,1.46430933,1.449461655,1.431352839,1.410003428,1.385435773,1.357671923,1.326732803,1.292635795,1.255392542,1.215004643,1.171459315,1.124722874,1.074730756,1.021373111,0.9644731048,0.9037611288,0.8388561112
13980,1.48606517,1.484413197,1.479459956,1.471212478,1.459680864,1.444880395,1.4268287,1.405545983,1.381054195,1.353374925,1.322528581,1.28853196,1.251396036,1.211121616,1.167694915,1.121080918,1.071213426,1.017981749,0.9612131751,0.9006523618,0.8359128844
14040,1.481371782,1.479725111,1.474787741,1.466566604,1.455071636,1.44031789,1.422322708,1.401105953,1.376689178,1.349093538,1.318338953,1.284441685,1.247412097,1.207250255,1.163941447,1.117449581,1.067707745,1.01460621,0.9579752858,0.8975593976,0.8329761971
14100,1.476697895,1.475056469,1.470134801,1.461939724,1.45048102,1.435773523,1.417834299,1.396682886,1.372340458,1.344827742,1.314164172,1.280365455,1.243441294,1.203390978,1.160198925,1.113828314,1.064212129,1.011241582,0.9547491134,0.8944836979,0.8300613273
14160,1.472042958,1.470406726,1.465500606,1.457331337,1.445908551,1.431246866,1.413363085,1.392276423,1.368007686,1.340577182,1.310003872,1.276302924,1.239483433,1.199544027,1.156468518,1.110219754,1.060730994,1.007894608,0.951544494,0.8914257452,0.8271245652
14220,1.467406492,1.465775406,1.460884696,1.45274101,1.441353838,1.426737597,1.40890884,1.387886485,1.363690995,1.336342286,1.30585888,1.272255446,1.23554053,1.195712204,1.152753822,1.106628035,1.057268282,1.004566984,0.9483554326,0.888369691,0.8241989956
14280,1.462788196,1.461162224,1.456286828,1.448168573,1.436816814,1.422245782,1.40447179,1.383513468,1.35939094,1.332123728,1.301729901,1.268223622,1.231612902,1.191895313,1.149053844,1.103051003,1.053820116,1.001252803,0.945178235,0.8853274378,0.8212427861
14340,1.458188032,1.456567151,1.451706997,1.443614056,1.432297554,1.417771536,1.400052085,1.379157557,1.355107751,1.327921828,1.297617458,1.264208385,1.227702212,1.188096164,1.14537298,1.099494928,1.050394798,0.9979624586,0.9420205415,0.8822792049,0.8182585483
14400,1.453606104,1.451990299,1.447145348,1.439077663,1.427796349,1.413315283,1.395650333,1.374819596,1.350842562,1.323738041,1.293523305,1.260211665,1.223810277,1.184315913,1.141710819,1.09595654,1.046984274,0.994679813,0.9388575618,0.8792236961,0.8153460848
14460,1.449042804,1.447432073,1.442602318,1.434559874,1.423313725,1.408877568,1.391267046,1.370499969,1.346595489,1.319572019,1.289446385,1.25623142,1.219933776,1.180549705,1.138060816,1.092427605,1.043579201,0.9913981968,0.935698185,0.8761945691,0.8124534177
14520,1.444498487,1.44289281,1.438078191,1.430060881,1.418849731,1.404458247,1.386901827,1.366197987,1.342365532,1.315422487,1.285385259,1.252266239,1.216071614,1.1767971,1.134423547,1.088910224,1.040184555,0.9881278526,0.9325542547,0.8731797595,0.8095660984
14580,1.4399731,1.438372444,1.433572858,1.425580512,1.414404121,1.400057,1.382554308,1.361913271,1.338152358,1.311289225,1.281339874,1.248316262,1.212224087,1.173058451,1.13079936,1.085404973,1.036801546,0.9848696255,0.929422991,0.8701764714,0.8066881191
14640,1.435466438,1.433870768,1.429086112,1.421118556,1.409976686,1.39567363,1.378224311,1.357645675,1.333955866,1.307172178,1.277310217,1.244381494,1.208391185,1.169333741,1.12718835,1.081912224,1.033430701,0.9816235549,0.9263036996,0.8671842675,0.8038198223
14700,1.430978305,1.429387588,1.424617761,1.416674834,1.405567262,1.391307989,1.373911712,1.353395099,1.329775981,1.303071295,1.273296247,1.240461892,1.204572865,1.165622965,1.123590616,1.078432194,1.030072206,0.9783895671,0.9231960675,0.8642029299,0.8009613253
14760,1.426508533,1.424922737,1.420167648,1.412249194,1.401175708,1.386959953,1.369616401,1.349161455,1.325612632,1.298986515,1.269297908,1.236557401,1.200769084,1.161926122,1.120006223,1.074964991,1.026726115,0.9751675815,0.9200999159,0.861232338,0.7981126837
14820,1.422056981,1.420476076,1.415735634,1.407841507,1.396801903,1.382629411,1.365338283,1.344944658,1.321465743,1.29491777,1.265315135,1.232667963,1.196979803,1.158243208,1.116435203,1.071510652,1.023392425,0.9719575261,0.9170151339,0.8582724214,0.7952739275
14880,1.417623522,1.41604748,1.411321599,1.403451657,1.392445739,1.378316263,1.361077265,1.340744623,1.317335237,1.290864986,1.261347861,1.22879352,1.193204984,1.154574208,1.112877562,1.068069183,1.020071114,0.9687593395,0.9139416459,0.8553231357,0.7924450745
14940,1.413208043,1.411636835,1.406925432,1.399079535,1.388107113,1.374020413,1.356833258,1.336561267,1.313221035,1.28682809,1.257396018,1.224934016,1.189444584,1.150919099,1.109333287,1.064640568,1.016762149,0.9655729687,0.9108793945,0.8523844477,0.7896261342
15000,1.408810437,1.407244036,1.402547028,1.394725042,1.38378593,1.369741769,1.352606175,1.332394507,1.30912306,1.282807009,1.253459539,1.221089394,1.18569856,1.14727785,1.105802355,1.061224781,1.013465492,0.9623983667,0.9078283344,0.8494563312,0.7868171088
15060,1.404430602,1.402868981,1.398186289,1.390388081,1.379482095,1.365480242,1.348395929,1.328244262,1.305041233,1.278801669,1.249538359,1.217259596,1.181966867,1.143650423,1.102284734,1.05782179,1.010181107,0.9592354916,0.9047884285,0.846538764,0.7840179945
15120,1.400068441,1.398511574,1.393843117,1.386068558,1.375195517,1.361235744,1.344202437,1.324110451,1.300975477,1.274811999,1.245632412,1.213444568,1.178249457,1.140036779,1.098780386,1.054431557,1.006908954,0.956084305,0.9017596443,0.8436317251,0.7812287832
15180,1.395723858,1.394171719,1.389517421,1.381766382,1.370926108,1.357008188,1.340025615,1.319992992,1.296925716,1.270837928,1.241741635,1.209644252,1.174546279,1.136436874,1.095289273,1.051054044,1.003648994,0.9529447707,0.8987419514,0.8407351935,0.7784494631
15240,1.391396761,1.389849324,1.385209109,1.377481462,1.366673779,1.352797489,1.33586538,1.315891808,1.292891876,1.266879388,1.237865965,1.205858591,1.170857285,1.132850664,1.091811354,1.047689212,1.000401192,0.9498168544,0.8957353209,0.8378491477,0.7756800198
15300,1.387087058,1.385544298,1.380918089,1.373213709,1.362438444,1.348603562,1.331721651,1.311806821,1.288873882,1.262936308,1.234005337,1.202087528,1.167182422,1.129278102,1.088346585,1.044337022,0.9971655086,0.9467005227,0.8927397246,0.8349735658,0.7729204366
15360,1.38279466,1.381256551,1.376644273,1.368963037,1.358220016,1.344426323,1.327594347,1.307737952,1.284871663,1.25900862,1.23015969,1.198331006,1.163521639,1.125719141,1.084894924,1.040997433,0.9939419087,0.9435957431,0.8897551348,0.8321084252,0.7701706947
15420,1.378519476,1.376985994,1.372387573,1.364729357,1.354018411,1.340265691,1.323483388,1.303685126,1.280885145,1.255096259,1.226328961,1.194588969,1.159874885,1.122173734,1.081456328,1.037670405,0.9907303557,0.9405024832,0.8867815239,0.8292537031,0.7674307749
15480,1.374261418,1.372732538,1.368147902,1.360512584,1.349833544,1.336121582,1.319388695,1.299648268,1.276914258,1.251199155,1.222513087,1.190861359,1.156242107,1.118641833,1.078030752,1.0343559,0.9875308133,0.9374207111,0.8838188643,0.8264093761,0.7647006568
15540,1.370020399,1.368496097,1.363925172,1.356312633,1.345665332,1.331993917,1.31531019,1.295627302,1.272958929,1.247317244,1.218712009,1.18714812,1.152623252,1.115123391,1.074618153,1.031053877,0.9843432459,0.9343503951,0.8808671283,0.8235754197,0.7619803176
15600,1.365796332,1.364276584,1.359719299,1.352129419,1.341513693,1.327882615,1.311247796,1.291622154,1.26901909,1.243450459,1.214925663,1.183449194,1.14901827,1.11161836,1.071218488,1.027764296,0.9811676177,0.9312915035,0.8779262881,0.8207518096,0.7592697359
15660,1.361589132,1.360073915,1.355530198,1.34796286,1.337378544,1.323787596,1.307201437,1.287632752,1.265094671,1.239598735,1.21115399,1.179764526,1.145427107,1.108126691,1.067831713,1.024487118,0.9780038933,0.9282440045,0.8749963154,0.8179385204,0.7565688878
15720,1.357398714,1.355888004,1.351357786,1.343812873,1.333259807,1.319708783,1.303171037,1.283659025,1.261185605,1.235762009,1.20739693,1.176094059,1.141849713,1.104648338,1.064457784,1.021222303,0.9748520368,0.925207866,0.8720771813,0.8151355259,0.753877749
15780,1.353224996,1.351718769,1.347201979,1.339679377,1.3291574,1.315646099,1.299156521,1.279700899,1.257291822,1.231940215,1.203654421,1.172437738,1.138286035,1.101183253,1.061096658,1.017969812,0.9717120127,0.9221830563,0.8691688576,0.8123428007,0.7511962958
15840,1.349067889,1.347566123,1.343062693,1.335562287,1.325071242,1.311599463,1.295157813,1.275758301,1.253413253,1.228133288,1.199926404,1.168795506,1.134736021,1.097731388,1.057748291,1.014729605,0.9685837854,0.9191695434,0.8662713159,0.8095603195,0.7485245052
15900,1.344927317,1.343429989,1.338939851,1.331461529,1.321001259,1.307568803,1.291174843,1.271831166,1.249549834,1.224341167,1.19621282,1.165167308,1.131199621,1.094292696,1.05441264,1.011501644,0.9654673189,0.9161672946,0.8633845258,0.8067880538,0.7458623497
15960,1.340803194,1.339310281,1.334833368,1.327377018,1.31694737,1.303554041,1.287207535,1.267919419,1.245701496,1.220563788,1.192513609,1.16155309,1.127676783,1.09086713,1.051089662,1.008285888,0.9623625778,0.9131762778,0.8605084589,0.8040259783,0.7432098062
16020,1.336695438,1.335206918,1.330743163,1.323308675,1.312909495,1.2995551,1.283255815,1.26402299,1.241868172,1.216801087,1.188828712,1.157952795,1.124167456,1.087454642,1.047779314,1.005082298,0.9592695261,0.910196461,0.8576430863,0.8012740664,0.7405668497
16080,1.332603973,1.331119824,1.326669162,1.319256427,1.308887564,1.295571911,1.279319616,1.260141815,1.238049801,1.213053005,1.185158072,1.15436637,1.12067159,1.084055187,1.044481553,1.001890834,0.9561881278,0.9072278106,0.8547883765,0.7985322886,0.737933452
16140,1.328528716,1.327048916,1.322611281,1.315220191,1.304881497,1.291604395,1.275398864,1.256275822,1.234246313,1.209319478,1.181501629,1.15079376,1.117189133,1.080668717,1.041196335,0.9987114583,0.9531183473,0.9042702945,0.851944301,0.7958006192,0.7353095891
16200,1.324469587,1.322994115,1.318569443,1.311199892,1.300891217,1.287652481,1.271493486,1.252424943,1.230457644,1.205600444,1.177859326,1.147234911,1.113720036,1.077295185,1.037923617,0.9955441303,0.9500601484,0.9013238801,0.8491108297,0.7930790302,0.7326952348
16260,1.320426512,1.318955347,1.314543573,1.307195456,1.296916655,1.283716098,1.267603417,1.248589114,1.226683732,1.201895845,1.174231106,1.143689769,1.110264248,1.073934546,1.034663358,0.992388811,0.9470134951,0.8983885337,0.8462879314,0.7903674925,0.7300903612
16320,1.316399412,1.314932532,1.310533595,1.303206807,1.292957736,1.279795174,1.263728586,1.244768266,1.222924513,1.198205618,1.170616913,1.140158282,1.10682172,1.070586752,1.031415514,0.9892454609,0.9439783512,0.8954642225,0.8434755761,0.7876659784,0.7274949421
16380,1.31238821,1.310925595,1.306539432,1.29923387,1.289014385,1.275889637,1.259868923,1.240962333,1.219179924,1.194529705,1.167016689,1.136640394,1.103392402,1.067251758,1.028180042,0.9861140409,0.9409546807,0.8925509133,0.8406737333,0.7849744596,0.7249089507
16440,1.308392831,1.30693446,1.302561009,1.295276571,1.28508653,1.271999417,1.256024361,1.23717125,1.2154499,1.190868045,1.163430377,1.133136055,1.099976244,1.063929518,1.0249569,0.9829945114,0.9379424474,0.8896485728,0.8378823723,0.7822929076,0.7223323602
16500,1.304413198,1.302959051,1.298598251,1.291334836,1.281174101,1.268124443,1.252194831,1.233394951,1.211734381,1.187220579,1.159857922,1.12964521,1.096573197,1.060619985,1.021746046,0.9798868333,0.934941615,0.8867571677,0.8351014623,0.7796212936,0.719765143
16560,1.300449238,1.298999295,1.294651086,1.287408594,1.277277024,1.264264648,1.248380268,1.229633373,1.208033305,1.183587248,1.156299268,1.126167807,1.093183212,1.057323114,1.018547435,0.9767909671,0.9319521472,0.8838766645,0.8323309723,0.7769595887,0.7172072719
16620,1.296500878,1.295055117,1.29071944,1.283497772,1.273395232,1.260419961,1.244580604,1.225886451,1.204346609,1.179967994,1.15275436,1.122703795,1.08980624,1.05403886,1.015361028,0.9737068736,0.9289740077,0.8810070296,0.8295708712,0.7743077642,0.7146587193
16680,1.292568043,1.291126446,1.286803241,1.2796023,1.269528652,1.256590315,1.240795773,1.222154121,1.200674234,1.176362759,1.149223143,1.119253121,1.086442232,1.050767176,1.01218678,0.9706345136,0.9260071602,0.8781482294,0.8268211278,0.7716657906,0.7121194574
16740,1.288650662,1.287213209,1.282902418,1.275722106,1.265677217,1.252775643,1.23702571,1.21843632,1.197016118,1.172771485,1.145705561,1.115815733,1.08309114,1.047508017,1.009024649,0.9675738478,0.9230515683,0.8753002302,0.8240817108,0.7690336388,0.7095894584
16800,1.284748662,1.283315334,1.279016899,1.271857121,1.261840858,1.248975878,1.233270351,1.214732986,1.193372201,1.169194114,1.142201561,1.112391581,1.079752915,1.044261339,1.005874595,0.9645248371,0.9201071957,0.8724629983,0.8213525891,0.7664112796,0.7070686945
16860,1.280861973,1.279432751,1.275146614,1.268007275,1.258019506,1.245190952,1.229529629,1.211044056,1.189742425,1.16563059,1.138711088,1.108980613,1.07642751,1.041027096,1.002736574,0.9614874421,0.9171740059,0.8696364999,0.8186337309,0.7637986833,0.7045571374
16920,1.276990524,1.275565388,1.271291494,1.264172499,1.254213094,1.241420801,1.225803483,1.20736947,1.186126729,1.162080857,1.135234089,1.105582779,1.073114876,1.037805243,0.9996105437,0.9584616238,0.9142519626,0.8668207012,0.815925105,0.7611958206,0.7020547591
16980,1.273134244,1.271713177,1.267451468,1.260352725,1.250421554,1.237665358,1.222091847,1.203709164,1.182525054,1.158544856,1.13177051,1.102198026,1.069814965,1.034595735,0.9964964634,0.9554473432,0.9113410294,0.8640155683,0.8132266797,0.7586026619,0.6995615313
17040,1.269293065,1.267876047,1.263626469,1.256547885,1.246644821,1.23392456,1.218394659,1.200063079,1.178937343,1.155022534,1.128320297,1.098826306,1.066527731,1.031398528,0.9933942907,0.952444561,0.9084411698,0.8612210674,0.8105384235,0.7560191773,0.6970774256
17100,1.265466918,1.264053931,1.259816428,1.252757912,1.242882828,1.23019834,1.214711856,1.196431153,1.175363536,1.151513834,1.124883398,1.095467568,1.063253124,1.028213577,0.9903039839,0.9494532384,0.9055523475,0.8584371644,0.8078603045,0.7534453372,0.6946024136
17160,1.261655734,1.26024676,1.256021277,1.24898274,1.23913551,1.226486636,1.211043377,1.192813328,1.171803576,1.1480187,1.121459759,1.092121761,1.059991099,1.025040837,0.9872255013,0.9464733363,0.9026745262,0.8556638256,0.8051922913,0.7508811117,0.6921364669
17220,1.257859446,1.256454466,1.25224095,1.245222301,1.235402802,1.222789383,1.207389159,1.189209542,1.168257406,1.144537078,1.11804933,1.088788836,1.056741609,1.021880264,0.9841588012,0.9435048158,0.8998076694,0.8529010168,0.8025343518,0.748326471,0.6896795567
17280,1.254077986,1.252676983,1.24847538,1.241476531,1.231684639,1.21910652,1.203749141,1.185619737,1.164724968,1.141068912,1.114652056,1.085468743,1.053504605,1.018731815,0.9811038423,0.940547638,0.8969517407,0.8501487041,0.7998864543,0.7457813851,0.6872316544
17340,1.250311288,1.248914244,1.244724501,1.237745364,1.227980957,1.215437982,1.200123263,1.182043855,1.161206206,1.13761415,1.111267887,1.082161433,1.050280042,1.015595444,0.978060583,0.9376017641,0.8941067039,0.8474068535,0.7972485671,0.743245824,0.6847927315
17400,1.246559286,1.245166184,1.240988248,1.234028736,1.224291694,1.211783709,1.196511463,1.178481835,1.157701063,1.134172735,1.10789677,1.078866858,1.047067874,1.012471108,0.9750289821,0.9346671553,0.8912725225,0.844675431,0.7946206581,0.7407197576,0.682362759
17460,1.242821914,1.241432736,1.237266556,1.230326583,1.220616785,1.208143639,1.192913683,1.174933621,1.154209483,1.130744616,1.104538655,1.075584967,1.043868053,1.009358764,0.9720089982,0.9317437728,0.8884491603,0.8419544026,0.7920026955,0.7382031559,0.6799417081
17520,1.239099107,1.237713836,1.23355936,1.226638841,1.216956169,1.20451771,1.189329862,1.171399155,1.150731412,1.127329738,1.10119349,1.072315712,1.040680533,1.006258367,0.9690005904,0.9288315781,0.8856365811,0.8392437343,0.7893946475,0.7356959888,0.6775295501
17580,1.235390801,1.23400942,1.229866597,1.222965446,1.213309783,1.200905862,1.185759941,1.167878379,1.147266792,1.123928047,1.097861224,1.069059046,1.037505269,1.003169875,0.9660037176,0.9259305325,0.8828347484,0.836543392,0.7867964819,0.733198226,0.6751262559
17640,1.231696932,1.230319424,1.226188203,1.219306337,1.209677566,1.197308034,1.182203862,1.164371236,1.14381557,1.120539493,1.094541807,1.065814919,1.034342215,1.000093243,0.9630183387,0.9230405974,0.8800436262,0.8338533417,0.7842081669,0.7307098375,0.6727317967
17700,1.228017435,1.226643784,1.222524116,1.215661451,1.206059456,1.193724167,1.178661565,1.16087767,1.140377691,1.11716402,1.091235188,1.062583284,1.031191325,0.9970284284,0.960044413,0.9201617344,0.8772631782,0.8311735496,0.7816296705,0.728230793,0.6703461435
17760,1.224352249,1.222982437,1.218874272,1.212030727,1.202455393,1.190154201,1.175132995,1.157397625,1.1369531,1.113801578,1.087941317,1.059364092,1.028052554,0.9939753883,0.9570818997,0.917293905,0.8744933684,0.8285039814,0.7790609608,0.7257610624,0.6679692673
17820,1.220701311,1.219335322,1.21523861,1.208414102,1.198865317,1.186598077,1.171618091,1.153931044,1.133541743,1.110452115,1.084660145,1.056157297,1.024925856,0.9909340796,0.9541307582,0.9144370709,0.8717341605,0.8258446034,0.7765020057,0.7233006153,0.665601139
17880,1.217064558,1.215702376,1.211617068,1.204811517,1.195289168,1.183055737,1.168116799,1.150477872,1.130143567,1.107115578,1.081391622,1.05296285,1.021811185,0.9879044594,0.9511909479,0.9115911939,0.8689855185,0.8231953816,0.7739527734,0.7208494217,0.6632417297
17940,1.213441929,1.212083537,1.208009586,1.201222911,1.191726885,1.179527121,1.164629059,1.147038054,1.126758518,1.103791916,1.078135698,1.049780705,1.018708499,0.984886485,0.9482624283,0.9087562357,0.8662474065,0.8205562821,0.7714132319,0.7184074511,0.6608910103
18000,1.209833363,1.208478745,1.204416102,1.197648223,1.188178411,1.176012173,1.161154817,1.143611535,1.123386543,1.100481078,1.074892324,1.046610814,1.01561775,0.9818801138,0.9453451592,0.9059321582,0.8635197883,0.8179272709,0.7688833491,0.7159746735,0.6585489518
18060,1.206238798,1.20488794,1.200836556,1.194087395,1.184643687,1.172510835,1.157694016,1.14019826,1.120027589,1.097183013,1.071661452,1.043453131,1.012538895,0.9788853034,0.9424391002,0.9031189234,0.8608026283,0.8153083142,0.7663630933,0.7135510586,0.656215525
18120,1.202658175,1.201311059,1.197270889,1.190540367,1.181122654,1.169023049,1.154246601,1.136798176,1.116681604,1.093897671,1.068443032,1.040307609,1.009471889,0.9759020114,0.9395442113,0.9003164932,0.8580958903,0.8126993783,0.7638524325,0.7111365761,0.653890701
18180,1.199091434,1.197748045,1.193719041,1.187007081,1.177615254,1.16554876,1.150812515,1.133411227,1.113348536,1.090625,1.065237017,1.037174202,1.006416688,0.9729301957,0.9366604524,0.8975248297,0.8553995388,0.8101004292,0.7613513349,0.7087311959,0.6515744507
18240,1.195538515,1.194198838,1.190180953,1.183487478,1.174121431,1.16208791,1.147391703,1.130037362,1.110028332,1.087364952,1.062043357,1.034052863,1.003373248,0.9699698142,0.9337877835,0.8947438952,0.8527135378,0.8075114333,0.7588597685,0.7063348877,0.6492667451
18300,1.191999359,1.190663378,1.186656568,1.1799815,1.170641126,1.158640443,1.143984112,1.126676525,1.106720941,1.084117475,1.058862006,1.030943547,1.000341525,0.967020825,0.9309261648,0.8919736518,0.8500378517,0.8049323568,0.7563777014,0.7039476214,0.646967555
18360,1.188473908,1.187141608,1.183145825,1.176489089,1.167174284,1.155206305,1.140589687,1.123328666,1.103426311,1.080882521,1.055692914,1.027846207,0.9973214742,0.9640831864,0.9280755567,0.889214062,0.8473724449,0.8023631661,0.753905102,0.7015693668,0.6446768514
18420,1.184962103,1.183633469,1.179648669,1.17301019,1.163720847,1.151785439,1.137208373,1.11999373,1.100144393,1.07766004,1.052536036,1.024760798,0.9943130529,0.9611568566,0.9252359196,0.8864650881,0.8447172818,0.7998038276,0.7514419385,0.6992000937,0.6423946055
18480,1.181463886,1.180138903,1.17616504,1.169544744,1.160280761,1.14837779,1.133840117,1.116671665,1.096875133,1.074449983,1.049391322,1.021687274,0.9913162174,0.9582417943,0.9224072138,0.8837266927,0.8420723269,0.7972543077,0.748988179,0.6968397721,0.640120788
18540,1.177979201,1.176657853,1.172694883,1.166092695,1.156853968,1.144983305,1.130484865,1.11336242,1.093618483,1.0712523,1.046258727,1.018625591,0.9883309243,0.9553379579,0.9195894,0.8809988384,0.8394375447,0.7947145728,0.7465437919,0.6944883719,0.6378553702
18600,1.174507989,1.173190263,1.169238141,1.162653988,1.153440415,1.141601929,1.127142564,1.110065942,1.090374392,1.068066944,1.043138203,1.015575703,0.9853571304,0.9524453062,0.9167824391,0.8782814878,0.8368129,0.7921845895,0.7441087456,0.692145863,0.635598323
18660,1.171050194,1.169736074,1.165794758,1.159228566,1.150040046,1.138233607,1.123813162,1.106782181,1.08714281,1.064893866,1.040029704,1.012537566,0.9823947928,0.9495637983,0.9139862916,0.8755746037,0.8341983573,0.7896643244,0.7416830084,0.6898122155,0.6333496174
18720,1.167605761,1.166295232,1.162364677,1.155816374,1.146652806,1.134878286,1.120496606,1.103511084,1.083923687,1.061733018,1.036933183,1.009511133,0.9794438684,0.946693393,0.9112009187,0.872878149,0.8315938814,0.7871537441,0.7392665487,0.6874873992,0.6311092247
18780,1.164174632,1.162867681,1.158947843,1.152417358,1.143278642,1.131535914,1.117192844,1.100252602,1.080716973,1.058584351,1.033848594,1.006496362,0.9765043147,0.9438340495,0.9084262814,0.8701920866,0.8289994373,0.7846528153,0.736859335,0.6851713843,0.6288771159
18840,1.160756752,1.159453364,1.155544201,1.149031462,1.139917499,1.128206436,1.113901823,1.097006682,1.07752262,1.055447819,1.03077589,1.003493208,0.9735760891,0.9409857271,0.9056623408,0.8675163796,0.8264149898,0.7821615049,0.7344613359,0.6828641409,0.6266532623
18900,1.157352067,1.156052227,1.152153696,1.145658632,1.136569323,1.1248898,1.110623493,1.093773276,1.074340578,1.052323373,1.027715027,1.000501626,0.9706591492,0.9381483853,0.9029090582,0.8648509911,0.8238405039,0.7796797795,0.7320725199,0.6805656392,0.6244376349
18960,1.15396052,1.152664215,1.148776274,1.142298815,1.133234063,1.121585954,1.107357802,1.090552333,1.071170799,1.049210967,1.024665958,0.9975215723,0.9677534527,0.9353219836,0.9001663951,0.8621958843,0.8212759446,0.7772076061,0.7296928556,0.6782758492,0.622230205
19020,1.150582058,1.149289274,1.14541188,1.138951956,1.129911663,1.118294845,1.104104698,1.087343802,1.068013234,1.046110553,1.021628637,0.9945530036,0.9648589576,0.9325064818,0.8974343128,0.8595510226,0.8187212772,0.7747449516,0.7273223118,0.6759947413,0.620030944
19080,1.147216626,1.145927349,1.142060461,1.135618002,1.126602072,1.115016423,1.100864132,1.084147635,1.064867835,1.043022084,1.01860302,0.9915958761,0.961975622,0.9297018395,0.894712773,0.8569163694,0.8161764669,0.7722917831,0.724960857,0.6737222856,0.6178398231
19140,1.143864171,1.142578386,1.138721962,1.132296901,1.123305238,1.111750634,1.097636052,1.080963783,1.061734554,1.039945514,1.015589062,0.9886501462,0.959103404,0.9269080169,0.8920017375,0.8542918882,0.8136414789,0.7698480675,0.7226084603,0.6714584526,0.6156568137
19200,1.140524639,1.139242333,1.135396332,1.128988599,1.120021109,1.108497429,1.094420409,1.077792195,1.058613342,1.036880797,1.012586717,0.9857157708,0.9562422622,0.9241249739,0.889301168,0.8516775427,0.8111162787,0.7674137722,0.7202650903,0.6692032127,0.6134818872
19260,1.137197976,1.135919135,1.132083517,1.125693045,1.116749632,1.105256757,1.091217152,1.074632824,1.055504154,1.033827887,1.009595941,0.9827927066,0.9533921549,0.9213526709,0.8866110266,0.8490732964,0.8086008317,0.7649888643,0.717930716,0.6669565362,0.6113150151
19320,1.13388413,1.13260874,1.128783464,1.122410185,1.113490756,1.102028565,1.088026232,1.07148562,1.052406941,1.030786737,1.00661669,0.9798809108,0.950553041,0.9185910681,0.8839312754,0.8464791133,0.8060951035,0.762573311,0.7156053064,0.6647183937,0.6091561688
19380,1.130583047,1.129311096,1.125496121,1.119139969,1.11024443,1.098812805,1.0848476,1.068350536,1.049321656,1.027757301,1.003648919,0.9769803407,0.9477248792,0.9158401262,0.8812618764,0.8438949573,0.8035990598,0.7601670799,0.7132888306,0.6624887557,0.60700532
19440,1.127294677,1.126026151,1.122221437,1.115882344,1.107010604,1.095609427,1.081681206,1.065227523,1.046248252,1.024739535,1.000692583,0.9740909535,0.9449076285,0.9130998057,0.8786027921,0.8413207924,0.8011126662,0.7577701382,0.7109812576,0.6602675929,0.6048624402
19500,1.124018966,1.122753852,1.118959359,1.11263726,1.103789226,1.092418379,1.078527001,1.062116534,1.043186683,1.021733393,0.9977476405,0.971212707,0.9421012481,0.9103700673,0.8759539848,0.8387565826,0.7986358886,0.7553824536,0.7086825566,0.6580548758,0.6027275011
19560,1.120755863,1.119494147,1.115709837,1.109404666,1.100580247,1.089239614,1.075384937,1.05901752,1.040136903,1.01873883,0.9948140461,0.9683455589,0.9393056973,0.907650872,0.8733154171,0.8362022922,0.796168693,0.7530039936,0.7063926969,0.6558505754,0.6006004745
19620,1.117505317,1.116246986,1.112472818,1.106184511,1.097383616,1.086073081,1.072254965,1.055930436,1.037098864,1.0157558,0.9918917566,0.965489467,0.9365209355,0.9049421808,0.8706870516,0.8336578855,0.7937110452,0.750634726,0.7041116477,0.6536546623,0.598481332
19680,1.114267277,1.113012318,1.109248254,1.102976745,1.094199283,1.082918731,1.069137038,1.052855233,1.034072522,1.01278426,0.9889807286,0.9626443895,0.9337469224,0.9022439548,0.8680688512,0.831123327,0.7912629114,0.7482746183,0.7018393786,0.6514671074,0.5963700455
19740,1.111041691,1.109790091,1.106036092,1.099781317,1.0910272,1.079776517,1.066031107,1.049791864,1.03105783,1.009824165,0.9860809191,0.9598102846,0.9309836175,0.8995561554,0.8654607786,0.8285985811,0.7888242577,0.7459236386,0.6995758588,0.6492878816,0.594266587
19800,1.107828509,1.106580256,1.102836283,1.096598178,1.087867316,1.076646388,1.062937125,1.046740284,1.028054743,1.00687547,0.983192285,0.9569871107,0.928230981,0.896878744,0.862862797,0.8260836125,0.7863950505,0.7435817548,0.6973210581,0.6471169561,0.5921709284
19860,1.104627681,1.103382761,1.099648777,1.093427278,1.084719583,1.073528298,1.059855044,1.043700445,1.025063216,1.003938131,0.9803147835,0.9541748265,0.9254889727,0.8942116821,0.8602748693,0.8235783859,0.783975256,0.7412489347,0.6950749459,0.6449543017,0.5900830417
19920,1.101439157,1.100197558,1.096473523,1.090268568,1.081583953,1.070422197,1.056784817,1.040672302,1.022083203,1.001012104,0.977448372,0.9513733906,0.9227575529,0.8915549314,0.8576969589,0.8210828662,0.7815648408,0.7389251465,0.692837492,0.6427998898,0.5880028989
19980,1.098262887,1.097024596,1.093310474,1.087122,1.078460376,1.067328039,1.053726397,1.037655808,1.01911466,0.9980973463,0.974593008,0.948582762,0.9200366819,0.8889084538,0.8551290292,0.8185970182,0.7791637714,0.7366103584,0.6906086661,0.6406536914,0.5859304722
20040,1.095098821,1.093863827,1.090159579,1.083987523,1.075348804,1.064245776,1.050679738,1.034650917,1.016157542,0.9951938136,0.9717486492,0.9458028997,0.9173263202,0.8862722111,0.8525710435,0.816120807,0.7767720144,0.7343045387,0.688388438,0.6385156779,0.5838657339
20100,1.091946912,1.0907152,1.087020791,1.080865091,1.07224919,1.06117536,1.047644794,1.031657585,1.013211804,0.9923014625,0.9689152537,0.9430337629,0.9146264283,0.8836461655,0.8500229656,0.8136541978,0.7743895365,0.7320076555,0.6861767777,0.6363858206,0.5818086562
20160,1.088807109,1.087578668,1.083894059,1.077754654,1.069161486,1.058116744,1.044621516,1.028675766,1.010277402,0.9894202501,0.9660927793,0.9402753111,0.9119369672,0.8810302792,0.847484759,0.8111971558,0.7720163046,0.7297196775,0.6839736553,0.6342640911,0.5797592115
20220,1.085679363,1.084454182,1.080779336,1.074656165,1.066085645,1.055069882,1.041609861,1.025705414,1.007354292,0.9865501333,0.9632811844,0.9375275038,0.9092578976,0.8784245145,0.8449563876,0.8087496463,0.7696522857,0.7274405731,0.6817790406,0.6321504606,0.5777173721
20280,1.082563628,1.081341692,1.077676574,1.071569575,1.063021618,1.052034727,1.038609782,1.022746485,1.00444243,0.9836910693,0.9604804274,0.9347903007,0.9065891807,0.8758288339,0.8424378155,0.8063116349,0.7672974466,0.7251703108,0.679592904,0.630044901,0.5756831106
20340,1.079459854,1.078241153,1.074585724,1.068494838,1.05996936,1.049011233,1.035621233,1.019798934,1.001541773,0.9808430156,0.9576904669,0.9320636615,0.9039307776,0.8732432,0.8399290065,0.8038830871,0.7649517546,0.7229088595,0.6774152156,0.6279473838,0.5736563994
20400,1.076367993,1.075152514,1.07150674,1.065431906,1.056928823,1.045999353,1.032644169,1.016862716,0.9986522763,0.9780059297,0.9549112616,0.9293475465,0.9012826496,0.8706675756,0.837429925,0.8014639686,0.7626151769,0.7206561878,0.6752459458,0.6258578808,0.5716372113
20460,1.073287998,1.07207573,1.068439574,1.062380732,1.053899961,1.042999042,1.029678545,1.013937788,0.9957738974,0.9751797693,0.9521427704,0.9266419156,0.8986447584,0.8681019234,0.8349405352,0.7990542451,0.7602876807,0.7184122646,0.673085065,0.6237763637,0.5696255189
20520,1.070219822,1.069010752,1.065384179,1.05934127,1.050882728,1.040010253,1.026724316,1.011024105,0.992906593,0.9723644925,0.9493849525,0.9239467292,0.8960170654,0.8655462065,0.8324608015,0.7966538826,0.7579692335,0.7161770589,0.6709325437,0.6217028046,0.5676212951
20580,1.067163417,1.065957533,1.062340507,1.056313472,1.047877077,1.037032943,1.023781438,1.008121624,0.9900503202,0.9695600573,0.9466377671,0.9212619479,0.8933995324,0.863000388,0.8299906885,0.7942628471,0.7556598028,0.7139505397,0.6687883524,0.6196371753,0.5656245125
20640,1.064118737,1.062916027,1.059308513,1.053297293,1.044882963,1.034067064,1.020849865,1.0052303,0.9872050361,0.9667664221,0.9439011736,0.9185875322,0.8907921214,0.8604644311,0.8275301608,0.7918811046,0.7533593562,0.7117326762,0.6666524618,0.6175794479,0.5636351442
20700,1.061085734,1.059886187,1.056288149,1.050292687,1.04190034,1.031112573,1.017929553,1.00235009,0.9843706983,0.9639835452,0.9411751316,0.9159234429,0.8881947944,0.8579382993,0.8250791832,0.7895086215,0.7510678614,0.7095234375,0.6645248427,0.6155295946,0.5616531631
20760,1.058064363,1.056867967,1.053279371,1.047299607,1.038929163,1.028169425,1.015020459,0.9994809515,0.9815472643,0.9612113854,0.9384596008,0.913269641,0.8856075135,0.855421956,0.8226377206,0.7871453639,0.7487852862,0.7073227931,0.6624054659,0.6134875877,0.5596785424
20820,1.055054576,1.05386132,1.05028213,1.044318008,1.035969386,1.025237574,1.012122538,0.9966228405,0.978734692,0.9584499015,0.9357545412,0.9106260874,0.8830302412,0.8529153649,0.8202057379,0.7847912983,0.7465115986,0.7051307123,0.6602943024,0.6114533993,0.5577112551
20880,1.052056329,1.0508662,1.047296383,1.041347844,1.033020965,1.022316977,1.009235747,0.9937757144,0.9759329394,0.9556990524,0.9330599128,0.9079927436,0.8804629399,0.8504184898,0.8177832004,0.7824463913,0.7442467664,0.7029471646,0.658191323,0.6094270019,0.5557512745
20940,1.049069575,1.047882562,1.044322083,1.038389071,1.030083855,1.019407589,1.006360042,0.9909395304,0.9731419647,0.9529587973,0.9303756759,0.9053695707,0.8779055721,0.8479312944,0.8153700731,0.7801106096,0.7419907578,0.7007721197,0.656096499,0.607408368,0.5537985738
21000,1.046094268,1.044910361,1.041359186,1.035441643,1.027158011,1.016509366,1.00349538,0.9881142461,0.9703617261,0.9502290955,0.9277017908,0.9027565304,0.8753581005,0.8454537429,0.8129663216,0.7777839198,0.7397435411,0.6986055471,0.6540098014,0.6053974701,0.5518531265
21060,1.043130364,1.041949551,1.038407645,1.032505516,1.02424339,1.013622265,1.000641718,0.9852998191,0.9675921823,0.9475099066,0.9250382181,0.9001535843,0.8728204882,0.8429857994,0.8105719113,0.7754662888,0.7375050845,0.6964474168,0.6519312017,0.6033942809,0.549914906
21120,1.040177817,1.039000086,1.035467417,1.029580645,1.021339946,1.010746242,0.9977990128,0.9824962073,0.9648332919,0.9448011901,0.9223849184,0.8975606942,0.8702926981,0.8405274281,0.8081868077,0.7731576836,0.7352753564,0.6942976985,0.6498606711,0.6013987731,0.5479838858
21180,1.037236583,1.036061923,1.032538456,1.026666986,1.018447636,1.007881254,0.9949672217,0.9797033686,0.9620850138,0.942102906,0.9197418527,0.8949778222,0.8677746933,0.8380785934,0.8058109765,0.7708580713,0.7330543253,0.6921563624,0.647798181,0.5994109196,0.5460600396
21240,1.034306617,1.033135017,1.029620719,1.023764495,1.015566416,1.005027257,0.9921463023,0.9769212614,0.9593473072,0.9394150141,0.9171089819,0.8924049302,0.8652664371,0.83563926,0.8034443837,0.7685674191,0.7308419598,0.6900233783,0.6457437031,0.5974306931,0.544143341
21300,1.031387873,1.030219323,1.02671416,1.020873127,1.012696243,1.002184209,0.9893362121,0.9741498439,0.9566201311,0.9367374748,0.9144862673,0.8898419806,0.8627678929,0.8332093923,0.8010869951,0.7662856942,0.7286382288,0.6878987165,0.643697209,0.5954580667,0.5422337638
21360,1.028480309,1.027314796,1.023818737,1.017992839,1.009837074,0.9993520659,0.9865369091,0.9713890748,0.953903445,0.9340702482,0.91187367,0.8872889358,0.8602790243,0.8307889552,0.7987387767,0.7640128641,0.7264431008,0.6857823473,0.6416586704,0.5934930136,0.5403312819
21420,1.02558388,1.024421394,1.020934404,1.015123587,1.006988865,0.9965307862,0.9837483513,0.9686389128,0.9511972086,0.9314132948,0.9092711517,0.8847457583,0.8577997949,0.8283779135,0.7963996948,0.7617488963,0.7242565449,0.683674241,0.639628059,0.5915355068,0.5384358691
21480,1.022698542,1.021539072,1.018061119,1.012265329,1.004151573,0.9937203272,0.9809704968,0.9658993169,0.9485013814,0.9287665753,0.9066786739,0.8822124108,0.8553301687,0.8259762324,0.7940697157,0.7594937583,0.7220785301,0.681574368,0.6376053469,0.5895855195,0.5365474996
21540,1.019824251,1.018667786,1.015198838,1.009418021,1.001325156,0.9909206467,0.9782033041,0.9631702461,0.9458159235,0.9261300506,0.9040961984,0.8796888561,0.8528701094,0.8235838769,0.7917488057,0.757247418,0.7199090254,0.6794826989,0.635590506,0.5876430253,0.5346661473
21600,1.016960964,1.015807494,1.012347518,1.006581619,0.9985095711,0.9881317025,0.9754467317,0.9604516597,0.9431407948,0.9235036814,0.901523687,0.8771750571,0.8504195813,0.8212008123,0.7894369314,0.7550098432,0.7177480002,0.6773992044,0.6335835083,0.5857079973,0.5327917866
21660,1.014108638,1.012958151,1.009507115,1.003756083,0.995704776,0.985353453,0.9727007384,0.9577435172,0.9404759557,0.920887429,0.898961102,0.8746709771,0.8479785484,0.818827004,0.7871340593,0.7527810017,0.7155954236,0.6753238551,0.6315843261,0.5837804093,0.5309243915
21720,1.01126723,1.010119716,1.006677588,1.000941368,0.9929107287,0.9825858564,0.9699652831,0.9550457782,0.9378213665,0.9182812547,0.8964084054,0.8721765791,0.8455469753,0.8164624175,0.7848401563,0.7505608617,0.7134512651,0.6732566219,0.6295929316,0.5818602347,0.5290639366
21780,1.008436697,1.007292145,1.003858893,0.9981374321,0.9901273871,0.9798288712,0.967240325,0.9523584024,0.9351769878,0.9156851198,0.8938655598,0.8696918267,0.8431248262,0.8141070184,0.7825551893,0.7483493912,0.7113154943,0.6711974757,0.6276092973,0.5799474473,0.5272103961
21840,1.005616996,1.004475396,1.001050988,0.9953442339,0.9873547094,0.9770824562,0.9645258233,0.9496813499,0.9325427803,0.9130989859,0.8913325275,0.8672166833,0.840712066,0.8117607726,0.7802791251,0.7461465587,0.7091880807,0.6691463876,0.6256333954,0.5780420208,0.5253637447
21900,1.002808085,1.001669426,0.9982538311,0.9925617311,0.984592654,0.9743465702,0.9618217374,0.9470145808,0.9299187049,0.9105228147,0.8888092712,0.8647511126,0.8383086592,0.8094236458,0.7780119309,0.7439523324,0.7070689941,0.6671033287,0.6236651987,0.5761439292,0.5235239569
21960,1.000009922,0.9988741935,0.9954673798,0.9897898818,0.9818411796,0.9716211723,0.9591280271,0.9443580553,0.9273047227,0.9079565682,0.8862957537,0.8622950783,0.8359145707,0.8070956041,0.7757535739,0.7417666808,0.7049582042,0.6650682701,0.6217046797,0.5742531463,0.5216910073
22020,0.9972224637,0.9960896557,0.9926915922,0.9870286445,0.9791002448,0.9689062217,0.956444652,0.9417117339,0.9247007948,0.9054002084,0.883791938,0.8598485445,0.8335297656,0.8047766136,0.7735040214,0.7395895725,0.7028556811,0.6630411833,0.6197518111,0.5723696463,0.5198648708
22080,0.9944456693,0.9933157712,0.9899264268,0.9842779778,0.9763698087,0.9662016779,0.9537715722,0.9390755772,0.9221068826,0.9028536974,0.8812977872,0.8574114752,0.8311542089,0.8024666405,0.7712632409,0.7374209762,0.7007613946,0.6610220395,0.6178065658,0.5704934033,0.5180455221
22140,0.9916794968,0.9905524982,0.9871718421,0.9815378404,0.9736498303,0.9635075004,0.9511087478,0.9364495461,0.9195229477,0.9003169976,0.8788132645,0.8549838345,0.8287878659,0.8001656513,0.7690311998,0.7352608607,0.698675315,0.6590108104,0.6158689167,0.5686243914,0.5162329362
22200,0.9889239047,0.9877997954,0.9844277967,0.9788081912,0.970940269,0.9608236489,0.9484561391,0.9338336014,0.9169489516,0.8977900714,0.8763383333,0.8525655869,0.826430702,0.7978736124,0.7668078659,0.733109195,0.6965974125,0.6570074674,0.6139388369,0.5667625851,0.5144270881
22260,0.9861788516,0.9850576213,0.9816942496,0.9760889895,0.9682410842,0.9581500834,0.9458137066,0.9312277042,0.9143848563,0.8952728816,0.873872957,0.8501566967,0.8240826827,0.7955904903,0.764593207,0.730965948,0.6945276574,0.6550119824,0.6120162993,0.5649079587,0.512627953
22320,0.9834442964,0.982325935,0.9789711597,0.9733801944,0.9655522356,0.9554867641,0.9431814108,0.9286318159,0.9118306237,0.8927653908,0.8714170993,0.8477571287,0.8217437736,0.7933162519,0.7623871908,0.7288310888,0.6924660201,0.6530243271,0.6101012772,0.5630604867,0.5108355059
22380,0.980720198,0.9796046954,0.9762584863,0.9706817655,0.9628736831,0.9528336511,0.9405592127,0.9260458979,0.9092862159,0.8902675621,0.8689707241,0.8453668475,0.8194139404,0.7910508639,0.7601897855,0.7267045867,0.6904124711,0.6510444733,0.6081937439,0.5612201438,0.5090497221
22440,0.9780065158,0.9768938619,0.9735561888,0.9679936623,0.9602053865,0.9501907048,0.9379470732,0.9234699116,0.9067515952,0.8877793584,0.8665337953,0.842985818,0.8170931491,0.7887942934,0.7580009591,0.724586411,0.6883669811,0.6490723931,0.6062936728,0.5593869046,0.507270577
22500,0.975303209,0.9741933939,0.9708642268,0.9653158449,0.957547306,0.947557886,0.9353449534,0.920903819,0.9042267241,0.885300743,0.8641062768,0.8406140052,0.8147813657,0.7865465074,0.7558206799,0.7224765311,0.6863295207,0.6471080585,0.6044010372,0.5575607438,0.505498046
22560,0.9726102373,0.9715032509,0.96818256,0.962648273,0.9548994021,0.9449351553,0.9327528145,0.9183475817,0.9017115651,0.8828316792,0.861688133,0.8382513743,0.8124785562,0.784307473,0.7536489161,0.7203749167,0.6843000609,0.6451514418,0.6025158109,0.5557416364,0.5037321046
22620,0.9699275604,0.9688233927,0.9655111483,0.9599909069,0.9522616352,0.9423224737,0.9301706181,0.915801162,0.899206081,0.8803721305,0.8592793282,0.8358978905,0.8101846869,0.7820771577,0.7514856363,0.7182815373,0.6822785725,0.6432025152,0.6006379675,0.5539295572,0.5019727284
22680,0.9672551381,0.9661537794,0.9628499518,0.9573437069,0.9496339659,0.9397198022,0.9275983256,0.913264522,0.8967102346,0.8779220607,0.8568798268,0.8335535191,0.8078997243,0.7798555289,0.749330809,0.7161963627,0.6802650266,0.641261251,0.5987674806,0.5521244814,0.5002198932
22740,0.9645929305,0.963494371,0.9601989309,0.9547066335,0.9470163551,0.9371271021,0.925035899,0.9107376241,0.894223989,0.8754814334,0.8544895935,0.8312182258,0.8056236347,0.777642554,0.7471844028,0.7141193627,0.6782593943,0.6393276218,0.5969043242,0.5503263841,0.4984735746
22800,0.9619408979,0.9608451277,0.9575580458,0.9520796474,0.9444087637,0.9345443349,0.9224833,0.9082204306,0.8917473074,0.8730502125,0.8521085931,0.8288919761,0.8033563849,0.7754382007,0.7450463866,0.7120505074,0.6762616468,0.6374016,0.5950484722,0.5485352405,0.4967337485
22860,0.9592990007,0.9582060101,0.9549272573,0.9494627094,0.941811153,0.931971462,0.9199404908,0.9057129044,0.889280153,0.8706283623,0.8497367903,0.8265747359,0.8010979416,0.7732424369,0.7429167292,0.7099897667,0.6742717555,0.6354831584,0.5931998986,0.5467510258,0.4950003909
22920,0.9566671994,0.9555769788,0.9523065261,0.9468557805,0.9392234842,0.9294084452,0.9174074335,0.9032150082,0.8868224893,0.8682158467,0.8473741502,0.824266471,0.7988482715,0.7710552305,0.7407953996,0.7079371109,0.6722896917,0.6335722696,0.5913585775,0.5449737156,0.4932734778
22980,0.9540454548,0.9529579946,0.949695813,0.9442588219,0.9366457188,0.9268552464,0.9148840906,0.900726705,0.88437428,0.8658126303,0.8450206381,0.8219671475,0.7966073418,0.7688765494,0.7386823669,0.7058925103,0.670315427,0.6316689066,0.5895244831,0.5432032853,0.4915529853
23040,0.9514337279,0.9503490183,0.9470950793,0.9416717948,0.9340778185,0.9243118277,0.9123704246,0.8982479578,0.8819354888,0.8634186774,0.842676219,0.8196767315,0.7943751195,0.7667063617,0.7365776004,0.7038559352,0.6683489331,0.6297730423,0.5876975898,0.5414397105,0.4898388895
23100,0.9488319796,0.9477500112,0.9445042861,0.9390946608,0.931519745,0.9217781512,0.9098663982,0.8957787299,0.8795060796,0.8610339527,0.8403408586,0.8173951894,0.7921515719,0.7645446357,0.7344810693,0.7018273561,0.6663901816,0.6278846497,0.5858778719,0.5396829668,0.4881311668
23160,0.9462401712,0.9451609346,0.9419233949,0.9365273815,0.9289714603,0.9192541792,0.9073719741,0.8933189847,0.8770860163,0.858658421,0.8380145222,0.8151224875,0.7899366663,0.7623913398,0.7323927431,0.6998067435,0.6644391443,0.6260037019,0.5840653039,0.5379330301,0.4864297935
23220,0.9436582642,0.9425817497,0.9393523672,0.9339699186,0.9264329265,0.9167398743,0.9048871154,0.8908686857,0.8746752632,0.856292047,0.8356971756,0.8128585923,0.7877303701,0.7602464425,0.7303125914,0.6977940683,0.6624957932,0.6241301721,0.5822598605,0.5361898762,0.4847347461
23280,0.94108622,0.9400124184,0.9367911648,0.9314222342,0.9239041059,0.9142351991,0.9024117851,0.8884277966,0.8722737847,0.8539347959,0.8333887847,0.8106034706,0.7855326509,0.7581099122,0.7282405838,0.6957893011,0.6605601003,0.6222640337,0.5804615162,0.5344534811,0.4830460011
23340,0.9385240004,0.9374529022,0.9342397495,0.9288842903,0.9213849608,0.9117401164,0.8999459466,0.8859962812,0.8698815451,0.8515866328,0.8310893152,0.808357089,0.7833434765,0.7559817177,0.72617669,0.6937924129,0.6586320377,0.6204052601,0.5786702458,0.5327238207,0.481363535
23400,0.9359715672,0.9349031632,0.9316980834,0.9263560492,0.9188754539,0.9092545892,0.8974895633,0.8835741035,0.867498509,0.849247523,0.8287987333,0.8061194146,0.7811628147,0.7538618278,0.7241208799,0.6918033747,0.6567115776,0.6185538248,0.5768860243,0.5310008713,0.4796873247
23460,0.9334288825,0.9323631633,0.9291661288,0.9238374734,0.9163755477,0.9067785805,0.8950425987,0.8811612277,0.8651246411,0.8469174319,0.8265170052,0.8038904143,0.7789906334,0.7517502115,0.7220731235,0.6898221575,0.6547986924,0.6167097014,0.5751088265,0.529284609,0.4780173469
23520,0.9308959085,0.9298328649,0.9266438479,0.9213285253,0.9138852053,0.9043120536,0.8926050165,0.8787576178,0.8627599064,0.844596325,0.8242440971,0.8016700553,0.7768269006,0.7496468377,0.7200333909,0.6878487326,0.6528933544,0.6148728636,0.5733386275,0.5275750101,0.4763535784
23580,0.9283726075,0.9273122303,0.9241312033,0.9188291677,0.9114043897,0.901854972,0.8901767807,0.8763632384,0.8604042698,0.8422841681,0.8219799756,0.7994583048,0.7746715845,0.7475516755,0.7180016522,0.6858830713,0.6509955361,0.6130432851,0.5715754023,0.5258720511,0.4746959962
23640,0.9258589419,0.9248012221,0.9216281576,0.9163393636,0.9089330639,0.8994072991,0.8877578551,0.8739780539,0.8580576965,0.8399809269,0.8197246072,0.7972551303,0.7725246535,0.7454646943,0.7159778777,0.683925145,0.6491052102,0.6112209399,0.5698191263,0.5241757084,0.4730445774
23700,0.9233548746,0.9222998029,0.9191346737,0.9138590758,0.9064711913,0.8969689986,0.885348204,0.8716020291,0.8557201516,0.8376865674,0.8174779585,0.7950604992,0.7703860758,0.7433858635,0.7139620378,0.6819749251,0.6472223493,0.6094058019,0.5680697748,0.5224859586,0.4713992991
23760,0.9208603681,0.9198079355,0.9166507145,0.9113882677,0.9040187355,0.8945400344,0.8829477915,0.8692351287,0.8533916007,0.8354010557,0.8152399965,0.7928743793,0.7682558201,0.7413151523,0.7119541031,0.6800323833,0.6453469262,0.6075978452,0.566327323,0.5208027784,0.4697601384
23820,0.9183753856,0.917325583,0.9141762431,0.9089269024,0.9015756599,0.8921203704,0.8805565822,0.8668773176,0.8510720093,0.8331243579,0.813010688,0.7906967381,0.766133855,0.7392525305,0.7099540441,0.6780974913,0.6434789138,0.6057970439,0.5645917466,0.5191261445,0.4681270726
23880,0.91589989,0.9148527086,0.9117112228,0.9064749435,0.8991419283,0.8897099708,0.8781745405,0.864528561,0.8487613429,0.8308564405,0.8107900001,0.7885275437,0.7640201491,0.7371979678,0.7079618315,0.6761702209,0.6416182851,0.6040033723,0.5628630211,0.5174560338,0.4665000793
23940,0.9134338447,0.9123892754,0.909255617,0.9040323546,0.8967175046,0.8873087998,0.8758016313,0.862188824,0.8464595675,0.8285972698,0.8085779,0.786366764,0.7619146714,0.7351514339,0.7059774361,0.674250544,0.6397650133,0.6022168048,0.5611411222,0.5157924233,0.4648791357
24000,0.910977213,0.909935247,0.9068093893,0.9015990994,0.8943023529,0.8849168218,0.8734378192,0.859858072,0.844166649,0.8263468125,0.806374355,0.784214367,0.7598173908,0.7331128987,0.704000829,0.6723384326,0.6379190713,0.6004373157,0.5594260257,0.5141352898,0.4632642194
24060,0.9085299585,0.9074905868,0.9043725033,0.8991751419,0.8918964374,0.8825340013,0.8710830693,0.8575362705,0.8418825533,0.8241050353,0.8041793326,0.7820703211,0.7577282764,0.7310823323,0.702031981,0.6704338588,0.6360804326,0.5986648796,0.5577177073,0.5124846106,0.4616553081
24120,0.9060920449,0.9050552588,0.901944923,0.8967604461,0.8894997224,0.8801603031,0.8687373467,0.8552233851,0.8396072468,0.8218719049,0.8019928002,0.7799345946,0.7556472975,0.7290597048,0.7000708632,0.6685367948,0.6342490705,0.5968994711,0.556016143,0.5108403629,0.4600523794
24180,0.903663436,0.9026292266,0.8995266122,0.8943549762,0.8871121722,0.8777956919,0.8664006167,0.8529193814,0.8373406957,0.8196473884,0.7998147257,0.7778071559,0.7535744232,0.7270449864,0.6981174471,0.6666472129,0.6324249584,0.595141065,0.5543213089,0.5092025239,0.4584554112
24240,0.9012440957,0.9002124544,0.8971175352,0.8919586965,0.8847337517,0.8754401327,0.8640728445,0.8506242255,0.8350828664,0.8174314528,0.7976450767,0.7756879736,0.7515096231,0.7250381474,0.6961717037,0.6647650854,0.6306080699,0.5933896359,0.5526331811,0.5075710711,0.4568643813
24300,0.8988339883,0.8978049062,0.8947176563,0.8895715714,0.8823644254,0.8730935906,0.8617539958,0.8483378834,0.8328337256,0.8152240654,0.7954838211,0.7735770164,0.7494528667,0.7230391584,0.6942336047,0.662890385,0.6287983787,0.5916451589,0.5509517357,0.5059459818,0.4552792677
24360,0.8964330779,0.8954065465,0.8923269397,0.8871935657,0.8800041583,0.8707560308,0.8594440361,0.846060321,0.8305932399,0.8130251935,0.7933309271,0.7714742531,0.7474041236,0.7210479897,0.6923031214,0.6610230842,0.6269958584,0.5899076088,0.5492769491,0.5043272337,0.4537000484
24420,0.894041329,0.8930173396,0.8899453502,0.8848246441,0.8776529154,0.8684274187,0.8571429314,0.8437915048,0.8283613762,0.8108348046,0.7911863628,0.7693796525,0.7453633635,0.7190646122,0.6903802257,0.6591631556,0.6252004829,0.5881769608,0.5476087977,0.5027148043,0.4521267016
24480,0.8916587061,0.8906372502,0.8875728524,0.8824647713,0.8753106619,0.8661077198,0.8548506473,0.8415314011,0.8261381014,0.8086528661,0.7890500964,0.7672931839,0.7433305564,0.7170889965,0.688464889,0.6573105721,0.6234122262,0.58645319,0.5459472579,0.5011086715,0.4505592054
24540,0.8892851739,0.8882662429,0.8852094111,0.8801139126,0.872977363,0.8637968997,0.8525671501,0.8392799765,0.8239233826,0.8064793459,0.7869220963,0.7652148162,0.7413056722,0.7151211136,0.6865570834,0.6554653066,0.6216310623,0.5847362717,0.5442923063,0.499508813,0.4489975382
24600,0.8869206973,0.8859042826,0.8828549913,0.877772033,0.8706529842,0.8614949242,0.8502924059,0.8370371975,0.821717187,0.8043142117,0.7848023311,0.7631445187,0.7392886809,0.7131609343,0.6846567808,0.6536273319,0.6198569652,0.5830261812,0.5426439195,0.4979152068,0.4474416782
24660,0.8845652412,0.8835513344,0.8805095582,0.8754390979,0.868337491,0.8592017592,0.848026381,0.8348030311,0.819519482,0.8021574315,0.7826907693,0.7610822609,0.7372795528,0.7112084298,0.6827639531,0.6517966212,0.6180899092,0.5813228939,0.5410020743,0.4963278308,0.4458916041
24720,0.8822187707,0.8812073633,0.878173077,0.8731150727,0.8660308492,0.8569173707,0.8457690418,0.832577444,0.8173302349,0.8000089734,0.7805873797,0.7590280122,0.7352782581,0.7092635712,0.6808785725,0.6499731477,0.6163298686,0.5796263854,0.5393667475,0.4947466631,0.4443472942
24780,0.879881251,0.8788723347,0.8758455131,0.8707999229,0.8637330245,0.8546417248,0.8435203549,0.8303604034,0.8151494134,0.7978688054,0.7784921312,0.7569817421,0.7332847673,0.7073263298,0.6790006113,0.6481568847,0.6145768177,0.5779366311,0.537737916,0.4931716819,0.4428087272
24840,0.8775526475,0.876546214,0.873526832,0.8684936143,0.861443983,0.852374788,0.8412802869,0.8281518763,0.8129769851,0.795736896,0.7764049927,0.7549434205,0.7312990509,0.7053966771,0.6771300417,0.6463478054,0.612830731,0.576253607,0.5361155567,0.4916028654,0.4412758818
24900,0.8752329259,0.8742289666,0.8712169993,0.8661961128,0.8591636908,0.8501165265,0.8390488048,0.8259518301,0.8108129179,0.7936132136,0.7743259333,0.7529130171,0.7293210794,0.7034745844,0.6752668363,0.6445458833,0.6110915831,0.5745772886,0.5344996468,0.4900401919,0.4397487368
24960,0.8729220515,0.8719205584,0.8689159809,0.8639073842,0.856892114,0.8478669069,0.8368258754,0.8237602322,0.8086571797,0.7914977266,0.7722549222,0.7508905018,0.7273508237,0.7015600235,0.6734109675,0.642751092,0.6093593487,0.572907652,0.5328901635,0.48848364,0.4382272711
25020,0.8706199904,0.8696209551,0.8666237427,0.8616273947,0.854629219,0.845625896,0.8346114659,0.8215770501,0.8065097386,0.7893904038,0.7701919287,0.7488758447,0.7253882545,0.6996529659,0.6715624079,0.6409634052,0.6076340025,0.5712446729,0.5312870839,0.4869331881,0.4367114636
25080,0.8683267084,0.8673301226,0.8643402508,0.8593561106,0.8523749724,0.8433934606,0.8324055433,0.8194022515,0.8043705627,0.7872912138,0.7681369222,0.746869016,0.7234333427,0.6977533834,0.6697211303,0.6391827965,0.6059155193,0.5695883276,0.5296903855,0.4853888147,0.4352012932
25140,0.8660421715,0.8650480271,0.8620654712,0.8570934982,0.8501293407,0.8411695675,0.8302080751,0.8172358041,0.8022396204,0.7852001257,0.7660898724,0.7448699858,0.7214860595,0.695861248,0.6678871075,0.6374092398,0.6042038741,0.5679385921,0.5281000456,0.4838504987,0.4336967392
25200,0.8637663459,0.8627746348,0.8597993705,0.8548395239,0.8478922906,0.8389541838,0.8280190287,0.8150776758,0.80011688,0.7831171083,0.7640507487,0.7428787246,0.7195463759,0.6939765316,0.6660603124,0.635642709,0.6024990419,0.5662954426,0.5265160417,0.4823182186,0.4321977807
25260,0.8614991979,0.860509912,0.857541915,0.8525941546,0.8456637892,0.8367472767,0.8258383717,0.8129278347,0.7980023101,0.7810421309,0.7620195211,0.7408952028,0.7176142632,0.6920992064,0.6642407181,0.6338831781,0.6008009977,0.5646588554,0.5249383515,0.4807919535,0.430704397
25320,0.859240694,0.8582538251,0.8552930712,0.8503573568,0.8434438032,0.8345488136,0.8236660717,0.8107862489,0.7958958794,0.7789751625,0.7599961593,0.738919391,0.7156896928,0.6902292445,0.6624282976,0.6321306212,0.5991097168,0.5630288069,0.5233669526,0.4792716822,0.4292165674
25380,0.8569908007,0.8560063409,0.853052806,0.8481290975,0.8412323,0.8323587619,0.8215020965,0.8086528867,0.7937975566,0.7769161727,0.7579806334,0.7369512598,0.7137726361,0.6883666183,0.6606230241,0.6303850125,0.5974251745,0.5614052737,0.5218018228,0.4777573838,0.4277342713
25440,0.8547494848,0.853767426,0.8508210861,0.8459093436,0.8390292467,0.8301770891,0.8193464142,0.8065277164,0.7917073106,0.7748651308,0.7559729134,0.7349907802,0.7118630647,0.6865113,0.6588248709,0.6286463264,0.5957473461,0.5597882321,0.5202429398,0.4762490373,0.4262574882
25500,0.8525167131,0.8515370473,0.8485978785,0.8436980625,0.8368346107,0.8280037629,0.8171989928,0.8044107066,0.7896251104,0.7728220064,0.7539729695,0.7330379229,0.7099609501,0.6846632623,0.6570338115,0.6269145371,0.5940762071,0.558177659,0.5186902818,0.4747466219,0.4247861979
25560,0.8502924524,0.8493151718,0.8463831504,0.8414952212,0.8346483595,0.8258387511,0.8150598004,0.8023018258,0.7875509252,0.7707867692,0.7519807721,0.731092659,0.7080662643,0.6828224776,0.6552498193,0.6251896192,0.592411733,0.5565735309,0.5171438266,0.473250117,0.4233203798
25620,0.84807667,0.8471017666,0.8441768689,0.8393007872,0.8324704608,0.8236820218,0.8129288053,0.8002010428,0.7854847241,0.768759389,0.7499962915,0.7291549596,0.706178979,0.6809889188,0.6534728679,0.6234715472,0.5907538995,0.5549758248,0.5156035523,0.4717595019,0.4218600137
25680,0.845869333,0.844896799,0.8419790013,0.837114728,0.8303008823,0.8215335428,0.8108059761,0.7981083265,0.7834264765,0.7667398357,0.7480194984,0.7272247959,0.7042990663,0.6791625585,0.6517029309,0.6217602957,0.5891026823,0.5533845175,0.5140694372,0.4702747559,0.4204050795
25740,0.8436704088,0.8427002363,0.8397895152,0.8349370112,0.8281395919,0.8193932824,0.8086912811,0.7960236458,0.7813761519,0.7647280793,0.7460503633,0.7253021392,0.7024264981,0.6773433696,0.6499399822,0.6200558396,0.5874580572,0.551799586,0.5125414594,0.4687958587,0.4189555571
25800,0.8414798648,0.840512046,0.8376083782,0.8327676047,0.8259865575,0.817261209,0.8065846891,0.7939469698,0.7793337199,0.7627240899,0.744088857,0.723386961,0.7005612467,0.6755313252,0.6481839956,0.6183581536,0.58582,0.5502210073,0.5110195974,0.4673227898,0.4175114265
25860,0.8392976687,0.8383321957,0.8354355579,0.8306064762,0.8238417474,0.8151372908,0.8044861689,0.7918782677,0.7772991501,0.7607278379,0.7421349504,0.7214792328,0.6987032843,0.6737263982,0.6464349451,0.6166672126,0.5841884868,0.5486487587,0.5095038295,0.465855529,0.4160726677
25920,0.837123788,0.8361606533,0.8332710222,0.8284535939,0.8217051296,0.8130214965,0.8023956893,0.7898175089,0.7752724124,0.7587392935,0.7401886144,0.7195789262,0.6968525833,0.671928562,0.6446928046,0.6149829916,0.5825634936,0.5470828172,0.5079941343,0.4643940559,0.4146392608
25980,0.8349581907,0.8339973864,0.8311147391,0.8263089258,0.8195766727,0.8109137947,0.8003132194,0.7877646627,0.7732534766,0.7567584272,0.73824982,0.7176860129,0.6950091161,0.6701377896,0.6429575484,0.6133054659,0.5809449965,0.5455231603,0.5064904902,0.4629383506,0.4132111861
26040,0.8328008447,0.8318423633,0.8289666767,0.8241724401,0.817456345,0.8088141541,0.7982387282,0.7857196987,0.7712423128,0.7547852095,0.7363185384,0.7158004648,0.6931728553,0.6683540546,0.6412291507,0.6116346104,0.5793329718,0.5439697654,0.5049928761,0.4614883927,0.4117884239
26100,0.8306517181,0.8296955519,0.8268268032,0.8220441054,0.8153441152,0.8067225437,0.7961721851,0.7836825866,0.7692388912,0.7528196112,0.734394741,0.7139222538,0.6913437737,0.6665773303,0.6395075858,0.6099704006,0.5777273958,0.5424226098,0.5035012707,0.4600441625,0.4103709546
26160,0.8285107792,0.8275569205,0.8246950868,0.81992389,0.813239952,0.8046389325,0.7941135594,0.7816532961,0.7672431819,0.750861603,0.7324783991,0.7120513519,0.6895218439,0.6648075903,0.6377928281,0.6083128116,0.576128245,0.5408816712,0.5020156527,0.45860564,0.4089587585
26220,0.8263779961,0.8254264374,0.8225714962,0.8178117625,0.8111438242,0.8025632895,0.7920628205,0.7796317971,0.7652551553,0.7489111558,0.7305694841,0.7101877314,0.6877070387,0.6630448082,0.6360848521,0.6066618191,0.5745354957,0.5393469271,0.500536001,0.4571728054,0.4075518163
26280,0.8242533374,0.8233040712,0.8204559997,0.8157076918,0.8090557009,0.8004955841,0.7900199381,0.7776180597,0.763274782,0.7469682407,0.7286679677,0.7083313644,0.6858993313,0.6612889579,0.6343836324,0.6050173986,0.5729491245,0.5378183554,0.4990622947,0.4557456389,0.4061501086
26340,0.8221367717,0.8211897903,0.8183485662,0.8136116466,0.8069755509,0.7984357856,0.7879848819,0.7756120539,0.7613020324,0.7450328286,0.7267738216,0.7064822233,0.6840986945,0.659540013,0.6326891436,0.6033795255,0.5713691082,0.5362959337,0.4975945129,0.4543241209,0.4047536159
26400,0.8200282675,0.8190835637,0.8162491645,0.8115235959,0.8049033436,0.7963838635,0.7859576216,0.7736137499,0.7593368773,0.7431048909,0.7248870175,0.7046402805,0.6823051016,0.6577979476,0.6310013607,0.6017481757,0.5697954234,0.5347796401,0.4961326346,0.4529082317,0.4033623192
26460,0.8179277938,0.81698536,0.8141577634,0.8094435089,0.8028390483,0.7943397873,0.7839381272,0.7716231182,0.7573792875,0.7411843989,0.7230075274,0.7028055086,0.6805185259,0.6560627356,0.6293202583,0.600123325,0.5682280469,0.5332694523,0.4946766391,0.451497952,0.4019761991
26520,0.8158353194,0.8148951482,0.812074332,0.8073713546,0.8007826343,0.7923035267,0.7819263688,0.769640129,0.7554292338,0.7392713239,0.7211353233,0.7009778801,0.6787389405,0.6543343513,0.6276458116,0.5985049492,0.5666669556,0.5317653485,0.4932265057,0.4500932622,0.4005952368
26580,0.8137508134,0.8128128974,0.8099988395,0.8053071025,0.7987340713,0.7902750516,0.7799223164,0.7676647531,0.7534866873,0.7373656375,0.7192703772,0.699157368,0.6769663191,0.6526127686,0.6259779954,0.5968930242,0.5651121266,0.5302673068,0.4917822138,0.4486941431,0.399219413
26640,0.8116742449,0.8107385768,0.8079312551,0.8032507219,0.7966933288,0.7882543319,0.7779259404,0.7656969609,0.7515516191,0.7354673113,0.7174126613,0.6973439449,0.6752006351,0.6508979621,0.624316785,0.5952875261,0.5635635368,0.5287753054,0.4903437427,0.4473005753,0.397848709
26700,0.8096055833,0.8086721557,0.8058715483,0.8012021824,0.7946603766,0.7862413376,0.7759372111,0.7637367234,0.7496240003,0.7335763171,0.7155621481,0.6955375838,0.6734418621,0.649189906,0.6226621555,0.5936884311,0.5620211634,0.5272893225,0.4889110722,0.4459125397,0.3964831058
26760,0.8075447978,0.8066136034,0.8038196885,0.7991614537,0.7926351846,0.7842360389,0.7739560991,0.7617840114,0.7477038025,0.7316926267,0.7137188098,0.6937382577,0.6716899739,0.6474885748,0.6210140823,0.5920957153,0.5604849837,0.5258093365,0.4874841817,0.4445300172,0.3951225846
26820,0.805491858,0.8045628896,0.8017756455,0.7971285056,0.7906177229,0.7822384061,0.7719825749,0.7598387959,0.7457909969,0.7298162121,0.711882619,0.6919459399,0.6699449443,0.6457939431,0.6193725407,0.5905093551,0.5589549748,0.5243353259,0.4860630509,0.4431529888,0.3937671269
26880,0.8034467336,0.8025199839,0.7997393888,0.7951033079,0.7886079614,0.7802484094,0.7700166092,0.7579010479,0.7438855551,0.7279470452,0.7100535483,0.6901606034,0.6682067472,0.6441059856,0.6177375063,0.5889293267,0.5574311143,0.522867269,0.4846476597,0.4417814354,0.3924167138
26940,0.8014093942,0.8004848561,0.7977108885,0.7930858307,0.7866058704,0.7782660195,0.7680581728,0.7559707386,0.7419874487,0.7260850982,0.7082315704,0.6883822217,0.6664753566,0.6424246769,0.6161089545,0.5873556068,0.5559133796,0.5214051445,0.4832379878,0.4404153383,0.391071327
27000,0.7993798097,0.798457476,0.7956901144,0.791076044,0.7846114203,0.7762912069,0.7661072366,0.7540478395,0.7400966496,0.7242303435,0.7064166581,0.6866107682,0.6647507466,0.640749992,0.614486861,0.5857881718,0.5544017481,0.5199489311,0.4818340152,0.4390546787,0.3897309478
27060,0.79735795,0.7964378136,0.7936770366,0.7890739181,0.7826245814,0.7743239422,0.7641637718,0.7521323218,0.7382131295,0.7223827532,0.7046087842,0.6848462163,0.6630328913,0.6390819057,0.6128712016,0.5842269983,0.5528961976,0.5184986076,0.4804357219,0.4376994378,0.388395558
27120,0.7953437853,0.794425839,0.7916716254,0.7870794234,0.7806453244,0.7723641964,0.7622277494,0.7502241572,0.7363368604,0.7205422999,0.7028079219,0.6830885396,0.6613217651,0.6374203931,0.6112619521,0.5826720631,0.5513967057,0.5170541526,0.4790430879,0.4363495969,0.3870651391
27180,0.7933372857,0.7924215225,0.789673851,0.7850925302,0.7786736198,0.7704119404,0.7602991406,0.7483233171,0.7344678145,0.7187089562,0.7010140442,0.681337712,0.6596173424,0.6357654293,0.6096590884,0.5811233429,0.5499032502,0.5156155451,0.4776560933,0.4350051376,0.3857396728
27240,0.7913384216,0.7904248343,0.7876836839,0.7831132092,0.7767094386,0.7684671451,0.7583779169,0.7464297734,0.7326059637,0.7168826947,0.6992271243,0.6795937071,0.6579195975,0.6341169894,0.6080625864,0.5795808146,0.5484158089,0.514182764,0.4762747184,0.4336660414,0.3844191412
27300,0.7893471633,0.788435745,0.7857010945,0.7811414311,0.7747527514,0.7665297817,0.7564640496,0.7445434979,0.7307512804,0.715063488,0.6974471355,0.6778564989,0.6562285051,0.6324750488,0.6064724223,0.5780444552,0.5469343598,0.5127557885,0.4748989436,0.4323322898,0.3831035259
27360,0.7873634813,0.786454225,0.7837260536,0.7791771666,0.7728035294,0.7645998215,0.7545575104,0.7426644626,0.7289037371,0.7132513092,0.6956740511,0.6761260614,0.6545440398,0.6308395827,0.6048885721,0.5765142417,0.5454588808,0.5113345975,0.473528749,0.4310038645,0.3817928091
27420,0.7853873464,0.7844802451,0.7817585318,0.7772203865,0.7708617436,0.7626772358,0.7526582709,0.7407926394,0.727063306,0.711446131,0.6939078447,0.6744023686,0.6528661763,0.6292105667,0.6033110122,0.5749901512,0.5439893502,0.5099191703,0.4721641152,0.4296807472,0.3804869727
27480,0.7834187292,0.782513776,0.7797985,0.775271062,0.7689273652,0.7607619961,0.7507663029,0.7389280005,0.7252299598,0.7096479267,0.6921484899,0.6726853947,0.6511948894,0.6275879763,0.6017397188,0.5734721609,0.5425257459,0.5085094862,0.4708050227,0.4283629198,0.3791859989
27540,0.7814576005,0.7805547885,0.7778459293,0.7733291642,0.7670003655,0.758854074,0.7488815782,0.7370705181,0.7234036712,0.7078566693,0.6903959603,0.670975114,0.6495301541,0.6259717871,0.6001746685,0.571960248,0.5410680463,0.5071055245,0.4694514521,0.4270503642,0.3778898698
27600,0.7795039315,0.7786032537,0.7759007906,0.7713946641,0.765080716,0.756953441,0.7470040689,0.7352201647,0.7215844129,0.706072332,0.6886502297,0.6692715008,0.6478719454,0.6243619748,0.5986158375,0.57045439,0.5396162297,0.5057072645,0.468103384,0.4257430623,0.3765985676
27660,0.777557693,0.7766591427,0.7739630552,0.7694675333,0.7631683882,0.7550600691,0.745133747,0.7333769126,0.7197721579,0.7042948882,0.6869112719,0.6675745296,0.6462202383,0.6227585153,0.5970632026,0.5689545642,0.5381702744,0.5043146858,0.4667607991,0.4244409962,0.3753120748
27720,0.7756188564,0.7747224267,0.7720326943,0.767547743,0.7612633536,0.75317393,0.7432705847,0.7315407344,0.717966879,0.7025243114,0.685179061,0.665884175,0.6445750081,0.6211613843,0.5955167404,0.5674607481,0.536730159,0.5029277679,0.4654236783,0.4231441479,0.3740303737
27780,0.7736873928,0.772793077,0.7701096794,0.7656352649,0.7593655841,0.7512949958,0.7414145544,0.7297116028,0.7161685493,0.700760575,0.683453571,0.6642004115,0.64293623,0.6195705579,0.5939764275,0.5659729194,0.5352958619,0.5015464905,0.4640920023,0.4218524998,0.3727534468
27840,0.7717632738,0.770871065,0.7681939819,0.7637300706,0.7574750515,0.7494232385,0.7395656283,0.7278894905,0.714377142,0.6990036528,0.681734776,0.6625232139,0.6413038793,0.6179860121,0.5924422409,0.5644910556,0.5338673618,0.5001708332,0.4627657523,0.420566034,0.3714812767
27900,0.7698464707,0.7689563622,0.7662855735,0.7618321318,0.7555917277,0.7475586304,0.7377237791,0.7260743703,0.7125926304,0.6972535183,0.6800226502,0.660852557,0.6396779315,0.6164077231,0.5909141574,0.5630151346,0.5324446374,0.4988007758,0.4614449091,0.4192847328,0.3702138459
27960,0.7679369552,0.7670489404,0.7643844259,0.7599414204,0.7537155848,0.7457011438,0.7358889792,0.7242662152,0.7108149878,0.6955101456,0.6783171681,0.6591884157,0.6380583622,0.614835667,0.589392154,0.5615451341,0.5310276674,0.4974362981,0.4601294538,0.4180085788,0.3689511373
28020,0.766034699,0.7651487711,0.7624905109,0.7580579083,0.7518465949,0.7438507509,0.7340612015,0.7224649983,0.7090441877,0.6937735083,0.676618304,0.657530765,0.6364451469,0.6132698202,0.5878762078,0.5600810321,0.5296164306,0.4960773801,0.4588193677,0.4167375543,0.3676931334
28080,0.764139674,0.7632558264,0.7606038004,0.7561815677,0.7499847303,0.7420074245,0.7322404186,0.7206706927,0.7072802036,0.6920435807,0.6749260325,0.65587958,0.6348382614,0.6117101591,0.5863662958,0.5586228065,0.528210906,0.4947240018,0.4575146319,0.4154716419,0.3664398173
28140,0.762251852,0.761370078,0.7587242666,0.7543123707,0.7481299633,0.7401711369,0.7304266036,0.7188832717,0.7055230091,0.6903203367,0.6732403281,0.6542348359,0.6332376814,0.6101566601,0.5848623954,0.5571704353,0.5268110725,0.4933761431,0.4562152277,0.4142108243,0.3651911717
28200,0.7603712051,0.7594914982,0.7568518814,0.7524502896,0.7462822665,0.738341861,0.7286197293,0.7171027086,0.7037725781,0.6886037506,0.6715611656,0.6525965078,0.6316433829,0.6086092997,0.5833644837,0.5557238967,0.5254169092,0.4920337842,0.4549211364,0.4129550842,0.3639471797
28260,0.7584977054,0.757620059,0.7549866172,0.7505952967,0.7444416123,0.7365195696,0.7268197689,0.7153289768,0.7020288844,0.6868937966,0.6698885197,0.6509645712,0.6300553417,0.6070680547,0.5818725382,0.5542831689,0.5240283953,0.4906969053,0.4536323396,0.4117044042,0.3627078243
28320,0.7566313252,0.7557557327,0.7531284462,0.7487473645,0.7426079734,0.7347042355,0.7250266957,0.7135620499,0.7002919019,0.6851904493,0.6682223654,0.6493390015,0.6284735339,0.6055329017,0.5803865363,0.5528482301,0.5226455099,0.4893654867,0.4523488187,0.4104587674,0.3614730886
28380,0.7547720368,0.7538984916,0.7512773411,0.7469064656,0.7407813227,0.7328958318,0.7232404828,0.7118019016,0.6985616046,0.6834936829,0.6665626777,0.6477197743,0.6268979357,0.6040038175,0.5789064556,0.5514190588,0.5212682322,0.4880395087,0.4510705552,0.4092181565,0.3602429558
28440,0.7529198126,0.7520483084,0.7494332742,0.7450725728,0.7389616329,0.7310943316,0.7214611037,0.7100485055,0.6968379667,0.6818034721,0.6649094315,0.6461068651,0.6253285233,0.602480779,0.5774322737,0.5499956332,0.5198965417,0.4867189517,0.4497975309,0.4079825546,0.3590174092
28500,0.7510746252,0.7502051554,0.7475962183,0.7432456586,0.737148877,0.729299708,0.7196885319,0.7083018356,0.6951209623,0.6801197916,0.663262602,0.6445002496,0.6237652729,0.6009637631,0.5759639682,0.548577932,0.5185304177,0.4854037961,0.4485297273,0.4067519446,0.3577964321
28560,0.7492364472,0.7483690055,0.7457661461,0.7414256962,0.7353430282,0.7275119345,0.7179227409,0.7065618656,0.6934105659,0.6784426161,0.6616221645,0.6428999036,0.622208161,0.599452747,0.5745015169,0.5471659336,0.5171698398,0.4840940225,0.4472671264,0.4055263099,0.356580008
28620,0.7474052515,0.7465398313,0.7439430304,0.7396126584,0.7335440595,0.7257309843,0.7161637045,0.7048285697,0.6917067518,0.6767719205,0.6599880943,0.641305803,0.620657164,0.5979477076,0.5730448976,0.5457596168,0.5158147874,0.4827896115,0.4460097098,0.4043056334,0.3553681202
28680,0.7455810107,0.7447176057,0.7421268443,0.7378065183,0.7317519443,0.723956831,0.7144113964,0.703101922,0.6900094945,0.6751076797,0.6583603669,0.6397179238,0.6191122585,0.5964486223,0.5715940883,0.5443589602,0.5144652402,0.4814905438,0.4447574595,0.4030898986,0.3541607523
28740,0.743763698,0.7429023018,0.7403175607,0.7360072491,0.7299666559,0.7221894481,0.7126657906,0.7013818966,0.6883187686,0.6734498687,0.6567389577,0.6381362419,0.617573421,0.5949554682,0.570149067,0.5429639427,0.5131211779,0.4801968,0.4435103576,0.4018790887,0.3529578879
28800,0.7419532863,0.7410938926,0.7385151529,0.7342148242,0.7281881678,0.7204288095,0.7109268609,0.6996684679,0.6866345487,0.6717984626,0.6551238424,0.6365607336,0.6160406284,0.5934682228,0.5687098118,0.541574543,0.5117825803,0.4789083611,0.4422683859,0.4006731871,0.3517595108
28860,0.7401497488,0.7392923513,0.736719594,0.7324292168,0.7264164535,0.7186748888,0.7091945815,0.6979616103,0.6849568098,0.6701534366,0.6535149965,0.634991375,0.6145138574,0.5919868635,0.5672763007,0.5401907402,0.5104494271,0.4776252078,0.4410315266,0.3994721773,0.3505656046
28920,0.7383530588,0.7374976512,0.7349308575,0.7306504005,0.7246514867,0.71692766,0.7074689266,0.6962612983,0.6832855266,0.6685147661,0.651912396,0.6334281424,0.6129930848,0.5905113678,0.565848512,0.5388125132,0.5091216983,0.4763473211,0.4397997619,0.3982760428,0.3493761531
28980,0.7365631896,0.7357097656,0.7331489168,0.7288783488,0.7228932411,0.715187097,0.7057498703,0.6945675065,0.6816206741,0.6668824265,0.6503160166,0.6318710123,0.6114782877,0.5890417132,0.5644264239,0.5374398411,0.5077993738,0.475074682,0.438573074,0.3970847672,0.3481911403
29040,0.7347801146,0.7339286681,0.7313737454,0.7271130355,0.7211416907,0.713453174,0.7040373871,0.6928802095,0.6799622273,0.6652563931,0.6487258343,0.630319961,0.6099694431,0.5875778775,0.563010015,0.5360727031,0.5064824337,0.4738072716,0.4373514452,0.3958983343,0.3470105501
29100,0.7330038075,0.7321543321,0.7296053171,0.7253544342,0.7193968093,0.711725865,0.7023314514,0.6911993821,0.6783101615,0.6636366416,0.6471418252,0.6287749652,0.6084665281,0.5861198385,0.5615992635,0.5347110784,0.5051708581,0.472545071,0.4361348578,0.3947167277,0.3458343665
29160,0.7312342418,0.7303867314,0.7278436054,0.723602519,0.7176585711,0.7100051444,0.7006320377,0.6895249992,0.6766644517,0.6620231476,0.6455639652,0.6272360014,0.6069695199,0.5846675738,0.5601941481,0.5333549462,0.5038646272,0.4712880614,0.4349232943,0.3935399313,0.3446625735
29220,0.7294713913,0.7286258398,0.7260885844,0.7218572637,0.7159269501,0.7082909866,0.6989391207,0.6878570357,0.6750250735,0.6604158868,0.6439922308,0.6257030463,0.6054783957,0.5832210616,0.5587946473,0.532004286,0.5025637211,0.470036224,0.4337167371,0.3923679288,0.3434951555
29280,0.7277152298,0.726871631,0.7243402279,0.7201186424,0.7142019206,0.7065833659,0.6972526751,0.6861954668,0.6733920021,0.6588148351,0.642426598,0.6241760769,0.603993133,0.5817802796,0.5574007398,0.5306590772,0.5012681202,0.4687895402,0.4325151689,0.3912007044,0.3423320964
29340,0.7259657314,0.7251240792,0.72259851,0.7183866293,0.7124834569,0.704882257,0.6955726757,0.6845402674,0.671765213,0.6572199684,0.6408670434,0.6226550699,0.6025137092,0.580345206,0.5560124043,0.5293192992,0.4999778049,0.4675479914,0.4313185721,0.3900382419,0.3411733808
29400,0.72422287,0.7233831583,0.7208634048,0.7166611986,0.7107715335,0.7031876345,0.6938990975,0.6828914129,0.6701446819,0.6556312627,0.6393135433,0.6211400023,0.6010401018,0.5789158189,0.5546296196,0.5279849317,0.4986927556,0.466311559,0.4301269295,0.3888805254,0.3400189928
29460,0.7224866197,0.7216488424,0.7191348865,0.7149423247,0.7090661248,0.7014994731,0.6922319154,0.6812488786,0.6685303845,0.6540486941,0.6377660743,0.6196308511,0.5995722883,0.5774920966,0.5532523647,0.5266559543,0.4974129528,0.4650802245,0.4289402238,0.3877275391,0.338868917
29520,0.7207569548,0.719921106,0.7174129296,0.713229982,0.7073672056,0.6998177478,0.6905711046,0.6796126399,0.6669222965,0.6524722387,0.6362246131,0.6181275936,0.5981102466,0.5760740172,0.5518806184,0.5253323466,0.496138377,0.4638539695,0.4277584378,0.3865792672,0.3377231378
29580,0.7190338496,0.7181999232,0.7156975082,0.7115241451,0.7056747504,0.6981424333,0.6889166403,0.6779826722,0.6653203937,0.6509018728,0.6346891363,0.6166302068,0.5966539543,0.5746615592,0.5505143599,0.5240140885,0.494869009,0.4626327756,0.4265815543,0.3854356939,0.3365816397
29640,0.7173172786,0.7164852685,0.7139885971,0.7098247886,0.7039887342,0.6964735047,0.6872684976,0.6763589512,0.6637246521,0.6493375728,0.6331596207,0.6151386681,0.5952033892,0.5732547011,0.5491535681,0.5227011599,0.4936048293,0.4614166246,0.4254095563,0.3842968036,0.3354444075
29700,0.7156072162,0.7147771166,0.7122861708,0.7081318873,0.7023091318,0.6948109371,0.685626652,0.6747414525,0.6621350478,0.647779315,0.6316360432,0.6136529549,0.5937585293,0.5718534212,0.5477982223,0.5213935405,0.4923458188,0.4602054982,0.4242424268,0.3831625807,0.3343114257
29760,0.713903637,0.7130754419,0.7105902041,0.7064454159,0.7006359181,0.6931547058,0.683991079,0.673130152,0.6605515568,0.6462270761,0.6301183807,0.6121730445,0.5923193526,0.5704576982,0.5464483018,0.5200912105,0.4910919583,0.4589993783,0.4230801487,0.3820330095,0.3331826791
29820,0.7122065159,0.7113802193,0.7089006716,0.7047653494,0.6989690683,0.691504786,0.6823617541,0.6715250254,0.6589741554,0.6446808325,0.6286066104,0.6106989145,0.5908858371,0.5690675108,0.5451037857,0.5187941499,0.4898432287,0.4577982466,0.4219227052,0.3809080747,0.3320581526
29880,0.7105158274,0.7096914236,0.7072175484,0.7030916627,0.6973085576,0.6898611531,0.6807386529,0.6699260488,0.6574028198,0.643140561,0.6271007093,0.6092305426,0.589457961,0.5676828376,0.5437646536,0.5175023387,0.4885996109,0.4566020852,0.4207700795,0.3797877608,0.330937831
29940,0.7088315466,0.7080090296,0.7055408093,0.7014243311,0.6956543612,0.6882237826,0.6791217512,0.6683331981,0.6558375265,0.6416062383,0.6256006545,0.6077679064,0.5880357025,0.5663036575,0.5424308849,0.5162157572,0.487361086,0.4554108761,0.4196222546,0.3786720525,0.3298216992
30000,0.7071536485,0.7063330124,0.7038704295,0.6997633296,0.6940064545,0.68659265,0.6775110248,0.6667464494,0.6542782518,0.6400778413,0.6241064235,0.6063109836,0.5866190398,0.5649299494,0.541102459,0.5149343856,0.486127635,0.4542246013,0.418479214,0.3775609344,0.3287097424
30060,0.705482108,0.7046633471,0.7022063841,0.6981086336,0.6923648128,0.684967731,0.6759064495,0.665165779,0.6527249723,0.638555347,0.6226179936,0.6048597522,0.5852079514,0.5635616922,0.5397793557,0.5136582042,0.4848992391,0.4530432429,0.417340941,0.3764543914,0.3276019455
30120,0.7038169004,0.7030000088,0.7005486485,0.6964602185,0.6907294118,0.6833490014,0.6743080015,0.6635911631,0.6511776647,0.6370387322,0.6211353421,0.60341419,0.5838024157,0.562198865,0.5384615545,0.5123871934,0.4836758795,0.4518667832,0.4162074189,0.3753524083,0.3264982937
30180,0.702158001,0.7013429729,0.6988971979,0.6948180596,0.6891002271,0.6817364369,0.6727156567,0.6620225782,0.6496363057,0.6355279742,0.6196584467,0.601974275,0.5824024112,0.5608414467,0.5371490352,0.5111213337,0.4824575374,0.4506952043,0.4150786312,0.3742549699,0.3253987722
30240,0.700505385,0.6996922147,0.6972520077,0.6931821326,0.6874772344,0.6801300135,0.6711293914,0.6604600006,0.648100872,0.6340230501,0.618187285,0.6005399853,0.5810079165,0.5594894167,0.5358417775,0.5098606056,0.4812441942,0.4495284887,0.4139545613,0.3731620612,0.3243033662
30300,0.6988590279,0.6980477098,0.6956130536,0.6915524132,0.6858604095,0.6785297072,0.6695491817,0.658903407,0.6465713406,0.6325239372,0.6167218346,0.5991112991,0.5796189103,0.5581427541,0.5345397615,0.5086049896,0.4800358313,0.4483666186,0.412835193,0.3720736673,0.3232120612
30360,0.6972189053,0.6964094335,0.6939803111,0.6899288769,0.6842497282,0.6769354941,0.6679750041,0.6573527739,0.6450476884,0.6310306128,0.6152620732,0.5976881946,0.5782353713,0.5568014383,0.5332429669,0.5073544664,0.4788324301,0.4472095765,0.4117205097,0.3709897731,0.3221248425
30420,0.6955849927,0.6947773616,0.692353756,0.6883114997,0.6826451667,0.6753473504,0.6664068349,0.6558080782,0.6435298925,0.6295430544,0.6138079788,0.5962706501,0.5768572784,0.5554654486,0.5319513738,0.5061090166,0.4776339721,0.4460573448,0.4106104951,0.369910364,0.3210416955
30480,0.693957266,0.6931514699,0.690733364,0.6867002575,0.6810467008,0.6737652524,0.6648446508,0.6542692965,0.64201793,0.6280612394,0.6123595293,0.594858644,0.5754846104,0.5541347645,0.5306649624,0.5048686212,0.476440439,0.444909906,0.4095051331,0.3688354249,0.3199626058
30540,0.6923357008,0.6915317341,0.6891191111,0.6850951263,0.6794543069,0.6721891763,0.6632884282,0.6527364058,0.6405117781,0.6265851454,0.6109167026,0.5934521547,0.5741173463,0.5528093655,0.5293837126,0.5036332609,0.4752518123,0.4437672429,0.4084044072,0.3677649412,0.318887559
30600,0.6907202732,0.6899181302,0.6875109733,0.6834960822,0.6778679611,0.6706190987,0.6617381439,0.6512093831,0.6390114142,0.6251147502,0.6094794769,0.5920511608,0.5727554651,0.5514892312,0.5281076047,0.5024029165,0.4740680737,0.442629338,0.4073083015,0.3666988983,0.3178165407
30660,0.6891109589,0.6883106341,0.6859089265,0.6819031013,0.6762876398,0.6690549961,0.6601937746,0.6496882053,0.6375168155,0.6236500314,0.6080478302,0.5906556409,0.571398946,0.5501743412,0.5268366191,0.5011775692,0.4728892051,0.4414961739,0.4062167999,0.3656372813,0.3167495367
30720,0.6875077343,0.686709222,0.684312947,0.68031616,0.6747133195,0.6674968451,0.6586552973,0.6481728497,0.6360279596,0.6221909669,0.6066217409,0.5892655737,0.5700477682,0.5488646754,0.525570736,0.4999571998,0.4717151881,0.4403677336,0.4051298861,0.3645800759,0.3156865326
30780,0.6859105753,0.68511387,0.682723011,0.6787352345,0.6731449765,0.6659446223,0.6571226887,0.6466632935,0.634544824,0.6207375346,0.6052011873,0.587880938,0.5687019108,0.5475602134,0.5243099358,0.4987417895,0.4705460048,0.4392439998,0.4040475443,0.3635272675,0.3146275144
30840,0.6843194582,0.6835245545,0.6811390948,0.6771603014,0.6715825875,0.6643983047,0.6555959261,0.6451595139,0.6330673863,0.6192897124,0.6037861477,0.5865017125,0.5673613533,0.5462609352,0.5230541991,0.4975313194,0.469381637,0.4381249553,0.4029697586,0.3624788416,0.313572468
30900,0.6827343595,0.6819412517,0.6795611749,0.6755913371,0.6700261292,0.6628578691,0.6540749864,0.6436614884,0.6315956243,0.6178474785,0.6023766006,0.5851278762,0.566026075,0.5449668208,0.5218035063,0.4963257707,0.4682220667,0.4370105832,0.401896513,0.3614347839,0.3125213792
30960,0.6811552554,0.6803639381,0.6779892277,0.6740283183,0.6684755784,0.6613232924,0.6525598469,0.6421691944,0.6301295157,0.616410811,0.6009725245,0.5837594081,0.5646960554,0.54367785,0.5205578381,0.4951251248,0.4670672759,0.4359008663,0.4008277916,0.3603950799,0.3114742342
31020,0.6795821226,0.6787925903,0.67642323,0.6724712217,0.6669309119,0.6597945516,0.6510504848,0.6406826095,0.6286690384,0.6149796881,0.5995738982,0.5823962873,0.563371274,0.5423940031,0.5193171751,0.493929363,0.4659172468,0.4347957877,0.3997635788,0.3593597155,0.310431019
31080,0.6780149375,0.6772271848,0.6748631582,0.670920024,0.6653921066,0.658271624,0.6495468776,0.6392017113,0.6272141703,0.6135540881,0.5981807002,0.5810384928,0.5620517105,0.5411152601,0.5180814981,0.4927384665,0.4647719616,0.4336953306,0.3987038588,0.3583286763,0.3093917197
31140,0.6764536769,0.6756676984,0.6733089893,0.6693747022,0.6638591396,0.6567544866,0.6480490025,0.6377264775,0.6257648895,0.6121339894,0.5967929093,0.5796860039,0.5607373446,0.5398416013,0.5168507878,0.491552417,0.4636314024,0.432599478,0.3976486159,0.3573019482,0.3083563226
31200,0.6748983176,0.6741141078,0.6717607001,0.6678352331,0.6623319879,0.6552431169,0.6465568373,0.6362568859,0.624321174,0.6107193704,0.5954105044,0.5783387999,0.5594281559,0.5385730069,0.5156250252,0.4903711959,0.4624955515,0.4315082132,0.3965978345,0.3562795171,0.3073248139
31260,0.6733488364,0.6725663899,0.6702182674,0.6663015939,0.6608106288,0.6537374921,0.6450703594,0.6347929144,0.6228830021,0.6093102098,0.5940334644,0.57699686,0.5581241244,0.5373094573,0.5144041912,0.4891947849,0.4613643914,0.4304215193,0.395551499,0.3552613689,0.30629718
31320,0.6718052102,0.6710245217,0.6686816684,0.6647737617,0.6592950396,0.6522375898,0.6435895466,0.633334541,0.621450352,0.607906486,0.5926617684,0.5756601639,0.5568252299,0.5360509329,0.5131882667,0.4880231655,0.4602379043,0.4293393798,0.3945095939,0.3542474896,0.3052734072
31380,0.6702674161,0.6694884803,0.6671508802,0.6632517136,0.6577851975,0.6507433875,0.6421143766,0.6318817436,0.620023202,0.6065081777,0.5912953953,0.5743286908,0.5555314524,0.5347974142,0.5119772328,0.4868563194,0.4591160727,0.428261778,0.3934721037,0.3532378653,0.304253482
31440,0.6687354312,0.6679582427,0.6656258798,0.661735427,0.65628108,0.6492548628,0.6406448273,0.6304345004,0.6186015307,0.6051152638,0.5899343243,0.5730024205,0.554242772,0.5335488818,0.5107710707,0.4856942284,0.4579988791,0.4271886973,0.392439013,0.3522324821,0.3032373909
31500,0.6672092327,0.6664337862,0.6641066447,0.6602248792,0.6547826647,0.6477719934,0.6391808767,0.6289927897,0.6171853164,0.6037277231,0.5885785347,0.5716813325,0.5529591686,0.5323053161,0.5095697614,0.4845368744,0.4568863061,0.4261201211,0.3914103065,0.3512313261,0.3022251205
31560,0.6656887978,0.6649150881,0.6625931521,0.6587200478,0.6532899292,0.6462947571,0.6377225026,0.6275565896,0.6157745377,0.6023455345,0.5872280057,0.5703654065,0.5516806226,0.5310666981,0.5083732863,0.4833842392,0.4557783363,0.425056033,0.3903859687,0.3502343834,0.3012166574
31620,0.6641741039,0.6634021257,0.6610853795,0.6572209102,0.6518028511,0.6448231318,0.6362696833,0.6261258785,0.6143691733,0.600968677,0.5858827167,0.5690546224,0.5504071141,0.5298330083,0.5071816267,0.4822363047,0.4546749524,0.4239964165,0.3893659845,0.3492416405,0.3002119883
31680,0.6626651285,0.6618948766,0.6595833045,0.6557274441,0.6503214083,0.6433570954,0.6348223969,0.6247006348,0.612969202,0.5995971296,0.5845426472,0.56774896,0.5491386235,0.5286042276,0.5059947639,0.481093053,0.4535761371,0.4229412553,0.3883503386,0.3482530836,0.2992110999
31740,0.6611618491,0.6603933182,0.6580869046,0.6542396272,0.6488455785,0.6418966259,0.6333806216,0.6232808371,0.6115746025,0.5982308715,0.5832077766,0.5664483993,0.5478751311,0.5273803369,0.5048126794,0.4799544661,0.4524818732,0.4218905329,0.3873390159,0.347268699,0.2982139791
31800,0.6596642433,0.6588974283,0.6565961576,0.6527574373,0.6473753396,0.6404417016,0.6319443358,0.621866464,0.6101853537,0.5968698819,0.5818780846,0.5651529201,0.5466166174,0.5261613171,0.5036353546,0.4788205261,0.4513921435,0.4208442333,0.3863320012,0.3462884732,0.2972206127
31860,0.6581722888,0.6574071844,0.6551110412,0.6512808523,0.6459106699,0.6389923005,0.6305135178,0.6204574941,0.6088014346,0.5955141401,0.5805535507,0.5638625027,0.5453630629,0.5249471492,0.5024627712,0.4776912153,0.4503069309,0.41980234,0.3853292794,0.3453123926,0.2962309876
31920,0.6566859634,0.6559225645,0.6536315332,0.6498098501,0.6444515472,0.6375484009,0.6290881463,0.6190539061,0.6074228243,0.5941636254,0.5792341548,0.562577127,0.5441144482,0.5237378143,0.5012949106,0.4765665157,0.4492262184,0.418764837,0.3843308355,0.3443404438,0.2952450908
31980,0.6552052449,0.6544435464,0.6521576117,0.6483444088,0.6429979498,0.6361099813,0.6276681996,0.6176556789,0.6060495017,0.5928183174,0.5779198767,0.5612967734,0.5428707539,0.5225332936,0.5001317547,0.4754464097,0.4481499889,0.4177317081,0.3833366546,0.3433726134,0.2942629094
32040,0.6537301113,0.652970108,0.6506892546,0.6468845064,0.641549856,0.6346770199,0.6262536566,0.6162627914,0.6046814461,0.5914781955,0.5766106962,0.5600214221,0.5416319608,0.5213335682,0.4989732851,0.4743308797,0.4470782255,0.4167029372,0.3823467216,0.3424088878,0.2932844304
32100,0.6522605406,0.6515022275,0.64922644,0.6454301212,0.640107244,0.6332494954,0.6248444959,0.6148752226,0.6033186368,0.5901432392,0.5753065932,0.5587510534,0.5403980496,0.5201386194,0.4978194837,0.4732199081,0.4460109114,0.4156785084,0.3813610218,0.3414492539,0.2923096411
32160,0.6507965109,0.6500398828,0.6477691462,0.6439812315,0.6386700923,0.6318273864,0.6234406963,0.6134929514,0.6019610531,0.5888134283,0.5740075478,0.5574856478,0.5391690011,0.5189484285,0.4966703322,0.4721134772,0.4449480296,0.4146584055,0.3803795402,0.3404936984,0.2913385286
32220,0.6493380004,0.6485830523,0.6463173513,0.6425378156,0.6372383795,0.6304106714,0.6220422367,0.612115957,0.6006086745,0.5874887425,0.57271354,0.5562251858,0.5379447964,0.5177629769,0.4955258127,0.4710115697,0.4438895634,0.4136426127,0.3794022621,0.3395422079,0.2903710802
32280,0.6478849874,0.6471317143,0.6448710337,0.641099852,0.635812084,0.6289993292,0.620649096,0.6107442187,0.5992614803,0.5861691616,0.5714245501,0.5549696478,0.5367254163,0.5165822461,0.4943859071,0.4699141681,0.4428354961,0.4126311141,0.3784291727,0.3385947694,0.2894072832
32340,0.6464374501,0.645685847,0.6434301719,0.6396673191,0.6343911845,0.6275933387,0.6192612533,0.6093777157,0.5979194502,0.5848546654,0.5701405582,0.5537190146,0.535510842,0.5154062176,0.4932505974,0.4688212551,0.4417858109,0.4116238939,0.3774602573,0.3376513697,0.288447125
32400,0.6449953671,0.6442454289,0.6419947444,0.6382401956,0.6329756597,0.6261926788,0.6178786877,0.6080164273,0.5965825638,0.583545234,0.5688615447,0.5524732667,0.5343010544,0.514234873,0.4921198658,0.4677328132,0.4407404912,0.4106209363,0.3764955012,0.3367119957,0.2874905931
32460,0.6435587169,0.6428104386,0.6405647297,0.6368184602,0.6315654885,0.6247973284,0.6165013784,0.6066603331,0.5952508007,0.5822408472,0.5675874899,0.551232385,0.5330960349,0.5130681938,0.4909936943,0.4666488253,0.4396995205,0.4096222255,0.3755348899,0.3357766343,0.286537675
32520,0.6421274779,0.6413808546,0.6391401064,0.6354020916,0.6301606498,0.6234072667,0.6151293046,0.6053094124,0.5939241409,0.5809414853,0.5663183742,0.5499963503,0.5318957647,0.5119061619,0.4898720653,0.4655692742,0.4386628822,0.4086277458,0.3745784088,0.3348452727,0.2855883582
32580,0.6407016289,0.6399566557,0.6377208534,0.6339910686,0.6287611225,0.6220224726,0.6137624456,0.6039636449,0.5926025641,0.5796471284,0.5650541782,0.5487651434,0.530700225,0.510748759,0.4887549609,0.4644941426,0.4376305599,0.4076374816,0.3736260433,0.3339178977,0.2846426303
32640,0.6392811487,0.6385378206,0.6363069495,0.6325853702,0.6273668856,0.6206429255,0.612400781,0.6026230102,0.5912860502,0.5783577567,0.5637948825,0.5475387453,0.5295093972,0.5095959669,0.4876423636,0.4634234136,0.4366025371,0.4066514173,0.3726777789,0.3329944966,0.2837004791
32700,0.637866016,0.6371243281,0.6348983735,0.6311849753,0.6259779183,0.6192686046,0.6110442901,0.601287488,0.5899745793,0.5770733505,0.5625404676,0.5463171371,0.5283232628,0.5084477674,0.4865342557,0.46235707,0.4355787974,0.4056695374,0.3717336013,0.3320750565,0.2827618922
32760,0.6364562098,0.6357161572,0.6334951044,0.629789863,0.6245941997,0.6178994893,0.6096929526,0.5999570582,0.5886681314,0.5757938902,0.5612909144,0.5451002998,0.5271418032,0.5073041427,0.4854306196,0.4612950949,0.4345593245,0.4046918263,0.370793496,0.3311595646,0.2818268574
32820,0.635051709,0.6343132868,0.6320971213,0.6284000125,0.6232157092,0.6165355591,0.6083467481,0.5986317006,0.5873666867,0.5745193563,0.5600462035,0.5438882146,0.5259650001,0.5061650745,0.4843314379,0.4602374713,0.4335441021,0.4037182686,0.3698574487,0.3302480081,0.2808953625
32880,0.6336524927,0.6329156961,0.6307044033,0.627015403,0.6218424261,0.6151767934,0.6070056562,0.5973113951,0.5860702253,0.5732497292,0.5588063159,0.5426808627,0.524792835,0.5050305451,0.4832366932,0.4591841824,0.432533114,0.4027488488,0.368925445,0.3293403743,0.2799673955
32940,0.63225854,0.6315233642,0.6293169296,0.6256360137,0.6204743298,0.6138231718,0.6056696568,0.5959961218,0.5847787276,0.5719849895,0.5575712324,0.5414782254,0.5236252896,0.5039005366,0.482146368,0.4581352113,0.4315263441,0.4017835517,0.3679974707,0.3284366506,0.2790429443
33000,0.6308698301,0.6301362703,0.6279346795,0.6242618241,0.6191113999,0.612474674,0.6043387297,0.5946858608,0.583492174,0.570725118,0.556340934,0.540280284,0.5224623458,0.5027750312,0.481060445,0.4570905413,0.4305237762,0.4008223618,0.3670735115,0.3275368242,0.2781219969
33060,0.6294863423,0.6287543937,0.6265576324,0.6228928136,0.6177536158,0.6111312797,0.6030128549,0.5933805923,0.5822105448,0.5694700952,0.5551154019,0.53908702,0.5213039852,0.501654011,0.479978907,0.4560501557,0.4295253942,0.3998652639,0.3661535533,0.3266408827,0.2772045413
33120,0.6281080561,0.6273777138,0.6251857677,0.6215289618,0.6164009573,0.6097929688,0.6016920124,0.5920802964,0.5809338205,0.5682199021,0.553894617,0.5378984148,0.5201501899,0.5005374584,0.4789017368,0.4550140377,0.4285311821,0.3989122427,0.365237582,0.3257488134,0.2762905657
33180,0.6267349507,0.6260062101,0.6238190648,0.6201702481,0.615053404,0.6084597211,0.6003761822,0.5907849534,0.5796619817,0.5669745195,0.5526785607,0.53671445,0.5190009416,0.4994253559,0.4778289171,0.4539821708,0.4275411239,0.3979632831,0.3643255833,0.324860604,0.2753800583
33240,0.6253670058,0.624639862,0.6224575035,0.6188166524,0.6137109358,0.6071315165,0.5990653445,0.5894945438,0.5783950091,0.5657339282,0.5514672141,0.5355351072,0.5178562225,0.4983176858,0.476760431,0.4529545384,0.4265552036,0.3970183699,0.3634175433,0.3239762419,0.2744730072
33300,0.624004201,0.6232786493,0.6211010633,0.6174681543,0.6123735326,0.6058083352,0.5977594795,0.5882090481,0.5771328833,0.5644981094,0.5502605586,0.5343603681,0.5167160146,0.4972144306,0.4756962614,0.451931124,0.4255734055,0.396077488,0.362513448,0.3230957147,0.2735694007
33360,0.6226465158,0.6219225516,0.619749724,0.6161247337,0.6110411742,0.6044901573,0.5964585676,0.5869284466,0.5758755852,0.563267044,0.5490585755,0.5331902143,0.5155803,0.4961155728,0.4746363913,0.4509119112,0.4245957136,0.3951406224,0.3616132833,0.3222190101,0.2726692272
33420,0.6212939301,0.6205715486,0.6184034654,0.6147863705,0.6097138408,0.6031769628,0.5951625891,0.5856527201,0.5746230955,0.5620407132,0.5478612464,0.5320246278,0.5144490609,0.4950210951,0.4735808038,0.4498968835,0.4236221122,0.394207758,0.3607170352,0.3213461158,0.2717724751
33480,0.6199464237,0.6192256202,0.6170622674,0.6134530447,0.6083915124,0.6018687321,0.5938715244,0.5843818491,0.5733753953,0.5608190983,0.5466685527,0.5308635904,0.5133222796,0.4939309802,0.4725294819,0.4488860247,0.4226525856,0.3932788799,0.35982469,0.3204770193,0.2708791327
33540,0.6186039764,0.6178847463,0.61572611,0.6121247362,0.6070741692,0.6005654455,0.592585354,0.5831158145,0.5721324654,0.5596021804,0.545480476,0.529707084,0.5121999384,0.4928452107,0.471482409,0.4478793183,0.421687118,0.3923539731,0.3589362337,0.3196117086,0.2699891886
33600,0.6172665682,0.6165489069,0.6143949731,0.6108014253,0.6057617914,0.5992670833,0.5913040586,0.5818545969,0.570894287,0.5583899409,0.544296998,0.5285550906,0.5110820195,0.4917637695,0.4704395681,0.4468767482,0.4207256937,0.3914330228,0.3580516525,0.3187501714,0.2691026312
33660,0.6159341792,0.6152180821,0.613068837,0.6094830922,0.6044543594,0.5979736261,0.5900276188,0.5805981774,0.5696608412,0.5571823613,0.5431181004,0.5274075923,0.5099685056,0.4906866394,0.4694009427,0.4458782981,0.4197682973,0.390516014,0.3571709326,0.3178923955,0.2682194493
33720,0.6146067895,0.6138922519,0.6117476818,0.608169717,0.6031518535,0.5966850544,0.5887560153,0.5793465368,0.5684321091,0.5559794229,0.541943765,0.5262645712,0.508859379,0.4896138033,0.4683665161,0.444883952,0.4188149131,0.3896029321,0.3562940603,0.3170383688,0.2673396315
33780,0.6132843793,0.6125713967,0.6104314877,0.6068612802,0.6018542542,0.5954013488,0.5874892289,0.5780996562,0.567208072,0.5547811074,0.5407739735,0.5251260094,0.5077546223,0.4885452441,0.4673362716,0.4438936936,0.4178655256,0.3886937621,0.3554210218,0.3161880792,0.2664631664
33840,0.6119669288,0.6112554966,0.6091202351,0.6055577622,0.600561542,0.59412249,0.5862272405,0.5768575165,0.5659887112,0.5535873963,0.539608708,0.5239918892,0.5066542182,0.4874809448,0.4663101927,0.442907507,0.4169201194,0.3877884895,0.3545518034,0.3153415147,0.2655900428
33900,0.6106544184,0.609944532,0.6078139044,0.6042591434,0.5992736976,0.5928484588,0.584970031,0.5756200991,0.5647740082,0.5523982712,0.5384479504,0.522862193,0.5055581492,0.4864208886,0.465288263,0.4419253762,0.4159786791,0.3868870996,0.3536863916,0.3144986632,0.2647202495
33960,0.6093468285,0.6086384833,0.606512476,0.6029654044,0.5979907016,0.5915792359,0.5837175814,0.574387385,0.5635639444,0.551213714,0.5372916827,0.5217369031,0.5044663982,0.4853650586,0.464270466,0.4409472852,0.4150411893,0.3859895776,0.3528247727,0.3136595129,0.2638537754
34020,0.6080441395,0.6073373311,0.6052159306,0.6016765258,0.5967125348,0.5903148022,0.5824698728,0.5731593556,0.5623585013,0.5500337065,0.536139887,0.5206160018,0.5033789479,0.4843134379,0.4632567853,0.4399732182,0.4141076346,0.385095909,0.3519669332,0.3128240517,0.2629906093
34080,0.6067463321,0.606041056,0.6039242487,0.6003924884,0.5954391779,0.5890551389,0.5812268864,0.5719359923,0.5611576606,0.5488582304,0.5349925456,0.5194994718,0.5022957811,0.4832660098,0.4622472045,0.4390031592,0.4131779999,0.3842060793,0.3511128595,0.3119922677,0.2621307403
34140,0.6054533868,0.6047496385,0.602637411,0.5991132729,0.5941706119,0.5878002267,0.5799886033,0.5707172764,0.5599614038,0.5476872678,0.5338496405,0.5183872956,0.5012168809,0.4822227575,0.4612417075,0.4380370926,0.4122522698,0.3833200738,0.3502625381,0.3111641492,0.2612741573
34200,0.6041652843,0.6034630593,0.6013553984,0.5978388602,0.5929068178,0.586550047,0.5787550049,0.5695031895,0.5587697127,0.5465208006,0.5327111542,0.5172794557,0.5001422301,0.4811836645,0.460240278,0.4370750025,0.4113304292,0.3824378783,0.3494159555,0.3103396842,0.2604208493
34260,0.6028820055,0.6021812994,0.6000781915,0.5965692312,0.5916477765,0.5853045808,0.5775260725,0.5682937131,0.5575825692,0.5453588108,0.5315770689,0.5161759349,0.4990718117,0.4801487142,0.4592428998,0.4361168732,0.4104124629,0.3815594781,0.3485730984,0.309518861,0.2595708056
34320,0.6016035311,0.6009043394,0.5988057714,0.5953043669,0.5903934692,0.5840638094,0.5763017875,0.5670888289,0.556399955,0.5442012807,0.5304473671,0.5150767159,0.498005609,0.4791178899,0.4582495568,0.4351626891,0.4094983559,0.380684859,0.3477339534,0.3087016678,0.2587240153
34380,0.6003298422,0.5996321605,0.597538119,0.5940442482,0.589143877,0.5828277141,0.5750821314,0.5658885184,0.5552218521,0.5430481924,0.5293220312,0.5139817815,0.4969436049,0.4780911753,0.4572602329,0.4342124347,0.408588093,0.3798140066,0.346898507,0.3078880929,0.2578804675
34440,0.5990609195,0.5983647434,0.5962752154,0.5927888565,0.5878989812,0.5815962763,0.5738670857,0.5646927636,0.5540482425,0.5418995281,0.5282010439,0.5128911145,0.4958857827,0.4770685539,0.4562749122,0.4332660943,0.4076816594,0.3789469064,0.346066746,0.3070781247,0.2570401516
34500,0.5977967443,0.5971020694,0.5950170416,0.5915381728,0.5866587631,0.5803694775,0.5726566321,0.5635015462,0.5528791082,0.5407552702,0.5270843877,0.5118046979,0.4948321257,0.4760500093,0.4552935786,0.4323236524,0.4067790399,0.3780835444,0.3452386571,0.3062717514,0.2562030568
34560,0.5965372977,0.5958441196,0.5937635789,0.5902921784,0.5854232041,0.5791472991,0.5714507524,0.5623148481,0.5517144314,0.539615401,0.5259720452,0.5107225146,0.4937826172,0.4750355252,0.4543162163,0.4313850937,0.4058802198,0.3772239062,0.344414227,0.3054689615,0.2553691725
34620,0.5952825607,0.5945908751,0.5925148086,0.5890508547,0.5841922855,0.5779297228,0.5702494281,0.5611326513,0.5505541943,0.538479903,0.5248639992,0.5096445477,0.4927372405,0.4740250854,0.4533428093,0.4304504026,0.404985184,0.3763679776,0.3435934425,0.3046697434,0.2545384882
34680,0.5940325148,0.5933423173,0.5912707119,0.5878141831,0.582965989,0.5767167302,0.5690526412,0.5599549377,0.549398379,0.5373487587,0.5237602326,0.5085707802,0.491695979,0.4730186736,0.452373342,0.4295195639,0.4040939179,0.3755157444,0.3427762905,0.3038740855,0.2537109932
34740,0.5927871412,0.5920984275,0.5900312702,0.586582145,0.5817442961,0.575508303,0.5678603736,0.5587816896,0.548246968,0.5362219506,0.522660728,0.5075011954,0.4906588164,0.4720162738,0.4514077985,0.4285925622,0.4032064065,0.3746671926,0.3419627577,0.3030819764,0.2528866771
34800,0.5915464213,0.5908591871,0.5887964651,0.585354722,0.5805271885,0.5743044231,0.5666726072,0.557612889,0.5470999436,0.5350994615,0.5215654685,0.5064357764,0.4896257361,0.4710178697,0.4504461631,0.4276693822,0.4023226352,0.373822308,0.341152831,0.3022934044,0.2520655295
34860,0.5903103366,0.5896245777,0.587566278,0.5841318958,0.5793146479,0.5731050723,0.5654893241,0.5564485181,0.5459572882,0.5339812739,0.520474437,0.5053745066,0.4885967216,0.4700234454,0.4494884202,0.4267500088,0.4014425893,0.3729810767,0.3403464974,0.3015083583,0.2512475399
34920,0.5890788687,0.5883945807,0.5863406906,0.5829136479,0.5781066561,0.5719102324,0.5643105062,0.5552885593,0.5448189844,0.5328673707,0.5193876165,0.5043173691,0.4875717568,0.4690329849,0.4485345542,0.4258344268,0.400566254,0.3721434845,0.3395437438,0.3007268265,0.250432698
34980,0.5878519992,0.5871691778,0.5851196846,0.5816999601,0.5769031948,0.5707198856,0.5631361359,0.554132995,0.5436850148,0.5317577347,0.5183049902,0.5032643475,0.4865508252,0.4680464723,0.4475845496,0.424922621,0.3996936148,0.3713095175,0.3387445572,0.2999487977,0.2496209935
35040,0.5866297097,0.5859483507,0.5839032416,0.5804908143,0.5757042462,0.5695340139,0.5619661953,0.5529818074,0.5425553618,0.5306523487,0.5172265412,0.5022154252,0.4855339107,0.4670638916,0.4466383907,0.4240145764,0.3988246571,0.3704791619,0.3379489245,0.2991742604,0.2488124161
35100,0.585411982,0.5847320812,0.5826913435,0.5792861924,0.5745097921,0.5683525993,0.5608006666,0.5518349791,0.5414300084,0.5295511957,0.5161522526,0.5011705857,0.484520997,0.466085227,0.4456960622,0.4231102779,0.3979593663,0.3696524035,0.3371568329,0.2984032035,0.2480069557
35160,0.584198798,0.5835203511,0.5814839721,0.5780860762,0.5733198146,0.5671756241,0.5596395324,0.5506924927,0.5403089371,0.5284542586,0.5150821078,0.5001298125,0.4835120682,0.4651104628,0.4447575487,0.4222097107,0.397097728,0.3688292287,0.3363682693,0.2976356155,0.2472046021
35220,0.5829901394,0.5823131422,0.5802811095,0.5768904479,0.5721342958,0.5660030705,0.5584827749,0.5495543307,0.5391921309,0.5273615207,0.5140160902,0.4990930893,0.482507108,0.4641395832,0.4438228349,0.4213128596,0.3962397278,0.3680096236,0.3355832209,0.2968714853,0.2464053452
35280,0.5817859883,0.5811104367,0.5790827375,0.5756992894,0.570953218,0.564834921,0.5573303767,0.5484204758,0.5380795727,0.5262729649,0.512954183,0.4980603998,0.4815061005,0.4631725725,0.4428919053,0.4204197099,0.3953853511,0.3671935744,0.3348016748,0.2961108015,0.2456091749
35340,0.5805863266,0.5799122164,0.5778888384,0.574512583,0.5697765633,0.5636711577,0.5561823202,0.5472909108,0.5369712453,0.5251885745,0.5118963697,0.4970317276,0.4805090297,0.4622094153,0.4419647448,0.4195302467,0.3945345836,0.3663810673,0.3340236182,0.295353553,0.2448160812
35400,0.5793911365,0.5787184635,0.5766993942,0.5733303109,0.5686043141,0.5625117633,0.5550385882,0.5461656184,0.5358671318,0.5241083327,0.510842634,0.4960070566,0.4795158798,0.4612500958,0.4410413383,0.4186444552,0.3936874111,0.3655720886,0.3332490382,0.2945997285,0.2440260541
35460,0.5782004001,0.5775291601,0.5755143872,0.5721524553,0.5674364528,0.5613567202,0.5538991633,0.5450445816,0.5347672153,0.5230322228,0.5097929592,0.4949863707,0.4785266348,0.4602945985,0.4401216704,0.4177623206,0.3928438192,0.3647666247,0.3324779221,0.293849317,0.2432390838
35520,0.5770140996,0.5763442886,0.5743337996,0.5709789986,0.5662729619,0.5602060109,0.5527640282,0.5439277831,0.5336714788,0.5219602282,0.508747329,0.4939696536,0.4775412791,0.4593429081,0.4392057261,0.4168838283,0.3920037937,0.3639646618,0.3317102571,0.2931023072,0.2424551602
35580,0.5758322173,0.5751638312,0.5731576138,0.5698099233,0.5651138238,0.5590596183,0.5516331658,0.5428152062,0.5325799057,0.5208923323,0.5077057272,0.4929568895,0.4765597969,0.4583950091,0.4382934904,0.4160089636,0.3911673204,0.3631661864,0.3309460305,0.2923586882,0.2416742737
35640,0.5746547356,0.5739877702,0.5719858121,0.5686452118,0.5639590211,0.5579175249,0.5505065589,0.5417068336,0.5314924791,0.5198285186,0.5066681375,0.4919480623,0.4755821724,0.4574508861,0.4373849483,0.4151377118,0.3903343851,0.3623711849,0.3301852296,0.2916184487,0.2408964144
35700,0.5734816369,0.5728160881,0.5708183772,0.5674848466,0.5628085365,0.5567797135,0.5493841904,0.5406026487,0.5304091823,0.5187687707,0.5056345436,0.4909431561,0.4746083901,0.4565105238,0.4364800847,0.4142700584,0.3895049737,0.3615796438,0.3294278417,0.2908815778,0.2401215726
35760,0.5723129036,0.5716487674,0.5696552914,0.5663288104,0.5616623528,0.555646167,0.5482660433,0.5395026345,0.5293299988,0.5177130722,0.5046049295,0.4899421551,0.4736384344,0.4555739071,0.4355788849,0.4134059889,0.3886790721,0.3607915494,0.3286738542,0.2901480644,0.2393497386
35820,0.5711485183,0.5704857907,0.5684965374,0.5651770858,0.5605204526,0.5545168683,0.5471521008,0.5384067744,0.528254912,0.5166614067,0.503579279,0.4889450433,0.4726722897,0.4546410206,0.4346813339,0.4125454888,0.3878566663,0.3600068885,0.3279232546,0.2894178976,0.2385809027
35880,0.5699884637,0.5693271406,0.567342098,0.5640296556,0.5593828188,0.5533918004,0.5460423458,0.5373150515,0.5271839054,0.5156137579,0.5025575762,0.4879518051,0.4717099407,0.4537118492,0.4337874168,0.4116885436,0.3870377422,0.3592256475,0.3271760301,0.2886910663,0.2378150553
35940,0.5688327224,0.5681727997,0.5661919557,0.5628865026,0.5582494343,0.5522709462,0.5449367616,0.5362274492,0.5261169625,0.5145701097,0.5015398049,0.4869624248,0.4707513718,0.4527863779,0.4328971191,0.410835139,0.386222286,0.358447813,0.3264321682,0.2879675597,0.2370521869
36000,0.5676812771,0.5670227509,0.5650460935,0.5617476097,0.5571202822,0.5511542889,0.5438353315,0.535143951,0.5250540669,0.5135304458,0.5005259495,0.4859768867,0.4697965678,0.4518645916,0.4320104259,0.4099852605,0.3854102837,0.3576733717,0.3256916565,0.2872473667,0.2362922879
36060,0.5665341107,0.5658769769,0.5639044941,0.5606129598,0.5559953453,0.5500418116,0.5427380387,0.5340645404,0.5239952024,0.5124947502,0.4995159939,0.4849951752,0.4688455133,0.4509464752,0.4311273225,0.409138894,0.3846017214,0.3569023102,0.3249544824,0.2865304765,0.2355353489
36120,0.5653912061,0.5647354607,0.5627671406,0.5594825358,0.5548746069,0.5489334976,0.5416448666,0.5329892009,0.5229403527,0.5114630069,0.4985099223,0.4840172748,0.4678981931,0.4500320139,0.4302477944,0.4082960251,0.3837965852,0.3561346152,0.3242206334,0.2858168782,0.2347813605
36180,0.5642525461,0.5635981852,0.5616340158,0.558356321,0.5537580501,0.5478293301,0.5405557986,0.531917916,0.5218895016,0.5104351998,0.4975077192,0.48304317,0.466954592,0.4491211927,0.429371827,0.4074566397,0.3829948614,0.3553702734,0.3234900971,0.285106561,0.2340303132
36240,0.5631181138,0.5624651334,0.560505103,0.5572342983,0.552645658,0.5467292924,0.5394708182,0.5308506695,0.5208426328,0.5094113131,0.4965093687,0.4820728454,0.4660146949,0.4482139967,0.4284994057,0.4066207235,0.3821965363,0.3546092717,0.3227628612,0.2843995139,0.2332821977
36300,0.5619878922,0.5613362884,0.5593803851,0.556116451,0.5515374141,0.545633368,0.5383899091,0.5297874451,0.5197997305,0.5083913308,0.4955148552,0.4811062856,0.4650784865,0.4473104113,0.4276305161,0.4057882624,0.381401596,0.3538515967,0.3220389131,0.2836957263,0.2325370047
36360,0.5608618645,0.5602116334,0.5582598454,0.5550027623,0.5504333015,0.5445415404,0.5373130547,0.5287282266,0.5187607784,0.5073752372,0.4945241631,0.4801434753,0.464145952,0.4464104216,0.4267651437,0.4049592423,0.3806100269,0.3530972354,0.3213182405,0.2829951873,0.231794725
36420,0.5597400139,0.5590911514,0.557143467,0.5538932155,0.5493333038,0.543453793,0.5362402387,0.5276729977,0.5177257607,0.5063630165,0.493537277,0.4791843993,0.4632170762,0.4455140129,0.4259032741,0.4041336493,0.3798218153,0.3523461746,0.3206008311,0.2822978862,0.2310553493
36480,0.5586223235,0.5579748259,0.5560312335,0.5527877941,0.5482374044,0.5423701095,0.535171445,0.5266217424,0.5166946615,0.505354653,0.4925541814,0.4782290422,0.4622918443,0.4446211706,0.4250448931,0.4033114692,0.3790369477,0.3515984012,0.3198866725,0.2816038121,0.2303188684
36540,0.5575087769,0.5568626402,0.554923128,0.5516864814,0.5471455868,0.5412904735,0.5341066572,0.5255744447,0.5156674648,0.504350131,0.4915748609,0.477277389,0.4613702414,0.4437318801,0.4241899862,0.4024926881,0.3782554105,0.3508539021,0.3191757525,0.2809129544,0.2295852733
36600,0.5563993572,0.5557545776,0.553819134,0.550589261,0.5460578347,0.5402148687,0.5330458593,0.5245310886,0.514644155,0.5033494351,0.4905993,0.4763294246,0.4604522526,0.4428461268,0.4233385394,0.4016772922,0.37747719,0.3501126643,0.3184680588,0.2802253024,0.2288545548
36660,0.555294048,0.5546506215,0.5527192351,0.5494961164,0.5449741316,0.5391432789,0.5319890351,0.5234916581,0.5136247162,0.5023525496,0.4896274836,0.4753851339,0.4595378632,0.4419638963,0.4224905383,0.4008652675,0.376702273,0.3493746748,0.3177635792,0.2795408454,0.2281267039
36720,0.5541928327,0.5535507556,0.5516234147,0.5484070312,0.5438944614,0.5380756879,0.5309361686,0.5224561374,0.5126091329,0.5013594591,0.4886593964,0.4744445019,0.4586270585,0.441085174,0.4216459688,0.4000566003,0.3759306458,0.3486399206,0.3170623014,0.2788595727,0.2274017116
36780,0.553095695,0.5524549634,0.5505316566,0.5473219892,0.5428188077,0.5370120797,0.5298872439,0.5214245107,0.5115973893,0.5003701482,0.4876950232,0.4735075137,0.4577198236,0.4402099457,0.4208048168,0.3992512767,0.3751622951,0.3479083887,0.3163642133,0.2781814736,0.2266795688
36840,0.5520026184,0.5513632285,0.5494439443,0.546240974,0.5417471544,0.5359524381,0.5288422451,0.5203967623,0.5105894699,0.4993846015,0.4867343488,0.4725741544,0.4568161441,0.4393381968,0.4199670682,0.3984492829,0.3743972075,0.3471800663,0.3156693026,0.2775065376,0.2259602668
36900,0.5509135867,0.5502755347,0.5483602617,0.5451639696,0.5406794855,0.5348967471,0.5278011562,0.5193728764,0.5095853593,0.4984028038,0.4857773582,0.4716444091,0.4559160053,0.4384699131,0.4191327091,0.3976506054,0.3736353696,0.3464549405,0.3149775573,0.276834754,0.2252437965
36960,0.5498285836,0.5491918656,0.5472805925,0.5440909596,0.5396157848,0.5338449909,0.5267639616,0.5183528375,0.5085850419,0.4974247397,0.4848240364,0.4707182631,0.4550193927,0.4376050804,0.4183017254,0.3968552304,0.3728767682,0.3457329984,0.3142889652,0.2761661122,0.2245301492
37020,0.548747593,0.5481122052,0.5462049206,0.5430219282,0.5385560364,0.5327971537,0.5257306454,0.5173366299,0.5075885024,0.4964503942,0.4838743683,0.4697957016,0.4541262918,0.4367436845,0.4174741032,0.3960631442,0.3721213899,0.3450142272,0.3136035143,0.2755006017,0.223819316
37080,0.5476705986,0.5470365373,0.5451332299,0.5419568592,0.5375002244,0.5317532194,0.5247011921,0.5163242381,0.5065957255,0.495479752,0.4829283392,0.4688767099,0.4532366882,0.4358857111,0.4166498287,0.3952743335,0.3713692217,0.3442986142,0.3129211923,0.2748382119,0.2231112882
37140,0.5465975844,0.5459648459,0.5440655044,0.5408957367,0.5364483328,0.5307131725,0.5236755859,0.5153156468,0.5056066958,0.4945127981,0.481985934,0.4679612735,0.4523505676,0.4350311461,0.415828888,0.3944887845,0.3706202501,0.3435861465,0.3122419874,0.2741789323,0.222406057
37200,0.5455285345,0.544897115,0.5430017282,0.5398385449,0.535400346,0.5296769973,0.5226538114,0.5143108404,0.5046213981,0.4935495174,0.4810471381,0.4670493778,0.4514679155,0.4341799756,0.4150112673,0.3937064838,0.3698744622,0.3428768115,0.3115658875,0.2735227523,0.2217036137
37260,0.5444634328,0.5438333286,0.5419418853,0.5387852679,0.5343562481,0.528644678,0.521635853,0.5133098037,0.5036398174,0.492589895,0.4801119366,0.4661410082,0.4505887177,0.4333321854,0.4141969529,0.392927418,0.3691318448,0.3421705965,0.3108928805,0.2728696614,0.2210039498
37320,0.5434022635,0.5427734709,0.54088596,0.5377358898,0.5333160235,0.5276161992,0.5206216953,0.5123125213,0.5026619384,0.491633916,0.4791803149,0.4652361502,0.44971296,0.4324877617,0.413385931,0.3921515736,0.3683923848,0.3414674887,0.3102229546,0.2722196491,0.2203070565
37380,0.5423450108,0.541717526,0.5398339364,0.5366903951,0.5322796566,0.5265915452,0.519611323,0.5113189781,0.5016877461,0.4906815656,0.4782522583,0.4643347894,0.4488406282,0.4316466904,0.4125781881,0.3913789373,0.3676560691,0.3407674757,0.3095560977,0.271572705,0.2196129253
37440,0.5412916589,0.5406654782,0.5387857989,0.5356487681,0.5312471317,0.5255707007,0.5186047206,0.5103291589,0.5007172256,0.4897328288,0.4773277522,0.4634369115,0.4479717082,0.4308089577,0.4117737104,0.3906094957,0.3669228848,0.3400705447,0.3088922979,0.2709288186,0.2189215477
37500,0.5402421922,0.5396173119,0.5377415317,0.5346109931,0.5302184334,0.5245536503,0.5176018729,0.5093430484,0.4997503618,0.488787691,0.4764067821,0.4625425022,0.4471061859,0.4299745498,0.4109724845,0.3898432356,0.3661928189,0.3393766832,0.3082315432,0.2702879794,0.2182329151
37560,0.5391965948,0.5385730114,0.5367011194,0.5335770547,0.5291935462,0.5235403786,0.5166027648,0.5083606318,0.49878714,0.4878461375,0.4754893334,0.4616515471,0.4462440472,0.4291434529,0.4101744968,0.3890801437,0.3654658584,0.3386858788,0.3075738219,0.269650177,0.2175470191
37620,0.5381548514,0.537532561,0.5356645463,0.5325469373,0.5281724547,0.5225308703,0.515607381,0.507381894,0.4978275451,0.4869081536,0.4745753918,0.4607640321,0.4453852782,0.4283156532,0.4093797338,0.3883202069,0.3647419905,0.3379981188,0.306919122,0.269015401,0.2168638513
37680,0.5371169463,0.5364959454,0.5346317969,0.5315206256,0.5271551437,0.5215251102,0.5146157064,0.50640682,0.4968715626,0.4859737247,0.4736649428,0.459879943,0.4445298649,0.4274911371,0.4085881822,0.3875634118,0.3640212023,0.3373133908,0.3062674317,0.268383641,0.2161834032
37740,0.536082864,0.535463149,0.533602856,0.5304981041,0.5261415977,0.5205230832,0.5136277261,0.5054353949,0.4959191776,0.4850428363,0.4727579722,0.4589992657,0.4436777935,0.4266698909,0.4077998284,0.3868097455,0.3633034809,0.3366316823,0.3056187392,0.2677548865,0.2155056666
37800,0.5350525893,0.5344341564,0.532577708,0.5294793576,0.5251318017,0.519524774,0.512643425,0.5044676039,0.4949703755,0.4841154739,0.4718544656,0.4581219861,0.4428290501,0.425851901,0.4070146592,0.3860591949,0.3625888137,0.335952981,0.3049730327,0.2671291273,0.2148306331
37860,0.5340261066,0.5334089524,0.5315563377,0.5284643709,0.5241257404,0.5185301678,0.5116627882,0.5035034323,0.4940251417,0.4831916231,0.4709544088,0.4572480902,0.4419836209,0.4250371538,0.4062326612,0.3853117468,0.3618771877,0.3352772745,0.3043303003,0.2665063529,0.2141582944
37920,0.5330034008,0.5323875215,0.5305387298,0.5274531287,0.5231233988,0.5175392494,0.5106858009,0.5025428653,0.4930834616,0.4822712695,0.4700577876,0.456377564,0.4411414923,0.424225636,0.4054538212,0.3845673883,0.3611685904,0.3346045503,0.3036905304,0.2658865529,0.2134886422
37980,0.5319844565,0.5313698487,0.5295248692,0.5264456159,0.5221247617,0.5165520039,0.5097124481,0.5015858882,0.4921453207,0.4813543988,0.469164588,0.4555103936,0.4403026504,0.4234173339,0.404678126,0.3838261065,0.360463009,0.3339347962,0.3030537111,0.2652697171,0.2128216684
38040,0.5309692587,0.5303559187,0.5285147407,0.5254418175,0.5211298142,0.5155684164,0.5087427152,0.5006324864,0.4912107046,0.4804409967,0.4682747957,0.4546465652,0.4394670817,0.4226122342,0.4039055624,0.3830878883,0.3597604309,0.3332679999,0.3024198308,0.2646558351,0.2121573648
38100,0.5299577922,0.5293457164,0.5275083293,0.5244417184,0.5201385414,0.5145884722,0.5077765875,0.4996826453,0.4902795988,0.479531049,0.4673883969,0.453786065,0.4386347725,0.4218103236,0.4031361173,0.382352721,0.3590608435,0.3326041491,0.3017888778,0.2640448966,0.2114957233
38160,0.5289500418,0.5283392268,0.5265056199,0.5234453036,0.5191509284,0.5136121563,0.5068140502,0.4987363505,0.489351989,0.4786245415,0.4665053776,0.4529288791,0.4378057094,0.4210115886,0.4023697776,0.3816205917,0.3583642341,0.3319432316,0.3011608404,0.2634368913,0.2108367356
38220,0.5279459927,0.5273364349,0.5255065976,0.5224525584,0.5181669604,0.5126394542,0.5058550889,0.4977935875,0.488427861,0.4777214602,0.4656257237,0.4520749938,0.4369798787,0.4202160161,0.4016065302,0.3808914876,0.3576705904,0.3312852352,0.3005357069,0.2628318088,0.2101803939
38280,0.5269456299,0.5263373257,0.5245112475,0.5214634677,0.5171866225,0.5116703511,0.5048996889,0.4968543419,0.4875072004,0.4768217908,0.4647494215,0.4512243956,0.4361572672,0.4194235928,0.4008463621,0.3801653959,0.3569798996,0.3306301476,0.2999134658,0.262229639,0.2095266899
38340,0.5259489385,0.5253418844,0.5235195547,0.520478017,0.5162099002,0.5107048325,0.5039478357,0.4959185993,0.4865899931,0.4759255195,0.4638764571,0.4503770707,0.4353378612,0.4186343054,0.4000892605,0.3794423038,0.3562921495,0.3299779568,0.2992941053,0.2616303714,0.2088756157
38400,0.5249559036,0.5243500961,0.5225315044,0.5194961913,0.5152367787,0.5097428838,0.502999515,0.4949863455,0.4856762249,0.4750326323,0.4630068168,0.4495330056,0.4345216476,0.417848141,0.3993352123,0.3787221988,0.3556073276,0.3293286506,0.298677614,0.2610339958,0.2082271634
38460,0.5239665104,0.5233619461,0.5215470819,0.518517976,0.5142672434,0.5087844904,0.5020547124,0.4940575662,0.4847658819,0.4741431152,0.4621404867,0.4486921868,0.433708613,0.4170650863,0.3985842046,0.3780050682,0.3549254214,0.328682217,0.2980639802,0.2604405021,0.2075813249
38520,0.5229807443,0.5223774196,0.5205662726,0.5175433566,0.5133012798,0.507829638,0.5011134134,0.4931322472,0.4838589499,0.4732569545,0.4612774534,0.4478546009,0.432898744,0.4162851284,0.3978362248,0.3772908993,0.3542464186,0.3280386438,0.2974531923,0.2598498799,0.2069380924
38580,0.5219985906,0.5213965021,0.5195890618,0.5165723184,0.5123388735,0.5068783121,0.500175604,0.4922103744,0.4829554149,0.4723741363,0.4604177031,0.4470202343,0.4320920276,0.4155082541,0.3970912599,0.3765796796,0.3535703069,0.3273979191,0.296845239,0.2592621189,0.206297458
38640,0.5210200347,0.5204191788,0.5186154349,0.5156048469,0.5113800099,0.5059304984,0.4992412698,0.4912919337,0.4820552631,0.4714946468,0.4595612222,0.4461890737,0.4312884505,0.4147344506,0.3963492973,0.3758713967,0.352897074,0.3267600308,0.2962401085,0.258677209,0.2056594139
38700,0.5200450619,0.5194454354,0.5176453775,0.5146409277,0.5104246747,0.5049861827,0.4983103967,0.4903769111,0.4811584806,0.4706184723,0.4587079974,0.4453611058,0.4304879996,0.413963705,0.3956103241,0.3751660378,0.3522267076,0.326124967,0.2956377896,0.25809514,0.2050239522
38760,0.5190736579,0.5184752572,0.516678875,0.5136805464,0.5094728536,0.5040453507,0.4973829705,0.4894652926,0.4802650535,0.4697455993,0.457858015,0.4445363173,0.4296906619,0.4131960043,0.3948743279,0.3744635908,0.3515591956,0.3254927158,0.2950382705,0.2575159016,0.2043910651
38820,0.5181058082,0.5175086298,0.5157159131,0.5127236887,0.5085245323,0.5031079883,0.4964589773,0.4885570643,0.4793749681,0.468876014,0.4570112616,0.443714695,0.4288964242,0.4124313358,0.3941412958,0.373764043,0.3508945256,0.3248632651,0.2944415401,0.2569394836,0.2037607449
38880,0.5171414983,0.5165455389,0.5147564775,0.5117703401,0.5075796966,0.5021740812,0.495538403,0.4876522123,0.4784882107,0.468009703,0.4561677239,0.4428962257,0.4281052736,0.4116696867,0.3934112155,0.3730673822,0.3502326856,0.3242366032,0.2938475867,0.2563658757,0.2031329839
38940,0.516180714,0.5155859702,0.5138005537,0.5108204866,0.5066383323,0.5012436156,0.4946212336,0.4867507229,0.4776047675,0.4671466527,0.4553273886,0.4420808962,0.4273171973,0.4109110441,0.3926840743,0.3723735961,0.3495736635,0.3236127181,0.293256399,0.255795068,0.2025077744
39000,0.515223441,0.5146299093,0.5128481277,0.5098741139,0.5057004254,0.5003165772,0.4937074554,0.4858525821,0.476724625,0.4662868497,0.4544902424,0.4412686935,0.4265321822,0.4101553955,0.3919598597,0.3716826723,0.3489174471,0.3229915981,0.2926679655,0.25522705,0.2018851087
39060,0.514269665,0.5136773421,0.5118991852,0.5089312079,0.5047659617,0.4993929523,0.4927970543,0.4849577765,0.4758477697,0.4654302806,0.453656272,0.4404596045,0.4257502155,0.4094027282,0.3912385593,0.3709945985,0.3482640245,0.3223732313,0.292082275,0.2546618117,0.2012649791
39120,0.5133193718,0.5127282544,0.5109537122,0.5079917546,0.5038349273,0.4984727268,0.4918900167,0.4840662921,0.474974188,0.464576932,0.4528254643,0.4396536163,0.4249712845,0.4086530295,0.3905201606,0.3703093626,0.3476133835,0.321757606,0.2914993161,0.2540993429,0.2006473782
39180,0.5123725475,0.5117826321,0.5100116944,0.5070557398,0.5029073083,0.497555887,0.4909863288,0.4831781156,0.4741038663,0.4637267907,0.4519978062,0.4388507159,0.4241953763,0.407906287,0.3898046514,0.3696269524,0.3469655123,0.3211447105,0.2909190774,0.2535396334,0.2000322982
39240,0.5114291778,0.5108404611,0.5090731179,0.5061231497,0.5019830906,0.496642419,0.4900859768,0.4822932332,0.4732367915,0.4628798433,0.4511732846,0.4380508903,0.4234224783,0.407162488,0.3890920192,0.3689473558,0.3463203989,0.3205345329,0.2903415475,0.252982673,0.1994197317
39300,0.5104892488,0.5099017274,0.5081379688,0.5051939703,0.5010622606,0.495732309,0.4891889473,0.4814116315,0.4723729499,0.4620360767,0.4503518863,0.4372541268,0.4226525778,0.4064216201,0.3883822518,0.3682705606,0.3456780314,0.3199270617,0.2897667153,0.2524284517,0.1988096711
39360,0.5095527465,0.5089664172,0.5072062331,0.5042681878,0.5001448044,0.4948255435,0.4882952265,0.4805332971,0.4715123285,0.4611954777,0.4495335986,0.4364604126,0.4218856622,0.405683671,0.387675337,0.3675965548,0.3450383978,0.3193222851,0.2891945695,0.2518769592,0.1982021089
39420,0.5086196571,0.5080345165,0.506277897,0.5033457883,0.4992307082,0.4939221087,0.487404801,0.4796582165,0.4706549138,0.4603580333,0.4487184083,0.4356697348,0.4211217188,0.4049486281,0.3869712625,0.3669253263,0.3444014864,0.3187201916,0.2886250987,0.2513281854,0.1975970378
39480,0.5076899667,0.5071060114,0.5053529467,0.5024267581,0.4983199584,0.493021991,0.4865176572,0.4787863763,0.4698006927,0.4595237303,0.4479063027,0.4348820807,0.4203607353,0.4042164791,0.3862700161,0.3662568633,0.3437672854,0.3181207695,0.2880582917,0.2507821202,0.1969944501
39540,0.5067636614,0.5061808883,0.5044313683,0.5015110836,0.4974125414,0.4921251769,0.4856337818,0.4779177634,0.468949652,0.4586925557,0.4470972689,0.4340974378,0.419602699,0.4034872118,0.3855715858,0.3655911536,0.3431357829,0.3175240073,0.2874941374,0.2502387534,0.1963943386
39600,0.5058407276,0.5052591333,0.5035131483,0.5005987509,0.4965084436,0.491231653,0.4847531613,0.4770523643,0.4681017786,0.4578644967,0.4462912941,0.4333157933,0.4188475976,0.4027608139,0.3848759595,0.3649281855,0.3425069673,0.3169298934,0.2869326245,0.249698075,0.1957966958
39660,0.5049211515,0.5043407328,0.5025982729,0.4996897467,0.4956076514,0.4903414058,0.4838757825,0.476190166,0.4672570594,0.4570395402,0.4454883655,0.4325371348,0.4180954186,0.4020372731,0.3841831251,0.364267947,0.3418808268,0.3163384163,0.2863737419,0.2491600748,0.1952015144
39720,0.5040049196,0.5034256731,0.5016867286,0.4987840572,0.4947101514,0.4894544218,0.483001632,0.4753311552,0.4664154815,0.4562176734,0.4446884704,0.4317614496,0.4173461497,0.4013165774,0.3834930706,0.3636104263,0.3412573497,0.3157495645,0.2858174783,0.2486247426,0.1946087871
39780,0.5030920182,0.5025139407,0.5007785018,0.4978816691,0.4938159301,0.4885706879,0.4821306966,0.4744753189,0.4655770318,0.4553988835,0.4438915963,0.4309887253,0.4165997786,0.4005987144,0.3828057841,0.3629556116,0.3406365245,0.3151633266,0.2852638227,0.2480920685,0.1940185065
39840,0.5021824338,0.5016055221,0.4998735791,0.4969825689,0.4929249743,0.4876901906,0.4812629632,0.473622644,0.4647416975,0.4545831578,0.4430977305,0.4302189495,0.4158562931,0.3998836723,0.3821212536,0.3623034912,0.3400183395,0.3145796912,0.2847127639,0.2475620421,0.1934306654
39900,0.501276153,0.5007004037,0.4989719469,0.4960867431,0.4920372705,0.4868129167,0.4803984186,0.4727731174,0.4639094656,0.4537704835,0.4423068603,0.4294521097,0.4151156808,0.3991714389,0.3814394673,0.3616540534,0.3394027831,0.3139986468,0.2841642907,0.2470346536,0.1928452565
39960,0.5003731622,0.4997985723,0.4980735919,0.4951941785,0.4911528055,0.4859388532,0.4795370498,0.4719267263,0.4630803233,0.452960848,0.4415189735,0.4286881936,0.4143779297,0.3984620021,0.3807604132,0.3610072863,0.3387898439,0.313420182,0.2836183923,0.2465098927,0.1922622725
40020,0.4994734482,0.4989000143,0.4971785008,0.4943048617,0.4902715661,0.4850679867,0.4786788436,0.4710834578,0.462254258,0.4521542385,0.4407340573,0.427927189,0.4136430276,0.3977553501,0.3800840797,0.3603631785,0.3381795102,0.3128442856,0.2830750573,0.2459877493,0.1916817063
40080,0.4985769976,0.4980047165,0.4962866603,0.4934187796,0.489393539,0.4842003044,0.4778237872,0.4702432989,0.4614312568,0.4513506426,0.4399520995,0.4271690836,0.4129109623,0.397051471,0.379410455,0.3597217183,0.3375717707,0.3122709462,0.2825342749,0.2454682135,0.1911035507
40140,0.497683797,0.4971126657,0.4953980572,0.492535919,0.4885187113,0.483335793,0.4769718676,0.4694062369,0.4606113071,0.4505500478,0.4391730877,0.4264138651,0.412181722,0.3963503528,0.3787395273,0.3590828941,0.336966614,0.3117001524,0.281996034,0.244951275,0.1905277985
40200,0.4967938334,0.4962238485,0.4945126782,0.4916562666,0.4876470698,0.4824744397,0.476123072,0.468572259,0.4597943962,0.4497524414,0.4383970095,0.4256615213,0.4114552945,0.3956519837,0.378071285,0.3584466944,0.3363640285,0.3111318932,0.2814603235,0.2444369238,0.1899544426
40260,0.4959070936,0.495338252,0.4936305102,0.4907798095,0.4867786016,0.4816162316,0.4752773874,0.4677413525,0.4589805116,0.4489578112,0.4376238527,0.4249120403,0.410731668,0.394956352,0.3774057164,0.3578131076,0.335764003,0.3105661571,0.2809271326,0.2439251498,0.1893834759
40320,0.4950235643,0.4944558628,0.4927515402,0.4899065345,0.4859132935,0.4807611556,0.4744348012,0.4669135047,0.4581696408,0.4481661447,0.4368536049,0.4241654099,0.4100108304,0.3942634458,0.3767428099,0.3571821225,0.3351665261,0.3100029331,0.2803964501,0.243415943,0.1888148912
40380,0.4941432326,0.4935766681,0.4918757551,0.4890364288,0.4850511328,0.4799091991,0.4735953006,0.466088703,0.4573617712,0.4473774295,0.4360862542,0.423421618,0.40929277,0.3935732534,0.376082554,0.3565537274,0.3345715865,0.3094422099,0.2798682652,0.2429092932,0.1882486815
40440,0.4932660854,0.4927006547,0.491003142,0.4881694793,0.4841921066,0.4790603492,0.4727588728,0.4652669349,0.4565568904,0.4465916535,0.4353217882,0.4226806527,0.4085774749,0.3928857633,0.3754249371,0.355927911,0.3339791729,0.3088839764,0.2793425669,0.2424051905,0.1876848397
40500,0.4923921097,0.4918278097,0.4901336879,0.4873056733,0.483336202,0.4782145931,0.4719255054,0.4644481879,0.4557549861,0.4458088043,0.4345601949,0.421942502,0.4078649333,0.3922009637,0.3747699478,0.3553046621,0.3333892742,0.3083282215,0.2788193444,0.2419036246,0.1871233589
40560,0.4915212927,0.4909581203,0.4892673799,0.4864449978,0.4824834063,0.4773719183,0.4710951857,0.4636324494,0.4549560459,0.4450288697,0.4338014622,0.4212071541,0.4071551335,0.3915188431,0.3741175746,0.3546839692,0.332801879,0.307774934,0.2782985867,0.2414045856,0.186564232
40620,0.4906536215,0.4900915735,0.4884042052,0.4855874401,0.4816337068,0.476532312,0.4702679011,0.462819707,0.4541600574,0.4442518376,0.4330455782,0.4204745971,0.4064480638,0.3908393899,0.3734678061,0.3540658211,0.3322169764,0.307224103,0.2777802829,0.2409080633,0.186007452
40680,0.4897890832,0.4892281565,0.487544151,0.4847329874,0.4807870907,0.4756957618,0.4694436392,0.4620099484,0.4533670085,0.4434776958,0.4322925308,0.4197448191,0.4057437125,0.3901625926,0.3728206309,0.3534502065,0.331634555,0.3066757174,0.2772644222,0.2404140478,0.1854530119
40740,0.4889276651,0.4883678566,0.4866872046,0.4838816271,0.4799435455,0.4748622549,0.4686223875,0.4612031613,0.452576887,0.4427064323,0.4315423082,0.4190178085,0.405042068,0.3894884398,0.3721760378,0.3528371144,0.3310546039,0.3061297661,0.2767509937,0.239922529,0.1849009049
40800,0.4880693545,0.4875106611,0.4858333534,0.4830333465,0.4791030587,0.474031779,0.4678041336,0.4603993333,0.4517896807,0.4419380352,0.4307948985,0.4182935534,0.4043431188,0.38881692,0.3715340155,0.3522265334,0.3304771119,0.3055862383,0.2762399867,0.2394334968,0.1843511239
40860,0.4872141387,0.4866565573,0.4849825846,0.4821881331,0.4782656176,0.4732043217,0.4669888653,0.4595984523,0.4510053774,0.4411724923,0.4300502898,0.4175720423,0.4036468532,0.3881480219,0.3708945526,0.3516184524,0.3299020681,0.3050451229,0.2757313904,0.2389469411,0.1838036621
40920,0.486362005,0.4858055326,0.4841348857,0.4813459742,0.4774312098,0.4723798704,0.4661765701,0.458800506,0.4502239652,0.4404097918,0.4293084704,0.4168532634,0.40295326,0.3874817341,0.3702576381,0.3510128605,0.3293294614,0.3045064091,0.2752251939,0.238462852,0.1832585126
40980,0.4855129409,0.4849575744,0.4832902441,0.4805068575,0.4765998229,0.4715584129,0.4653672359,0.4580054823,0.449445432,0.4396499219,0.4285694285,0.4161372052,0.4022623275,0.3868180453,0.3696232606,0.3504097465,0.3287592808,0.3039700859,0.2747213865,0.2379812193,0.1827156685
41040,0.4846669339,0.4841126703,0.4824486475,0.4796707705,0.4757714444,0.4707399369,0.4645608504,0.4572133691,0.4486697658,0.4388928706,0.4278331525,0.4154238561,0.4015740443,0.3861569443,0.3689914092,0.3498090994,0.3281915155,0.3034361425,0.2742199574,0.237502033,0.1821751229
41100,0.4838239715,0.4832708077,0.4816100832,0.4788377007,0.4749460622,0.4699244301,0.4637574015,0.4564241543,0.4478969548,0.4381386262,0.4270996306,0.4147132047,0.4008883992,0.3854984198,0.3683620727,0.3492109082,0.3276261546,0.302904568,0.273720896,0.2370252831,0.1816368691
41160,0.4829840413,0.4824319742,0.480774539,0.4780076359,0.4741236638,0.4691118803,0.4629568771,0.4556378261,0.447126987,0.4373871769,0.4263688514,0.4140052395,0.4002053809,0.3848424606,0.36773524,0.348615162,0.3270631871,0.3023753517,0.2732241916,0.2365509595,0.1811009001
41220,0.4821471309,0.4815961576,0.4799420025,0.4771805637,0.4733042371,0.4683022754,0.4621592651,0.4548543723,0.4463598506,0.436638511,0.4256408031,0.413299949,0.3995249779,0.3841890557,0.3671109002,0.3480218499,0.3265026022,0.3018484828,0.2727298334,0.2360790523,0.1805672093
41280,0.481313228,0.4807633453,0.4791124615,0.4763564719,0.4724877699,0.4674956033,0.4613645536,0.4540737812,0.4455955338,0.4358926169,0.4249154743,0.4125973218,0.3988471792,0.3835381939,0.3664890423,0.347430961,0.3259443893,0.3013239505,0.2722378108,0.2356095512,0.1800357897
41340,0.4804823202,0.4799335253,0.4782859036,0.4755353482,0.47167425,0.4666918518,0.4605727304,0.4532960408,0.4448340249,0.4351494829,0.4241928536,0.4118973467,0.3981719734,0.3828898642,0.3658696553,0.3468424844,0.3253885374,0.300801744,0.2717481131,0.2351424464,0.1795066347
41400,0.4796543955,0.4791066852,0.4774623166,0.4747171807,0.4708636654,0.4658910091,0.4597837838,0.4525211393,0.4440753121,0.4344090976,0.4234729294,0.4112000124,0.3974993495,0.3822440555,0.3652527283,0.3462564095,0.3248350358,0.3002818528,0.2712607299,0.2346777278,0.1789797374
41460,0.4788294414,0.4782828129,0.4766416885,0.473901957,0.4700560039,0.465093063,0.4589977018,0.451749065,0.4433193839,0.4336714493,0.4227556905,0.4105053075,0.3968292964,0.3816007569,0.3646382505,0.3456727253,0.324283874,0.2997642661,0.2707756503,0.2342153854,0.1784550912
41520,0.4780074461,0.4774618962,0.4758240071,0.4730896653,0.4692512536,0.4642980017,0.4582144726,0.4509798061,0.4425662286,0.4329365266,0.4220411254,0.409813221,0.3961618029,0.3809599574,0.3640262111,0.3450914213,0.3237350411,0.2992489733,0.2702928639,0.233755409,0.1779326894
41580,0.4771883972,0.4766439232,0.4750092603,0.4722802933,0.4684494026,0.4635058134,0.4574340844,0.450213351,0.4418158347,0.4322043181,0.4213292228,0.4091237415,0.3954968581,0.3803216462,0.3634165993,0.3445124866,0.3231885266,0.2987359639,0.2698123602,0.2332977888,0.1774125251
41640,0.4763722829,0.4758288816,0.4741974362,0.4714738293,0.4676504389,0.4627164861,0.4566565255,0.449449688,0.4410681906,0.4314748123,0.4206199716,0.4084368581,0.3948344509,0.3796858124,0.3628094043,0.3439359107,0.3226443199,0.2982252271,0.2693341285,0.2328425147,0.1768945918
41700,0.4755590911,0.4750167596,0.4733885228,0.4706702613,0.4668543507,0.4619300082,0.4558817842,0.4486888056,0.4403232849,0.4307479979,0.4199133604,0.4077525596,0.3941745705,0.3790524451,0.3622046155,0.343361683,0.3221024103,0.2977167525,0.2688581583,0.2323895767,0.1763788827
41760,0.4747488098,0.4742075452,0.4725825082,0.4698695774,0.4660611261,0.4611463678,0.4551098489,0.4479306921,0.4395811061,0.4300238636,0.4192093781,0.407070835,0.3935172059,0.3784215336,0.3616022221,0.3427897928,0.3215627875,0.2972105296,0.2683844392,0.2319389647,0.1758653912
41820,0.4739414272,0.4734012266,0.4717793805,0.4690717657,0.4652707535,0.4603655532,0.4543407079,0.4471753361,0.4388416428,0.4293023982,0.4185080136,0.4063916733,0.3928623462,0.3777930671,0.3610022135,0.3422202296,0.3210254408,0.2967065479,0.2679129606,0.2314906687,0.1753541107
41880,0.4731369314,0.4725977917,0.4709791279,0.4682768146,0.464483221,0.4595875529,0.4535743496,0.4464227261,0.4381048838,0.4285835904,0.4178092558,0.4057150635,0.3922099807,0.377167035,0.3604045793,0.3416529829,0.3204903599,0.2962047968,0.2674437122,0.2310446788,0.1748450344
41940,0.4723353106,0.471797229,0.4701817386,0.4674847122,0.4636985171,0.4588123553,0.4528107627,0.4456728508,0.4373708177,0.4278674291,0.4171130937,0.4050409947,0.3915600985,0.3765434266,0.3598093087,0.3410880422,0.3199575343,0.2957052661,0.2669766834,0.2306009849,0.1743381558
42000,0.471536553,0.4709995266,0.4693872008,0.4666954469,0.46291663,0.4580399487,0.4520499355,0.4449256987,0.4366394333,0.4271539031,0.4164195162,0.4043694561,0.3909126889,0.3759222312,0.3592163913,0.3405253971,0.3194269535,0.2952079452,0.2665118639,0.230159577,0.1738334682
42060,0.4707406469,0.4702046728,0.468595503,0.4659090071,0.4621375483,0.4572703217,0.4512918568,0.4441812586,0.4359107193,0.4264430013,0.4157285123,0.4037004368,0.3902677412,0.3753034384,0.3586258166,0.3399650372,0.3188986073,0.2947128238,0.2660492433,0.2297204452,0.1733309651
42120,0.4699475806,0.4694126559,0.4678066334,0.4651253811,0.4613612602,0.4565034628,0.450536515,0.4434395191,0.4351846646,0.4257347127,0.4150400713,0.4030339261,0.3896252447,0.3746870374,0.3580375741,0.3394069521,0.3183724853,0.2942198915,0.2655888111,0.2292835793,0.1728306398
42180,0.4691573426,0.4686234643,0.4670205805,0.4643445574,0.4605877545,0.4557393605,0.449783899,0.442700469,0.4344612581,0.4250290263,0.4143541821,0.4023699131,0.3889851888,0.3740730179,0.3574516536,0.3388511316,0.3178485772,0.2937291381,0.2651305572,0.2288489695,0.1723324858
42240,0.4683699212,0.4678370865,0.4662373328,0.4635665245,0.4598170196,0.4549780036,0.4490339973,0.4419640972,0.4337404886,0.4243259312,0.4136708339,0.4017083872,0.388347563,0.3734613694,0.3568680445,0.3382975652,0.3173268728,0.2932405533,0.264674471,0.2284166057,0.1718364966
42300,0.4675853049,0.467053511,0.4654568786,0.4627912709,0.4590490441,0.4542193806,0.4482867987,0.4412303925,0.4330223452,0.4236254163,0.4129900161,0.4010493378,0.3877123567,0.3728520814,0.3562867366,0.3377462428,0.3168073618,0.2927541267,0.2642205423,0.227986478,0.1713426655
42360,0.4668034822,0.4662727261,0.4646792067,0.4620187852,0.4582838166,0.4534634804,0.4475422921,0.4404993438,0.4323068169,0.4229274709,0.4123117177,0.4003927541,0.3870795594,0.3722451436,0.3557077196,0.3371971542,0.316290034,0.2922698483,0.2637687608,0.2275585764,0.170850986
42420,0.4660244417,0.4654947206,0.4639043055,0.4612490561,0.4575213259,0.4527102915,0.4468004663,0.43977094,0.4315938926,0.4222320841,0.4116359281,0.3997386256,0.3864491606,0.3716405456,0.3551309832,0.336650289,0.3157748792,0.2917877077,0.2633191163,0.2271328908,0.1703614516
42480,0.465248172,0.4647194831,0.4631321637,0.4604820722,0.4567615607,0.451959803,0.4460613102,0.4390451701,0.4308835616,0.4215392451,0.4109626367,0.3990869417,0.3858211499,0.3710382772,0.3545565172,0.3361056373,0.3152618874,0.2913076947,0.2628715985,0.2267094113,0.1698740557
42540,0.4644746617,0.4639470021,0.46236277,0.4597178223,0.4560045097,0.4512120035,0.4453248127,0.4383220231,0.4301758129,0.4208489431,0.4102918327,0.398437692,0.3851955169,0.3704383279,0.3539843115,0.3355631889,0.3147510484,0.2908297994,0.2624261972,0.226288128,0.1693887919
42600,0.4637038995,0.4631772663,0.461596113,0.4589562951,0.4552501618,0.450466882,0.4445909627,0.4376014882,0.4294706357,0.4201611675,0.4096235057,0.3977908661,0.3845722513,0.3698406877,0.3534143559,0.3350229336,0.3142423522,0.2903540115,0.2619829022,0.2258690308,0.1689056536
42660,0.4629358741,0.4624102647,0.4608321817,0.4581974794,0.4544985058,0.4497244275,0.4438597493,0.4368835544,0.4287680193,0.4194759076,0.408957645,0.3971464533,0.3839513428,0.3692453462,0.3528466402,0.3344848615,0.3137357887,0.289880321,0.2615417033,0.2254521098,0.1684246343
42720,0.4621705744,0.4616459858,0.4600709647,0.4574413641,0.4537495307,0.4489846288,0.4431311616,0.4361682109,0.4280679528,0.4187931528,0.4082942402,0.3965044435,0.3833327812,0.3686522934,0.3522811545,0.3339489626,0.313231348,0.2894087178,0.2611025904,0.2250373551,0.1679457276
42780,0.4614079891,0.4608844186,0.459312451,0.456687938,0.4530032254,0.4482474751,0.4424051887,0.4354554469,0.4273704256,0.4181128924,0.4076332808,0.3958648262,0.3827165561,0.3680615192,0.3517178887,0.3334152268,0.31272902,0.2889391919,0.2606655532,0.2246247567,0.1674689269
42840,0.4606481072,0.4601255518,0.4585566294,0.4559371902,0.4522595789,0.4475129553,0.4416818197,0.4347452515,0.4266754271,0.417435116,0.4069747564,0.3952275911,0.3821026574,0.3674730134,0.3511568328,0.3328836443,0.3122287949,0.2884717333,0.2602305819,0.2242143046,0.1669942258
42900,0.4598909175,0.4593693746,0.4578034889,0.4551891095,0.4515185802,0.4467810586,0.4409610437,0.4340376142,0.4259829466,0.4167598131,0.4063186566,0.3945927281,0.3814910749,0.366886766,0.3505979769,0.3323542052,0.3117306628,0.2880063321,0.2597976661,0.223805989,0.1665216179
42960,0.459136409,0.4586158757,0.4570530184,0.4544436851,0.4507802184,0.4460517742,0.4402428501,0.4333325243,0.4252929736,0.4160869731,0.405664971,0.3939602267,0.3808817986,0.366302767,0.350041311,0.3318268995,0.3112346137,0.2875429783,0.2593667959,0.2233997997,0.1660510965
43020,0.4583845706,0.4578650443,0.4563052071,0.4537009059,0.4500444827,0.4453250912,0.4395272281,0.432629971,0.4246054975,0.4154165856,0.4050136894,0.393330077,0.3802748184,0.3657210065,0.3494868253,0.3313017175,0.3107406379,0.287081662,0.2589379613,0.2229957271,0.1655826554
43080,0.4576353916,0.4571168694,0.455560044,0.4529607612,0.4493113622,0.4446009989,0.438814167,0.4319299438,0.4239205079,0.4147486404,0.4043648015,0.3927022687,0.3796701242,0.3651414745,0.3489345098,0.3307786493,0.3102487256,0.2866223734,0.2585111521,0.222593761,0.1651162881
43140,0.4568888608,0.45637134,0.4548175181,0.4522232401,0.4485808461,0.4438794866,0.4381036562,0.4312324322,0.4232379942,0.414083127,0.403718297,0.3920767916,0.3790677061,0.3645641611,0.3483843549,0.3302576853,0.309758867,0.2861651026,0.2580863585,0.2221938916,0.1646519881
43200,0.4561449675,0.4556284453,0.4540776188,0.4514883317,0.4478529237,0.4431605435,0.4373956851,0.4305374257,0.4225579461,0.4134200352,0.4030741659,0.3914536359,0.3784675541,0.3639890565,0.3478363507,0.3297388156,0.3092710524,0.2857098398,0.2576635704,0.2217961089,0.1641897489
43260,0.4554037009,0.4548881745,0.4533403351,0.4507560253,0.4471275842,0.442444159,0.4366902431,0.4298449137,0.4218803533,0.4127593547,0.4024323979,0.3908327914,0.3778696583,0.3634161508,0.3472904875,0.3292220306,0.3087852721,0.2852565752,0.257242778,0.2214004032,0.1637295643
43320,0.4546650501,0.4541505169,0.4526056563,0.4500263102,0.4464048171,0.4417303226,0.4359873197,0.4291548859,0.4212052054,0.4121010753,0.4017929829,0.3902142481,0.3772740088,0.3628454343,0.3467467556,0.3287073206,0.3083015164,0.2848052991,0.2568239712,0.2210067644,0.1632714276
43380,0.4539290044,0.4534154616,0.4518735717,0.4492991758,0.4456846116,0.4410190237,0.4352869044,0.4284673319,0.4205324921,0.4114451868,0.4011559109,0.3895979961,0.3766805958,0.3622768973,0.3462051454,0.328194676,0.3078197757,0.2843560018,0.2564071402,0.2206151826,0.1628153326
43440,0.4531955531,0.452682998,0.4511440707,0.4485746113,0.4449669573,0.4403102518,0.4345889869,0.4277822414,0.4198622032,0.410791679,0.4005211719,0.3889840255,0.3760894094,0.36171053,0.3456656472,0.3276840873,0.3073400403,0.2839086735,0.2559922752,0.2202256481,0.1623612728
43500,0.4524646856,0.4519531155,0.4504171426,0.4478526063,0.4442518435,0.4396039964,0.4338935567,0.4270996039,0.4191943284,0.410140542,0.3998887559,0.3883723265,0.3755004399,0.3611463228,0.3451282513,0.3271755449,0.3068623009,0.2834633046,0.2555793662,0.2198381508,0.1619092418
43560,0.4517363912,0.4512258034,0.4496927768,0.4471331501,0.4435392599,0.438900247,0.4332006034,0.4264194094,0.4185288577,0.4094917656,0.3992586529,0.3877628891,0.3749136777,0.3605842661,0.3445929484,0.3266690392,0.3063865477,0.2830198856,0.2551684034,0.219452681,0.1614592332
43620,0.4510106594,0.4505010511,0.4489709629,0.4464162323,0.4428291958,0.4381989934,0.4325101168,0.4257416475,0.4178657809,0.4088453398,0.3986308531,0.3871557036,0.3743291129,0.3600243502,0.3440597288,0.3261645608,0.3059127714,0.2825784067,0.2547593772,0.2190692287,0.1610112406
43680,0.4502874797,0.4497788483,0.4482516902,0.4457018424,0.4421216411,0.4375002251,0.4318220866,0.4250663081,0.4172050879,0.4082012546,0.3980053465,0.3865507602,0.373746736,0.3594665656,0.3435285831,0.3256621003,0.3054409624,0.2821388584,0.2543522775,0.2186877841,0.1605652576
43740,0.4495668415,0.4490591843,0.4475349484,0.44498997,0.4414165851,0.4368039319,0.4311365026,0.4243933811,0.4165467687,0.4075595002,0.3973821234,0.3859480493,0.3731665373,0.3589109028,0.3429995019,0.3251616483,0.3049711113,0.2817012312,0.2539470948,0.2183083374,0.1601212778
43800,0.4488487345,0.4483420488,0.446820727,0.4442806047,0.4407140177,0.4361101035,0.4304533545,0.4237228563,0.4158908133,0.4069200665,0.3967611739,0.3853475611,0.3725885073,0.3583573523,0.3424724756,0.3246631953,0.3045032088,0.2812655156,0.2535438193,0.2179308787,0.1596792949
43860,0.4481331482,0.4476274313,0.4461090157,0.4435737362,0.4400139286,0.4354187296,0.4297726323,0.4230547237,0.4152372117,0.4062829438,0.3961424883,0.384749286,0.3720126365,0.3578059047,0.341947495,0.324166732,0.3040372454,0.2808317022,0.2531424413,0.2175553983,0.1592393024
43920,0.4474200722,0.4469153216,0.4453998041,0.4428693541,0.4393163074,0.4347298001,0.4290943258,0.4223889732,0.414585954,0.4056481223,0.3955260569,0.3841532144,0.3714389153,0.3572565506,0.3414245508,0.3236722492,0.3035732119,0.2803997814,0.2527429512,0.2171818861,0.1588012939
43980,0.4467094963,0.4462057092,0.444693082,0.4421674483,0.4386211441,0.4340433049,0.4284184249,0.421725595,0.4139370303,0.4050155921,0.3949118701,0.3835593367,0.3708673342,0.3567092805,0.3409036335,0.3231797376,0.3031110989,0.2799697438,0.2523453392,0.2168103326,0.1583652631
44040,0.4460014101,0.4454985839,0.443988839,0.4414680085,0.4379284284,0.4333592338,0.4277449198,0.421064579,0.4132904308,0.4043853435,0.3942999181,0.3829676435,0.3702978839,0.3561640852,0.340384734,0.3226891879,0.3026508973,0.2795415802,0.2519495957,0.2164407278,0.1579312037
44100,0.4452958035,0.4447939356,0.443287065,0.4407710246,0.4372381503,0.4326775768,0.4270738002,0.4204059154,0.4126461456,0.4037573669,0.3936901915,0.3823781252,0.369730555,0.3556209554,0.339867843,0.3222005909,0.3021925977,0.279115281,0.2515557113,0.216073062,0.1574991092
44160,0.4445926662,0.4440917539,0.4425877499,0.4400764863,0.4365502995,0.4319983239,0.4264050564,0.4197495943,0.4120041651,0.4031316525,0.3930826806,0.3817907723,0.3691653381,0.3550798817,0.3393529514,0.3217139375,0.301736191,0.2786908371,0.2511636762,0.2157073254,0.1570689732
44220,0.4438919881,0.4433920288,0.4418908834,0.4393843837,0.4358648662,0.4313214651,0.4257386785,0.4190956059,0.4113644794,0.4025081907,0.3924773759,0.3812055756,0.3686022238,0.3545408551,0.33884005,0.3212292186,0.301281668,0.2782682392,0.250773481,0.2153435082,0.1566407894
44280,0.4431937591,0.4426947501,0.4411964556,0.4386947067,0.4351818403,0.4306469905,0.4250746564,0.4184439404,0.410727079,0.401886972,0.391874268,0.3806225255,0.3680412031,0.3540038662,0.3383291296,0.320746425,0.3008290196,0.2778474779,0.2503851161,0.2149816007,0.1562145514
44340,0.442497969,0.4419999078,0.4405044563,0.4380074452,0.4345012118,0.4299748901,0.4244129805,0.4177945881,0.4100919541,0.4012679868,0.3912733474,0.3800416128,0.3674822665,0.353468906,0.3378201811,0.3202655477,0.3003782367,0.277428544,0.249998572,0.2146215931,0.1557902529
44400,0.4418046079,0.4413074919,0.4398148755,0.4373225893,0.4338229709,0.4293051541,0.423753641,0.4171475392,0.4094590951,0.4006512256,0.3906746046,0.3794628281,0.3669254049,0.3529359653,0.3373131956,0.3197865777,0.2999293102,0.2770114284,0.2496138394,0.2142634757,0.1553678875
44460,0.4411136658,0.4406174923,0.4391277034,0.4366401291,0.4331471076,0.4286377727,0.423096628,0.4165027842,0.4088284926,0.4000366789,0.3900780305,0.3788861622,0.3663706091,0.3524050351,0.336808164,0.319309506,0.2994822311,0.276596122,0.2492309087,0.2139072388,0.1549474487
44520,0.4404251327,0.4399298992,0.4384429299,0.4359600547,0.432473612,0.4279727361,0.4224419319,0.4158603133,0.4082001369,0.3994243373,0.3894836155,0.3783116059,0.3658178701,0.3518761062,0.3363050774,0.3188343236,0.2990369905,0.2761826155,0.2488497705,0.2135528726,0.1545289304
44580,0.4397389986,0.4392447026,0.4377605453,0.4352823562,0.4318024745,0.4273100346,0.4217895431,0.415220117,0.4075740185,0.3988141914,0.3888913504,0.3777391499,0.3652671786,0.3513491698,0.3358039267,0.3183610217,0.2985935793,0.2757708999,0.2484704155,0.2132003675,0.154112326
44640,0.4390552539,0.4385618926,0.4370805395,0.4346070239,0.4311336852,0.4266496584,0.4211394518,0.4145821858,0.406950128,0.3982062319,0.388301226,0.3771687852,0.3647185257,0.3508242168,0.335304703,0.3178895912,0.2981519887,0.2753609661,0.2480928343,0.2128497138,0.1536976292
44700,0.4383738885,0.4378814595,0.4364029029,0.4339340478,0.4304672345,0.4259915979,0.4204916486,0.4139465101,0.4063284561,0.3976004494,0.387713233,0.3766005025,0.3641719023,0.3503012383,0.3348073976,0.3174200235,0.2977122098,0.2749528051,0.2477170175,0.2125009018,0.1532848337
44760,0.4376948927,0.4372033934,0.4357276257,0.4332634184,0.4298031126,0.4253358436,0.4198461238,0.4133130805,0.4057089932,0.3969968346,0.3871273623,0.3760342929,0.3636272995,0.3497802254,0.3343120016,0.3169523096,0.2972742336,0.2745464079,0.247342956,0.2121539218,0.152873933
44820,0.4370182567,0.4365276846,0.4350546981,0.432595126,0.4291413098,0.4246823857,0.4192028679,0.4126818876,0.4050917301,0.3963953783,0.3865436048,0.3754701473,0.3630847083,0.3492611692,0.3338185061,0.3164864407,0.2968380514,0.2741417656,0.2469706404,0.2118087643,0.1524649209
44880,0.4363439709,0.4358543235,0.4343841105,0.4319291608,0.4284818167,0.4240312148,0.4185618716,0.4120529219,0.4044766574,0.3957960714,0.3859619512,0.3749080567,0.3625441197,0.348744061,0.3333269024,0.3160224082,0.2964036544,0.2737388691,0.2466000614,0.2114654195,0.152057791
44940,0.4356720256,0.4351833002,0.4337158532,0.4312655133,0.4278246235,0.4233823213,0.4179231252,0.4114261741,0.403863766,0.3951989045,0.3853823926,0.374348012,0.362005525,0.3482288918,0.3328371818,0.3155602034,0.2959710338,0.2733377096,0.2462312099,0.2111238779,0.1516525368
45000,0.4350024111,0.4345146052,0.4330499166,0.4306041738,0.4271697209,0.4227356958,0.4172866195,0.4108016349,0.4032530465,0.3946038687,0.3848049199,0.3737900045,0.3614689153,0.347715653,0.3323493355,0.3150998175,0.295540181,0.2729382782,0.2458640767,0.2107841299,0.1512491521
45060,0.4343351178,0.4338482289,0.4323862911,0.429945133,0.4265170993,0.4220913288,0.4166523451,0.410179295,0.4026444899,0.3940109547,0.3842295241,0.3732340251,0.3609342818,0.3472043359,0.3318633549,0.3146412418,0.2951110871,0.2725405661,0.2454986526,0.2104461659,0.1508476304
45120,0.4336701362,0.4331841618,0.4317249673,0.4292883812,0.4258667492,0.421449211,0.4160202926,0.4095591451,0.4020380868,0.3934201536,0.3836561963,0.3726800651,0.3604016156,0.3466949317,0.3313792314,0.3141844679,0.2946837436,0.2721445644,0.2451349284,0.2101099763,0.1504479655
45180,0.4330074567,0.4325223943,0.4310659356,0.4286339089,0.4252186613,0.420809333,0.4153904528,0.4089411762,0.4014338283,0.3928314564,0.3830849275,0.3721281155,0.3598709082,0.3461874318,0.3308969564,0.3137294871,0.2942581419,0.2717502645,0.2447728952,0.2097755516,0.1500501508
45240,0.4323470699,0.431862917,0.4304091865,0.4279817069,0.4245728261,0.4201716855,0.4147628165,0.4083253789,0.4008317052,0.3922448539,0.3825157089,0.3715781677,0.3593421507,0.3456818276,0.3304165212,0.3132762909,0.2938342733,0.2713576574,0.2444125438,0.2094428822,0.1496541801
45300,0.4316889664,0.4312057204,0.4297547106,0.4273317657,0.4239292344,0.4195362592,0.4141373743,0.4077117442,0.4002317085,0.3916603374,0.3819485316,0.3710302128,0.3588153345,0.3451781104,0.3299379175,0.3128248707,0.2934121293,0.2709667347,0.2440538652,0.2091119587,0.149260047
45360,0.4310331366,0.4305507951,0.4291024987,0.4266840759,0.4232878768,0.4189030449,0.4135141172,0.4071002629,0.3996338292,0.3910778978,0.3813833867,0.3704842421,0.3582904511,0.3446762719,0.3294611367,0.3123752181,0.2929917014,0.2705774875,0.2436968504,0.2087827715,0.1488677451
45420,0.4303795713,0.4298981319,0.4284525412,0.4260386282,0.422648744,0.4182720334,0.412893036,0.4064909261,0.3990380583,0.3904975264,0.3808202656,0.369940247,0.3577674917,0.3441763033,0.3289861703,0.3119273247,0.2925729811,0.2701899072,0.2433414904,0.2084553111,0.148477268
45480,0.4297282612,0.4292477212,0.427804829,0.4253954135,0.422011827,0.4176432154,0.4122741216,0.4058837247,0.3984443869,0.3899192142,0.3802591594,0.3693982189,0.3572464479,0.3436781964,0.32851301,0.311481182,0.29215596,0.2698039853,0.2429877762,0.2081295682,0.1480886094
45540,0.4290791969,0.428599554,0.4271593528,0.4247544224,0.4213771163,0.417016582,0.411657365,0.4052786497,0.3978528061,0.3893429525,0.3797000595,0.368858149,0.3567273112,0.3431819426,0.3280416473,0.3110367818,0.2917406295,0.269419713,0.2426356989,0.2078055331,0.1477017629
45600,0.4284323692,0.4279536208,0.4265161033,0.4241156457,0.4207446031,0.4163921239,0.4110427571,0.4046756922,0.397263307,0.3887687325,0.3791429572,0.3683200288,0.356210073,0.3426875334,0.3275720739,0.3105941155,0.2913269814,0.269037082,0.2422852497,0.2074831966,0.1473167221
45660,0.4277877688,0.4273099126,0.4258750713,0.4234790744,0.420114278,0.4157698321,0.410430289,0.4040748432,0.3966758809,0.3881965454,0.3785878439,0.3677838498,0.3556947248,0.3421949607,0.3271042814,0.310153175,0.2909150073,0.2686560836,0.2419364197,0.2071625492,0.1469334806
45720,0.4271453867,0.4266684202,0.4252362478,0.4228446992,0.419486132,0.4151496977,0.4098199517,0.403476094,0.3960905189,0.3876263827,0.3780347109,0.3672496035,0.3551812584,0.3417042159,0.3266382617,0.309713952,0.2905046989,0.2682767095,0.2415892,0.2068435815,0.146552032
45780,0.4265052136,0.4260291343,0.4245996235,0.4222125112,0.4188601562,0.4145317116,0.4092117363,0.4028794356,0.3955072123,0.3870582355,0.3774835497,0.3667172815,0.3546696653,0.3412152909,0.3261740064,0.3092764383,0.2900960478,0.2678989511,0.2412435818,0.2065262842,0.14617237
45840,0.4258672404,0.425392046,0.4239651894,0.4215825012,0.4182363415,0.4139158649,0.4086056339,0.4022848592,0.3949259523,0.3864920954,0.3769343517,0.3661868752,0.3541599371,0.3407281773,0.3257115073,0.3088406256,0.2896890459,0.2675228,0.2408995565,0.2062106479,0.1457944881
45900,0.4252314582,0.4247571461,0.4233329366,0.4209546602,0.4176146788,0.4133021487,0.4080016356,0.4016923562,0.3943467303,0.3859279536,0.3763871086,0.3656583762,0.3536520656,0.3402428669,0.3252507563,0.3084065057,0.2892836849,0.2671482479,0.2405571152,0.2058966633,0.14541838
45960,0.4245978578,0.4241244256,0.4227028558,0.4203289793,0.4169951595,0.4126905541,0.4073997328,0.4011019178,0.3937695377,0.3853658017,0.3758418117,0.3651317763,0.3531460424,0.3397593515,0.3247917451,0.3079740707,0.2888799566,0.2667752863,0.2402162492,0.205584321,0.1450440394
46020,0.4239664303,0.4234938756,0.4220749383,0.4197054496,0.4163777744,0.4120810723,0.4067999165,0.4005135352,0.3931943658,0.3848056312,0.3752984528,0.3646070671,0.3526418594,0.3392776229,0.3243344658,0.3075433122,0.2884778529,0.2664039071,0.23987695,0.2052736118,0.1446714597
46080,0.4233371667,0.4228654871,0.4214491751,0.4190840621,0.4157625148,0.4114736944,0.4062021781,0.3999271998,0.3926212061,0.3842474335,0.3747570233,0.3640842402,0.3521395083,0.338797673,0.3238789101,0.3071142224,0.2880773657,0.2660341019,0.2395392087,0.2049645265,0.1443006346
46140,0.4227100581,0.4222392512,0.4208255572,0.4184648081,0.4151493718,0.4108684118,0.4056065089,0.3993429031,0.39205005,0.3836912002,0.374217515,0.3635632875,0.3516389809,0.3383194938,0.3234250701,0.306686793,0.2876784869,0.2656658625,0.2392030169,0.2046570558,0.1439315577
46200,0.4220850956,0.4216151591,0.4202040759,0.4178476786,0.4145383368,0.4102652157,0.4050129002,0.3987606364,0.3914808891,0.3831369229,0.3736799195,0.3630442007,0.3511402691,0.3378430771,0.3229729378,0.3062610163,0.2872812083,0.2652991806,0.2388683659,0.2043511904,0.1435642226
46260,0.4214622704,0.4209932018,0.4195847223,0.4172326648,0.4139294008,0.4096640974,0.4044213434,0.3981803911,0.3909137148,0.3825845932,0.3731442285,0.3625269716,0.3506433649,0.3373684149,0.3225225051,0.3058368841,0.2868855221,0.2649340481,0.2385352472,0.2040469212,0.1431986229
46320,0.4208415737,0.4203733705,0.4189674876,0.4166197581,0.4133225553,0.4090650483,0.4038318299,0.3976021588,0.3903485187,0.3820342028,0.3726104339,0.362011592,0.35014826,0.3368954992,0.3220737642,0.3054143886,0.2864914203,0.2645704568,0.2382036522,0.203744239,0.1428347522
46380,0.4202229966,0.4197556566,0.418352363,0.4160089497,0.4127177915,0.4084680597,0.4032443512,0.397025931,0.3897852925,0.3814857434,0.3720785273,0.3614980539,0.3496549466,0.336424322,0.3216267071,0.3049935219,0.2860988948,0.2642083986,0.2378735726,0.2034431346,0.1424726041
46440,0.4196065305,0.4191400513,0.41773934,0.415400231,0.4121151009,0.4078731231,0.4026588987,0.3964516993,0.3892240277,0.3809392066,0.3715485006,0.3609863491,0.3491634165,0.3359548755,0.3211813259,0.3045742761,0.2857079378,0.2638478654,0.2375449998,0.203143599,0.1421121722
46500,0.4189921667,0.4185265458,0.4171284097,0.4147935932,0.4115144747,0.4072802298,0.4020754639,0.3958794551,0.3886647161,0.3803945844,0.3710203457,0.3604764695,0.3486736619,0.3354871517,0.3207376128,0.3041566433,0.2853185414,0.2634888492,0.2372179254,0.202845623,0.14175345
46560,0.4183798964,0.4179151316,0.4165195636,0.4141890278,0.4109159045,0.4066893715,0.4014940385,0.3953091902,0.3881073494,0.3798518683,0.3704940543,0.3599684072,0.3481856747,0.3350211428,0.32029556,0.3037406158,0.2849306978,0.263131342,0.2368923411,0.2025491976,0.1413964312
46620,0.4177697111,0.4173058,0.415912793,0.4135865262,0.4103193817,0.4061005396,0.400914614,0.3947408963,0.3875519193,0.3793110504,0.3699696186,0.3594621542,0.3476994471,0.3345568409,0.3198551597,0.3033261858,0.284544399,0.2627753358,0.2365682384,0.2022543137,0.1410411094
46680,0.4171616022,0.4166985424,0.4153080894,0.4129860798,0.4097248978,0.4055137257,0.4003371819,0.3941745649,0.3869984175,0.3787721224,0.3694470303,0.3589577025,0.3472149713,0.3340942382,0.3194164041,0.3029133456,0.2841596374,0.2624208226,0.2362456091,0.2019609622,0.1406874781
46740,0.416555561,0.4160933502,0.4147054442,0.4123876802,0.4091324444,0.4049289213,0.3997617341,0.3936101879,0.3864468359,0.3782350763,0.3689262816,0.3584550441,0.3467322393,0.3336333271,0.3189792857,0.3025020875,0.2837764052,0.2620677945,0.2359244449,0.2016691343,0.1403355309
46800,0.4159515792,0.415490215,0.414104849,0.411791319,0.408542013,0.4043461181,0.3991882621,0.393047757,0.3858971664,0.3776999039,0.3684073643,0.3579541713,0.3462512433,0.3331740996,0.3185437966,0.3020924038,0.2833946947,0.2617162437,0.2356047375,0.2013788208,0.1399852613
46860,0.4153496481,0.4148891282,0.4135062952,0.4111969875,0.4079535952,0.4037653078,0.3986167577,0.392487264,0.3853494007,0.3771665973,0.3678902707,0.3574550761,0.3457719757,0.3327165482,0.3181099292,0.3016842869,0.2830144983,0.2613661623,0.2352864787,0.2010900129,0.1396366631
46920,0.4147497593,0.4142900815,0.4129097745,0.4106046776,0.4073671827,0.4031864821,0.3980472126,0.3919287007,0.3848035309,0.3766351484,0.3673749927,0.3569577508,0.3452944286,0.3322606652,0.3176776759,0.3012777292,0.2826358081,0.2610175425,0.2349696603,0.2008027016,0.1392897296
46980,0.4141519045,0.4136930664,0.4123152785,0.4100143807,0.4067827672,0.4026096326,0.3974796187,0.3913720591,0.3842595489,0.3761055492,0.3668615224,0.3564621874,0.3448185944,0.331806443,0.3172470292,0.3008727231,0.2822586167,0.2606703765,0.2346542741,0.2005168781,0.1389444547
47040,0.4135560753,0.4130980745,0.4117227987,0.4094260886,0.4062003403,0.4020347512,0.3969139677,0.3908173309,0.3837174466,0.375577792,0.3663498521,0.3559683784,0.3443444653,0.3313538739,0.3168179815,0.3004692612,0.2818829165,0.2603246565,0.2343403121,0.2002325334,0.1386008316
47100,0.4129622632,0.4125050974,0.4111323269,0.4088397929,0.4056198939,0.4014618296,0.3963502516,0.3902645082,0.383177216,0.3750518686,0.365839974,0.3554763159,0.3438720338,0.3309029504,0.3163905253,0.3000673358,0.2815086999,0.2599803749,0.2340277662,0.1999496587,0.1382588542
47160,0.4123704599,0.411914127,0.4105438548,0.4082554855,0.4050414196,0.4008908598,0.3957884623,0.3897135829,0.3826388493,0.3745277713,0.3653318802,0.3549859922,0.3434012923,0.330453665,0.3159646531,0.2996669396,0.2811359594,0.259637524,0.2337166282,0.1996682453,0.1379185159
47220,0.4117806573,0.4113251548,0.4099573742,0.4076731581,0.4044649094,0.4003218335,0.3952285915,0.389164547,0.3821023385,0.3740054923,0.3648255629,0.3544973998,0.3429322331,0.3300060102,0.3155403574,0.299268065,0.2807646875,0.2592960961,0.2334068902,0.1993882843,0.1375798102
47280,0.411192847,0.4107381727,0.4093728767,0.4070928024,0.403890355,0.3997547426,0.3946706314,0.3886173925,0.3815676757,0.3734850237,0.3643210146,0.3540105309,0.3424648487,0.3295599784,0.3151176309,0.2988707048,0.2803948768,0.2589560837,0.2330985442,0.199109767,0.1372427309
47340,0.4106070209,0.4101531724,0.4087903542,0.4065144104,0.4033177484,0.3991895791,0.394114574,0.3880721116,0.381034853,0.3729663578,0.3638182275,0.3535253781,0.3419991317,0.3291155623,0.3146964662,0.2984748516,0.2800265198,0.2586174791,0.2327915822,0.1988326846,0.1369072713
47400,0.4100231707,0.4095701459,0.4082097986,0.4059379739,0.4027470815,0.398626335,0.3935604112,0.3875286962,0.3805038627,0.3724494868,0.3633171939,0.3530419336,0.3415350745,0.3286727544,0.3142768558,0.2980804979,0.2796596093,0.2582802748,0.2324859963,0.1985570285,0.1365734252
47460,0.4094412883,0.4089890848,0.4076312017,0.4053634849,0.4021783461,0.3980650023,0.393008135,0.3869871387,0.3799746969,0.371934403,0.3628179063,0.3525601901,0.3410726697,0.3282315475,0.3138587925,0.2976876365,0.2792941378,0.2579444633,0.2321817787,0.19828279,0.136241186
47520,0.4088613656,0.4084099812,0.4070545555,0.4047909351,0.4016115344,0.3975055729,0.3924577378,0.386447431,0.3794473479,0.3714210988,0.3623203571,0.35208014,0.3406119099,0.327791934,0.3134422691,0.2972962602,0.2789300979,0.2576100371,0.2318789214,0.1980099605,0.1359105473
47580,0.4082833945,0.407832827,0.4064798519,0.4042203168,0.4010466383,0.396948039,0.3919092114,0.3859095654,0.378921808,0.3709095665,0.3618245386,0.3516017758,0.3401527877,0.3273539069,0.3130272782,0.2969063617,0.2785674826,0.2572769888,0.2315774167,0.1977385313,0.1355815027
47640,0.407707367,0.4072576141,0.4059070828,0.4036516217,0.4004836498,0.3963923927,0.3913625482,0.3853735342,0.3783980694,0.3703997985,0.3613304435,0.3511250901,0.3396952958,0.3269174587,0.3126138126,0.2965179337,0.2782062844,0.256945311,0.2312772568,0.1974684938,0.1352540458
47700,0.4071332751,0.4066843345,0.4053362404,0.4030848421,0.3999225611,0.3958386261,0.3908177402,0.3848393296,0.3778761246,0.3698917872,0.3608380641,0.3506500756,0.3392394268,0.3264825822,0.3122018652,0.2961309692,0.2778464962,0.2566149963,0.2309784339,0.1971998396,0.13492817
47760,0.4065611108,0.4061129803,0.4047673165,0.40251997,0.3993633643,0.3952867313,0.3902747798,0.3843069439,0.3773559659,0.3693855252,0.3603473931,0.3501767248,0.3387851735,0.3260492702,0.3117914288,0.295745461,0.2774881107,0.2562860374,0.2306809404,0.1969325601,0.134603869
47820,0.4059908661,0.4055435434,0.4042003034,0.4019569974,0.3988060514,0.3947367007,0.3897336592,0.3837763695,0.3768375857,0.3688810048,0.3598584231,0.3497050304,0.3383325286,0.3256175156,0.3113824962,0.295361402,0.277131121,0.255958427,0.2303847685,0.1966666468,0.1342811364
47880,0.4054225331,0.4049760161,0.4036351932,0.4013959165,0.3982506148,0.3941885263,0.3891943706,0.3832475986,0.3763209764,0.3683782187,0.3593711466,0.3492349852,0.3378814849,0.3251873112,0.3109750604,0.2949787851,0.2767755197,0.2556321577,0.2300899106,0.1964020913,0.1339599656
47940,0.4048561041,0.4044103905,0.4030719779,0.4008367195,0.3976970466,0.3936422005,0.3886569065,0.3827206238,0.3758061306,0.3678771593,0.3588855562,0.3487665817,0.3374320352,0.3247586499,0.3105691144,0.2945976032,0.2764212999,0.2553072224,0.2297963591,0.1961388852,0.1336403502
48000,0.404291571,0.4038466586,0.4025106498,0.4002793987,0.397145339,0.3930977155,0.3881212592,0.3821954374,0.3752930407,0.3673778193,0.3584016447,0.3482998129,0.3369841724,0.3243315245,0.310164651,0.2942178494,0.2760684545,0.2549836139,0.2295041064,0.19587702,0.1333222839
48060,0.4037289261,0.4032848127,0.401951201,0.3997239461,0.3965954844,0.3925550638,0.387587421,0.3816720319,0.3747816992,0.3668801913,0.3579194048,0.3478346715,0.3365378893,0.3239059281,0.3097616633,0.2938395167,0.2757169764,0.254661325,0.229213145,0.1956164874,0.1330057601
48120,0.4031681617,0.4027248451,0.4013936239,0.3991703542,0.3960474751,0.3920142376,0.3870553843,0.3811503998,0.3742720988,0.3663842679,0.3574388292,0.3473711503,0.3360931788,0.3234818536,0.3093601443,0.2934625982,0.2753668588,0.2543403485,0.2289234674,0.1953572791,0.1326907724
48180,0.40260927,0.4021667479,0.4008379106,0.3986186152,0.3955013033,0.3914752294,0.3865251418,0.3806305335,0.373764232,0.3658900418,0.3569599106,0.3469092421,0.3356500339,0.3230592941,0.308960087,0.2930870868,0.2750180946,0.2540206773,0.2286350661,0.1950993868,0.1323773145
48240,0.4020522432,0.4016105135,0.4002840536,0.3980687215,0.3949569615,0.3909380315,0.3859966857,0.3801124257,0.3732580915,0.3653975057,0.3564826419,0.3464489399,0.3352084475,0.3226382425,0.3085614847,0.2927129758,0.2746706769,0.2537023045,0.2283479337,0.1948428023,0.1320653798
48300,0.4014970737,0.4010561342,0.399732045,0.3975206654,0.3944144421,0.3904026365,0.3854700087,0.379596069,0.3727536699,0.3649066523,0.3560070159,0.3459902366,0.3347684126,0.322218692,0.3081643304,0.2923402583,0.2743245988,0.2533852229,0.2280620628,0.1945875173,0.1317549619
48360,0.4009437538,0.4005036023,0.3991818774,0.3969744393,0.3938737375,0.3898690368,0.3849451033,0.3790814559,0.3722509599,0.3644174746,0.3555330255,0.3455331251,0.3343299223,0.3218006356,0.3077686172,0.2919689274,0.2739798535,0.2530694255,0.227777446,0.1943335236,0.1314460544
48420,0.4003922759,0.3999529103,0.3986335431,0.3964300357,0.3933348402,0.389337225,0.384421962,0.3785685792,0.3717499542,0.3639299651,0.3550606635,0.3450775984,0.3338929697,0.3213840666,0.3073743384,0.2915989765,0.2736364342,0.2527549055,0.2274940761,0.1940808131,0.1311386508
48480,0.3998426325,0.3994040506,0.3980870346,0.395887447,0.3927977427,0.3888071936,0.3839005775,0.3780574314,0.3712506456,0.3634441169,0.3545899228,0.3446236495,0.3334575477,0.3209689779,0.3069814872,0.2912303986,0.273294334,0.2524416558,0.2272119456,0.1938293776,0.1308327448
48540,0.3992948159,0.3988570155,0.3975423443,0.3953466658,0.3922624375,0.3882789351,0.3833809425,0.3775480054,0.370753027,0.3629599227,0.3541207965,0.3441712714,0.3330236496,0.320555363,0.3065900569,0.2908631872,0.2729535463,0.2521296695,0.2269310474,0.1935792091,0.1305283298
48600,0.3987488187,0.3983117977,0.3969994647,0.3948076844,0.3917289173,0.3877524423,0.3828630496,0.3770402937,0.370257091,0.3624773754,0.3536532775,0.3437204573,0.3325912685,0.3201432149,0.3062000406,0.2904973355,0.2726140642,0.2518189399,0.2266513742,0.1933302995,0.1302253996
48660,0.3982046334,0.3977683895,0.3964583883,0.3942704956,0.3911971745,0.3872277077,0.3823468914,0.3765342893,0.3697628305,0.361996468,0.3531873588,0.3432712001,0.3321603976,0.3197325269,0.3058114318,0.2901328369,0.2722758811,0.25150946,0.2263729189,0.1930826409,0.1299239476
48720,0.3976622524,0.3972267836,0.3959191078,0.3937350919,0.3906672019,0.3867047241,0.3818324609,0.376029985,0.3692702385,0.3615171935,0.3527230334,0.3428234931,0.3317310301,0.3193232924,0.3054242237,0.2897696847,0.2719389903,0.2512012231,0.2260956743,0.1928362251,0.1296239674
48780,0.3971216684,0.3966869725,0.3953816157,0.3932014659,0.3901389921,0.3861834841,0.3813197506,0.3755273735,0.3687793079,0.3610395448,0.3522602945,0.3423773294,0.3313031592,0.3189155046,0.3050384099,0.2894078723,0.2716033853,0.2508942224,0.2258196333,0.1925910443,0.1293254526
48840,0.396582874,0.3961489489,0.3948459046,0.3926696103,0.3896125377,0.3856639804,0.3808087534,0.3750264477,0.3682900315,0.3605635149,0.3517991352,0.3419327022,0.3308767782,0.3185091569,0.3046539835,0.2890473932,0.2712690594,0.2505884511,0.2255447887,0.1923470906,0.1290283969
48900,0.3960458618,0.3956127053,0.3943119672,0.3921395178,0.3890878316,0.385146206,0.3802994622,0.3745272005,0.3678024023,0.360089097,0.3513395485,0.3414896048,0.3304518804,0.3181042426,0.3042709382,0.2886882408,0.270936006,0.2502839026,0.2252711337,0.192104356,0.1287327937
48960,0.3955106245,0.3950782345,0.3937797962,0.391611181,0.3885648664,0.3846301535,0.3797918698,0.3740296249,0.3673164134,0.359616284,0.3508815277,0.3410480303,0.3300284592,0.3177007553,0.3038892674,0.2883304087,0.2706042186,0.2499805703,0.2249986611,0.1918628328,0.1284386367
49020,0.3949771547,0.3945455291,0.3932493842,0.3910845928,0.3880436349,0.3841158157,0.3792859691,0.3735337138,0.3668320578,0.3591450691,0.3504250659,0.340607972,0.3296065079,0.3172986883,0.3035089645,0.2879738903,0.2702736908,0.2496784474,0.224727364,0.1916225132,0.1281459194
49080,0.3944454452,0.394014582,0.3927207241,0.3905597458,0.38752413,0.3836031856,0.378781753,0.3730394601,0.3663493285,0.3586754455,0.3499701563,0.3401694233,0.3291860199,0.3168980351,0.3031300231,0.2876186793,0.269944416,0.2493775275,0.2244572355,0.1913833893,0.1278546356
49140,0.3939154888,0.3934853857,0.3921938087,0.3900366329,0.3870063445,0.3830922561,0.3782792145,0.372546857,0.3658682187,0.3582074062,0.3495167923,0.3397323775,0.3287669886,0.3164987891,0.3027524368,0.2872647691,0.2696163878,0.2490778038,0.2241882687,0.1911454535,0.1275647787
49200,0.3933872782,0.3929579332,0.3916686306,0.389515247,0.3864902713,0.38258302,0.3777783465,0.3720558975,0.3653887214,0.3577409446,0.3490649671,0.339296828,0.3283494075,0.316100944,0.3023761991,0.2869121535,0.2692895998,0.24877927,0.2239204566,0.190908698,0.1272763425
49260,0.3928608063,0.3924322173,0.3911451829,0.3889955809,0.3859759032,0.3820754704,0.377279142,0.3715665745,0.3649108298,0.3572760538,0.348614674,0.3388627682,0.3279332701,0.3157044933,0.3020013037,0.286560826,0.2689640457,0.2484819194,0.2236537925,0.1906731152,0.1269893204
49320,0.3923360659,0.3919082307,0.3906234583,0.3884776275,0.3854632333,0.3815696001,0.3767815942,0.3710788813,0.3644345371,0.3568127271,0.3481659064,0.3384301914,0.3275185699,0.3153094305,0.3016277443,0.2862107804,0.2686397191,0.2481857458,0.2233882696,0.1904386975,0.1267037062
49380,0.3918130498,0.3913859665,0.3901034497,0.3879613797,0.3849522545,0.3810654023,0.376285696,0.370592811,0.3639598365,0.3563509578,0.3477186576,0.3379990912,0.3271053003,0.3149157494,0.3012555144,0.2858620104,0.2683166136,0.2478907425,0.2231238811,0.1902054373,0.1264194934
49440,0.3912917511,0.3908654175,0.3895851501,0.3874468305,0.3844429597,0.3805628699,0.3757914406,0.3701083567,0.3634867212,0.3558907392,0.3472729211,0.3375694611,0.3266934551,0.3145234434,0.3008846078,0.2855145097,0.2679947231,0.2475969032,0.2228606203,0.189973327,0.1261366757
49500,0.3907721625,0.3903465766,0.3890685524,0.3869339729,0.383935342,0.3800619961,0.3752988211,0.3696255117,0.3630151846,0.3554320646,0.3468286902,0.3371412945,0.3262830278,0.3141325064,0.3005150183,0.285168272,0.2676740413,0.2473042216,0.2225984805,0.1897423592,0.1258552467
49560,0.3902542772,0.3898294368,0.3885536497,0.3864227999,0.3834293945,0.3795627738,0.3748078306,0.3691442691,0.3625452198,0.3549749275,0.3463859585,0.3367145851,0.325874012,0.3137429321,0.3001467396,0.2848232913,0.2673545619,0.2470126914,0.2223374551,0.1895125264,0.1255752001
49620,0.3897380881,0.3893139912,0.3880404349,0.3859133045,0.3829251102,0.3790651964,0.3743184624,0.3686646223,0.3620768202,0.3545193212,0.3459447194,0.3362893263,0.3254664014,0.313354714,0.2997797655,0.2844795613,0.2670362788,0.2467223062,0.2220775374,0.189283821,0.1252965295
49680,0.3892235882,0.3888002328,0.3875289011,0.3854054799,0.3824224823,0.3785692569,0.3738307096,0.3681865644,0.3616099793,0.3540652391,0.3455049664,0.3358655118,0.3250601897,0.3129678461,0.2994140898,0.2841370759,0.2667191858,0.2464330597,0.2218187209,0.1890562359,0.1250192286
49740,0.3887107706,0.3882881545,0.3870190413,0.3848993191,0.3819215039,0.3780749485,0.3733445656,0.3677100888,0.3611446903,0.3536126749,0.3450666931,0.3354431353,0.3246553706,0.3125823221,0.2990497065,0.2837958289,0.2664032768,0.2461449458,0.2215609991,0.1888297635,0.124743291
49800,0.3881996283,0.3877777496,0.3865108488,0.3843948152,0.3814221681,0.3775822644,0.3728600235,0.3672351889,0.3606809467,0.3531616218,0.344629893,0.3350221903,0.3242519378,0.3121981359,0.2986866094,0.2834558144,0.2660885458,0.2458579583,0.2213043654,0.1886043966,0.1244687104
49860,0.3876901545,0.3872690112,0.3860043165,0.3838919615,0.3809244683,0.3770911979,0.3723770767,0.366761858,0.3602187419,0.3527120735,0.3441945599,0.3346026706,0.3238498851,0.3118152813,0.2983247923,0.2831170262,0.2657749866,0.2455720909,0.2210488133,0.1883801278,0.1241954805
49920,0.3871823424,0.3867619323,0.3854994378,0.383390751,0.3804283975,0.3766017423,0.3718957186,0.3662900896,0.3597580693,0.3522640234,0.3437606872,0.3341845699,0.3234492063,0.3114337521,0.2979642493,0.2827794584,0.2654625932,0.2452873376,0.2207943365,0.18815695,0.123923595
49980,0.386676185,0.3862565062,0.3849962057,0.3828911771,0.3799339491,0.3761138908,0.3714159424,0.3658198769,0.3592989226,0.3518174653,0.3433282687,0.3337678819,0.3230498953,0.3110535423,0.2976049743,0.2824431049,0.2651513597,0.2450036923,0.2205409284,0.187934856,0.1236530475
50040,0.3861716757,0.3857527261,0.3844946136,0.382393233,0.3794411163,0.3756276368,0.3709377416,0.3653512136,0.3588412952,0.3513723926,0.342897298,0.3333526005,0.3226519459,0.3106746459,0.2972469614,0.2821079598,0.2648412801,0.2447211488,0.2202885829,0.1877138385,0.1233838318
50100,0.3856688076,0.3852505852,0.3839946546,0.381896912,0.3789498925,0.3751429738,0.3704611096,0.3648840931,0.3583851807,0.3509287991,0.3424677689,0.3329387194,0.322255352,0.3102970567,0.2968902045,0.2817740172,0.2645323484,0.2444397012,0.2200372934,0.1874938905,0.1231159415
50160,0.385167574,0.3847500768,0.383496322,0.3814022074,0.378460271,0.3746598949,0.3699860398,0.3644185088,0.3579305726,0.3504866783,0.3420396752,0.3325262324,0.3218601074,0.3099207688,0.2965346978,0.2814412712,0.2642245587,0.2441593435,0.2197870538,0.1872750048,0.1228493704
50220,0.3846679682,0.3842511941,0.3829996092,0.3809091124,0.3779722452,0.3741783938,0.3695125258,0.3639544544,0.3574774647,0.350046024,0.3416130105,0.3321151334,0.3214662063,0.3095457763,0.2961804353,0.2811097159,0.2639179052,0.2438800696,0.2195378578,0.1870571744,0.1225841123
50280,0.3841699835,0.3837539306,0.3825045095,0.3804176206,0.3774858085,0.3736984637,0.369040561,0.3634919234,0.3570258504,0.3496068299,0.3411877687,0.3317054163,0.3210736424,0.3091720731,0.2958274111,0.2807793455,0.263612382,0.2436018737,0.2192896991,0.1868403924,0.1223201608
50340,0.3836736133,0.3832582795,0.3820110162,0.3799277252,0.3770009543,0.3732200983,0.3685701389,0.3630309095,0.3565757235,0.3491690897,0.3407639436,0.3312970751,0.3206824099,0.3087996533,0.2954756193,0.2804501541,0.2633079834,0.2433247499,0.2190425716,0.1866246517,0.1220575096
50400,0.3831788509,0.3827642343,0.3815191228,0.3794394198,0.3765176761,0.372743291,0.3681012532,0.3625714061,0.3561270777,0.3487327972,0.3403415291,0.3308901036,0.3202925028,0.3084285111,0.2951250543,0.280122136,0.2630047034,0.2430486922,0.2187964692,0.1864099454,0.1217961527
50460,0.3826856897,0.3822717883,0.3810288227,0.3789526976,0.3760359674,0.3722680354,0.3676338974,0.362113407,0.3556799067,0.3482979463,0.3399205191,0.3304844958,0.319903915,0.3080586406,0.2947757101,0.2797952855,0.2627025365,0.2427736949,0.2185513856,0.1861962665,0.1215360836
50520,0.3821941232,0.381780935,0.3805401093,0.3784675524,0.3755558216,0.3717943249,0.3671680651,0.3616569059,0.3552342042,0.3478645307,0.3395009074,0.3300802457,0.3195166408,0.3076900359,0.294427581,0.2794695968,0.2624014768,0.2424997522,0.2183073149,0.1859836084,0.1212772963
50580,0.3817041448,0.3812916678,0.3800529761,0.3779839774,0.3750772323,0.3713221532,0.3667037499,0.3612018964,0.3547899641,0.3474325442,0.339082688,0.3296773474,0.3191306741,0.3073226913,0.2940806613,0.2791450642,0.2621015187,0.2422268582,0.2180642509,0.185771964,0.1210197844
50640,0.381215748,0.3808039803,0.3795674167,0.3775019663,0.3746001932,0.370851514,0.3662409456,0.3607483724,0.3543471801,0.3470019809,0.338665855,0.3292757949,0.3187460092,0.3069566009,0.2937349452,0.278821682,0.2618026565,0.2419550072,0.2178221877,0.1855613268,0.1207635418
50700,0.3807289263,0.3803178659,0.3790834245,0.3770215127,0.3741246977,0.3703824008,0.3657796458,0.3602963275,0.353905846,0.3465728345,0.3382504021,0.3288755823,0.3183626402,0.3065917591,0.293390427,0.2784994447,0.2615048846,0.2416841935,0.2175811193,0.1853516898,0.1205085623
50760,0.3802436734,0.3798333183,0.3786009931,0.3765426101,0.3736507396,0.3699148073,0.3653198443,0.3598457556,0.3534659559,0.3461450991,0.3378363236,0.3284767036,0.3179805613,0.30622816,0.2930471012,0.2781783465,0.2612081974,0.2414144115,0.2173410397,0.1851430465,0.1202548397
50820,0.3797599826,0.3793503309,0.3781201162,0.3760652521,0.3731783124,0.3694487272,0.3648615348,0.3593966504,0.3530275034,0.3457187686,0.3374236135,0.3280791531,0.3175997667,0.305865798,0.2927049621,0.2778583821,0.2609125892,0.2411456555,0.2171019431,0.1849353901,0.1200023678
50880,0.3792778477,0.3788688974,0.3776407873,0.3755894324,0.3727074099,0.3689841543,0.3644047111,0.3589490059,0.3525904826,0.345293837,0.3370122657,0.3276829249,0.3172202507,0.3055046674,0.292364004,0.2775395457,0.2606180547,0.2408779198,0.2168638235,0.1847287141,0.1197511406
50940,0.3787972623,0.3783890114,0.377163,0.3751151447,0.3722380258,0.3685210823,0.363949367,0.3585028158,0.3521548873,0.3448702982,0.3366022745,0.3272880131,0.3168420075,0.3051447626,0.2920242215,0.2772218318,0.2603245882,0.2406111989,0.2166266752,0.1845230119,0.1195011517
51000,0.37831822,0.3779106666,0.3766867482,0.3746423826,0.3717701537,0.368059505,0.3634954964,0.3580580742,0.3517207116,0.3444481465,0.3361936339,0.326894412,0.3164650315,0.304786078,0.2916856089,0.2769052351,0.2600321843,0.2403454873,0.2163904923,0.1843182768,0.1192523952
51060,0.3778407145,0.3774338567,0.3762120253,0.3741711399,0.3713037875,0.3675994162,0.363043093,0.3576147748,0.3512879495,0.3440273757,0.3357863382,0.3265021159,0.3160893169,0.3044286079,0.2913481608,0.2765897499,0.2597408375,0.2400807794,0.2161552691,0.1841145026,0.1190048648
51120,0.3773647395,0.3769585754,0.3757388253,0.3737014103,0.370838921,0.3671408097,0.3625921509,0.3571729117,0.3508565949,0.3436079801,0.3353803814,0.3261111189,0.3157148582,0.3040723468,0.2910118716,0.276275371,0.2594505424,0.2398170697,0.2159209998,0.1839116825,0.1187585546
51180,0.3768902887,0.3764848163,0.3752671418,0.3732331877,0.3703755479,0.3666836793,0.3621426638,0.3567324788,0.3504266419,0.3431899537,0.3349757578,0.3257214154,0.3153416496,0.3037172892,0.290676736,0.2759620928,0.2591612936,0.2395543528,0.2156876788,0.1837098103,0.1185134583
51240,0.3764173559,0.3760125733,0.3747969686,0.3727664658,0.3699136621,0.3662280191,0.3616946258,0.3562934702,0.3499980846,0.3427732908,0.3345724616,0.3253329998,0.3149696857,0.3033634296,0.2903427484,0.27564991,0.2588730858,0.2392926233,0.2154553003,0.1835088796,0.1182695699
51300,0.3759459349,0.3755418403,0.3743282995,0.3723012384,0.3694532575,0.3657738229,0.3612480308,0.3558558799,0.3495709171,0.3423579854,0.3341704872,0.3249458662,0.3145989609,0.3030107624,0.2900099034,0.2753388172,0.2585859136,0.2390318757,0.2152238588,0.183308884,0.1180268833
51360,0.3754760195,0.3750726109,0.3738611284,0.3718374995,0.368994328,0.3653210845,0.3608028729,0.3554197019,0.3491451335,0.3419440318,0.3337698287,0.3245600093,0.3142294695,0.3026592822,0.2896781958,0.2750288091,0.2582997717,0.2387721047,0.2149933486,0.1831098172,0.1177853926
51420,0.3750076036,0.374604879,0.3733954492,0.3713752428,0.3685368674,0.3648697981,0.3603591459,0.3549849303,0.348720728,0.3415314243,0.3333704805,0.3241754232,0.3138612061,0.3023089837,0.28934762,0.2747198805,0.2580146548,0.2385133049,0.2147637642,0.182911673,0.1175450916
51480,0.374540681,0.3741386385,0.3729312556,0.3709144624,0.3680808698,0.3644199576,0.3599168441,0.3545515593,0.3482976947,0.341120157,0.3329724369,0.3237921025,0.3134941653,0.3019598613,0.2890181709,0.274412026,0.2577305577,0.2382554711,0.2145351001,0.182714445,0.1173059743
51540,0.3740752456,0.3736738834,0.3724685417,0.3704551522,0.3676263291,0.363971557,0.3594759614,0.3541195829,0.3478760279,0.3407102243,0.3325756924,0.3234100417,0.3131283414,0.3016119097,0.288689843,0.2741052404,0.2574474751,0.2379985979,0.2143073507,0.1825181272,0.1170680348
51600,0.3736112913,0.3732106075,0.3720073013,0.3699973061,0.3671732394,0.3635245903,0.3590364919,0.3536889953,0.3474557218,0.3403016204,0.3321802412,0.3230292351,0.3127637292,0.3012651236,0.2883626312,0.2737995184,0.2571654019,0.2377426802,0.2140805107,0.1823227134,0.1168312669
51660,0.3731488121,0.3727488048,0.3715475285,0.369540918,0.3667215946,0.3630790516,0.3585984298,0.3532597907,0.3470367706,0.3398943397,0.3317860778,0.3226496772,0.3124003232,0.3009194977,0.2880365302,0.273494855,0.256884333,0.2374877128,0.2138545745,0.1821281975,0.1165956648
51720,0.3726878019,0.3722884693,0.3710892172,0.3690859822,0.3662713887,0.3626349351,0.3581617693,0.3528319634,0.3466191686,0.3394883766,0.3313931967,0.3222713627,0.312038118,0.3005750265,0.2877115347,0.2731912449,0.2566042631,0.2372336903,0.2136295369,0.1819345733,0.1163612225
51780,0.3722282548,0.3718295949,0.3706323614,0.3686324925,0.365822616,0.3621922349,0.3577265044,0.3524055075,0.3462029102,0.3390837255,0.3310015923,0.3218942861,0.3116771083,0.300231705,0.2873876396,0.2728886831,0.2563251871,0.2369806078,0.2134053923,0.181741835,0.1161279341
51840,0.3717701647,0.3713721757,0.3701769552,0.3681804431,0.3653752704,0.361750945,0.3572926295,0.3519804174,0.3457879897,0.3386803807,0.3306112591,0.3215184419,0.3113172887,0.2998895277,0.2870648396,0.2725871643,0.2560471,0.23672846,0.2131821356,0.1815499764,0.1158957935
51900,0.3713135258,0.3709162058,0.3697229927,0.367729828,0.3649293462,0.3613110597,0.3568601387,0.3515566872,0.3453744014,0.3382783367,0.3302221916,0.3211438248,0.3109586539,0.2995484896,0.2867431297,0.2722866836,0.2557699968,0.2364772419,0.2129597614,0.1813589917,0.1156647949
51960,0.3708583321,0.3704616792,0.369270468,0.3672806413,0.3644848374,0.3608725732,0.3564290263,0.3511343114,0.3449621397,0.3378775879,0.3298343844,0.3207704293,0.3106011987,0.2992085854,0.2864225048,0.2719872358,0.2554938724,0.2362269484,0.2127382644,0.1811688748,0.1154349324
52020,0.3704045776,0.3700085901,0.3688193751,0.3668328773,0.3640417383,0.3604354796,0.3559992865,0.3507132843,0.344551199,0.3374781289,0.329447832,0.3203982502,0.3102449177,0.2988698099,0.2861029597,0.271688816,0.2552187218,0.2359775745,0.2125176395,0.18097962,0.1152062001
52080,0.3699522566,0.3695569325,0.3683697083,0.3663865301,0.363600043,0.3599997734,0.3555709137,0.3502936002,0.3441415738,0.3370799542,0.329062529,0.3200272821,0.3098898058,0.298532158,0.2857844894,0.2713914191,0.25494454,0.2357291152,0.2122978815,0.1807912215,0.1149785921
52140,0.3695013632,0.3691067007,0.3679214617,0.3659415939,0.3631597458,0.3595654486,0.3551439023,0.3498752536,0.3437332585,0.3366830582,0.3286784701,0.3196575198,0.3095358577,0.2981956246,0.2854670889,0.2710950402,0.2546713222,0.2354815655,0.2120789851,0.1806036733,0.1147521026
52200,0.3690518915,0.3686578888,0.3674746294,0.3654980628,0.362720841,0.3591324997,0.3547182464,0.3494582387,0.3433262476,0.3362874356,0.3282956499,0.3192889578,0.3091830683,0.2978602045,0.285150753,0.2707996743,0.2543990633,0.2352349205,0.2118609452,0.1804169698,0.1145267258
52260,0.3686038358,0.368210491,0.3670292058,0.3650559312,0.3622833228,0.3587009209,0.3542939407,0.3490425502,0.3429205356,0.3358930809,0.3279140631,0.3189215911,0.3088314324,0.2975258928,0.284835477,0.2705053165,0.2541277586,0.2349891752,0.2116437569,0.1802311052,0.1143024558
52320,0.3681571903,0.3677645015,0.3665851851,0.3646151934,0.3618471855,0.3582707066,0.3538709793,0.3486281824,0.3425161171,0.3354999887,0.3275337043,0.3185554144,0.3084809448,0.2971926843,0.2845212557,0.270211962,0.2538574032,0.2347443248,0.2114274149,0.1800460738,0.1140792868
52380,0.3677119492,0.3673199147,0.3661425615,0.3641758436,0.3614124235,0.3578418512,0.3534493568,0.3482151299,0.3421129866,0.3351081538,0.3271545683,0.3181904225,0.3081316006,0.2968605741,0.2842080842,0.2699196057,0.2535879921,0.2345003644,0.2112119143,0.17986187,0.1138572131
52440,0.3672681068,0.3668767248,0.3657013293,0.3637378761,0.3609790311,0.3574143491,0.3530290677,0.3478033871,0.3417111386,0.3347175707,0.3267766497,0.3178266101,0.3077833945,0.2965295571,0.2838959577,0.269628243,0.2533195207,0.2342572892,0.2109972501,0.1796784883,0.1136362289
52500,0.3668256575,0.3664349261,0.3652614829,0.3633012853,0.3605470027,0.3569881947,0.3526101063,0.3473929486,0.3413105679,0.3343282341,0.3263999435,0.3174639723,0.3074363215,0.2961996284,0.2835848713,0.269337869,0.2530519842,0.2340150944,0.2107834173,0.1794959229,0.1134163285
52560,0.3663845955,0.3659945129,0.3648230167,0.3628660656,0.3601163328,0.3565633825,0.3521924672,0.3469838089,0.340911269,0.3339401387,0.3260244443,0.3171025038,0.3070903767,0.2958707831,0.28327482,0.2690484789,0.2527853777,0.2337737753,0.2105704109,0.1793141685,0.113197506
52620,0.3659449152,0.3655554797,0.3643859249,0.3624322113,0.3596870156,0.3561399068,0.351776145,0.3465759627,0.3405132366,0.3335532793,0.3256501471,0.3167421996,0.3067455549,0.2955430162,0.2829657992,0.2687600679,0.2525196967,0.233533327,0.2103582262,0.1791332194,0.1129797559
52680,0.365506611,0.3651178207,0.3639502019,0.361999717,0.3592590458,0.3557177623,0.3513611341,0.3461694045,0.3401164653,0.3331676506,0.3252770465,0.3163830545,0.3064018512,0.2952163228,0.2826578038,0.2684726313,0.2522549363,0.2332937449,0.2101468581,0.1789530703,0.1127630724
52740,0.3650696772,0.3646815304,0.3635158423,0.3615685769,0.3588324178,0.3552969435,0.3509474292,0.3457641291,0.3397209499,0.3327832474,0.3249051375,0.3160250636,0.3060592607,0.294890698,0.2823508292,0.2681861644,0.251991092,0.2330550243,0.209936302,0.1787737158,0.1125474499
52800,0.3646341084,0.3642466032,0.3630828404,0.3611387857,0.358407126,0.3548774448,0.3505350248,0.3453601309,0.3393266852,0.3324000645,0.324534415,0.3156682217,0.3057177783,0.2945661371,0.2820448707,0.2679006625,0.251728159,0.2328171605,0.2097265529,0.1785951504,0.1123328827
52860,0.3641998989,0.3638130336,0.3626511908,0.3607103378,0.357983165,0.3544592609,0.3501239156,0.3449574048,0.3389336657,0.3320180968,0.3241648739,0.315312524,0.3053773993,0.2942426352,0.2817399233,0.267616121,0.2514661328,0.232580149,0.209517606,0.1784173688,0.1121193651
52920,0.3637670433,0.363380816,0.3622208878,0.3602832276,0.3575605295,0.3540423864,0.3497140962,0.3445559455,0.3385418864,0.331637339,0.323796509,0.3149579653,0.3050381186,0.2939201874,0.2814359826,0.2673325351,0.2512050087,0.232343985,0.2093094568,0.1782403657,0.1119068916
52980,0.363335536,0.362949945,0.3617919261,0.3598574499,0.3571392138,0.3536268158,0.3493055613,0.3441557476,0.338151342,0.3312577861,0.3234293155,0.3146045409,0.3046999315,0.2935987891,0.2811330437,0.2670499003,0.2509447823,0.2321086641,0.2091021004,0.1780641358,0.1116954566
53040,0.3629053715,0.3625204151,0.3613643002,0.359432999,0.3567192127,0.3532125439,0.3488983056,0.3437568059,0.3377620274,0.330879433,0.3230632882,0.3142522456,0.3043628331,0.2932784354,0.280831102,0.266768212,0.250685449,0.2318741818,0.2088955321,0.1778886739,0.1114850545
53100,0.3624765445,0.3620922208,0.3609380046,0.3590098697,0.3563005207,0.3527995652,0.3484923238,0.3433591153,0.3373739373,0.3305022745,0.3226984221,0.3139010747,0.3040268185,0.2929591217,0.2805301529,0.2664874656,0.2504270042,0.2316405334,0.2086897473,0.1777139749,0.1112756798
53160,0.3620490494,0.3616653567,0.3605130339,0.3585880564,0.3558831326,0.3523878746,0.3480876106,0.3429626704,0.3369870668,0.3301263056,0.3223347124,0.3135510232,0.3036918831,0.2926408432,0.2802301917,0.2662076567,0.2501694435,0.2314077145,0.2084847415,0.1775400335,0.1110673268
53220,0.3616228808,0.3612398174,0.3600893827,0.358167554,0.3554670429,0.3519774666,0.3476841609,0.3425674662,0.3366014105,0.3297515214,0.321972154,0.3132020863,0.3033580219,0.2923235952,0.2799312138,0.2659287806,0.2499127624,0.2311757206,0.2082805099,0.1773668447,0.1108599902
53280,0.3611980335,0.3608155975,0.3596670457,0.3577483569,0.3550522464,0.351568336,0.3472819693,0.3421734975,0.3362169636,0.3293779167,0.3216107419,0.3128542591,0.3030252303,0.2920073732,0.2796332148,0.2656508329,0.2496569565,0.2309445474,0.2080770481,0.1771944033,0.1106536644
53340,0.3607745019,0.3603926917,0.3592460176,0.35733046,0.3546387377,0.3511604777,0.3468810308,0.3417807591,0.3358337209,0.3290054867,0.3212504714,0.3125075369,0.3026935036,0.2916921724,0.27933619,0.2653738091,0.2494020213,0.2307141904,0.2078743515,0.1770227043,0.1104483439
53400,0.3603522809,0.3599710947,0.3588262929,0.3569138579,0.3542265117,0.3507538863,0.34648134,0.3413892459,0.3354516773,0.3286342262,0.3208913375,0.3121619147,0.302362837,0.2913779883,0.2790401349,0.2650977048,0.2491479526,0.2304846452,0.2076724156,0.1768517427,0.1102440233
53460,0.359931365,0.359550801,0.3584078665,0.3564985453,0.3538155631,0.3503485567,0.346082892,0.3409989529,0.3350708279,0.3282641305,0.3205333354,0.3118173879,0.3020332258,0.2910648162,0.2787450451,0.2648225156,0.2488947458,0.2302559075,0.2074712359,0.1766815135,0.1100406971
53520,0.359511749,0.3591318056,0.3579907331,0.356084517,0.3534058867,0.3499444837,0.3456856816,0.340609875,0.3346911677,0.3278951946,0.3201764602,0.3114739518,0.3017046654,0.2907526517,0.278450916,0.2645482371,0.2486423968,0.2300279729,0.2072708081,0.1765120118,0.10983836
53580,0.3590934276,0.358714103,0.3575748873,0.3556717677,0.3529974773,0.3495416621,0.3452897036,0.3402220072,0.3343126917,0.3275274135,0.3198207072,0.3111316015,0.3013771513,0.2904414901,0.2781577432,0.2642748648,0.2483909012,0.2298008372,0.2070711277,0.1763432327,0.1096370066
53640,0.3586763956,0.358297688,0.357160324,0.3552602924,0.3525903297,0.3491400869,0.3448949531,0.3398353444,0.3339353949,0.3271607825,0.3194660714,0.3107903324,0.3010506786,0.290131327,0.2778655223,0.2640023946,0.2481402547,0.2295744961,0.2068721903,0.1761751713,0.1094366314
53700,0.3582606477,0.3578825555,0.356747038,0.3548500857,0.3521844387,0.3487397529,0.3445014249,0.3394498817,0.3335592725,0.3267952966,0.3191125483,0.3104501398,0.300725243,0.2898221578,0.2775742489,0.263730822,0.247890453,0.2293489453,0.2066739915,0.1760078227,0.1092372292
53760,0.3578461788,0.3574687002,0.3563350241,0.3544411426,0.3517797993,0.3483406551,0.344109114,0.3390656141,0.3331843195,0.3264309511,0.3187601329,0.3101110191,0.3004008397,0.2895139781,0.2772839186,0.2634601427,0.247641492,0.2291241806,0.2064765272,0.1758411823,0.1090387946
53820,0.3574329836,0.357056117,0.3559242772,0.3540334579,0.3513764064,0.3479427883,0.3437180155,0.3386825366,0.332810531,0.3260677411,0.3184088207,0.3097729655,0.3000774643,0.2892067834,0.276994527,0.2631903525,0.2473933673,0.2289001979,0.2062797929,0.1756752451,0.1088413224
53880,0.3570210571,0.3566448008,0.355514792,0.3536270265,0.3509742548,0.3475461477,0.3433281243,0.3383006443,0.3324379023,0.3257056619,0.3180586068,0.3094359746,0.2997551123,0.2889005694,0.2767060698,0.2629214472,0.2471460749,0.2286769929,0.2060837844,0.1755100066,0.1086448071
53940,0.3566103941,0.3562347463,0.3551065636,0.3532218433,0.3505733396,0.347150728,0.3429394355,0.3379199324,0.3320664284,0.3253447087,0.3177094867,0.3091000417,0.2994337791,0.2885953315,0.2764185427,0.2626534224,0.2468996105,0.2284545616,0.2058884975,0.1753454619,0.1084492437
54000,0.3562009894,0.3558259485,0.3546995868,0.3528179032,0.3501736557,0.3467565244,0.3425519441,0.3375403959,0.3316961045,0.3249848767,0.3173614556,0.3087651622,0.2991134602,0.2882910655,0.2761319415,0.2623862741,0.2466539701,0.2282328998,0.2056939279,0.1751816065,0.1082546268
54060,0.3557928381,0.3554184023,0.3542938565,0.3524152013,0.349775198,0.346363532,0.3421656453,0.33716203,0.3313269259,0.3246261613,0.317014509,0.3084313316,0.2987941513,0.287987767,0.2758462617,0.2621199979,0.2464091494,0.2280120034,0.2055000715,0.1750184357,0.1080609512
54120,0.355385935,0.3550121027,0.3538893677,0.3520137324,0.3493779617,0.3459717456,0.3417805341,0.3367848298,0.3309588878,0.3242685578,0.3166686422,0.3080985454,0.2984758479,0.2876854315,0.2755614993,0.2618545898,0.2461651445,0.2277918683,0.2053069242,0.174855945,0.1078682117
54180,0.3549802751,0.3546070446,0.3534861154,0.3516134916,0.3489819417,0.3455811605,0.3413966056,0.3364087905,0.3305919855,0.3239120614,0.3163238506,0.3077667991,0.2981585455,0.2873840549,0.2752776499,0.2615900457,0.2459219513,0.2275724906,0.2051144818,0.1746941297,0.1076764032
54240,0.3545758534,0.354203223,0.3530840946,0.3512144739,0.348587133,0.3451917717,0.341013855,0.3360339074,0.3302262141,0.3235566675,0.3159801297,0.3074360881,0.2978422398,0.2870836328,0.2749947094,0.2613263613,0.2456795656,0.2273538662,0.2049227403,0.1745329853,0.1074855205
54300,0.3541726649,0.3538006329,0.3526833003,0.3508166744,0.3481935308,0.3448035743,0.3406322775,0.3356601756,0.3298615691,0.3232023716,0.3156374749,0.3071064081,0.2975269265,0.2867841609,0.2747126736,0.2610635327,0.2454379836,0.2271359911,0.2047316955,0.1743725075,0.1072955585
54360,0.3537707046,0.3533992694,0.3522837275,0.3504200881,0.3478011302,0.3444165635,0.3402518683,0.3352875905,0.3294980457,0.3228491689,0.3152958817,0.3067777546,0.2972126011,0.286485635,0.2744315384,0.2608015558,0.2451972012,0.2269188613,0.2045413435,0.1742126916,0.107106512
54420,0.3533699675,0.3529991274,0.3518853714,0.3500247101,0.3474099263,0.3440307345,0.3398726226,0.3349161473,0.3291356393,0.322497055,0.3149553456,0.3064501231,0.2968992593,0.2861880509,0.2741512995,0.2605404264,0.2449572144,0.226702473,0.2043516802,0.1740535334,0.1069183761
54480,0.3529704488,0.3526002022,0.3514882269,0.3496305355,0.3470199142,0.3436460824,0.3394945355,0.3345458412,0.3287743452,0.3221460252,0.314615862,0.3061235093,0.2965868969,0.2858914044,0.273871953,0.2602801407,0.2447180193,0.2264868222,0.2041627016,0.1738950283,0.1067311456
54540,0.3525721435,0.3522024887,0.3510922893,0.3492375595,0.3466310892,0.3432626024,0.3391176025,0.3341766676,0.3284141588,0.321796075,0.3142774266,0.3057979089,0.2962755096,0.2855956912,0.2735934946,0.2600206945,0.2444796119,0.226271905,0.2039744039,0.1737371722,0.1065448154
54600,0.3521750467,0.3518059821,0.3506975536,0.3488457772,0.3462434463,0.3428802898,0.3387418187,0.3338086219,0.3280550755,0.3214471998,0.313940035,0.3054733173,0.295965093,0.2853009073,0.2733159204,0.259762084,0.2442419884,0.2260577176,0.203786783,0.1735799605,0.1063593807
54660,0.3517791536,0.3514106775,0.3503040151,0.3484551838,0.3458569808,0.3424991399,0.3383671794,0.3334416994,0.3276970908,0.3210993953,0.3136036826,0.3051497304,0.2956556431,0.2850070484,0.2730392263,0.2595043051,0.2440051449,0.225844256,0.2035998351,0.1734233891,0.1061748364
54720,0.3513844593,0.3510165701,0.3499116687,0.3480657745,0.3454716879,0.3421191478,0.33799368,0.3330758954,0.3273402,0.3207526568,0.313268365,0.3048271439,0.2953471554,0.2847141104,0.2727634083,0.259247354,0.2437690775,0.2256315166,0.2034135563,0.1732674537,0.1059911774
54780,0.3509909591,0.3506236551,0.3495205099,0.3476775445,0.3450875629,0.3417403088,0.3376213158,0.3327112055,0.3269843988,0.32040698,0.312934078,0.3045055533,0.295039626,0.2844220893,0.2724884623,0.2589912267,0.2435337825,0.2254194955,0.2032279428,0.1731121501,0.105808399
54840,0.350598648,0.3502319276,0.3491305338,0.347290489,0.344704601,0.3413626184,0.3372500823,0.3323476249,0.3266296824,0.3200623604,0.3126008171,0.3041849545,0.2947330505,0.284130981,0.2722143844,0.2587359193,0.2432992559,0.225208189,0.2030429907,0.172957474,0.1056264961
54900,0.3502075213,0.349841383,0.3487417355,0.3469046034,0.3443227976,0.3409860718,0.3368799746,0.3319851492,0.3262760465,0.3197187936,0.3122685781,0.3038653432,0.2944274248,0.2838407813,0.2719411707,0.258481428,0.243065494,0.2249975932,0.2028586963,0.1728034214,0.1054454639
54960,0.3498175743,0.3494520164,0.3483541105,0.3465198828,0.3439421479,0.3406106644,0.3365109884,0.3316237737,0.3259234866,0.3193762751,0.3119373565,0.3035467152,0.2941227448,0.2835514864,0.2716688171,0.2582277489,0.242832493,0.2247877045,0.2026750557,0.172649988,0.1052652974
55020,0.3494288023,0.349063823,0.3479676539,0.3461363226,0.3435626474,0.3402363915,0.3361431189,0.3312634941,0.3255719983,0.3190348007,0.3116071482,0.3032290662,0.2938190064,0.2832630921,0.2713973198,0.2579748781,0.2426002492,0.2245785193,0.2024920653,0.1724971699,0.1050859918
55080,0.3490412004,0.3486767983,0.3475823611,0.3457539181,0.3431842912,0.3398632486,0.3357763616,0.3309043057,0.325221577,0.3186943659,0.3112779487,0.3029123921,0.2935162054,0.2829755944,0.2711266748,0.257722812,0.2423687589,0.2243700337,0.2023097214,0.1723449629,0.1049075424
55140,0.348654764,0.3482909375,0.3471982274,0.3453726647,0.3428070749,0.339491231,0.3354107121,0.3305462042,0.3248722184,0.3183549665,0.310949754,0.3025966888,0.2932143379,0.2826889895,0.2708568783,0.2574715467,0.2421380184,0.2241622442,0.2021280202,0.172193363,0.1047299442
55200,0.3482694885,0.3479062359,0.346815248,0.3449925577,0.3424309938,0.3391203343,0.3350461657,0.330189185,0.3245239181,0.318016598,0.3106225596,0.302281952,0.2929133997,0.2824032732,0.2705879265,0.2572210784,0.2419080239,0.2239551471,0.201946958,0.1720423662,0.1045531926
55260,0.3478853691,0.3475226889,0.3464334185,0.3446135925,0.3420560434,0.3387505538,0.3346827181,0.3298332437,0.3241766718,0.3176792563,0.3102963615,0.3019681776,0.2926133868,0.2821184417,0.2703198155,0.2569714035,0.2416787719,0.2237487388,0.2017665313,0.1718919685,0.1043772826
55320,0.3475024013,0.3471402919,0.3460527342,0.3442357646,0.341682219,0.3383818851,0.3343203646,0.3294783759,0.323830475,0.317342937,0.3099711555,0.3016553616,0.2923142952,0.2818344912,0.2700525414,0.2567225181,0.2414502586,0.2235430159,0.2015867365,0.1717421661,0.1042022097
55380,0.3471205804,0.3467590401,0.3456731904,0.3438590692,0.3413095161,0.3380143236,0.333959101,0.3291245773,0.3234853235,0.3170076358,0.3096469372,0.3013434998,0.292016121,0.2815514175,0.2697861005,0.2564744186,0.2412224806,0.2233379746,0.2014075699,0.1715929549,0.104027969
55440,0.3467399019,0.3463789292,0.3452947827,0.343483502,0.3409379303,0.3376478649,0.3335989227,0.3287718434,0.3231412129,0.3166733486,0.3093237027,0.3010325883,0.2917188601,0.281269217,0.269520489,0.2562271013,0.2409954341,0.2231336114,0.201229028,0.1714443311,0.103854556
55500,0.3463603611,0.3459999544,0.3449175064,0.3431090583,0.3405674569,0.3372825044,0.3332398253,0.3284201699,0.322798139,0.3163400712,0.3090014478,0.3007226228,0.2914225085,0.2809878858,0.2692557032,0.2559805625,0.2407691157,0.2229299229,0.2010511072,0.1712962909,0.1036819659
55560,0.3459819535,0.3456221112,0.344541357,0.3427357337,0.3401980916,0.3369182379,0.3328818044,0.3280695524,0.3224560975,0.3160077992,0.3086801683,0.3004135995,0.2911270624,0.2807074199,0.2689917393,0.2557347987,0.2405435217,0.2227269056,0.2008738041,0.1711488304,0.103510194
55620,0.3456046746,0.3452453952,0.3441663299,0.3423635236,0.3398298299,0.3365550607,0.3325248557,0.3277199866,0.3221150841,0.3156765287,0.3083598601,0.3001055143,0.2908325179,0.2804278157,0.2687285936,0.2554898062,0.2403186487,0.222524556,0.2006971151,0.1710019458,0.1033392358
55680,0.3452285198,0.3448698017,0.3437924208,0.3419924236,0.3394626672,0.3361929686,0.3321689749,0.3273714683,0.3217750947,0.3153462553,0.3080405193,0.2997983631,0.290538871,0.2801490692,0.2684662624,0.2552455813,0.2400944932,0.2223228706,0.2005210368,0.1708556335,0.1031690867
55740,0.3448534847,0.3444953264,0.3434196252,0.3416224292,0.3390965993,0.3358319572,0.3318141575,0.3270239932,0.3214361249,0.315016975,0.3077221416,0.2994921422,0.2902461179,0.2798711768,0.268204742,0.2550021206,0.2398710515,0.222121846,0.2003455658,0.1707098896,0.1029997421
55800,0.3444795648,0.3441219647,0.3430479385,0.341253536,0.3387316217,0.335472022,0.3314603992,0.326677557,0.3210981706,0.3146886836,0.3074047232,0.2991868474,0.2899542546,0.2795941346,0.2679440288,0.2547594205,0.2396483204,0.2219214789,0.2001706987,0.1705647105,0.1028311974
55860,0.3441067557,0.3437497122,0.3426773563,0.3408857396,0.33836773,0.3351131588,0.3311076959,0.3263321554,0.3207612277,0.3143613771,0.3070882599,0.2988824749,0.2896632775,0.279317939,0.2676841191,0.2545174774,0.2394262963,0.2217217658,0.1999964319,0.1704200924,0.1026634481
55920,0.3437350528,0.3433785644,0.3423078742,0.3405190356,0.3380049198,0.3347553633,0.3307560431,0.3259877843,0.320425292,0.3140350513,0.3067727478,0.2985790207,0.2893731826,0.2790425861,0.2674250094,0.2542762878,0.2392049758,0.2215227033,0.1998227623,0.1702760318,0.1024964897
55980,0.3433644519,0.343008517,0.3419394879,0.3401534196,0.3376431869,0.334398631,0.3304054367,0.3256444395,0.3200903593,0.3137097023,0.3064581829,0.2982764811,0.2890839662,0.2787680724,0.2671666959,0.2540358482,0.2389843555,0.2213242882,0.1996496864,0.170132525,0.1023303177
56040,0.3429949484,0.3426395655,0.3415721929,0.3397888873,0.3372825269,0.3340429579,0.3300558724,0.3253021167,0.3197564256,0.3133853259,0.3061445613,0.297974852,0.2887956244,0.2784943941,0.2669091753,0.2537961551,0.2387644321,0.2211265172,0.1994772009,0.1699895685,0.1021649277
56100,0.3426265381,0.3422717057,0.3412059849,0.3394254342,0.3369229354,0.3336883394,0.329707346,0.3249608119,0.3194234867,0.3130619182,0.3058318789,0.2976741296,0.2885081536,0.2782215476,0.2666524438,0.2535572052,0.2385452021,0.2209293868,0.1993053025,0.1698471586,0.1020003152
56160,0.3422592165,0.341904933,0.3408408596,0.3390630562,0.3365644083,0.3333347716,0.3293598533,0.3246205209,0.3190915385,0.3127394751,0.3055201319,0.2973743102,0.28822155,0.2779495292,0.2663964979,0.2533189948,0.2383266623,0.2207328939,0.199133988,0.1697052919,0.1018364758
56220,0.3418929793,0.3415392433,0.3404768126,0.3387017489,0.3362069412,0.33298225,0.3290133901,0.3242812395,0.3187605771,0.3124179927,0.3052093164,0.2970753898,0.2879358098,0.2776783353,0.2661413342,0.2530815207,0.2381088092,0.2205370353,0.1989632541,0.1695639648,0.1016734052
56280,0.3415278223,0.3411746322,0.3401138396,0.338341508,0.3358505298,0.3326307705,0.3286679522,0.3239429636,0.3184305984,0.312097467,0.3048994284,0.2967773647,0.2876509294,0.2774079623,0.265886949,0.2528447794,0.2378916396,0.2203418076,0.1987930975,0.1694231739,0.1015110989
56340,0.3411637411,0.3408110954,0.3397519364,0.3379823293,0.3354951701,0.332280329,0.3283235356,0.3236056893,0.3181015983,0.311777894,0.3045904642,0.2964802312,0.2873669051,0.2771384067,0.2656333391,0.2526087676,0.2376751502,0.2201472076,0.1986235152,0.1692829158,0.1013495526
56400,0.3408007314,0.3404486286,0.3393910986,0.3376242086,0.3351408577,0.3319309212,0.3279801361,0.3232694123,0.3177735729,0.3114592699,0.3042824198,0.2961839854,0.2870837331,0.2768696647,0.2653805007,0.2523734818,0.2374593378,0.2199532322,0.1984545038,0.1691431869,0.1011887621
56460,0.340438789,0.3400872275,0.3390313222,0.3372671415,0.3347875884,0.3315825429,0.3276377496,0.3229341287,0.3174465182,0.3111415906,0.3039752915,0.2958886236,0.2868014099,0.276601733,0.2651284306,0.2521389188,0.237244199,0.2197598782,0.1982860602,0.169003984,0.1010287229
56520,0.3400779096,0.339726888,0.3386726027,0.336911124,0.3344353582,0.3312351902,0.327296372,0.3225998344,0.3171204301,0.3108248524,0.3036690754,0.295594142,0.2865199319,0.2763346079,0.2648771253,0.2519050752,0.2370297307,0.2195671425,0.1981181813,0.1688653036,0.1008694309
56580,0.3397180891,0.3393676058,0.3383149361,0.3365561518,0.3340841628,0.3308888588,0.3269559992,0.3222665255,0.3167953049,0.3105090514,0.3033637677,0.2953005371,0.2862392953,0.276068286,0.2646265814,0.2516719477,0.2368159297,0.2193750219,0.197950864,0.1687271424,0.1007108818
56640,0.3393593231,0.3390093768,0.3379583181,0.3362022207,0.3337339981,0.3305435446,0.3266166273,0.3219341979,0.3164711385,0.3101941836,0.3030593647,0.295007805,0.2859594967,0.2758027637,0.2643767955,0.251439533,0.2366027927,0.2191835133,0.1977841052,0.1685894971,0.1005530714
56700,0.3390016076,0.3386521966,0.3376027446,0.3358493267,0.33338486,0.3301992437,0.3262782521,0.3216028477,0.316147927,0.3098802453,0.3027558626,0.2947159422,0.2856805324,0.2755380376,0.2641277642,0.2512078278,0.2363903166,0.2189926136,0.1976179018,0.1684523644,0.1003959954
56760,0.3386449384,0.3382960613,0.3372482114,0.3354974656,0.3330367444,0.3298559518,0.3259408697,0.3212724709,0.3158256665,0.3095672326,0.3024532577,0.294424945,0.2854023989,0.2752741042,0.2638794842,0.250976829,0.2361784983,0.2188023198,0.1974522507,0.168315741,0.1002396496
56820,0.3382893112,0.3379409666,0.3368947143,0.3351466333,0.3326896472,0.3295136651,0.325604476,0.3209430635,0.3155043533,0.3092551418,0.3021515462,0.2941348096,0.2851250926,0.2750109601,0.2636319521,0.2507465332,0.2359673346,0.2186126287,0.197287149,0.1681796238,0.1000840301
56880,0.3379347221,0.3375869083,0.3365422494,0.3347968256,0.3323435644,0.3291723793,0.3252690672,0.3206146217,0.3151839833,0.308943969,0.3018507244,0.2938455326,0.2848486101,0.2747486019,0.2633851646,0.2505169372,0.2357568224,0.2184235374,0.1971225935,0.1680440094,0.09992913245
56940,0.3375811668,0.3372338825,0.3361908124,0.3344480386,0.3319984919,0.3288320907,0.3249346391,0.3202871416,0.3148645528,0.3086337105,0.3015507887,0.2935571103,0.2845729477,0.2744870261,0.2631391184,0.250288038,0.2355469586,0.2182350429,0.1969585814,0.1679088948,0.09977495273
57000,0.3372286413,0.336881885,0.3358403994,0.3341002682,0.3316544257,0.3284927951,0.324601188,0.3199606192,0.314546058,0.3083243626,0.3012517354,0.2932695392,0.2842981021,0.2742262294,0.2628938102,0.2500598322,0.2353377401,0.2180471421,0.1967951097,0.1677742767,0.0996214868
57060,0.3368771414,0.3365309118,0.3354910062,0.3337535103,0.3313113617,0.3281544887,0.3242687099,0.3196350507,0.3142284951,0.3080159215,0.3009535609,0.2929828156,0.2840240698,0.2739662083,0.2626492368,0.2498323167,0.2351291639,0.2178598321,0.1966321754,0.1676401521,0.0994687306
57120,0.3365266633,0.3361809587,0.3351426288,0.3334077609,0.3309692961,0.3278171674,0.3239372009,0.3193104323,0.3139118602,0.3077083835,0.3006562614,0.2926969361,0.2837508473,0.2737069596,0.2624053949,0.2496054884,0.2349212269,0.21767311,0.1964697756,0.1675065177,0.09931668009
57180,0.3361772027,0.3358320218,0.3347952632,0.333063016,0.3306282248,0.3274808273,0.3236066571,0.3189867602,0.3135961496,0.3074017449,0.3003598335,0.2924118971,0.2834784311,0.27344848,0.2621622813,0.2493793441,0.2347139262,0.2174869727,0.1963079074,0.1673733706,0.09916533124
57240,0.3358287558,0.335484097,0.3344489055,0.3327192717,0.3302881439,0.3271454646,0.3232770746,0.3186640304,0.3132813596,0.307096002,0.3000642734,0.2921276951,0.2832068179,0.273190766,0.2619198927,0.2491538808,0.2345072586,0.2173014174,0.1961465679,0.1672407077,0.09901468006
57300,0.3354813184,0.3351371804,0.3341035515,0.332376524,0.3299490495,0.3268110752,0.3229484495,0.3183422393,0.3129674865,0.3067911512,0.2997695777,0.2918443265,0.2829360043,0.2729338143,0.261678226,0.2489290953,0.2343012213,0.2171164412,0.1959857543,0.1671085258,0.09886472258
57360,0.3351348866,0.3347912679,0.3337591973,0.3320347689,0.3296109376,0.3264776554,0.3226207782,0.3180213831,0.3126545264,0.3064871889,0.2994757427,0.291561788,0.2826659868,0.2726776218,0.261437278,0.2487049846,0.2340958112,0.2169320412,0.1958254637,0.1669768222,0.09871545485
57420,0.3347894565,0.3344463556,0.333415839,0.3316940024,0.3292738043,0.3261452013,0.3222940567,0.3177014579,0.3123424758,0.3061841113,0.2991827649,0.2912800761,0.2823967621,0.2724221852,0.2611970456,0.2484815456,0.2338910254,0.2167482146,0.1956656932,0.1668455936,0.09856687293
57480,0.3344450241,0.3341024396,0.3330734727,0.3313542208,0.3289376457,0.3258137091,0.3219682812,0.3173824601,0.312031331,0.305881915,0.2988906408,0.2909991872,0.2821283269,0.2721675011,0.2609575255,0.2482587753,0.2336868609,0.2165649584,0.1955064402,0.1667148372,0.09841897292
57540,0.3341015854,0.3337595159,0.3327320945,0.3310154201,0.3286024581,0.3254831748,0.321643448,0.3170643859,0.3117210882,0.3055805963,0.2985993669,0.2907191181,0.2818606778,0.2719135663,0.2607187146,0.2480366707,0.2334833149,0.2163822699,0.1953477017,0.1665845501,0.09827175094
57600,0.3337591366,0.3334175806,0.3323917004,0.3306775964,0.3282682375,0.3251535948,0.3213195533,0.3167472317,0.3114117439,0.3052801516,0.2983089396,0.2904398653,0.2815938116,0.2716603777,0.2604806099,0.2478152287,0.2332803845,0.2162001463,0.1951894751,0.1664547292,0.09812520313
57660,0.3334176737,0.3330766299,0.3320522865,0.3303407458,0.3279349801,0.3248249652,0.3209965933,0.3164309936,0.3111032944,0.3049805774,0.2980193555,0.2901614253,0.2813277248,0.2714079321,0.2602432082,0.2475944464,0.2330780667,0.2160185847,0.1950317575,0.1663253718,0.09797932564
57720,0.3330771928,0.3327366598,0.3317138491,0.3300048646,0.3276026821,0.3244972822,0.3206745644,0.3161156682,0.3107957361,0.3046818702,0.2977306112,0.2898837949,0.2810624142,0.2711562262,0.2600065065,0.2473743208,0.2328763587,0.2158375824,0.1948745464,0.1661964749,0.09783411465
57780,0.3327376902,0.3323976665,0.3313763842,0.3296699489,0.3272713397,0.3241705421,0.3203534628,0.3158012516,0.3104890654,0.3043840263,0.2974427031,0.2896069706,0.2807978767,0.2709052568,0.2597705017,0.247154849,0.2326752577,0.2156571367,0.1947178389,0.1660680358,0.09768956639
57840,0.332399162,0.3320596462,0.331039888,0.3293359948,0.3269409492,0.3238447411,0.3200332849,0.3154877403,0.3101832787,0.3040870424,0.2971556279,0.2893309491,0.2805341088,0.2706550209,0.2595351908,0.246936028,0.2324747608,0.2154772448,0.1945616324,0.1659400515,0.09754567706
57900,0.3320616042,0.3317225949,0.3307043568,0.3290029987,0.3266115067,0.3235198756,0.3197140269,0.3151751307,0.3098783725,0.3037909149,0.2968693822,0.2890557272,0.2802711074,0.2704055153,0.2593005707,0.2467178548,0.2322748653,0.215297904,0.1944059241,0.1658125193,0.09740244293
57960,0.3317250132,0.3313865091,0.3303697866,0.3286709567,0.3262830086,0.3231959418,0.3193956852,0.3148634191,0.3095743433,0.3034956404,0.2965839625,0.2887813014,0.2800088692,0.2701567369,0.2590666384,0.2465003266,0.2320755682,0.2151191116,0.1942507116,0.1656854364,0.09725986026
58020,0.3313893852,0.3310513847,0.3300361739,0.3283398651,0.325955451,0.322872936,0.3190782561,0.3145526019,0.3092711875,0.3032012153,0.2962993654,0.2885076685,0.2797473912,0.2699086826,0.2588333909,0.2462834406,0.2318768669,0.2149408649,0.1940959921,0.1655588001,0.09711792534
58080,0.3310547163,0.3307172181,0.3297035147,0.3280097201,0.3256288304,0.3225508546,0.3187617361,0.3142426756,0.3089689015,0.3029076363,0.2960155877,0.2882348252,0.2794866699,0.2696613493,0.2586008252,0.2460671937,0.2316787585,0.2147631613,0.193941763,0.1654326075,0.09697663449
58140,0.3307210027,0.3303840055,0.3293718054,0.327680518,0.3253031429,0.3222296939,0.3184461215,0.3139336366,0.308667482,0.3026148999,0.295732626,0.2879627682,0.2792267024,0.2694147339,0.2583689385,0.2458515832,0.2314812404,0.214585998,0.1937880217,0.165306856,0.09683598405
58200,0.3303882409,0.3300517432,0.3290410422,0.3273522551,0.324978385,0.3219094503,0.3181314087,0.3136254815,0.3083669253,0.3023230028,0.2954504769,0.2876914944,0.2789674855,0.2691688333,0.2581377276,0.2456366063,0.2312843097,0.2144093725,0.1936347657,0.165181543,0.09669597037
58260,0.3300564269,0.3297204274,0.3287112214,0.3270249278,0.3246545529,0.3215901201,0.3178175941,0.3133182065,0.3080672282,0.3020319415,0.2951691371,0.2874210004,0.2787090159,0.2689236446,0.2579071898,0.24542226,0.2310879638,0.2142332822,0.1934819923,0.1650566657,0.09655658984
58320,0.3297255572,0.3293900545,0.3283823393,0.3266985322,0.3243316431,0.3212716997,0.3175046742,0.3130118084,0.307768387,0.3017417126,0.2948886033,0.2871512831,0.2784512907,0.2686791647,0.257677322,0.2452085417,0.2308922,0.2140577243,0.1933296991,0.1649322214,0.09641783885
58380,0.329395628,0.3290606207,0.3280543923,0.3263730649,0.3240096518,0.3209541856,0.3171926455,0.3127062834,0.3074703985,0.3014523128,0.2946088722,0.2868823392,0.2781943066,0.2684353907,0.2574481214,0.2449954484,0.2306970156,0.2138826965,0.1931778836,0.1648082076,0.09627971383
58440,0.3290666356,0.3287321225,0.3277273766,0.3260485222,0.3236885756,0.3206375741,0.3168815044,0.3124016283,0.3071732591,0.3011637388,0.2943299406,0.2866141657,0.2779380606,0.2681923194,0.257219585,0.2447829775,0.2305024079,0.213708196,0.1930265431,0.1646846216,0.09614221123
58500,0.3287385764,0.328404556,0.3274012887,0.3257249003,0.3233684107,0.3203218618,0.3165712474,0.3120978395,0.3068769655,0.3008759872,0.2940518053,0.2863467592,0.2776825497,0.267949948,0.2569917101,0.2445711261,0.2303083743,0.2135342204,0.1928756753,0.1645614609,0.0960053275
58560,0.3284114468,0.3280779177,0.3270761249,0.3254021958,0.3230491536,0.320007045,0.3162618709,0.3117949136,0.3065815143,0.3005890547,0.2937744629,0.2860801167,0.2774277707,0.2677082734,0.2567644938,0.2443598916,0.2301149121,0.2133607671,0.1927252777,0.1644387229,0.09586905913
58620,0.3280852431,0.327752204,0.3267518816,0.325080405,0.3227308008,0.3196931203,0.3159533716,0.3114928471,0.3062869021,0.300302938,0.2934979103,0.285814235,0.2771737206,0.2674672928,0.2565379331,0.2441492711,0.2299220188,0.2131878336,0.1925753478,0.1643164051,0.09573340264
58680,0.3277599617,0.3274274112,0.3264285553,0.3247595244,0.3224133487,0.3193800842,0.315645746,0.3111916367,0.3059931256,0.3000176338,0.2932221442,0.285549111,0.2769203965,0.2672270031,0.2563120254,0.243939262,0.2297296916,0.2130154174,0.1924258832,0.1641945048,0.09559835455
58740,0.327435599,0.3271035358,0.3261061422,0.3244395504,0.3220967938,0.3190679331,0.3153389906,0.3108912789,0.3057001814,0.2997331389,0.2929471615,0.2852847417,0.2766677951,0.2669874016,0.2560867677,0.2437298616,0.2295379281,0.2128435159,0.1922768814,0.1640730197,0.09546391141
58800,0.3271121514,0.3267805742,0.3257846389,0.3241204794,0.3217811325,0.3187566635,0.3150331019,0.3105917704,0.3054080663,0.29944945,0.292672959,0.2850211238,0.2764159137,0.2667484853,0.2558621574,0.2435210671,0.2293467256,0.2126721268,0.1921283401,0.1639519472,0.09533006978
58860,0.3267896154,0.3264585228,0.3254640418,0.323802308,0.3214663614,0.3184462721,0.3147280767,0.3102931078,0.3051167768,0.2991665639,0.2923995336,0.2847582544,0.2761647492,0.2665102512,0.2556381915,0.243312876,0.2291560816,0.2125012476,0.1919802569,0.1638312849,0.09519682627
58920,0.3264679874,0.3261373781,0.3251443474,0.3234850325,0.321152477,0.3181367553,0.3144239113,0.3099952877,0.3048263099,0.2988844774,0.292126882,0.2844961303,0.2759142986,0.2662726966,0.2554148674,0.2431052855,0.2289659936,0.2123308758,0.1918326294,0.1637110303,0.09506417748
58980,0.3261472639,0.3258171366,0.3248255522,0.3231686497,0.3208394758,0.3178281098,0.3141206026,0.3096983069,0.304536662,0.2986031872,0.2918550012,0.2842347486,0.2756645589,0.2660358186,0.2551921823,0.2428982931,0.228776459,0.212161009,0.1916854553,0.1635911809,0.09493212005
59040,0.3258274413,0.3254977947,0.3245076526,0.3228531558,0.3205273543,0.3175203321,0.313818147,0.309402162,0.3042478301,0.2983226901,0.291583888,0.2839741061,0.2754155273,0.2657996143,0.2549701334,0.242691896,0.2285874752,0.2119916449,0.1915387322,0.1634717345,0.09480065062
59100,0.3255085163,0.3251793489,0.3241906453,0.3225385475,0.3202161092,0.3172134188,0.3135165414,0.3091068497,0.3039598108,0.2980429831,0.2913135394,0.2837142,0.2751672008,0.2655640809,0.2547487181,0.2424860918,0.2283990399,0.2118227809,0.1913924578,0.1633526885,0.09466976587
59160,0.3251904852,0.3248617958,0.3238745266,0.3222248214,0.319905737,0.3169073665,0.3132157822,0.3088123667,0.303672601,0.2977640629,0.2910439523,0.2834550271,0.2749195765,0.2653292156,0.2545279335,0.2422808777,0.2282111505,0.2116544148,0.1912466297,0.1632340407,0.0945394625
59220,0.3248733447,0.324545132,0.3235592933,0.321911974,0.3195962343,0.3166021719,0.3129158662,0.3085187098,0.3033861974,0.2974859264,0.2907751236,0.2831965846,0.2746726516,0.2650950156,0.2543077772,0.2420762512,0.2280238045,0.2114865441,0.1911012459,0.1631157887,0.09440973721
59280,0.3245570912,0.3242293539,0.3232449417,0.3216000018,0.3192875977,0.3162978316,0.3126167901,0.3082258756,0.3031005968,0.2972085704,0.2905070502,0.2829388693,0.274426423,0.2648614781,0.2540882463,0.2418722097,0.2278369996,0.2113191666,0.1909563038,0.1629979301,0.09428058675
59340,0.3242417213,0.3239144581,0.3229314686,0.3212889016,0.3189798238,0.3159943423,0.3123185505,0.307933861,0.3028157961,0.2969319919,0.2902397291,0.2826818785,0.274180888,0.2646286004,0.2538693382,0.2416687507,0.2276507332,0.2111522798,0.1908118014,0.1628804626,0.09415200786
59400,0.3239272317,0.3236004412,0.3226188705,0.3209786698,0.3186729093,0.3156917007,0.3120211443,0.3076426627,0.302531792,0.2966561877,0.2899731573,0.282425609,0.2739360437,0.2643963797,0.2536510502,0.2414658717,0.2274650029,0.2109858815,0.1906677363,0.1627633839,0.09402399731
59460,0.3236136188,0.3232872998,0.322307144,0.3206693032,0.3183668509,0.3153899034,0.3117245681,0.3073522775,0.3022485814,0.2963811548,0.2897073317,0.2821700581,0.2736918873,0.2641648133,0.2534333797,0.2412635701,0.2272798063,0.2108199694,0.1905241063,0.1626466919,0.09389655191
59520,0.3233008794,0.3229750306,0.3219962857,0.3203607983,0.3180616452,0.3150889472,0.3114288187,0.3070627022,0.3019661613,0.29610689,0.2894422495,0.2819152228,0.2734484159,0.2639338983,0.2532163242,0.2410618434,0.227095141,0.2106545411,0.1903809092,0.1625303841,0.09376966846
59580,0.32298901,0.32266363,0.3216862923,0.3200531518,0.3177572889,0.3147888287,0.3111338929,0.3067739337,0.3016845284,0.2958333904,0.2891779075,0.2816611001,0.2732056268,0.2637036322,0.2529998809,0.2408606891,0.2269110046,0.2104895944,0.1902381429,0.1624144583,0.0936433438
59640,0.3226780072,0.3223530949,0.3213771604,0.3197463605,0.3174537786,0.3144895447,0.3108397874,0.3064859687,0.3014036796,0.2955606529,0.2889143029,0.2814076873,0.2729635171,0.2634740123,0.2527840473,0.2406601047,0.2267273948,0.2103251271,0.1900958051,0.1622989124,0.09351757478
59700,0.3223678678,0.3220434218,0.3210688867,0.3194404209,0.3171511112,0.3141910921,0.310546499,0.3061988041,0.3011236119,0.2952886744,0.2886514326,0.2811549814,0.272722084,0.2632450358,0.2525688208,0.2404600878,0.2265443093,0.2101611368,0.1899538937,0.1621837442,0.09339235827
59760,0.3220585884,0.3217346074,0.3207614679,0.3191353299,0.3168492834,0.3138934674,0.3102540246,0.3059124367,0.3008443222,0.295017452,0.2883892938,0.2809029796,0.2724813249,0.2630167,0.2523541989,0.2402606358,0.2263617455,0.2099976214,0.1898124066,0.1620689513,0.09326769117
59820,0.3217501656,0.3214266484,0.3204549007,0.318831084,0.3165482918,0.3135966676,0.309962361,0.3056268636,0.3005658074,0.2947469826,0.2881278834,0.280651679,0.2722412369,0.2627890024,0.252140179,0.2400617465,0.2261797013,0.2098345786,0.1896713415,0.1619545318,0.09314357038
59880,0.3214425962,0.3211195416,0.3201491818,0.3185276801,0.3162481333,0.3133006894,0.309671505,0.3053420814,0.3002880644,0.2944772633,0.2878671987,0.2804010768,0.2720018173,0.2625619402,0.2519267585,0.2398634172,0.2259981743,0.2096720063,0.1895306964,0.1618404833,0.09301999283
59940,0.3211358769,0.3208132835,0.3198443079,0.3182251149,0.3159488046,0.3130055296,0.3093814534,0.3050580872,0.3000110903,0.2942082911,0.2876072367,0.2801511702,0.2717630634,0.2623355109,0.2517139349,0.2396656457,0.2258171622,0.2095099022,0.1893904692,0.1617268038,0.09289695547
60000,0.3208300044,0.320507871,0.3195402757,0.3179233852,0.3156503025,0.312711185,0.3090922031,0.3047748778,0.299734882,0.2939400631,0.2873479945,0.2799019564,0.2715249725,0.2621097118,0.2515017058,0.2394684295,0.2256366627,0.2093482641,0.1892506578,0.1616134912,0.09277445527
60060,0.3205249755,0.3202033008,0.3192370821,0.3176224877,0.3153526239,0.3124176526,0.3088037511,0.3044924503,0.2994594365,0.2936725762,0.2870894693,0.2796534326,0.2712875418,0.2618845403,0.2512900686,0.2392717662,0.2254566736,0.20918709,0.1891112601,0.1615005433,0.09265248922
60120,0.3202207868,0.3198995696,0.3189347238,0.3173224192,0.3150557655,0.3121249291,0.3085160942,0.3042108014,0.2991847507,0.2934058276,0.2868316581,0.2794055961,0.2710507687,0.2616599939,0.2510790208,0.2390756534,0.2252771926,0.2090263776,0.188972274,0.1613879581,0.09253105431
60180,0.3199174353,0.3195966743,0.3186331976,0.3170231766,0.3147597242,0.3118330113,0.3082292293,0.3039299283,0.2989108218,0.2931398143,0.2865745582,0.279158444,0.2708146506,0.26143607,0.25086856,0.2388800888,0.2250982174,0.2088661248,0.1888336976,0.1612757335,0.09241014759
60240,0.3196149176,0.3192946116,0.3183325002,0.3167247566,0.3144644968,0.3115418963,0.3079431534,0.3036498278,0.2986376468,0.2928745335,0.2863181667,0.2789119736,0.2705791847,0.2612127659,0.2506586836,0.2386850701,0.2249197458,0.2087063294,0.1886955287,0.1611638674,0.09228976608
60300,0.3193132306,0.3189933783,0.3180326286,0.3164271561,0.3141700802,0.3112515809,0.3076578633,0.303370497,0.2983652226,0.2926099823,0.2860624809,0.2786661822,0.2703443684,0.2609900792,0.2504493894,0.2384905948,0.2247417755,0.2085469895,0.1885577654,0.1610523578,0.09216990685
60360,0.3190123711,0.3186929713,0.3177335795,0.3161303719,0.3138764712,0.310962062,0.3073733561,0.3030919329,0.2980935464,0.2923461577,0.2858074978,0.2784210671,0.270110199,0.2607680073,0.2502406747,0.2382966608,0.2245643045,0.2083881028,0.1884204056,0.1609412026,0.09205056697
60420,0.3187123359,0.3183933873,0.3174353497,0.3158344009,0.3135836668,0.3106733365,0.3070896286,0.3028141324,0.2978226152,0.292083057,0.2855532148,0.2781766256,0.2698766741,0.2605465477,0.2500325373,0.2381032655,0.2243873304,0.2082296673,0.1882834474,0.1608304,0.09193174355
60480,0.3184131218,0.3180946233,0.3171379362,0.31553924,0.3132916639,0.3103854013,0.306806678,0.3025370927,0.2975524261,0.2918206772,0.2852996291,0.2779328549,0.2696437909,0.2603256979,0.2498249747,0.2379104069,0.224210851,0.2080716809,0.1881468887,0.1607199478,0.09181343371
60540,0.3181147257,0.317796676,0.3168413358,0.3152448861,0.3130004593,0.3100982535,0.3065245011,0.3022608107,0.2972829763,0.2915590156,0.2850467378,0.2776897524,0.2694115468,0.2601054554,0.2496179844,0.2377180825,0.2240348643,0.2079141415,0.1880107276,0.1606098441,0.09169563457
60600,0.3178171445,0.3174995424,0.3165455454,0.314951336,0.3127100501,0.3098118899,0.3062430951,0.3019852835,0.2970142628,0.2912980694,0.2847945383,0.2774473155,0.2691799393,0.2598858177,0.2494115642,0.2375262901,0.2238593681,0.2077570472,0.1878749623,0.160500087,0.09157834328
60660,0.3175203751,0.3172032194,0.3162505619,0.3146585868,0.3124204331,0.3095263076,0.3059624568,0.3017105082,0.2967462828,0.2910378356,0.2845430277,0.2772055414,0.2689489659,0.2596667823,0.2492057116,0.2373350275,0.2236843601,0.2076003959,0.1877395906,0.1603906744,0.09146155703
60720,0.3172244144,0.3169077038,0.3159563821,0.3143666353,0.3121316053,0.3092415036,0.3056825834,0.3014364819,0.2964790333,0.2907783116,0.2842922035,0.2769644275,0.2687186239,0.2594483468,0.2490004244,0.2371442924,0.2235098383,0.2074441854,0.1876046107,0.1602816045,0.09134527298
60780,0.3169292592,0.3166129925,0.3156630031,0.3140754784,0.3118435636,0.3089574748,0.3054034719,0.3011632016,0.2962125117,0.2905194945,0.2840420628,0.2767239713,0.2684889108,0.2592305087,0.2487957,0.2369540825,0.2233358006,0.207288414,0.1874700207,0.1601728754,0.09122948836
60840,0.3166349065,0.3163190826,0.3153704218,0.3137851132,0.3115563052,0.3086742183,0.3051251193,0.3008906646,0.2959467149,0.2902613816,0.2837926031,0.27648417,0.2682598241,0.2590132656,0.2485915363,0.2367643957,0.2231622448,0.2071330795,0.1873358186,0.1600644851,0.09111420038
60900,0.3163413533,0.3160259709,0.3150786351,0.3134955365,0.3112698269,0.3083917312,0.3048475228,0.3006188678,0.2956816403,0.2900039701,0.2835438215,0.2762450211,0.2680313613,0.2587966151,0.2483879309,0.2365752297,0.2229891688,0.2069781799,0.1872020027,0.1599564318,0.09099940629
60960,0.3160485965,0.3157336544,0.31478764,0.3132067455,0.3109841258,0.3081100103,0.3045706794,0.3003478085,0.295417285,0.2897472573,0.2832957154,0.276006522,0.2678035199,0.2585805547,0.2481848815,0.2363865823,0.2228165706,0.2068237134,0.187068571,0.1598487135,0.09088510333
61020,0.315756633,0.31544213,0.3144974335,0.3129187371,0.310699199,0.307829053,0.3042945862,0.3000774837,0.2951536462,0.2894912405,0.2830482823,0.27576867,0.2675762973,0.2583650821,0.2479823857,0.2361984513,0.2226444481,0.2066696779,0.1869355216,0.1597413285,0.0907712888
61080,0.3154654599,0.3151513948,0.3142080125,0.3126315082,0.3104150433,0.3075488561,0.3040192403,0.2998078908,0.2948907211,0.2892359169,0.2828015193,0.2755314628,0.2673496912,0.2581501949,0.2477804414,0.2360108347,0.2224727992,0.2065160714,0.1868028528,0.1596342749,0.09065795997
61140,0.3151750741,0.3148614458,0.3139193741,0.312345056,0.310131656,0.3072694168,0.3037446389,0.2995390267,0.294628507,0.2889812838,0.282555424,0.2752948976,0.2671236989,0.2579358906,0.2475790462,0.2358237301,0.2223016218,0.2063628921,0.1866705626,0.1595275508,0.09054511415
61200,0.3148854726,0.3145722799,0.3136315154,0.3120593775,0.3098490341,0.3069907322,0.3034707792,0.2992708888,0.2943670012,0.2887273386,0.2823099936,0.275058972,0.2668983182,0.2577221671,0.2473781979,0.2356371355,0.222130914,0.2062101381,0.1865386493,0.1594211545,0.09043274869
61260,0.3145966526,0.3142838942,0.3133444333,0.3117744697,0.3095671746,0.3067127993,0.3031976582,0.2990034742,0.2941062008,0.2884740786,0.2820652256,0.2748236834,0.2666735465,0.2575090218,0.2471778943,0.2354510486,0.2219606737,0.2060578073,0.186407111,0.1593150842,0.09032086091
61320,0.3143086109,0.3139962857,0.3130581248,0.3114903298,0.3092860747,0.3064356155,0.3029252731,0.2987367802,0.2938461031,0.288221501,0.2818211174,0.2745890293,0.2664493814,0.2572964525,0.246978133,0.2352654675,0.2217908989,0.205905898,0.1862759459,0.159209338,0.09020944818
61380,0.3140213446,0.3137094515,0.3127725871,0.3112069547,0.3090057314,0.3061591777,0.3026536212,0.2984708039,0.2935867055,0.2879696033,0.2815776664,0.2743550072,0.2662258205,0.2570844568,0.2467789119,0.2350803899,0.2216215876,0.2057544081,0.1861451523,0.1591039142,0.09009850787
61440,0.3137348509,0.3134233887,0.3124878173,0.3109243415,0.3087261419,0.3058834831,0.3023826995,0.2982055427,0.2933280052,0.2877183829,0.28133487,0.2741216147,0.2660028613,0.2568730324,0.2465802288,0.2348958138,0.2214527377,0.205603336,0.1860147284,0.158998811,0.08998803738
61500,0.3134491268,0.3131380942,0.3122038124,0.3106424875,0.3084473033,0.3056085289,0.3021125054,0.2979409937,0.2930699995,0.287467837,0.2810927257,0.2738888491,0.2657805016,0.2566621771,0.2463820814,0.2347117371,0.2212843474,0.2054526796,0.1858846724,0.1588940267,0.08987803412
61560,0.3131641693,0.3128535653,0.3119205694,0.3103613897,0.3081692127,0.3053343122,0.301843036,0.2976771543,0.2928126858,0.2872179631,0.2808512309,0.2736567082,0.2655587389,0.2564518885,0.2461844676,0.2345281576,0.2211164146,0.2053024371,0.1857549825,0.1587895595,0.08976849551
61620,0.3128799756,0.312569799,0.3116380857,0.3100810451,0.3078918674,0.3050608304,0.3015742885,0.2974140217,0.2925560614,0.2869687585,0.2806103831,0.2734251893,0.2653375708,0.2562421643,0.2459873851,0.2343450733,0.2209489374,0.2051526067,0.185625657,0.1586854078,0.089659419
61680,0.3125965428,0.3122867924,0.3113563581,0.3098014511,0.3076152644,0.3047880805,0.3013062603,0.2971515932,0.2923001236,0.2867202207,0.2803701798,0.2731942901,0.265116995,0.2560330023,0.245790832,0.2341624822,0.2207819138,0.2050031865,0.1854966943,0.1585815698,0.08955080204
61740,0.312313868,0.3120045426,0.311075384,0.3095226047,0.3073394011,0.3045160597,0.3010389486,0.2968898661,0.2920448699,0.2864723472,0.2801306184,0.2729640081,0.2648970091,0.2558244003,0.2455948058,0.2339803822,0.220615342,0.2048541748,0.1853680925,0.1584780439,0.08944264212
61800,0.3120319483,0.3117230469,0.3107951604,0.3092445032,0.3070642744,0.3042447654,0.3007723505,0.2966288377,0.2917902975,0.2862251352,0.2798916965,0.272734341,0.2646776108,0.255616356,0.2453993046,0.2337987713,0.2204492199,0.2047055697,0.18523985,0.1583748283,0.08933493671
61860,0.311750781,0.3114423023,0.3105156846,0.3089671436,0.3067898818,0.3039741947,0.3005064635,0.2963685054,0.2915364039,0.2859785824,0.2796534116,0.2725052863,0.2644587978,0.2554088671,0.2452043262,0.2336176474,0.2202835456,0.2045573694,0.185111965,0.1582719214,0.08922768334
61920,0.3114703631,0.311162306,0.3102369536,0.3086905232,0.3065162204,0.303704345,0.3002412849,0.2961088665,0.2912831864,0.285732686,0.2794157612,0.2722768415,0.2642405677,0.2552019314,0.2450098685,0.2334370085,0.2201183174,0.2044095721,0.1849844359,0.1581693215,0.08912087951
61980,0.3111906918,0.3108830553,0.3099589648,0.3084146392,0.3062432873,0.3034352134,0.2999768118,0.2958499184,0.2910306425,0.2854874437,0.2791787429,0.2720490044,0.2640229184,0.2549955468,0.2448159293,0.2332568527,0.2199535332,0.2042621761,0.1848572611,0.158067027,0.08901452278
62040,0.3109117644,0.3106045472,0.3096817152,0.3081394888,0.30597108,0.3031667973,0.2997130417,0.2955916583,0.2907787695,0.2852428529,0.2789423541,0.2718217726,0.2638058473,0.254789711,0.2446225066,0.2330771779,0.2197891912,0.2041151796,0.1847304387,0.1579650363,0.08890861068
62100,0.310633578,0.310326779,0.3094052022,0.3078650693,0.3056995956,0.3028990939,0.2994499718,0.2953340838,0.290527565,0.284998911,0.2787065925,0.2715951436,0.2635893524,0.2545844218,0.2444295982,0.2328979821,0.2196252895,0.2039685808,0.1846039673,0.1578633477,0.0888031408
62160,0.3103561298,0.310049748,0.3091294228,0.3075913779,0.3054288314,0.3026321005,0.2991875996,0.2950771922,0.2902770263,0.2847556156,0.2784714556,0.2713691152,0.2633734313,0.2543796771,0.2442372022,0.2327192634,0.2194618262,0.203822378,0.1844778452,0.1577619597,0.08869811072
62220,0.3100794171,0.3097734513,0.3088543745,0.3073184119,0.3051587847,0.3023658145,0.2989259223,0.2948209808,0.2900271509,0.2845129643,0.278236941,0.271143685,0.2631580817,0.2541754747,0.2440453163,0.2325410198,0.2192987996,0.2036765694,0.1843520707,0.1576608706,0.08859351804
62280,0.3098034372,0.3094978861,0.3085800544,0.3070461684,0.3048894528,0.3021002333,0.2986649373,0.2945654472,0.2897779364,0.2842709544,0.2780030464,0.2709188506,0.2629433015,0.2539718125,0.2438539387,0.2323632493,0.2191362077,0.2035311534,0.1842266422,0.1575600789,0.08848936037
62340,0.3095281871,0.3092230499,0.3083064597,0.3067746449,0.3046208329,0.301835354,0.2984046421,0.2943105887,0.28952938,0.2840295836,0.2777697693,0.2706946098,0.2627290884,0.2537686882,0.2436630672,0.2321859501,0.2189740487,0.2033861281,0.1841015581,0.1574595829,0.08838563535
62400,0.3092536643,0.3089489397,0.3080335879,0.3065038387,0.3043529225,0.3015711741,0.298145034,0.2940564027,0.2892814795,0.2837888495,0.2775371073,0.2704709603,0.2625154401,0.2535660998,0.2434726997,0.2320091202,0.2188123209,0.203241492,0.1839768168,0.1573593813,0.08828234061
62460,0.308979866,0.3086755529,0.3077614361,0.3062337469,0.3040857189,0.301307691,0.2978861104,0.2938028868,0.2890342321,0.2835487495,0.2773050581,0.2702478997,0.2623023545,0.2533640452,0.2432828343,0.2318327576,0.2186510224,0.2030972433,0.1838524167,0.1572594723,0.08817947383
62520,0.3087067895,0.3084028868,0.3074900017,0.3059643669,0.3038192193,0.301044902,0.2976278687,0.2935500383,0.2887876356,0.2833092813,0.2770736193,0.2700254258,0.2620898293,0.2531625222,0.243093469,0.2316568605,0.2184901514,0.2029533803,0.1837283563,0.1571598544,0.08807703267
62580,0.3084344321,0.3081309387,0.307219282,0.3056956962,0.3035534212,0.3007828045,0.2973703063,0.2932978548,0.2885416873,0.2830704424,0.2768427885,0.2698035363,0.2618778624,0.2529615287,0.2429046017,0.2314814269,0.2183297061,0.2028099013,0.183604634,0.1570605262,0.08797501484
62640,0.3081627911,0.3078597059,0.3069492742,0.3054277319,0.3032883219,0.3005213959,0.2971134208,0.2930463338,0.2882963849,0.2828322305,0.2766125635,0.2695822289,0.2616664516,0.2527610627,0.2427162305,0.231306455,0.2181696847,0.2026668047,0.1834812481,0.1569614861,0.08787341802
62700,0.3078918638,0.3075891857,0.3066799759,0.3051604715,0.3030239187,0.3002606736,0.2968572094,0.2927954726,0.2880517258,0.2825946431,0.2763829419,0.2693615014,0.2614555947,0.252561122,0.2425283533,0.2311319429,0.2180100855,0.2025240889,0.1833581973,0.1568627327,0.08777223994
62760,0.3076216475,0.3073193755,0.3064113842,0.3048939124,0.3027602092,0.3000006351,0.2966016698,0.2925452689,0.2878077077,0.2823576778,0.2761539214,0.2691413515,0.2612452895,0.2523617046,0.2423409682,0.2309578888,0.2178509068,0.2023817522,0.1832354799,0.1567642644,0.08767147835
62820,0.3073521397,0.3070502726,0.3061434965,0.3046280518,0.3024971907,0.2997412778,0.2963467994,0.2922957202,0.287564328,0.2821213324,0.2759254997,0.2689217771,0.2610355339,0.2521628085,0.2421540733,0.2307842906,0.2176921467,0.2022397929,0.1831130944,0.1566660797,0.08757113097
62880,0.3070833376,0.3067818744,0.3058763103,0.3043628873,0.3022348605,0.2994825991,0.2960925956,0.2920468239,0.2873215845,0.2818856044,0.2756976744,0.2687027759,0.2608263259,0.2519644315,0.2419676666,0.2306111467,0.2175338035,0.2020982095,0.1829910393,0.1565681773,0.08747119559
62940,0.3068152387,0.3065141783,0.3056098229,0.3040984161,0.3019732162,0.2992245964,0.2958390559,0.2917985777,0.2870794746,0.2816504915,0.2754704434,0.2684843456,0.2606176631,0.2517665717,0.2417817461,0.2304384552,0.2173758755,0.2019570002,0.1828693132,0.1564705555,0.08737166997
63000,0.3065478402,0.3062471815,0.3053440317,0.3038346358,0.3017122552,0.2989672674,0.295586178,0.291550979,0.286837996,0.2814159914,0.2752438043,0.2682664842,0.2604095436,0.251569227,0.2415963098,0.2302662142,0.217218361,0.2018161636,0.1827479144,0.1563732131,0.0872725519
63060,0.3062811397,0.3059808817,0.3050789341,0.3035715437,0.3014519749,0.2987106093,0.2953339591,0.2913040255,0.2865971464,0.2811821017,0.2750177549,0.2680491894,0.2602019652,0.2513723954,0.241411356,0.230094422,0.2170612583,0.201675698,0.1826268415,0.1562761485,0.08717383919
63120,0.3060151345,0.305715276,0.3048145276,0.3033091373,0.3011923727,0.2984546198,0.2950823971,0.2910577147,0.2863569232,0.2809488201,0.274792293,0.267832459,0.2599949258,0.2511760749,0.2412268827,0.2299230766,0.2169045656,0.2015356018,0.182506093,0.1561793604,0.08707552967
63180,0.3057498221,0.3054503621,0.3045508095,0.3030474141,0.3009334462,0.2981992963,0.2948314892,0.2908120441,0.2861173242,0.2807161443,0.2745674162,0.2676162908,0.2597884234,0.2509802635,0.2410428879,0.2297521764,0.2167482814,0.2013958735,0.1823856676,0.1560828473,0.08697762115
63240,0.3054851998,0.3051861372,0.3042877773,0.3027863714,0.3006751929,0.2979446363,0.2945812331,0.2905670115,0.285878347,0.280484072,0.2743431224,0.2674006828,0.2595824558,0.2507849593,0.2408593698,0.2295817195,0.2165924038,0.2012565114,0.1822655636,0.1559866078,0.0868801115
63300,0.3052212651,0.3049225989,0.3040254285,0.3025260068,0.3004176102,0.2976906374,0.2943316265,0.2903226144,0.2856399893,0.2802526009,0.2741194094,0.2671856327,0.259377021,0.2505901601,0.2406763265,0.2294117041,0.2164369312,0.2011175141,0.1821457797,0.1558906405,0.08678299857
63360,0.3049580155,0.3046597445,0.3037637606,0.3022663177,0.3001606956,0.2974372972,0.2940826667,0.2900788504,0.2854022487,0.2800217288,0.2738962748,0.2669711385,0.259172117,0.2503958641,0.2404937561,0.2292421285,0.216281862,0.20097888,0.1820263144,0.1557949441,0.08668628024
63420,0.3046954483,0.3043975717,0.3035027709,0.3020073017,0.2999044466,0.297184613,0.2938343515,0.2898357172,0.285165123,0.2797914534,0.2736737167,0.266757198,0.2589677417,0.2502020693,0.2403116567,0.2290729909,0.2161271945,0.2008406075,0.1819071663,0.1556995171,0.08658995438
63480,0.3044335612,0.3041360778,0.303242457,0.3017489562,0.2996488609,0.2969325826,0.2935866784,0.2895932123,0.2849286097,0.2795617725,0.2734517327,0.266543809,0.258763893,0.2500087737,0.2401300266,0.2289042895,0.215972927,0.200702695,0.1817883339,0.1556043582,0.08649401892
63540,0.3041723516,0.3038752603,0.3029828164,0.3014912787,0.2993939359,0.2966812034,0.293339645,0.2893513335,0.2846927067,0.2793326837,0.2732303206,0.2663309696,0.258560569,0.2498159755,0.2399488638,0.2287360227,0.215819058,0.2005651412,0.1816698159,0.1555094661,0.08639847174
63600,0.3039118169,0.3036151167,0.3027238466,0.3012342669,0.2991396691,0.2964304732,0.2930932489,0.2891100784,0.2844574116,0.2791041849,0.2730094784,0.2661186775,0.2583577675,0.2496236726,0.2397681665,0.2285681886,0.2156655857,0.2004279445,0.1815516109,0.1554148394,0.0863033108
63660,0.3036519547,0.3033556446,0.3024655452,0.3009779181,0.2988860582,0.2961803893,0.2928474878,0.2888694446,0.2842227221,0.2788762739,0.2727892039,0.2659069308,0.2581554867,0.2494318633,0.2395879329,0.2284007856,0.2155125087,0.2002911032,0.1814337174,0.1553204768,0.08620853402
63720,0.3033927625,0.3030968415,0.3022079096,0.30072223,0.2986331006,0.2959309495,0.2926023594,0.28862943,0.283988636,0.2786489484,0.2725694949,0.2656957272,0.2579537246,0.2492405454,0.2394081612,0.2282338119,0.2153598252,0.2001546161,0.1813161341,0.155226377,0.08611413935
63780,0.3031342379,0.3028387048,0.3019509374,0.3004672002,0.2983807941,0.2956821514,0.2923578612,0.288390032,0.283755151,0.2784222063,0.2723503492,0.2654850649,0.257752479,0.2490497172,0.2392288495,0.2280672658,0.2152075337,0.2000184815,0.1811988596,0.1551325386,0.08602012477
63840,0.3028763783,0.3025812322,0.3016946261,0.3002128261,0.2981291361,0.2954339926,0.2921139909,0.2881512486,0.2835222649,0.2781960453,0.2721317648,0.2652749417,0.2575517481,0.2488593768,0.2390499961,0.2279011457,0.2150556326,0.1998826981,0.1810818925,0.1550389603,0.08592648826
63900,0.3026191813,0.3023244212,0.3014389734,0.2999591055,0.2978781243,0.2951864707,0.2918707462,0.2879130772,0.2832899755,0.2779704633,0.2719137396,0.2650653555,0.2573515299,0.2486695223,0.2388715992,0.2277354498,0.2149041202,0.1997472642,0.1809652314,0.1549456409,0.08583322781
63960,0.3023626446,0.3020682694,0.3011839767,0.2997060358,0.2976277563,0.2949395834,0.2916281247,0.2876755158,0.2830582804,0.2777454581,0.2716962713,0.2648563044,0.2571518224,0.2484801518,0.238693657,0.2275701764,0.2147529951,0.1996121786,0.1808488751,0.154852579,0.08574034142
64020,0.3021067656,0.3018127743,0.3009296337,0.2994536147,0.2973780298,0.2946933282,0.2913861243,0.287438562,0.2828271776,0.2775210276,0.2714793581,0.2646477862,0.2569526237,0.2482912634,0.2385161677,0.2274053239,0.2146022556,0.1994774396,0.1807328221,0.1547597735,0.08564782711
64080,0.3018515419,0.3015579335,0.300675942,0.2992018397,0.2971289423,0.294447703,0.2911447424,0.2872022136,0.2825966647,0.2772971695,0.2712629976,0.2644397991,0.2567539319,0.2481028553,0.2383391295,0.2272408907,0.2144519002,0.1993430459,0.1806170712,0.1546672229,0.08555568292
64140,0.3015969711,0.3013037446,0.3004228992,0.2989507086,0.2968804915,0.2942027054,0.290903977,0.2869664683,0.2823667397,0.2770738819,0.271047188,0.264232341,0.2565557449,0.2479149256,0.2381625408,0.227076875,0.2143019274,0.1992089961,0.180501621,0.1545749261,0.08546390688
64200,0.3013430509,0.3010502053,0.3001705029,0.2987002189,0.2966326751,0.293958333,0.2906638257,0.2867313239,0.2821374002,0.2768511624,0.270831927,0.2640254098,0.256358061,0.2477274726,0.2379863997,0.2269132752,0.2141523356,0.1990752886,0.1803864702,0.1544828818,0.08537249704
64260,0.3010897789,0.3007973131,0.2999187507,0.2984503683,0.2963854907,0.2937145835,0.2904242862,0.2864967782,0.2819086442,0.2766290091,0.2706172127,0.2638190037,0.2561608781,0.2475404943,0.2378107046,0.2267500897,0.2140031233,0.1989419221,0.1802716175,0.1543910888,0.08528145148
64320,0.3008371527,0.3005450657,0.2996676403,0.2982011545,0.296138936,0.2934714547,0.2901853563,0.2862628289,0.2816804695,0.2764074197,0.270403043,0.2636131206,0.2559641945,0.247353989,0.2376354537,0.2265873169,0.2138542889,0.1988088952,0.1801570615,0.1542995459,0.08519076827
64380,0.3005851698,0.3002934607,0.2994171693,0.2979525751,0.2958930087,0.2932289443,0.2899470337,0.2860294739,0.2814528739,0.2761863923,0.2701894159,0.2634077585,0.2557680081,0.2471679548,0.2374606452,0.2264249551,0.213705831,0.1986762065,0.1800428011,0.1542082517,0.08510044552
64440,0.3003338281,0.3000424958,0.2991673353,0.2977046277,0.2956477066,0.29298705,0.2897093162,0.2857967109,0.2812258552,0.2759659246,0.2699763293,0.2632029155,0.2555723171,0.24698239,0.2372862775,0.2262630027,0.213557748,0.1985438546,0.1799288348,0.1541172052,0.08501048131
64500,0.300083125,0.2997921687,0.2989181362,0.2974573102,0.2954030272,0.2927457695,0.2894722016,0.2855645378,0.2809994114,0.2757460147,0.2697637812,0.2629985897,0.2553771196,0.2467972928,0.2371123489,0.2261014581,0.2134100384,0.198411838,0.1798151615,0.1540264051,0.08492087378
64560,0.2998330584,0.2995424769,0.2986695694,0.2972106201,0.2951589684,0.2925051006,0.2892356876,0.2853329524,0.2807735403,0.2755266605,0.2695517697,0.2627947791,0.2551824139,0.2466126613,0.2369388577,0.2259403197,0.2132627008,0.1982801554,0.1797017798,0.1539358501,0.08483162103
64620,0.2995836258,0.2992934182,0.2984216328,0.2969645552,0.2949155278,0.2922650411,0.288999772,0.2851019525,0.2805482398,0.2753078599,0.2693402926,0.2625914817,0.2549881979,0.2464284939,0.2367658021,0.225779586,0.2131157336,0.1981488055,0.1795886885,0.1538455392,0.08474272123
64680,0.299334825,0.2990449903,0.298174324,0.2967191132,0.2946727032,0.2920255887,0.2887644527,0.284871536,0.2803235078,0.2750896108,0.2691293481,0.2623886957,0.2547944699,0.2462447886,0.2365931806,0.2256192553,0.2129691354,0.1980177868,0.1794758864,0.1537554712,0.0846541725
64740,0.2990866536,0.2987971908,0.2979276407,0.2964742918,0.2944304923,0.2917867412,0.2885297275,0.2846417008,0.2800993421,0.2748719112,0.2689189341,0.2621864192,0.254601228,0.2460615439,0.2364209914,0.2254593261,0.2128229047,0.197887098,0.1793633721,0.1536656448,0.08456597303
64800,0.2988391094,0.2985500176,0.2976815807,0.2962300887,0.294188893,0.2915484963,0.2882955942,0.2844124446,0.2798757408,0.274654759,0.2687090486,0.2619846502,0.2544084704,0.2458787579,0.2362492329,0.2252997968,0.2126770401,0.1977567378,0.1792511446,0.1535760589,0.08447812097
64860,0.2985921901,0.2983034682,0.2974361416,0.2959865018,0.2939479029,0.2913108519,0.2880620505,0.2841837654,0.2796527017,0.2744381523,0.2684996898,0.2617833868,0.2542161953,0.2456964289,0.2360779034,0.2251406659,0.2125315402,0.1976267049,0.1791392024,0.1534867123,0.08439061453
64920,0.2983458934,0.2980575405,0.2971913213,0.2957435287,0.2937075199,0.2910738059,0.2878290945,0.283955661,0.2794302227,0.2742220891,0.2682908556,0.2615826271,0.2540244008,0.2455145551,0.2359070014,0.2249819318,0.2123864033,0.1974969978,0.1790275445,0.153397604,0.08430345189
64980,0.298100217,0.2978122322,0.2969471175,0.2955011673,0.2934677418,0.2908373559,0.2875967238,0.2837281294,0.2792083018,0.2740065673,0.2680825442,0.2613823694,0.2538330852,0.2453331349,0.2357365251,0.224823593,0.2122416282,0.1973676152,0.1789161695,0.1533087327,0.08421663126
65040,0.2978551588,0.297567541,0.2967035279,0.2952594153,0.2932285662,0.2906014999,0.2873649364,0.2835011685,0.278986937,0.2737915849,0.2678747535,0.2611826116,0.2536422467,0.2451521666,0.2355664729,0.2246656479,0.2120972134,0.197238556,0.1788050763,0.1532200974,0.08413015087
65100,0.2976107164,0.2973234647,0.2964605503,0.2950182705,0.2929899912,0.2903662356,0.2871337302,0.2832747761,0.2787661261,0.2735771399,0.2676674816,0.260983352,0.2534518834,0.2449716483,0.2353968433,0.2245080951,0.2119531575,0.1971098186,0.1786942637,0.1531316969,0.08404400894
65160,0.2973668877,0.2970800011,0.2962181825,0.2947777306,0.2927520143,0.2901315609,0.2869031029,0.2830489502,0.2785458673,0.2733632304,0.2674607267,0.2607845887,0.2532619937,0.2447915785,0.2352276346,0.224350933,0.2118094591,0.1969814019,0.1785837305,0.15304353,0.08395820372
65220,0.2971236703,0.2968371479,0.2959764223,0.2945377936,0.2925146336,0.2898974738,0.2866730526,0.2828236887,0.2783261584,0.2731498544,0.2672544867,0.2605863199,0.2530725756,0.2446119554,0.2350588451,0.2241941601,0.2116661167,0.1968533045,0.1784734755,0.1529555958,0.08387273346
65280,0.2968810622,0.296594903,0.2957352674,0.2942984572,0.2922778469,0.2896639719,0.2864435772,0.2825989895,0.2781069974,0.27293701,0.2670487599,0.2603885436,0.2528836276,0.2444327774,0.2348904734,0.2240377749,0.211523129,0.1967255252,0.1783634975,0.1528678931,0.08378759642
65340,0.296639061,0.2963532641,0.2954947158,0.2940597192,0.2920416519,0.2894310533,0.2862146744,0.2823748507,0.2778883824,0.2727246951,0.2668435443,0.2601912582,0.2526951477,0.2442540427,0.2347225179,0.2238817759,0.2113804946,0.1965980626,0.1782537954,0.1527804207,0.08370279089
65400,0.2963976646,0.2961122291,0.2952547652,0.2938215775,0.2918060465,0.2891987158,0.2859863423,0.2821512701,0.2776703113,0.2725129079,0.2666388381,0.2599944617,0.2525071343,0.2440757498,0.2345549768,0.2237261616,0.2112382121,0.1964709155,0.1781443679,0.1526931777,0.08361831514
65460,0.2961568709,0.2958717958,0.2950154134,0.2935840299,0.2915710287,0.2889669572,0.2857585787,0.2819282457,0.2774527821,0.2723016464,0.2664346393,0.2597981524,0.2523195857,0.2438978969,0.2343878488,0.2235709306,0.2110962801,0.1963440826,0.178035214,0.152606163,0.08353416747
65520,0.2959166776,0.2956319619,0.2947766583,0.2933470743,0.2913365962,0.2887357756,0.2855313817,0.2817057756,0.2772357929,0.2720909086,0.2662309461,0.2596023284,0.2521325,0.2437204824,0.2342211322,0.2234160814,0.2109546972,0.1962175627,0.1779263325,0.1525193754,0.08345034619
65580,0.2956770826,0.2953927254,0.2945384977,0.2931107085,0.291102747,0.2885051687,0.2853047491,0.2814838576,0.2770193418,0.2718806928,0.2660277567,0.2594069881,0.2519458757,0.2435435047,0.2340548254,0.2232616125,0.2108134621,0.1960913545,0.1778177221,0.1524328139,0.08336684961
65640,0.2954380837,0.2951540841,0.2943009295,0.2928749305,0.2908694789,0.2882751346,0.2850786789,0.2812624899,0.2768034267,0.2716709969,0.2658250692,0.2592121295,0.2517597109,0.2433669622,0.2338889269,0.2231075224,0.2106725735,0.1959654567,0.1777093819,0.1523464775,0.08328367607
65700,0.2951996788,0.2949160358,0.2940639516,0.292639738,0.29063679,0.2880456712,0.2848531691,0.2810416703,0.2765880456,0.271461819,0.2656228817,0.2590177509,0.251574004,0.2431908531,0.2337234353,0.2229538098,0.21053203,0.1958398682,0.1776013107,0.152260365,0.08320082391
65760,0.2949618657,0.2946785785,0.2938275618,0.292405129,0.290404678,0.2878167763,0.2846282176,0.2808213969,0.2763731968,0.2712531574,0.2654211924,0.2588238506,0.2513887533,0.243015176,0.2335583488,0.2228004732,0.2103918302,0.1957145877,0.1774935073,0.1521744756,0.08311829147
65820,0.2947246424,0.2944417099,0.293591758,0.2921711014,0.2901731409,0.287588448,0.2844038225,0.2806016678,0.2761588781,0.27104501,0.2652199996,0.2586304268,0.2512039571,0.2428399291,0.2333936661,0.2226475111,0.2102519728,0.1955896139,0.1773859706,0.1520888081,0.08303607711
65880,0.2944880067,0.2942054281,0.2933565381,0.2919376531,0.2899421766,0.2873606842,0.2841799817,0.2803824809,0.2759450878,0.2708373751,0.2650193013,0.2584374778,0.2510196137,0.2426651109,0.2332293856,0.2224949222,0.2101124566,0.1954649456,0.1772786995,0.1520033615,0.0829541792
65940,0.2942519564,0.2939697308,0.2931219001,0.2917047821,0.2897117831,0.2871334829,0.2839566932,0.2801638343,0.2757318238,0.2706302507,0.2648190958,0.2582450017,0.2508357214,0.2424907198,0.2330655058,0.2223427049,0.2099732801,0.1953405817,0.177171693,0.1519181348,0.08287259612
66000,0.2940164896,0.293734616,0.2928878417,0.2914724861,0.2894819583,0.286906842,0.283733955,0.2799457261,0.2755190844,0.270423635,0.2646193814,0.2580529969,0.2506522786,0.2423167543,0.2329020251,0.222190858,0.2098344421,0.1952165209,0.1770649498,0.151833127,0.08279132626
66060,0.2937816041,0.2935000815,0.2926543611,0.2912407633,0.2892527002,0.2866807596,0.2835117652,0.2797281543,0.2753068675,0.2702175262,0.2644201561,0.2578614617,0.2504692836,0.2421432126,0.2327389422,0.22203938,0.2096959412,0.1950927621,0.176958469,0.151748337,0.08271036803
66120,0.2935472977,0.2932661254,0.292421456,0.2910096115,0.2890240067,0.2864552336,0.2832901218,0.2795111169,0.2750951713,0.2700119224,0.2642214182,0.2576703942,0.2502867349,0.2419700933,0.2325762555,0.2218882694,0.2095577762,0.194969304,0.1768522495,0.151663764,0.08262971982
66180,0.2933135686,0.2930327456,0.2921891244,0.2907790286,0.2887958759,0.286230262,0.2830690227,0.2792946121,0.2748839939,0.2698068218,0.2640231659,0.2574797929,0.2501046306,0.2417973948,0.2324139635,0.221737525,0.2094199458,0.1948461454,0.1767462901,0.1515794068,0.08254938007
66240,0.2930804146,0.2927999399,0.2919573643,0.2905490127,0.2885683057,0.2860058429,0.2828484662,0.2790786379,0.2746733334,0.2696022226,0.2638253976,0.257289656,0.2499229692,0.2416251156,0.2322520648,0.2215871453,0.2092824486,0.1947232852,0.1766405898,0.1514952645,0.08246934719
66300,0.2928478335,0.2925677064,0.2917261737,0.2903195618,0.288341294,0.2857819743,0.2826284501,0.2788631924,0.2744631881,0.2693981229,0.2636281113,0.2570999819,0.2497417492,0.241453254,0.2320905579,0.2214371289,0.2091452835,0.1946007222,0.1765351475,0.1514113361,0.08238961964
66360,0.2926158235,0.292336043,0.2914955504,0.2900906737,0.288114839,0.2855586541,0.2824089726,0.2786482738,0.2742535559,0.269194521,0.2634313054,0.2569107687,0.2495609688,0.2412818086,0.2319294413,0.2212874746,0.2090084491,0.1944784552,0.1764299622,0.1513276207,0.08231019585
66420,0.2923843825,0.2921049477,0.2912654926,0.2898623465,0.2878889386,0.2853358805,0.2821900318,0.27843388,0.2740444351,0.268991415,0.2632349782,0.2567220149,0.2493806264,0.2411107778,0.2317687135,0.2211381808,0.2088719442,0.1943564831,0.1763250328,0.1512441173,0.08223107429
66480,0.2921535084,0.2918744184,0.2910359981,0.2896345783,0.2876635909,0.2851136515,0.2819716257,0.2782200094,0.2738358239,0.2687888032,0.2630391279,0.2565337188,0.2492007205,0.2409401601,0.2316083733,0.2209892464,0.2087357675,0.1942348047,0.1762203583,0.1511608249,0.08215225342
66540,0.2919231992,0.2916444531,0.2908070649,0.2894073669,0.2874387938,0.2848919651,0.2817537524,0.2780066599,0.2736277203,0.2685866837,0.2628437527,0.2563458788,0.2490212494,0.2407699539,0.231448419,0.2208406698,0.2085999178,0.1941134189,0.1761159376,0.1510777426,0.08207373173
66600,0.2916934529,0.2914150498,0.2905786912,0.2891807105,0.2872145454,0.2846708194,0.28153641,0.2777938296,0.2734201227,0.2683850549,0.262648851,0.256158493,0.2488422117,0.2406001578,0.2312888493,0.2206924498,0.2084643938,0.1939923245,0.1760117698,0.1509948695,0.08199550769
66660,0.2914642676,0.2911862066,0.2903508748,0.288954607,0.2869908437,0.2844502124,0.2813195966,0.2775815169,0.2732130291,0.2681839149,0.262454421,0.2559715601,0.2486636056,0.2404307703,0.2311296628,0.2205445851,0.2083291942,0.1938715204,0.1759078537,0.1509122045,0.08191757981
66720,0.2912356411,0.2909579214,0.2901236138,0.2887290545,0.2867676869,0.2842301424,0.2811033103,0.2773697197,0.2730064377,0.267983262,0.2622604611,0.2557850782,0.2484854296,0.2402617898,0.230970858,0.2203970743,0.208194318,0.1937510054,0.1758041883,0.1508297467,0.08183994659
66780,0.2910075716,0.2907301923,0.2898969062,0.288504051,0.286545073,0.2840106072,0.2808875492,0.2771584363,0.2728003468,0.2677830945,0.2620669695,0.2555990457,0.2483076822,0.2400932149,0.2308124335,0.2202499161,0.2080597637,0.1936307785,0.1757007727,0.1507474954,0.08176260655
66840,0.2907800571,0.2905030173,0.2896707501,0.2882795947,0.2863229999,0.2837916052,0.2806723116,0.2769476648,0.2725947546,0.2675834105,0.2618739446,0.2554134611,0.2481303618,0.2399250441,0.2306543879,0.2201031092,0.2079255303,0.1935108385,0.1755976059,0.1506654494,0.0816855582
66900,0.2905530956,0.2902763944,0.2894451434,0.2880556834,0.2861014659,0.2835731342,0.2804575954,0.2767374034,0.2723896593,0.2673842084,0.2616813847,0.2552283226,0.2479534668,0.2397572759,0.2304967199,0.2199566523,0.2077916164,0.1933911844,0.1754946867,0.1505836079,0.08160880009
66960,0.2903266851,0.2900503217,0.2892200844,0.2878323154,0.2858804691,0.2833551926,0.2802433989,0.2765276503,0.2721850591,0.2671854865,0.2614892881,0.2550436288,0.2477769958,0.2395899088,0.230339428,0.219810544,0.207658021,0.1932718149,0.1753920143,0.15050197,0.08153233075
67020,0.2901008237,0.2898247972,0.288995571,0.2876094886,0.2856600074,0.2831377783,0.2800297203,0.2763184036,0.2719809523,0.2669872429,0.2612976531,0.254859378,0.2476009471,0.2394229414,0.2301825108,0.2196647831,0.2075247427,0.1931527291,0.1752895876,0.1504205348,0.08145614874
67080,0.2898755095,0.289599819,0.2887716013,0.2873872013,0.285440079,0.2829208895,0.2798165575,0.2761096616,0.271777337,0.2667894761,0.2611064782,0.2546755685,0.2474253192,0.2392563722,0.2300259671,0.2195193683,0.2073917805,0.1930339258,0.1751874056,0.1503393013,0.08138025262
67140,0.2896507405,0.2893753851,0.2885481733,0.2871654514,0.2852206821,0.2827045244,0.279603909,0.2759014225,0.2715742116,0.2665921843,0.2609157616,0.2544921989,0.2472501107,0.2390901998,0.2298697954,0.2193742984,0.207259133,0.1929154039,0.1750854674,0.1502582688,0.08130464094
67200,0.2894265148,0.2891514938,0.2883252852,0.286944237,0.2850018147,0.2824886811,0.2793917727,0.2756936845,0.2713715742,0.2663953658,0.2607255017,0.2543092675,0.24707532,0.2389244227,0.2297139943,0.2192295719,0.2071267992,0.1927971623,0.174983772,0.1501774363,0.0812293123
67260,0.2892028305,0.2889281429,0.2881029351,0.2867235564,0.284783475,0.2822733577,0.279180147,0.2754864458,0.2711694233,0.266199019,0.2605356969,0.2541267728,0.2469009456,0.2387590396,0.2295585625,0.2190851877,0.2069947778,0.1926792001,0.1748823184,0.1500968029,0.08115426528
67320,0.2889796856,0.2887053307,0.2878811211,0.2865034075,0.2845656611,0.2820585525,0.2789690299,0.2752797047,0.2709677569,0.2660031421,0.2603463456,0.2539447131,0.246726986,0.2385940489,0.2294034986,0.2189411446,0.2068630677,0.192561516,0.1747811057,0.1500163678,0.08107949847
67380,0.2887570784,0.2884830552,0.2876598412,0.2862837886,0.2843483712,0.2818442636,0.2787584198,0.2750734593,0.2707665735,0.2658077334,0.260157446,0.253763087,0.2465534397,0.2384294492,0.2292488014,0.2187974411,0.2067316677,0.1924441091,0.1746801329,0.1499361301,0.08100501048
67440,0.2885350069,0.2882613145,0.2874390937,0.2860646977,0.2841316034,0.2816304891,0.2785483148,0.2748677079,0.2705658713,0.2656127914,0.2599689967,0.2535818929,0.2463803052,0.2382652392,0.2290944694,0.2186540762,0.2066005766,0.1923269783,0.174579399,0.1498560889,0.08093079991
67500,0.2883134691,0.2880401068,0.2872188766,0.2858461331,0.2839153559,0.2814172273,0.2783387131,0.2746624489,0.2703656486,0.2654183143,0.2597809961,0.2534011292,0.2462075811,0.2381014174,0.2289405014,0.2185110485,0.2064697934,0.1922101225,0.1744789031,0.1497762433,0.08085686539
67560,0.2880924633,0.2878194303,0.286999188,0.2856280928,0.2836996269,0.2812044764,0.278129613,0.2744576804,0.2701659037,0.2652243006,0.2595934424,0.2532207945,0.2460352658,0.2379379824,0.228786896,0.2183683568,0.2063393168,0.1920935407,0.1743786443,0.1496965926,0.08078320555
67620,0.2878719876,0.2875992829,0.2867800262,0.285410575,0.2834844145,0.2809922345,0.2779210126,0.2742534007,0.2699666349,0.2650307485,0.2594063342,0.2530408871,0.2458633579,0.2377749329,0.2286336518,0.2182259999,0.2062091458,0.1919772318,0.1742786216,0.1496171359,0.08070981903
67680,0.2876520401,0.287379663,0.2865613892,0.2851935779,0.2832697169,0.2807804999,0.2777129103,0.2740496081,0.2697678405,0.2648376564,0.2592196698,0.2528614055,0.245691856,0.2376122674,0.2284807677,0.2180839766,0.2060792791,0.1918611948,0.1741788341,0.1495378723,0.08063670447
67740,0.287432619,0.2871605685,0.2863432753,0.2849770997,0.2830555323,0.2805692708,0.2775053043,0.2738463008,0.2695695189,0.2646450228,0.2590334478,0.2526823483,0.2455207586,0.2374499845,0.2283282423,0.2179422856,0.2059497157,0.1917454287,0.1740792808,0.149458801,0.08056386052
67800,0.2872137224,0.2869419978,0.2861256826,0.2847611385,0.2828418589,0.2803585454,0.2772981928,0.2736434773,0.2693716684,0.2644528459,0.2588476664,0.2525037139,0.2453500642,0.237288083,0.2281760742,0.2178009257,0.2058204544,0.1916299325,0.1739799609,0.1493799212,0.08049128584
67860,0.2869953485,0.2867239489,0.2859086092,0.2845456925,0.282628695,0.280148322,0.2770915741,0.2734411357,0.2691742874,0.2642611242,0.2586623241,0.2523255008,0.2451797715,0.2371265614,0.2280242623,0.2176598957,0.2056914941,0.1915147051,0.1738808734,0.149301232,0.08041897912
67920,0.2867774954,0.2865064201,0.2856920534,0.28433076,0.2824160387,0.2799385987,0.2768854465,0.2732392744,0.2689773741,0.2640698561,0.2584774195,0.2521477075,0.2450098789,0.2369654183,0.2278728051,0.2175191945,0.2055628338,0.1913997455,0.1737820174,0.1492227327,0.08034693901
67980,0.2865601614,0.2862894095,0.2854760134,0.2841163391,0.2822038882,0.2797293739,0.2766798082,0.2730378916,0.2687809269,0.2638790399,0.2582929509,0.2519703326,0.244840385,0.2368046524,0.2277217015,0.2173788207,0.2054344722,0.1912850528,0.1736833921,0.1491444224,0.08027516422
68040,0.2863433447,0.2860729153,0.2852604873,0.2839024281,0.2819922419,0.2795206458,0.2764746576,0.2728369858,0.2685849442,0.2636886741,0.2581089169,0.2517933745,0.2446712885,0.2366442624,0.2275709501,0.2172387733,0.2053064083,0.1911706258,0.1735849964,0.1490663003,0.08020365344
68100,0.2861270434,0.2858569358,0.2850454734,0.2836890251,0.2817810979,0.2793124127,0.276269993,0.2726365552,0.2683894245,0.2634987571,0.2579253158,0.2516168318,0.244502588,0.2364842469,0.2274205497,0.217099051,0.205178641,0.1910564637,0.1734868295,0.1489883655,0.08013240536
68160,0.2859112557,0.2856414691,0.2848309699,0.2834761285,0.2815704546,0.2791046728,0.2760658125,0.2724365982,0.2681943659,0.2633092873,0.2577421461,0.251440703,0.2443342819,0.2363246046,0.2272704991,0.2169596526,0.2050511693,0.1909425653,0.1733888906,0.1489106174,0.08006141869
68220,0.2856959799,0.2854265134,0.284616975,0.2832637364,0.28136031,0.2788974244,0.2758621146,0.2722371132,0.267999767,0.2631202632,0.2575594064,0.2512649867,0.244166369,0.2361653341,0.2271207969,0.2168205771,0.2049239919,0.1908289298,0.1732911787,0.1488330552,0.07999069217
68280,0.2854812142,0.285212067,0.284403487,0.2830518471,0.2811506626,0.2786906658,0.2756588976,0.2720380984,0.2678056261,0.2629316831,0.2573770951,0.2510896813,0.2439988477,0.2360064341,0.226971442,0.2166818231,0.2047971079,0.1907155562,0.173193693,0.1487556779,0.0799202245
68340,0.2852669568,0.2849981281,0.284190504,0.2828404588,0.2809415106,0.2784843953,0.2754561598,0.2718395522,0.2676119416,0.2627435456,0.2571952107,0.2509147855,0.2438317168,0.2358479033,0.226822433,0.2165433896,0.2046705162,0.1906024434,0.1730964325,0.1486784849,0.07985001443
68400,0.285053206,0.284784695,0.2839780243,0.2826295699,0.2807328522,0.2782786113,0.2752538995,0.2716414731,0.267418712,0.262555849,0.2570137518,0.2507402978,0.2436649749,0.2356897404,0.2266737687,0.2164052755,0.2045442157,0.1904895905,0.1729993965,0.1486014753,0.07978006069
68460,0.2848399599,0.2845717658,0.2837660463,0.2824191785,0.2805246858,0.2780733119,0.275052115,0.2714438593,0.2672259355,0.2623685919,0.2568327167,0.2505662167,0.2434986206,0.2355319441,0.226525448,0.2162674794,0.2044182053,0.1903769966,0.172902584,0.1485246485,0.07971036203
68520,0.2846272169,0.2843593389,0.2835545681,0.2822092829,0.2803170096,0.2778684956,0.2748508047,0.2712467092,0.2670336108,0.2621817726,0.2566521041,0.2503925409,0.2433326524,0.2353745131,0.2263774696,0.2161300004,0.204292484,0.1902646606,0.1728059942,0.1484480035,0.07964091722
68580,0.2844149752,0.2841474125,0.283343588,0.2819998815,0.280109822,0.2776641607,0.2746499671,0.2710500213,0.2668417361,0.2619953898,0.2564719125,0.2502192689,0.2431670691,0.235217446,0.2262298322,0.2159928372,0.2041670508,0.1901525816,0.1727096262,0.1483715398,0.079571725
68640,0.284203233,0.2839359848,0.2831331043,0.2817909725,0.2799031212,0.2774603054,0.2744496003,0.270853794,0.26665031,0.2618094417,0.2562921403,0.2500463993,0.2430018694,0.2350607417,0.2260825347,0.2158559887,0.2040419045,0.1900407587,0.1726134792,0.1482952564,0.07950278416
68700,0.2839919887,0.2837250543,0.2829231152,0.2815825542,0.2796969056,0.2772569281,0.2742497028,0.2706580255,0.2664593308,0.2616239271,0.2561127862,0.2498739307,0.2428370517,0.2349043988,0.2259355758,0.2157194539,0.2039170442,0.1899291908,0.1725175523,0.1482191527,0.07943409347
68760,0.2837812405,0.283514619,0.2827136192,0.281374625,0.2794911734,0.2770540273,0.274050273,0.2704627144,0.266268797,0.2614388442,0.2559338486,0.2497018616,0.2426726149,0.234748416,0.2257889543,0.2155832315,0.2037924688,0.1898178772,0.1724218447,0.1481432279,0.07936565172
68820,0.2835709868,0.2833046774,0.2825046144,0.281167183,0.2792859231,0.2768516011,0.2738513092,0.2702678591,0.266078707,0.2612541916,0.2557553262,0.2495301907,0.2425085575,0.2345927921,0.2256426691,0.2154473205,0.2036681772,0.1897068168,0.1723263555,0.1480674812,0.0792974577
68880,0.2833612257,0.2830952277,0.2822960991,0.2809602268,0.279081153,0.2766496481,0.2736528098,0.270073458,0.2658890594,0.2610699679,0.2555772174,0.2493589167,0.2423448783,0.2344375258,0.225496719,0.2153117197,0.2035441686,0.1895960087,0.172231084,0.147991912,0.07922951021
68940,0.2831519557,0.2828862683,0.2820880718,0.2807537545,0.2788768613,0.2764481665,0.2734547733,0.2698795094,0.2656998526,0.2608861715,0.2553995208,0.249188038,0.2421815759,0.2342826158,0.2253511027,0.2151764281,0.2034204417,0.1894854519,0.1721360293,0.1479165194,0.07916180805
69000,0.282943175,0.2826777974,0.2818805307,0.2805477645,0.2786730466,0.2762471547,0.273257198,0.2696860119,0.265511085,0.260702801,0.255222235,0.2490175534,0.242018649,0.2341280609,0.2252058191,0.2150414445,0.2032969957,0.1893751456,0.1720411905,0.1478413028,0.07909435005
69060,0.2827348819,0.2824698133,0.2816734741,0.2803422552,0.278469707,0.2760466111,0.2730600823,0.2694929639,0.2653227552,0.2605198548,0.2550453586,0.2488474614,0.2418560963,0.2339738599,0.225060867,0.2149067678,0.2031738294,0.1892650888,0.1719465669,0.1477662614,0.07902713502
69120,0.2825270749,0.2822623145,0.2814669004,0.2801372249,0.278266841,0.2758465341,0.2728634247,0.2693003638,0.2651348616,0.2603373316,0.2548688902,0.2486777607,0.2416939164,0.2338200115,0.2249162452,0.214772397,0.203050942,0.1891552807,0.1718521576,0.1476913945,0.07896016179
69180,0.2823197521,0.2820552992,0.2812608079,0.2799326719,0.278064447,0.2756469222,0.2726672236,0.2691082102,0.2649474027,0.2601552298,0.2546928282,0.2485084499,0.2415321081,0.2336665145,0.2247719526,0.214638331,0.2029283323,0.1890457202,0.1717579618,0.1476167014,0.0788934292
69240,0.2821129119,0.2818487657,0.281055195,0.2797285947,0.2778625232,0.2754477736,0.2724714774,0.2689165013,0.264760377,0.259973548,0.2545171714,0.2483395277,0.2413706702,0.2335133676,0.224627988,0.2145045686,0.2028059995,0.1889364066,0.1716639787,0.1475421813,0.07882693609
69300,0.2819065528,0.2816427125,0.28085006,0.2795249915,0.2776610682,0.2752490868,0.2722761845,0.2687252358,0.2645737831,0.2597922847,0.2543419183,0.2481709928,0.2412096012,0.2333605696,0.2244843503,0.2143711089,0.2026839424,0.1888273388,0.1715702076,0.1474678336,0.07876068131
69360,0.2817006729,0.2814371379,0.2806454013,0.2793218608,0.2774600804,0.2750508603,0.2720813434,0.2685344121,0.2643876194,0.2596114385,0.2541670675,0.2480028437,0.2410488999,0.2332081193,0.2243410383,0.2142379506,0.2025621602,0.1887185161,0.1714766476,0.1473936576,0.07869466371
69420,0.2814952708,0.2812320402,0.2804412172,0.279119201,0.277259558,0.2748530924,0.2718869526,0.2683440287,0.2642018845,0.259431008,0.2539926177,0.2478350792,0.240888565,0.2330560155,0.2241980509,0.2141050929,0.2024406518,0.1886099374,0.1713832979,0.1473196526,0.07862888216
69480,0.2812903448,0.2810274178,0.2802375062,0.2789170104,0.2770594995,0.2746557815,0.2716930104,0.2681540841,0.2640165769,0.2592509917,0.2538185674,0.2476676979,0.2407285953,0.232904257,0.2240553869,0.2139725345,0.2023194162,0.188501602,0.1712901577,0.1472458178,0.07856333553
69540,0.2810858932,0.2808232691,0.2800342666,0.2787152874,0.2768599034,0.2744589262,0.2714995154,0.2679645767,0.2638316951,0.2590713882,0.2536449153,0.2475006985,0.2405689895,0.2327528426,0.2239130452,0.2138402745,0.2021984526,0.188393509,0.1711972263,0.1471721525,0.07849802269
69600,0.2808819144,0.2806195925,0.2798314968,0.2785140305,0.2766607681,0.2742625249,0.2713064661,0.2677755051,0.2636472376,0.2588921961,0.25347166,0.2473340796,0.2404097463,0.232601771,0.2237710247,0.2137083118,0.2020777599,0.1882856574,0.1711045028,0.1470986562,0.07843294253
69660,0.2806784069,0.2804163863,0.2796291952,0.278313238,0.2764620919,0.2740665759,0.2711138608,0.2675868678,0.2634632031,0.258713414,0.2532988002,0.24716784,0.2402508645,0.2324510412,0.2236293242,0.2135766454,0.2019573371,0.1881780464,0.1710119866,0.147025328,0.07836809394
69720,0.2804753689,0.280213649,0.2794273602,0.2781129084,0.2762638733,0.2738710778,0.2709216981,0.2673986632,0.26327959,0.2585350404,0.2531263344,0.2470019784,0.2400923428,0.2323006518,0.2234879427,0.2134452742,0.2018371833,0.1880706751,0.1709196768,0.1469521674,0.07830347581
69780,0.280272799,0.280011379,0.2792259903,0.2779130401,0.2760661108,0.273676029,0.2707299765,0.26721089,0.263096397,0.258357074,0.2529542613,0.2468364935,0.2399341801,0.2321506018,0.223346879,0.2133141971,0.2017172976,0.1879635427,0.1708275726,0.1468791736,0.07823908704
69840,0.2800706955,0.2798095746,0.2790250838,0.2777136315,0.2758688028,0.273481428,0.2705386945,0.2670235466,0.2629136225,0.2581795134,0.2527825797,0.2466713839,0.2397763749,0.2320008899,0.223206132,0.2131834132,0.201597679,0.1878566483,0.1707356733,0.146806346,0.07817492655
69900,0.2798690568,0.2796082344,0.2788246391,0.277514681,0.2756719478,0.2732872733,0.2703478506,0.2668366316,0.2627312652,0.2580023572,0.252611288,0.2465066483,0.2396189262,0.231851515,0.2230657007,0.2130529215,0.2014783265,0.1877499911,0.1706439782,0.1467336839,0.07811099325
69960,0.2796678814,0.2794073566,0.2786246548,0.2773161872,0.2754755442,0.2730935633,0.2701574432,0.2666501436,0.2625493236,0.2578256039,0.2524403851,0.2463422856,0.2394618327,0.2317024759,0.2229255838,0.2129227208,0.2013592392,0.1876435701,0.1705524864,0.1466611867,0.07804728606
70020,0.2794671676,0.2792069399,0.2784251292,0.2771181484,0.2752795904,0.2729002966,0.269967471,0.266464081,0.2623677963,0.2576492523,0.2522698696,0.2461782944,0.2393050931,0.2315537714,0.2227857804,0.2127928102,0.2012404162,0.1875373846,0.1704611973,0.1465888536,0.07798380392
70080,0.279266914,0.2790069825,0.2782260608,0.2769205631,0.2750840851,0.2727074716,0.2697779324,0.2662784424,0.262186682,0.257473301,0.2520997401,0.2460146734,0.2391487063,0.2314054005,0.2226462894,0.2126631887,0.2011218566,0.1874314337,0.17037011,0.1465166841,0.07792054575
70140,0.279067119,0.2788074829,0.2780274481,0.2767234299,0.2748890266,0.2725150869,0.2695888259,0.2660932264,0.2620059791,0.2572977486,0.2519299953,0.2458514214,0.2389926711,0.2312573619,0.2225071096,0.2125338553,0.2010035594,0.1873257166,0.1702792239,0.1464446774,0.07785751049
70200,0.278867781,0.2786084396,0.2778292894,0.276526747,0.2746944134,0.2723231409,0.2694001501,0.2659084315,0.2618256864,0.2571225936,0.251760634,0.245688537,0.2388369862,0.2311096546,0.22236824,0.2124048089,0.2008855237,0.1872202325,0.1701885381,0.146372833,0.0777946971
70260,0.2786688985,0.2784098511,0.2776315833,0.2763305131,0.274500244,0.2721316321,0.2692119036,0.2657240564,0.2616458023,0.2569478349,0.2515916547,0.2455260192,0.2386816504,0.2309622773,0.2222296795,0.2122760486,0.2007677485,0.1871149804,0.170098052,0.1463011502,0.07773210452
70320,0.2784704698,0.2782117158,0.2774343282,0.2761347266,0.2743065169,0.2719405592,0.2690240848,0.2655400995,0.2614663256,0.256773471,0.2514230563,0.2453638665,0.2385266626,0.2308152289,0.2220914271,0.2121475733,0.200650233,0.1870099596,0.1700077649,0.1462296284,0.07766973173
70380,0.2782724936,0.2780140321,0.2772375227,0.2759393859,0.2741132307,0.2717499205,0.2688366923,0.2653565595,0.2612872548,0.2565995007,0.2512548375,0.2452020779,0.2383720215,0.2306685084,0.2219534817,0.2120193822,0.2005329763,0.1869051692,0.169917676,0.1461582668,0.07760757767
70440,0.2780749683,0.2778167987,0.2770411651,0.2757444897,0.2739203839,0.2715597147,0.2686497248,0.265173435,0.2611085886,0.2564259224,0.2510869968,0.2450406519,0.238217726,0.2305221145,0.2218158422,0.2118914742,0.2004159775,0.1868006085,0.1698277845,0.1460870649,0.07754564133
70500,0.2778778923,0.2776200138,0.276845254,0.2755500363,0.2737279748,0.2713699403,0.2684631807,0.2649907246,0.2609303256,0.2562527351,0.2509195331,0.2448795874,0.2380637749,0.2303760463,0.2216785076,0.2117638482,0.2002992356,0.1866962767,0.1697380898,0.1460160221,0.07748392167
70560,0.2776812642,0.2774236761,0.2766497879,0.2753560244,0.2735360022,0.2711805958,0.2682770586,0.2648084268,0.2607524644,0.2560799372,0.2507524451,0.2447188832,0.237910167,0.2302303025,0.2215414768,0.2116365035,0.2001827497,0.1865921728,0.1696485911,0.1459451377,0.07742241769
70620,0.2774850824,0.277227784,0.2764547653,0.2751624524,0.2733444645,0.2709916798,0.2680913571,0.2646265403,0.2605750037,0.2559075275,0.2505857314,0.244558538,0.2377569011,0.230084882,0.2214047488,0.2115094389,0.200066519,0.1864882962,0.1695592878,0.1458744112,0.07736112838
70680,0.2772893455,0.2770323361,0.2762601847,0.2749693188,0.2731533603,0.2708031908,0.2679060748,0.2644450637,0.2603979422,0.2557355048,0.2504193909,0.2443985507,0.2376039762,0.2299397838,0.2212683226,0.2113826535,0.1999505426,0.186384646,0.169470179,0.1458038418,0.07730005272
70740,0.2770940519,0.2768373308,0.2760660446,0.2747766222,0.272962688,0.2706151274,0.2677212103,0.2642639956,0.2602212784,0.2555638676,0.2502534223,0.2442389199,0.237451391,0.2297950067,0.2211321971,0.2112561464,0.1998348196,0.1862812213,0.1693812642,0.145733429,0.07723918973
70800,0.2768992002,0.2766427666,0.2758723435,0.2745843611,0.2727724463,0.2704274882,0.2675367622,0.2640833346,0.260045011,0.2553926147,0.2500878243,0.2440796446,0.2372991443,0.2296505497,0.2209963714,0.2111299165,0.1997193492,0.1861780215,0.1692925426,0.1456631722,0.0771785384
70860,0.2767047888,0.2764486421,0.27567908,0.274392534,0.2725826337,0.2702402718,0.2673527291,0.2639030794,0.2598691388,0.2552217447,0.2499225956,0.2439207234,0.2371472351,0.2295064117,0.2208608443,0.211003963,0.1996041303,0.1860750458,0.1692040135,0.1455930707,0.07711809775
70920,0.2765108164,0.2762549558,0.2754862526,0.2742011395,0.2723932488,0.2700534767,0.2671691095,0.2637232286,0.2596936604,0.2550512565,0.2497577351,0.2437621553,0.2369956622,0.2293625915,0.2207256148,0.2108782849,0.1994891623,0.1859722932,0.1691156762,0.145523124,0.0770578668
70980,0.2763172814,0.2760617063,0.2752938599,0.2740101762,0.2722042901,0.2698671015,0.2669859021,0.2635437809,0.2595185744,0.2548811487,0.2495932414,0.243603939,0.2368444245,0.2292190882,0.220590682,0.2107528813,0.1993744441,0.1858697632,0.1690275301,0.1454533315,0.07699784457
71040,0.2761241824,0.2758688921,0.2751019003,0.2738196425,0.2720157562,0.2696811449,0.2668031056,0.2633647349,0.2593438795,0.25471142,0.2494291134,0.2434460733,0.2366935208,0.2290759006,0.2204560448,0.2106277512,0.199259975,0.1857674548,0.1689395744,0.1453836925,0.07693803009
71100,0.2759315179,0.2756765116,0.2749103725,0.2736295372,0.2718276457,0.2694956053,0.2666207184,0.2631860892,0.2591695745,0.2545420692,0.2492653498,0.243288557,0.2365429499,0.2289330277,0.2203217023,0.2105028936,0.1991457541,0.1856653673,0.1688518084,0.1453142065,0.0768784224
71160,0.2757392864,0.2754845636,0.274719275,0.2734398586,0.2716399572,0.2693104815,0.2664387394,0.2630078425,0.258995658,0.254373095,0.2491019494,0.243131389,0.2363927109,0.2287904684,0.2201876534,0.2103783077,0.1990317805,0.1855635,0.1687642316,0.1452448729,0.07681902054
71220,0.2755474866,0.2752930465,0.2745286063,0.2732506055,0.2714526892,0.269125772,0.2662571671,0.2628299935,0.2588221288,0.2542044961,0.248938911,0.2429745682,0.2362428025,0.2286482216,0.2200538971,0.2102539926,0.1989180534,0.185461852,0.1686768431,0.1451756911,0.07675982355
71280,0.275356117,0.2751019589,0.2743383651,0.2730617763,0.2712658404,0.2689414755,0.2660760001,0.2626525408,0.2586489855,0.2540362713,0.2487762333,0.2428180932,0.2360932236,0.2285062863,0.2199204325,0.2101299472,0.1988045719,0.1853604226,0.1685896424,0.1451066605,0.07670083049
71340,0.2751651762,0.2749112993,0.2741485499,0.2728733698,0.2710794094,0.2687575906,0.2658952372,0.2624754832,0.2584762268,0.2538684193,0.2486139152,0.2426619631,0.2359439732,0.2283646615,0.2197872586,0.2100061707,0.1986913353,0.1852592111,0.1685026287,0.1450377806,0.07664204041
71400,0.2749746627,0.2747210665,0.2739591592,0.2726853844,0.2708933948,0.2685741158,0.2657148768,0.2622988193,0.2583038515,0.2537009389,0.2484519555,0.2425061765,0.2357950501,0.228223346,0.2196543743,0.2098826622,0.1985783425,0.1851582167,0.1684158014,0.1449690507,0.07658345238
71460,0.2747845751,0.2745312588,0.2737701918,0.2724978188,0.2707077952,0.26839105,0.2655349179,0.2621225478,0.2581318583,0.2535338289,0.2482903529,0.2423507325,0.2356464532,0.2280823389,0.2195217787,0.2097594208,0.1984655929,0.1850574386,0.1683291598,0.1449004702,0.07652506547
71520,0.274594912,0.274341875,0.2735816462,0.2723106715,0.2705226092,0.2682083916,0.2653553588,0.2619466674,0.2579602459,0.253367088,0.2481291063,0.2421956297,0.2354981815,0.2279416391,0.2193894708,0.2096364455,0.1983530856,0.1849568761,0.1682427033,0.1448320388,0.07646687874
71580,0.274405672,0.2741529136,0.2733935209,0.2721239413,0.2703378354,0.2680261393,0.2651761985,0.2617711768,0.257789013,0.2532007149,0.2479682144,0.2420408672,0.2353502338,0.2278012456,0.2192574497,0.2095137354,0.1982408198,0.1848565284,0.1681564312,0.1447637556,0.07640889128
71640,0.2742168537,0.2739643732,0.2732058146,0.2719376267,0.2701534725,0.2678442918,0.2649974355,0.2615960747,0.2576181584,0.2530347085,0.2478076761,0.2418864437,0.2352026092,0.2276611574,0.2191257144,0.2093912897,0.1981287946,0.1847563949,0.1680703429,0.1446956203,0.07635110217
71700,0.2740284557,0.2737762524,0.273018526,0.2717517263,0.2699695191,0.2676628478,0.2648190685,0.2614213598,0.2574476808,0.2528690676,0.2476474903,0.2417323581,0.2350553064,0.2275213734,0.2189942639,0.2092691075,0.1980170092,0.1846564747,0.1679844377,0.1446276322,0.07629351051
71760,0.2738404765,0.2735885499,0.2728316535,0.2715662388,0.2697859739,0.2674818059,0.2646410962,0.2612470308,0.2572775791,0.2527037909,0.2474876557,0.2415786094,0.2349083244,0.2273818927,0.2188630973,0.2091471879,0.1979054629,0.1845567671,0.1678987149,0.1445597907,0.07623611538
71820,0.273652915,0.2734012642,0.2726451959,0.2713811628,0.2696028355,0.2673011648,0.2644635173,0.2610730865,0.2571078518,0.2525388772,0.2473281712,0.2414251963,0.2347616621,0.2272427141,0.2187322136,0.2090255299,0.1977941547,0.1844572715,0.167813174,0.1444920954,0.07617891588
71880,0.2734657695,0.273214394,0.2724591518,0.2711964969,0.2694201026,0.2671209231,0.2642863304,0.2608995255,0.2569384978,0.2523743253,0.2471690356,0.2412721177,0.2346153186,0.2271038367,0.2186016119,0.2089041328,0.1976830839,0.184357987,0.1677278143,0.1444245457,0.07612191112
71940,0.2732790388,0.2730279379,0.2722735198,0.2710122398,0.2692377738,0.2669410795,0.2641095344,0.2607263467,0.2567695159,0.252210134,0.2470102477,0.2411193726,0.2344692927,0.2269652596,0.2184712912,0.2087829956,0.1975722497,0.184258913,0.1676426351,0.144357141,0.07606510021
72000,0.2730927215,0.2728418945,0.2720882985,0.2708283901,0.2690558478,0.2667616328,0.2639331279,0.2605535487,0.2566009049,0.2520463021,0.2468518065,0.2409669599,0.2343235833,0.2268269816,0.2183412506,0.2086621175,0.1974616513,0.1841600487,0.1675576358,0.1442898807,0.07600848227
72060,0.2729068163,0.2726562625,0.2719034867,0.2706449466,0.2688743233,0.2665825816,0.2637571096,0.2603811303,0.2564326634,0.2518828285,0.2466937107,0.2408148784,0.2341781895,0.2266890018,0.2182114892,0.2085414975,0.1973512879,0.1840613934,0.1674728158,0.1442227644,0.07595205642
72120,0.2727213218,0.2724710406,0.2717190829,0.2704619078,0.2686931989,0.2664039246,0.2635814783,0.2602090903,0.2562647903,0.2517197119,0.2465359593,0.240663127,0.2340331101,0.2265513193,0.218082006,0.2084211349,0.1972411587,0.1839629464,0.1673881744,0.1441557915,0.07589582177
72180,0.2725362366,0.2722862273,0.2715350858,0.2702792724,0.2685124734,0.2662256605,0.2634062327,0.2600374273,0.2560972844,0.2515569512,0.246378551,0.2405117047,0.2338883442,0.226413933,0.2179528001,0.2083010288,0.1971312629,0.183864707,0.1673037111,0.1440889615,0.07583977747
72240,0.2723515593,0.2721018213,0.271351494,0.2700970392,0.2683321453,0.2660477881,0.2632313714,0.2598661402,0.2559301444,0.2513945452,0.2462214848,0.2403606104,0.2337438907,0.2262768419,0.2178238706,0.2081811782,0.1970215997,0.1837666744,0.1672194252,0.1440222738,0.07578392264
72300,0.2721672888,0.2719178214,0.2711683064,0.2699152067,0.2681522135,0.265870306,0.2630568933,0.2596952277,0.2557633692,0.2512324928,0.2460647595,0.2402098429,0.2335997485,0.226140045,0.2176952165,0.2080615824,0.1969121683,0.1836688481,0.1671353161,0.1439557279,0.07572825642
72360,0.2719834235,0.2717342261,0.2709855214,0.2697337737,0.2679726766,0.2656932129,0.2628827971,0.2595246886,0.2555969575,0.2510707927,0.245908374,0.2400594013,0.2334559167,0.2260035415,0.217566837,0.2079422406,0.1968029681,0.1835712272,0.1670513832,0.1438893233,0.07567277796
72420,0.2717999622,0.2715510342,0.2708031378,0.2695527388,0.2677935334,0.2655165076,0.2627090814,0.2593545217,0.2554309082,0.2509094438,0.2457523272,0.2399092844,0.2333123941,0.2258673302,0.2174387311,0.2078231518,0.1966939981,0.1834738111,0.1669676258,0.1438230595,0.07561748642
72480,0.2716169037,0.2713682443,0.2706211544,0.2693721008,0.2676147824,0.2653401889,0.2625357452,0.2591847257,0.2552652201,0.250748445,0.245596618,0.2397594912,0.2331691799,0.2257314104,0.217310898,0.2077043152,0.1965852576,0.1833765991,0.1668840434,0.1437569359,0.07556238093
72540,0.2714342464,0.2711858551,0.2704395697,0.2691918584,0.2674364225,0.2651642553,0.2623627871,0.2590152994,0.255099892,0.2505877951,0.2454412452,0.2396100205,0.2330262729,0.2255957809,0.2171833366,0.20758573,0.1964767459,0.1832795905,0.1668006354,0.143690952,0.07550746067
72600,0.2712519892,0.2710038653,0.2702583825,0.2690120102,0.2672584524,0.2649887058,0.262190206,0.2588462417,0.2549349227,0.2504274929,0.2452862078,0.2394608714,0.2328836722,0.2254604408,0.2170560462,0.2074673953,0.1963684621,0.1831827846,0.1667174011,0.1436251074,0.0754527248
72660,0.2710701307,0.2708222736,0.2700775914,0.268832555,0.2670808708,0.264813539,0.2620180005,0.2586775512,0.254770311,0.2502675374,0.2451315046,0.2393120428,0.2327413767,0.2253253893,0.2169290259,0.2073493104,0.1962604056,0.1830861808,0.1666343399,0.1435594014,0.07539817248
72720,0.2708886697,0.2706410787,0.2698971953,0.2686534916,0.2669036764,0.2646387537,0.2618461694,0.2585092269,0.2546060558,0.2501079274,0.2449771346,0.2391635337,0.2325993855,0.2251906252,0.2168022746,0.2072314743,0.1961525755,0.1829897783,0.1665514513,0.1434938336,0.07534380289
72780,0.2707076048,0.2704602793,0.2697171927,0.2684748185,0.266726868,0.2644643486,0.2616747116,0.2583412675,0.2544421558,0.2499486617,0.2448230967,0.2390153429,0.2324576976,0.2250561478,0.2166757917,0.2071138864,0.1960449712,0.1828935764,0.1664687347,0.1434284035,0.07528961521
72840,0.2705269348,0.2702798741,0.2695375824,0.2682965346,0.2665504443,0.2642903225,0.2615036257,0.2581736718,0.2542786101,0.2497897393,0.2446693897,0.2388674695,0.2323163119,0.224921956,0.2165495761,0.2069965456,0.1959375918,0.1827975746,0.1663861895,0.1433631106,0.07523560861
72900,0.2703466583,0.2700998618,0.2693583632,0.2681186385,0.266374404,0.2641166742,0.2613329107,0.2580064387,0.2541154173,0.249631159,0.2445160127,0.2387199124,0.2321752275,0.2247880489,0.216423627,0.2068794513,0.1958304367,0.182701772,0.166303815,0.1432979543,0.0751817823
72960,0.2701667741,0.2699202412,0.2691795338,0.2679411291,0.266198746,0.2639434024,0.2611625653,0.2578395669,0.2539525764,0.2494729197,0.2443629645,0.2385726705,0.2320344434,0.2246544256,0.2162979435,0.2067626027,0.195723505,0.1826061682,0.1662216107,0.1432329342,0.07512813544
73020,0.2699872809,0.269741011,0.2690010929,0.267764005,0.2660234689,0.2637705059,0.2609925882,0.2576730553,0.2537900861,0.2493150203,0.2442102441,0.238425743,0.2318939586,0.2245210851,0.2161725248,0.2066459988,0.1956167961,0.1825107623,0.1661395761,0.1431680498,0.07507466726
73080,0.2698081774,0.2695621699,0.2688230392,0.2675872651,0.2658485715,0.2635979835,0.2608229783,0.2575069027,0.2536279454,0.2491574597,0.2440578504,0.2382791286,0.2317537722,0.2243880266,0.2160473699,0.206529639,0.1955103091,0.1824155537,0.1660577105,0.1431033006,0.07502137693
73140,0.2696294624,0.2693837166,0.2686453714,0.267410908,0.2656740527,0.263425834,0.2606537345,0.257341108,0.2534661532,0.2490002368,0.2439057823,0.2381328265,0.2316138831,0.2242552491,0.2159224781,0.2064135223,0.1954040434,0.1823205418,0.1659760133,0.1430386861,0.07496826368
73200,0.2694511347,0.26920565,0.2684680885,0.2672349326,0.2654999111,0.2632540562,0.2604848554,0.2571756699,0.2533047082,0.2488433505,0.2437540388,0.2379868355,0.2314742904,0.2241227516,0.2157978484,0.2062976481,0.1952979983,0.182225726,0.165894484,0.1429742059,0.07491532671
73260,0.2692731929,0.2690279687,0.268291189,0.2670593375,0.2653261456,0.2630826488,0.26031634,0.2570105874,0.2531436094,0.2486867997,0.2436026188,0.2378411548,0.2313349931,0.2239905334,0.2156734801,0.2061820154,0.1951921729,0.1821311055,0.1658131221,0.1429098593,0.07486256523
73320,0.2690956358,0.2688506715,0.2681146717,0.2668841216,0.2651527549,0.2629116107,0.260148187,0.2568458593,0.2529828556,0.2485305833,0.2434515212,0.2376957832,0.2311959903,0.2238585934,0.2155493722,0.2060666236,0.1950865667,0.1820366797,0.1657319269,0.142845646,0.07480997846
73380,0.2689184622,0.2686737571,0.2679385355,0.2667092836,0.2649797379,0.2627409407,0.2599803953,0.2566814844,0.2528224458,0.2483747002,0.2433007451,0.2375507198,0.231057281,0.2237269308,0.2154255239,0.2059514719,0.1949811788,0.181942448,0.1656508979,0.1427815655,0.07475756562
73440,0.2687416709,0.2684972244,0.267762779,0.2665348224,0.2648070932,0.2625706375,0.2598129638,0.2565174616,0.2526623787,0.2482191494,0.2431502894,0.2374059635,0.2309188643,0.2235955446,0.2153019343,0.2058365594,0.1948760085,0.1818484097,0.1655700345,0.1427176172,0.07470532595
73500,0.2685652605,0.2683210721,0.2675874012,0.2663607367,0.2646348198,0.2624007001,0.2596458911,0.2563537898,0.2525026534,0.2480639298,0.2430001531,0.2372615135,0.2307807391,0.223464434,0.2151786027,0.2057218853,0.1947710552,0.1817545642,0.1654893362,0.1426538008,0.07465325866
73560,0.2683892299,0.2681452989,0.2674124006,0.2661870252,0.2644629164,0.2622311272,0.2594791763,0.2561904678,0.2523432687,0.2479090403,0.2428503351,0.2371173686,0.2306429047,0.2233335981,0.2150555281,0.205607449,0.1946663181,0.1816609108,0.1654088024,0.1425901157,0.07460136301
73620,0.2682135779,0.2679699037,0.2672377762,0.2660136868,0.2642913819,0.2620619176,0.2593128181,0.2560274945,0.2521842235,0.2477544799,0.2427008343,0.236973528,0.23050536,0.2232030359,0.2149327098,0.2054932496,0.1945617966,0.181567449,0.1653284326,0.1425265615,0.07454963822
73680,0.2680383032,0.2677948852,0.2670635267,0.2658407204,0.2641202149,0.2618930703,0.2591468155,0.2558648688,0.2520255167,0.2476002474,0.2425516499,0.2368299906,0.2303681041,0.2230727467,0.2148101469,0.2053792863,0.1944574898,0.181474178,0.1652482261,0.1424631378,0.07449808355
73740,0.2678634047,0.2676202423,0.2668896509,0.2656681246,0.2639494145,0.2617245839,0.2589811671,0.2557025895,0.2518671473,0.2474463418,0.2424027806,0.2366867554,0.230231136,0.2229427295,0.2146878385,0.2052655584,0.1943533971,0.1813810973,0.1651681825,0.1423998439,0.07444669823
73800,0.267688881,0.2674459736,0.2667161476,0.2654958983,0.2637789793,0.2615564574,0.258815872,0.2555406556,0.2517091141,0.2472927622,0.2422542257,0.2365438215,0.2300944549,0.2228129834,0.214565784,0.2051520652,0.1942495179,0.1812882062,0.1650883012,0.1423366796,0.07439548153
73860,0.2675147311,0.2672720781,0.2665430156,0.2653240403,0.2636089082,0.2613886896,0.258650929,0.2553790659,0.251551416,0.2471395074,0.2421059839,0.2364011879,0.2299580598,0.2226835076,0.2144439824,0.2050388058,0.1941458514,0.1811955041,0.1650085817,0.1422736442,0.07434443269
73920,0.2673409537,0.2670985544,0.2663702538,0.2651525495,0.2634392001,0.2612212794,0.2584863369,0.2552178193,0.251394052,0.2469865763,0.2419580544,0.2362588537,0.2298219498,0.2225543012,0.2143224329,0.2049257795,0.1940423969,0.1811029904,0.1649290234,0.1422107375,0.07429355099
73980,0.2671675476,0.2669254015,0.2661978609,0.2649814246,0.2632698537,0.2610542255,0.2583220946,0.2550569148,0.2512370211,0.246833968,0.2418104361,0.2361168178,0.2296861239,0.2224253633,0.2142011347,0.2048129855,0.1939391537,0.1810106644,0.1648496258,0.1421479589,0.07424283567
74040,0.2669945116,0.2667526182,0.2660258357,0.2648106645,0.263100868,0.2608875269,0.2581582011,0.2548963513,0.2510803221,0.2466816815,0.241663128,0.2359750793,0.2295505814,0.2222966931,0.2140800871,0.2047004232,0.1938361212,0.1809185257,0.1647703883,0.1420853079,0.07419228602
74100,0.2668218446,0.2665802032,0.2658541771,0.264640268,0.2629322418,0.2607211825,0.2579946551,0.2547361275,0.250923954,0.2465297156,0.2415161292,0.2358336374,0.2294153212,0.2221682897,0.2139592891,0.2045880917,0.1937332987,0.1808265734,0.1646913104,0.1420227841,0.07414190131
74160,0.2666495453,0.2664081554,0.265682884,0.264470234,0.2627639738,0.260555191,0.2578314557,0.2545762426,0.2507679157,0.2463780694,0.2413694386,0.2356924909,0.2292803424,0.2220401522,0.2138387401,0.2044759903,0.1936306854,0.1807348071,0.1646123917,0.1419603871,0.0740916808
74220,0.2664776127,0.2662364736,0.265511955,0.2643005613,0.2625960631,0.2603895515,0.2576686016,0.2544166953,0.2506122062,0.2462267419,0.2412230552,0.235551639,0.2291456442,0.2219122798,0.2137184391,0.2043641183,0.1935282808,0.1806432261,0.1645336314,0.1418981165,0.07404162379
74280,0.2663060455,0.2660651566,0.2653413892,0.2641312487,0.2624285084,0.2602242626,0.2575060917,0.2542574846,0.2504568244,0.2460757319,0.2410769782,0.2354110808,0.2290112256,0.2217846717,0.2135983854,0.2042524749,0.1934260841,0.1805518298,0.1644550292,0.1418359717,0.07399172955
74340,0.2661348425,0.2658942033,0.2651711853,0.2639622952,0.2622613086,0.2600593234,0.2573439251,0.2540986095,0.2503017693,0.2459250386,0.2409312064,0.2352708153,0.2288770859,0.221657327,0.2134785783,0.2041410594,0.1933240946,0.1804606177,0.1643765846,0.1417739523,0.07394199738
74400,0.2659640027,0.2657236126,0.2650013422,0.2637936994,0.2620944625,0.2598947328,0.2571821005,0.2539400688,0.2501470398,0.2457746609,0.2407857389,0.2351308415,0.2287432239,0.2215302449,0.2133590169,0.2040298711,0.1932223118,0.180369589,0.1642982969,0.141712058,0.07389242657
74460,0.2657935248,0.2655533832,0.2648318587,0.2636254605,0.2619279692,0.2597304895,0.2570206169,0.2537818615,0.2499926349,0.2456245978,0.2406405748,0.2349911586,0.228609639,0.2214034245,0.2132397004,0.2039189092,0.1931207349,0.1802787433,0.1642201656,0.1416502882,0.07384301641
74520,0.2656234077,0.265383514,0.2646627336,0.2634575771,0.2617618273,0.2595665925,0.2568594733,0.2536239865,0.2498385537,0.2454748483,0.2404957131,0.2348517655,0.2284763302,0.221276865,0.2131206281,0.2038081731,0.1930193633,0.18018808,0.1641421903,0.1415886425,0.0737937662
74580,0.2654536502,0.2652140039,0.264493966,0.2632900481,0.2615960359,0.2594030408,0.2566986684,0.2534664429,0.2496847949,0.2453254114,0.2403511529,0.2347126615,0.2283432966,0.2211505655,0.2130017991,0.2036976619,0.1929181963,0.1800975983,0.1640643705,0.1415271206,0.07374467525
74640,0.2652842513,0.2650448518,0.2643255545,0.2631228725,0.2614305937,0.2592398331,0.2565382014,0.2533092294,0.2495313577,0.2451762861,0.2402068931,0.2345738456,0.2282105373,0.2210245253,0.2128832128,0.203587375,0.1928172332,0.1800072979,0.1639867056,0.1414657219,0.07369574286
74700,0.2651152098,0.2648760564,0.2641574981,0.2629560491,0.2612654998,0.2590769685,0.256378071,0.2531523452,0.249378241,0.2450274714,0.2400629328,0.2344353168,0.2280780516,0.2208987435,0.2127648683,0.2034773117,0.1927164735,0.179917178,0.1639091951,0.1414044461,0.07364696835
74760,0.2649465245,0.2647076168,0.2639897957,0.2627895768,0.2611007529,0.2589144458,0.2562182762,0.2529957891,0.2492254438,0.2448789663,0.2399192711,0.2342970742,0.2279458384,0.2207732193,0.2126467649,0.2033674712,0.1926159164,0.1798272381,0.1638318385,0.1413432927,0.07359835104
74820,0.2647781943,0.2645395316,0.2638224461,0.2626234545,0.2609363521,0.258752264,0.256058816,0.2528395601,0.2490729651,0.24473077,0.239775907,0.234159117,0.227813897,0.2206479518,0.2125289017,0.2032578528,0.1925155614,0.1797374776,0.1637546353,0.1412822613,0.07354989023
74880,0.2646102181,0.2643717999,0.2636554483,0.2624576811,0.2607722961,0.2585904219,0.2558996893,0.2526836572,0.2489208038,0.2445828813,0.2396328397,0.2340214442,0.2276822265,0.2205229403,0.2124112781,0.2031484559,0.1924154076,0.1796478959,0.163677585,0.1412213514,0.07350158526
74940,0.2644425948,0.2642044206,0.263488801,0.2622922555,0.260608584,0.2584289185,0.2557408951,0.2525280793,0.248768959,0.2444352993,0.239490068,0.233884055,0.2275508261,0.220398184,0.2122938933,0.2030392798,0.1923154547,0.1795584925,0.1636006872,0.1411605628,0.07345343544
75000,0.2642753232,0.2640373924,0.2633225033,0.2621271765,0.2604452146,0.2582677528,0.2555824322,0.2523728254,0.2486174296,0.2442880231,0.2393475912,0.2337469484,0.2274196948,0.220273682,0.2121767465,0.2029303236,0.1922157018,0.1794692668,0.1635239412,0.1410998948,0.07340544011
75060,0.2641084024,0.2638707143,0.2631565539,0.2619624432,0.2602821868,0.2581069237,0.2554242997,0.2522178945,0.2484662148,0.2441410516,0.2392054083,0.2336101236,0.2272888318,0.2201494336,0.2120598369,0.2028215868,0.1921161483,0.1793802182,0.1634473467,0.1410393472,0.07335759861
75120,0.263941831,0.2637043852,0.2629909519,0.2617980543,0.2601194996,0.25794643,0.2552664965,0.2520632856,0.2483153134,0.243994384,0.2390635183,0.2334735796,0.2271582363,0.2200254379,0.2119431639,0.2027130686,0.1920167937,0.1792913462,0.163370903,0.1409789196,0.07330991026
75180,0.2637756081,0.263538404,0.2628256961,0.2616340088,0.2599571519,0.2577862708,0.2551090216,0.2519089977,0.2481647245,0.2438480192,0.2389219204,0.2333373156,0.2270279075,0.2199016941,0.2118267267,0.2026047684,0.1919176372,0.1792026501,0.1632946099,0.1409186114,0.07326237442
75240,0.2636097326,0.2633727696,0.2626607854,0.2614703057,0.2597951426,0.257626445,0.2549518739,0.2517550297,0.2480144472,0.2437019564,0.2387806135,0.2332013308,0.2268978445,0.2197782015,0.2117105244,0.2024966854,0.1918186783,0.1791141295,0.1632184666,0.1408584223,0.07321499042
75300,0.2634442034,0.2632074809,0.2624962188,0.2613069439,0.2596334707,0.2574669516,0.2547950525,0.2516013806,0.2478644804,0.2435561945,0.2386395969,0.2330656241,0.2267680464,0.2196549593,0.2115945565,0.202388819,0.1917199163,0.1790257837,0.1631424728,0.140798352,0.07316775761
75360,0.2632790193,0.2630425368,0.2623319951,0.2611439222,0.2594721351,0.2573077895,0.2546385562,0.2514480495,0.2477148231,0.2434107326,0.2384988696,0.2329301948,0.2266385125,0.2195319666,0.2114788221,0.2022811685,0.1916213507,0.1789376123,0.163066628,0.1407383999,0.07312067534
75420,0.2631141793,0.2628779363,0.2621681133,0.2609812397,0.2593111348,0.2571489576,0.2544823842,0.2512950354,0.2475654744,0.2432655699,0.2383584307,0.232795042,0.2265092419,0.2194092228,0.2113633206,0.2021737332,0.1915229807,0.1788496146,0.1629909317,0.1406785657,0.07307374297
75480,0.2629496823,0.2627136782,0.2620045723,0.2608188952,0.2591504686,0.256990455,0.2543265352,0.2511423372,0.2474164334,0.2431207052,0.2382182793,0.2326601648,0.2263802338,0.2192867269,0.2112480511,0.2020665125,0.1914248058,0.1787617901,0.1629153835,0.140618849,0.07302695986
75540,0.2627855273,0.2625497616,0.2618413711,0.2606568878,0.2589901356,0.2568322806,0.2541710085,0.250989954,0.247267699,0.2429761378,0.2380784144,0.2325255623,0.2262514873,0.2191644783,0.211133013,0.2019595056,0.1913268254,0.1786741383,0.1628399827,0.1405592494,0.07298032536
75600,0.2626217131,0.2623861852,0.2616785086,0.2604952163,0.2588301348,0.2566744333,0.2540158028,0.2508378848,0.2471192704,0.2428318666,0.2379388352,0.2323912338,0.2261230017,0.2190424762,0.2110182056,0.2018527119,0.1912290388,0.1785866586,0.162764729,0.1404997666,0.07293383885
75660,0.2624582388,0.2622229481,0.2615159836,0.2603338796,0.258670465,0.2565169123,0.2538609173,0.2506861286,0.2469711464,0.2426878908,0.2377995409,0.2322571783,0.2259947761,0.2189207197,0.210903628,0.2017461307,0.1911314454,0.1784993504,0.1626896219,0.1404404,0.07288749969
75720,0.2622951032,0.2620600493,0.2613537953,0.2601728769,0.2585111252,0.2563597164,0.253706351,0.2505346844,0.2468233263,0.2425442095,0.2376605304,0.2321233949,0.2258668098,0.2187992082,0.2107892797,0.2016397614,0.1910340446,0.1784122133,0.162614661,0.1403811493,0.07284130725
75780,0.2621323053,0.2618974875,0.2611919425,0.2600122069,0.2583521145,0.2562028446,0.2535521028,0.2503835513,0.246675809,0.2424008216,0.237521803,0.2319898829,0.2257391018,0.2186779408,0.2106751598,0.2015336033,0.1909368359,0.1783252467,0.1625398457,0.1403220142,0.0727952609
75840,0.261969844,0.2617352619,0.2610304241,0.2598518688,0.2581934318,0.2560462959,0.2533981717,0.2502327282,0.2465285937,0.2422577264,0.2373833577,0.2318566415,0.2256116515,0.2185569169,0.2105612677,0.2014276557,0.1908398186,0.17823845,0.1624651755,0.1402629942,0.07274936004
75900,0.2618077183,0.2615733713,0.2608692392,0.2596918613,0.258035076,0.2558900693,0.2532445568,0.2500822143,0.2463816793,0.2421149229,0.2372451937,0.2317236696,0.2254844579,0.2184361356,0.2104476027,0.201321918,0.1907429922,0.1781518227,0.1623906501,0.1402040889,0.07270360403
75960,0.2616459272,0.2614118148,0.2607083867,0.2595321836,0.2578770462,0.2557341638,0.2530912571,0.2499320085,0.2462350649,0.2419724101,0.23710731,0.2315909666,0.2253575204,0.2183155961,0.210334164,0.2012163896,0.1906463559,0.1780653643,0.162316269,0.140145298,0.07265799226
76020,0.2614844696,0.2612505912,0.2605478656,0.2593728346,0.2577193413,0.2555785785,0.2529382716,0.24978211,0.2460887497,0.2418301872,0.2369697059,0.2314585315,0.2252308381,0.2181952979,0.210220951,0.2011110697,0.1905499093,0.1779790743,0.1622420317,0.1400866211,0.07261252413
76080,0.2613233444,0.2610896995,0.2603876748,0.2592138132,0.2575619603,0.2554233123,0.2527855993,0.2496325176,0.2459427326,0.2416882533,0.2368323805,0.2313263636,0.2251044102,0.21807524,0.2101079629,0.2010059577,0.1904536518,0.177892952,0.1621679377,0.1400280579,0.07256719901
76140,0.2611625507,0.2609291388,0.2602278133,0.2590551185,0.2574049023,0.2552683641,0.2526332393,0.2494832306,0.2457970128,0.2415466075,0.2366953328,0.2311944621,0.2249782359,0.2179554217,0.2099951991,0.200901053,0.1903575827,0.1778069971,0.1620939866,0.1399696078,0.07252201632
76200,0.2610020874,0.2607689079,0.2600682801,0.2588967494,0.2572481662,0.2551137332,0.2524811905,0.249334248,0.2456515893,0.2414052489,0.236558562,0.231062826,0.2248523145,0.2178358424,0.2098826589,0.200796355,0.1902617014,0.1777212089,0.162020178,0.1399112706,0.07247697544
76260,0.2608419535,0.2606090059,0.2599090742,0.258738705,0.257091751,0.2549594184,0.2523294521,0.2491855687,0.2455064612,0.2412641766,0.2364220674,0.2309314546,0.2247266451,0.2177165012,0.2097703415,0.2006918629,0.1901660075,0.177635587,0.1619465113,0.1398530459,0.07243207578
76320,0.260682148,0.2604494317,0.2597501945,0.2585809842,0.2569356558,0.2548054188,0.2521780231,0.2490371919,0.2453616276,0.2411233897,0.2362858479,0.230800347,0.224601227,0.2175973974,0.2096582462,0.2005875762,0.1900705002,0.1775501308,0.1618729862,0.1397949333,0.07238731674
76380,0.2605226698,0.2602901844,0.2595916401,0.258423586,0.2567798795,0.2546517333,0.2520269024,0.2488891167,0.2452170875,0.2409828873,0.2361499028,0.2306695025,0.2244760595,0.2174785304,0.2095463725,0.2004834943,0.1899751791,0.1774648399,0.1617996022,0.1397369324,0.07234269772
76440,0.2603635179,0.2601312629,0.2594334099,0.2582665095,0.2566244212,0.2544983612,0.2518760892,0.2487413421,0.2450728402,0.2408426686,0.2360142313,0.2305389202,0.2243511416,0.2173598993,0.2094347196,0.2003796164,0.1898800435,0.1773797136,0.1617263588,0.1396790429,0.07229821815
76500,0.2602046914,0.2599726662,0.259275503,0.2581097535,0.2564692798,0.2543453012,0.2517255825,0.2485938671,0.2449288847,0.2407027327,0.2358788324,0.2304085994,0.2242264728,0.2172415034,0.2093232868,0.200275942,0.1897850929,0.1772947515,0.1616532556,0.1396212644,0.07225387743
76560,0.2600461892,0.2598143933,0.2591179183,0.2579533173,0.2563144545,0.2541925526,0.2515753814,0.2484466909,0.24478522,0.2405630787,0.2357437053,0.2302785391,0.2241020521,0.2171233421,0.2092120735,0.2001724704,0.1896903267,0.1772099531,0.1615802922,0.1395635965,0.07220967498
76620,0.2598880103,0.2596564432,0.2589606549,0.2577971996,0.2561599441,0.2540401144,0.2514254849,0.2482998126,0.2446418453,0.2404237058,0.2356088493,0.2301487387,0.2239778789,0.2170054145,0.2091010789,0.2000692011,0.1895957444,0.1771253179,0.1615074681,0.1395060389,0.07216561021
76680,0.2597301538,0.2594988149,0.2588037118,0.2576413997,0.2560057479,0.2538879855,0.2512758921,0.2481532311,0.2444987597,0.240284613,0.2354742634,0.2300191973,0.2238539523,0.2168877201,0.2089903024,0.1999661333,0.1895013453,0.1770408454,0.1614347829,0.1394485913,0.07212168256
76740,0.2595726186,0.2593415075,0.2586470879,0.2574859165,0.2558518647,0.2537361651,0.251126602,0.2480069457,0.2443559623,0.2401457996,0.2353399469,0.2298899142,0.2237302717,0.216770258,0.2088797434,0.1998632665,0.1894071289,0.176956535,0.1613622361,0.1393912531,0.07207789145
76800,0.2594154038,0.2591845199,0.2584907823,0.257330749,0.2556982936,0.2535846522,0.2509776138,0.2478609554,0.2442134523,0.2400072646,0.2352058989,0.2297608884,0.2236068362,0.2166530275,0.2087694011,0.1997606001,0.1893130946,0.1768723862,0.1612898274,0.1393340242,0.07203423631
76860,0.2592585084,0.2590278511,0.2583347941,0.2571758963,0.2555450337,0.2534334458,0.2508289264,0.2477152592,0.2440712287,0.2398690073,0.2350721186,0.2296321193,0.2234836452,0.216536028,0.2086592749,0.1996581333,0.189219242,0.1767883986,0.1612175562,0.1392769041,0.07199071656
76920,0.2591019313,0.2588715003,0.2581791222,0.2570213573,0.2553920841,0.2532825451,0.2506805391,0.2475698564,0.2439292906,0.2397310267,0.2349386051,0.2295036061,0.2233606978,0.2164192587,0.2085493642,0.1995558658,0.1891255703,0.1767045717,0.1611454222,0.1392198925,0.07194733165
76980,0.2589456717,0.2587154663,0.2580237657,0.2568671312,0.2552394437,0.253131949,0.2505324507,0.247424746,0.2437876372,0.239593322,0.2348053578,0.2293753479,0.2232379934,0.2163027189,0.2084396683,0.1994537967,0.1890320791,0.176620905,0.161073425,0.139162989,0.07190408101
77040,0.2587897285,0.2585597483,0.2578687236,0.256713217,0.2550871116,0.2529816567,0.2503846605,0.247279927,0.2436462677,0.2394558925,0.2346723756,0.229247344,0.2231155311,0.216186408,0.2083301865,0.1993519256,0.1889387679,0.1765373979,0.161001564,0.1391061933,0.07186096408
77100,0.2586341007,0.2584043453,0.257713995,0.2565596137,0.2549350869,0.2528316671,0.2502371676,0.2471353987,0.2435051811,0.2393187371,0.2345396579,0.2291195937,0.2229933102,0.2160703252,0.2082209181,0.1992502517,0.188845636,0.1764540501,0.1609298389,0.139049505,0.07181798031
77160,0.2584787875,0.2582492563,0.2575595788,0.2564063204,0.2547833687,0.2526819795,0.250089971,0.2469911601,0.2433643765,0.2391818551,0.2344072038,0.2289920961,0.2228713301,0.2159544698,0.2081118626,0.1991487746,0.1887526829,0.1763708609,0.1608582493,0.1389929238,0.07177512914
77220,0.2583237879,0.2580944803,0.2574054742,0.2562533361,0.2546319559,0.2525325928,0.2499430697,0.2468472103,0.2432238533,0.2390452457,0.2342750126,0.2288648505,0.22274959,0.2158388412,0.2080030192,0.1990474936,0.1886599081,0.1762878299,0.1607867947,0.1389364493,0.07173241003
77280,0.2581691008,0.2579400164,0.2572516802,0.2561006598,0.2544808477,0.2523835062,0.249796463,0.2467035485,0.2430836103,0.2389089081,0.2341430833,0.2287378561,0.2226280891,0.2157234386,0.2078943874,0.1989464081,0.188567311,0.1762049567,0.1607154747,0.1388800812,0.07168982242
77340,0.2580147254,0.2577858636,0.2570981959,0.2559482908,0.2543300432,0.2522347187,0.2496501499,0.2465601738,0.2429436469,0.2387728413,0.2340114153,0.2286111121,0.2225068267,0.2156082614,0.2077859665,0.1988455175,0.1884748912,0.1761222407,0.1606442889,0.1388238192,0.07164736577
77400,0.2578606607,0.2576320211,0.2569450202,0.2557962279,0.2541795414,0.2520862295,0.2495041296,0.2464170852,0.2428039622,0.2386370446,0.2338800078,0.2284846178,0.2223858021,0.2154933088,0.2076777558,0.1987448212,0.1883826479,0.1760396815,0.1605732369,0.1387676629,0.07160503953
77460,0.2577069057,0.2574784878,0.2567921523,0.2556444703,0.2540293414,0.2519380375,0.249358401,0.2462742821,0.2426645553,0.2385015172,0.2337488599,0.2283583725,0.2222650146,0.2153785803,0.2075697547,0.1986443187,0.1882905808,0.1759572786,0.1605023183,0.1387116119,0.07156284318
77520,0.2575534595,0.2573252628,0.2566395912,0.2554930171,0.2538794422,0.251790142,0.2492129635,0.2461317633,0.2425254253,0.2383662582,0.2336179708,0.2282323753,0.2221444634,0.2152640751,0.2074619626,0.1985440093,0.1881986893,0.1758750314,0.1604315326,0.138655666,0.07152077617
77580,0.2574003212,0.2571723452,0.256487336,0.2553418672,0.253729843,0.251642542,0.2490678159,0.2459895282,0.2423865715,0.2382312669,0.2334873398,0.2281066256,0.2220241479,0.2151497925,0.2073543789,0.1984438924,0.1881069728,0.1757929396,0.1603608795,0.1385998247,0.07147883796
77640,0.2572474898,0.257019734,0.2563353858,0.2551910199,0.2535805429,0.2514952366,0.2489229576,0.2458475759,0.242247993,0.2380965424,0.2333569661,0.2279811225,0.2219040673,0.215035732,0.2072470028,0.1983439676,0.1880154308,0.1757110027,0.1602903585,0.1385440878,0.07143702804
77700,0.2570949644,0.2568674283,0.2561837396,0.2550404742,0.2534315409,0.2513482249,0.2487783876,0.2457059054,0.242109689,0.2379620839,0.2332268489,0.2278558653,0.2217842209,0.2149218927,0.2071398339,0.1982442342,0.1879240628,0.1756292202,0.1602199693,0.138488455,0.07139534586
77760,0.2569427441,0.2567154272,0.2560323965,0.2548902291,0.2532828362,0.2512015061,0.248634105,0.245564516,0.2419716586,0.2378278906,0.2330969874,0.2277308534,0.221664608,0.214808274,0.2070328714,0.1981446916,0.1878328683,0.1755475916,0.1601497114,0.1384329258,0.07135379091
77820,0.256790828,0.2565637298,0.2558813556,0.2547402838,0.2531344278,0.2510550792,0.248490109,0.2454234068,0.241833901,0.2376939617,0.232967381,0.2276060859,0.2215452279,0.2146948754,0.2069261147,0.1980453392,0.1877418467,0.1754661164,0.1600795845,0.1383775,0.07131236266
77880,0.256639215,0.2564123351,0.255730616,0.2545906374,0.2529863149,0.2509089434,0.2483463986,0.2452825769,0.2416964154,0.2375602964,0.2328380287,0.2274815621,0.22142608,0.214581696,0.2068195633,0.1979461765,0.1876509976,0.1753847943,0.1600095881,0.1383221772,0.07127106059
77940,0.2564879044,0.2562612423,0.2555801768,0.2544412889,0.2528384965,0.2507630978,0.2482029732,0.2451420255,0.241559201,0.237426894,0.2327089298,0.2273572812,0.2213071634,0.2144687353,0.2067132165,0.1978472029,0.1875603203,0.1753036247,0.1599397218,0.1382669571,0.07122988419
78000,0.2563368952,0.2561104503,0.2554300371,0.2542922375,0.2526909718,0.2506175415,0.2480598317,0.2450017518,0.2414222569,0.2372937535,0.2325800836,0.2272332427,0.2211884776,0.2143559925,0.2066070736,0.1977484179,0.1874698144,0.1752226071,0.1598699853,0.1382118395,0.07118883293
78060,0.2561861865,0.2559599584,0.2552801959,0.2541434822,0.2525437399,0.2504722736,0.2479169733,0.2448617549,0.2412855823,0.2371608743,0.2324514893,0.2271094456,0.2210700217,0.2142434672,0.2065011342,0.1976498208,0.1873794794,0.1751417412,0.1598003781,0.1381568238,0.07114790632
78120,0.2560357773,0.2558097656,0.2551306524,0.2539950222,0.2523967999,0.2503272933,0.2477743972,0.244722034,0.2411491765,0.2370282556,0.2323231462,0.2269858893,0.2209517952,0.2141311585,0.2063953975,0.1975514111,0.1872893148,0.1750610264,0.1597308998,0.1381019099,0.07110710383
78180,0.2558856669,0.255659871,0.2549814056,0.2538468565,0.2522501509,0.2501825997,0.2476321025,0.2445825882,0.2410130386,0.2368958965,0.2321950535,0.2268625731,0.2208337974,0.2140190658,0.2062898629,0.1974531883,0.1871993199,0.1749804624,0.1596615501,0.1380470974,0.07106642496
78240,0.2557358542,0.2555102736,0.2548324548,0.2536989844,0.252103792,0.2500381919,0.2474900884,0.2444434168,0.2408771678,0.2367637964,0.2320672104,0.2267394963,0.2207160274,0.2139071885,0.2061845299,0.1973551518,0.1871094945,0.1749000486,0.1595923286,0.137992386,0.07102586921
78300,0.2555863384,0.2553609727,0.2546837989,0.2535514048,0.2519577224,0.2498940692,0.247348354,0.2443045189,0.2407415633,0.2366319543,0.2319396162,0.2266166581,0.2205984848,0.213795526,0.2060793979,0.197257301,0.1870198378,0.1748197846,0.1595232349,0.1379377754,0.07098543608
78360,0.2554371186,0.2552119674,0.2545354371,0.253404117,0.2518119413,0.2497502305,0.2472068985,0.2441658937,0.2406062243,0.2365003696,0.2318122702,0.2264940578,0.2204811688,0.2136840776,0.2059744662,0.1971596354,0.1869303495,0.1747396699,0.1594542685,0.1378832652,0.07094512506
78420,0.2552881939,0.2550632566,0.2543873685,0.2532571201,0.2516664476,0.2496066752,0.2470657211,0.2440275404,0.24047115,0.2363690414,0.2316851715,0.2263716947,0.2203640786,0.2135728426,0.2058697343,0.1970621544,0.186841029,0.1746597041,0.1593854292,0.1378288552,0.07090493566
78480,0.2551395634,0.2549148396,0.2542395923,0.2531104131,0.2515212407,0.2494634022,0.2469248209,0.2438894581,0.2403363397,0.236237969,0.2315583196,0.2262495681,0.2202472138,0.2134618205,0.2057652015,0.1969648575,0.1867518758,0.1745798868,0.1593167165,0.137774545,0.07086486739
78540,0.2549912263,0.2547667155,0.2540921075,0.2529639952,0.2513763195,0.2493204109,0.2467841971,0.2437516461,0.2402017925,0.2361071517,0.2314317136,0.2261276774,0.2201305734,0.2133510106,0.2056608673,0.1968677441,0.1866628895,0.1745002175,0.15924813,0.1377203344,0.07082491975
78600,0.2548431816,0.2546188834,0.2539449133,0.2528178656,0.2512316834,0.2491777003,0.2466438488,0.2436141035,0.2400675077,0.2359765887,0.2313053528,0.2260060217,0.220014157,0.2132404122,0.2055567311,0.1967708137,0.1865740694,0.1744206958,0.1591796694,0.1376662229,0.07078509226
78660,0.2546954286,0.2544713424,0.2537980089,0.2526720234,0.2510873313,0.2490352696,0.2465037753,0.2434768296,0.2399334844,0.2358462792,0.2311792364,0.2258846004,0.2198979639,0.2131300248,0.2054527923,0.1966740657,0.1864854153,0.1743413212,0.1591113342,0.1376122103,0.07074538443
78720,0.2545479662,0.2543240916,0.2536513933,0.2525264677,0.2509432625,0.2488931179,0.2463639758,0.2433398235,0.2397997219,0.2357162224,0.2310533639,0.2257634128,0.2197819933,0.2130198477,0.2053490502,0.1965774996,0.1863969264,0.1742620933,0.1590431242,0.1375582963,0.07070579577
78780,0.2544007937,0.2541771302,0.2535050657,0.2523811976,0.2507994762,0.2487512445,0.2462244493,0.2432030844,0.2396662194,0.2355864177,0.2309277343,0.2256424582,0.2196662446,0.2129098802,0.2052455044,0.1964811149,0.1863086024,0.1741830117,0.1589750389,0.1375044806,0.0706663258
78840,0.2542539102,0.2540304574,0.2533590252,0.2522362124,0.2506559714,0.2486096485,0.2460851952,0.2430666116,0.2395329762,0.2354568642,0.230802347,0.2255217359,0.2195507172,0.2128001219,0.2051421543,0.196384911,0.1862204428,0.1741040759,0.158907078,0.1374507629,0.07062697405
78900,0.2541073148,0.2538840722,0.253213271,0.2520915112,0.2505127474,0.2484683291,0.2459462125,0.2429304042,0.2393999914,0.2353275613,0.2306772013,0.2254012452,0.2194354103,0.212690572,0.2050389992,0.1962888874,0.186132447,0.1740252855,0.158839241,0.1373971429,0.07058774004
78960,0.2539610066,0.2537379738,0.2530678022,0.2519470931,0.2503698032,0.2483272854,0.2458075005,0.2427944615,0.2392672643,0.2351985081,0.2305522965,0.2252809855,0.2193203235,0.2125812299,0.2049360385,0.1961930436,0.1860446146,0.17394664,0.1587715277,0.1373436202,0.07054862329
79020,0.2538149849,0.2535921614,0.252922618,0.2518029573,0.2502271381,0.2481865167,0.2456690584,0.2426587827,0.2391347942,0.2350697039,0.2304276318,0.225160956,0.2192054559,0.212472095,0.2048332718,0.196097379,0.1859569452,0.1738681391,0.1587039376,0.1372901946,0.07050962333
79080,0.2536692487,0.2534466341,0.2527777176,0.2516591029,0.2500847513,0.2480460221,0.2455308853,0.242523367,0.2390025802,0.2349411481,0.2303032066,0.2250411561,0.2190908069,0.2123631667,0.2047306984,0.196001893,0.1858694381,0.1737897823,0.1586364704,0.1372368658,0.0704707397
79140,0.2535237973,0.253301391,0.2526331,0.2515155291,0.2499426419,0.2479058008,0.2453929806,0.2423882136,0.2388706217,0.2348128398,0.2301790201,0.2249215851,0.218976376,0.2122544444,0.2046283178,0.1959065853,0.1857820931,0.1737115692,0.1585691257,0.1371836334,0.07043197191
79200,0.2533786297,0.2531564313,0.2524887645,0.2513722351,0.2498008091,0.247765852,0.2452553433,0.2422533217,0.2387389178,0.2346847784,0.2300550716,0.2248022423,0.2188621624,0.2121459276,0.2045261294,0.1958114552,0.1856949095,0.1736334993,0.1585019031,0.1371304972,0.07039331952
79260,0.2532337451,0.2530117542,0.2523447102,0.2512292201,0.2496592521,0.2476261749,0.2451179727,0.2421186906,0.2386074678,0.234556963,0.2299313605,0.2246831271,0.2187481656,0.2120376155,0.2044241326,0.1957165022,0.1856078869,0.1735555722,0.1584348024,0.1370774569,0.07035478206
79320,0.2530891427,0.2528673589,0.2522009362,0.2510864831,0.24951797,0.2474867687,0.244980868,0.2419843195,0.238476271,0.234429393,0.2298078859,0.2245642387,0.2186343848,0.2119295075,0.2043223269,0.1956217258,0.1855210248,0.1734777876,0.158367823,0.1370245122,0.07031635906
79380,0.2529448217,0.2527232444,0.2520574418,0.2509440235,0.249376962,0.2473476326,0.2448440284,0.2418502076,0.2383453266,0.2343020677,0.2296846473,0.2244455766,0.2185208195,0.2118216032,0.2042207117,0.1955271255,0.1854343228,0.173400145,0.1583009647,0.1369716628,0.07027805007
79440,0.2528007812,0.25257941,0.2519142262,0.2508018404,0.2492362275,0.2472087657,0.2447074532,0.2417163542,0.2382146338,0.2341749863,0.2295616439,0.2243271399,0.218407469,0.2117139018,0.2041192865,0.1954327008,0.1853477803,0.1733226439,0.1582342272,0.1369189084,0.07023985464
79500,0.2526570204,0.2524358549,0.2517712884,0.2506599329,0.2490957654,0.2470701674,0.2445711415,0.2415827585,0.238084192,0.2340481481,0.2294388751,0.2242089282,0.2182943327,0.2116064029,0.2040180506,0.1953384511,0.185261397,0.173245284,0.1581676099,0.1368662487,0.0702017723
79560,0.2525135384,0.2522925782,0.2516286277,0.2505183003,0.248955575,0.2469318367,0.2444350926,0.2414494197,0.2379540004,0.2339215524,0.2293163401,0.2240909407,0.2181814099,0.2114991057,0.2039170036,0.1952443759,0.1851751723,0.1731680649,0.1581011127,0.1368136834,0.07016380262
79620,0.2523703345,0.252149579,0.2514862433,0.2503769417,0.2488156556,0.246793773,0.2442993057,0.2413163371,0.2378240582,0.2337951985,0.2291940383,0.2239731767,0.2180687001,0.2113920097,0.2038161449,0.1951504748,0.1850891059,0.173090986,0.1580347351,0.1367612123,0.07012594513
79680,0.2522274078,0.2520068567,0.2513441344,0.2502358563,0.2486760063,0.2466559754,0.24416378,0.2411835099,0.2376943647,0.2336690856,0.229071969,0.2238556357,0.2179562025,0.2112851144,0.203715474,0.1950567473,0.1850031971,0.1730140471,0.1579684768,0.136708835,0.0700881994
79740,0.2520847575,0.2518644103,0.2512023,0.2500950434,0.2485366264,0.2465184431,0.2440285148,0.2410509374,0.2375649193,0.2335432132,0.2289501314,0.2237383169,0.2178439167,0.2111784191,0.2036149902,0.1949631927,0.1849174456,0.1729372478,0.1579023374,0.1366565512,0.07005056498
79800,0.2519423828,0.2517222391,0.2510607395,0.2499545021,0.2483975149,0.2463811754,0.2438935092,0.2409186189,0.2374357211,0.2334175804,0.228828525,0.2236212197,0.2177318419,0.2110719232,0.2035146931,0.1948698107,0.184831851,0.1728605875,0.1578363166,0.1366043608,0.07001304143
79860,0.2518002829,0.2515803422,0.2509194521,0.2498142316,0.2482586713,0.2462441715,0.2437587626,0.2407865535,0.2373067694,0.2332921865,0.228707149,0.2235043434,0.2176199776,0.2109656262,0.203414582,0.1947766007,0.1847464127,0.172784066,0.1577704141,0.1365522633,0.0699756283
79920,0.2516584569,0.2514387188,0.2507784368,0.2496742312,0.2481200946,0.2461074306,0.2436242742,0.2406547406,0.2371780635,0.2331670309,0.2285860028,0.2233876875,0.2175083231,0.2108595275,0.2033146566,0.1946835622,0.1846611303,0.1727076827,0.1577046294,0.1365002586,0.06993832517
79980,0.2515169042,0.2512973682,0.250637693,0.2495345,0.247981784,0.2459709519,0.2434900433,0.2405231794,0.2370496027,0.2330421129,0.2284650857,0.2232712512,0.2173968779,0.2107536265,0.2032149161,0.1945906947,0.1845760033,0.1726314373,0.1576389623,0.1364483463,0.06990113159
80040,0.2513756238,0.2511562895,0.2504972198,0.2493950372,0.2478437389,0.2458347348,0.2433560689,0.2403918692,0.2369213863,0.2329174318,0.2283443971,0.223155034,0.2172856412,0.2106479226,0.2031153602,0.1944979977,0.1844910314,0.1725553295,0.1575734124,0.1363965262,0.06986404713
80100,0.2512346149,0.251015482,0.2503570165,0.2492558421,0.2477059584,0.2456987783,0.2432223506,0.2402608092,0.2367934136,0.2327929868,0.2282239362,0.2230390352,0.2171746126,0.2105424153,0.2030159882,0.1944054708,0.184406214,0.1724793587,0.1575079793,0.1363447979,0.06982707136
80160,0.2510938769,0.2508749448,0.2502170822,0.249116914,0.2475684418,0.2455630818,0.2430888873,0.2401299987,0.2366656838,0.2326687774,0.2281037024,0.2229232541,0.2170637914,0.210437104,0.2029167996,0.1943131133,0.1843215507,0.1724035247,0.1574426628,0.1362931612,0.06979020385
80220,0.2509534088,0.2507346771,0.2500774161,0.2489782519,0.2474311882,0.2454276445,0.2429556785,0.239999437,0.2365381963,0.2325448027,0.2279836951,0.2228076901,0.216953177,0.2103319882,0.2028177939,0.194220925,0.184237041,0.1723278269,0.1573774624,0.1362416159,0.06975344418
80280,0.25081321,0.2505946783,0.2499380176,0.2488398551,0.247294197,0.2452924656,0.2428227234,0.2398691234,0.2364109503,0.2324210622,0.2278639135,0.2226923427,0.2168427688,0.2102270671,0.2027189706,0.1941289052,0.1841526846,0.1722522651,0.1573123779,0.1361901616,0.06971679191
80340,0.2506732795,0.2504549474,0.2497988857,0.2487017229,0.2471574673,0.2451575444,0.2426900213,0.2397390571,0.2362839452,0.2322975551,0.2277443571,0.2225772111,0.2167325662,0.2101223404,0.2026203291,0.1940370534,0.1840684809,0.1721768388,0.1572474089,0.1361387981,0.06968024663
80400,0.2505336167,0.2503154837,0.2496600198,0.2485638545,0.2470209984,0.2450228801,0.2425575713,0.2396092374,0.2361571802,0.2321742808,0.2276250251,0.2224622948,0.2166225687,0.2100178074,0.2025218689,0.1939453693,0.1839844296,0.1721015476,0.1571825551,0.1360875252,0.06964380792
80460,0.2503942207,0.2501762864,0.249521419,0.2484262491,0.2468847895,0.244888472,0.2424253728,0.2394796636,0.2360306547,0.2320512386,0.227505917,0.222347593,0.2165127755,0.2099134676,0.2024235895,0.1938538523,0.1839005301,0.1720263912,0.1571178161,0.1360363424,0.06960747536
80520,0.2502550908,0.2500373548,0.2493830825,0.2482889059,0.2467488399,0.2447543194,0.2422934251,0.239350335,0.2359043678,0.2319284278,0.2273870321,0.2222331053,0.2164031862,0.2098093205,0.2023254904,0.1937625018,0.1838167822,0.1719513691,0.1570531916,0.1359852496,0.06957124852
80580,0.2501162262,0.2498986881,0.2492450097,0.2481518242,0.2466131488,0.2446204214,0.2421617274,0.2392212508,0.2357783191,0.2318058477,0.2272683697,0.222118831,0.2162938001,0.2097053653,0.202227571,0.1936713176,0.1837331852,0.171876481,0.1569886812,0.1359342466,0.069535127
80640,0.2499776262,0.2497602854,0.2491071998,0.2480150033,0.2464777155,0.2444867774,0.2420302789,0.2390924105,0.2356525077,0.2316834977,0.2271499292,0.2220047694,0.2161846167,0.2096016017,0.2021298308,0.1935802989,0.1836497388,0.1718017264,0.1569242847,0.1358833329,0.06949911039
80700,0.2498392898,0.2496221461,0.2489696518,0.2478784423,0.2463425392,0.2443533866,0.2418990791,0.2389638132,0.235526933,0.2315613772,0.2270317099,0.22189092,0.2160756354,0.2094980291,0.2020322694,0.1934894455,0.1835664426,0.1717271051,0.1568600018,0.1358325085,0.06946319827
80760,0.2497012165,0.2494842694,0.2488323653,0.2477421406,0.2462076191,0.2442202483,0.2417681271,0.2388354582,0.2354015943,0.2314394854,0.2269137112,0.2217772821,0.2159668555,0.2093946469,0.2019348861,0.1933987568,0.1834832961,0.1716526166,0.156795832,0.1357817729,0.06942739023
80820,0.2495634054,0.2493466545,0.2486953392,0.2476060973,0.2460729547,0.2440873618,0.2416374222,0.2387073449,0.2352764909,0.2313178217,0.2267959326,0.2216638551,0.2158582766,0.2092914545,0.2018376806,0.1933082324,0.1834002989,0.1715782605,0.1567317751,0.135731126,0.06939168588
80880,0.2494258558,0.2492093007,0.248558573,0.2474703117,0.245938545,0.2439547263,0.2415069637,0.2385794726,0.2351516222,0.2311963854,0.2266783733,0.2215506385,0.215749898,0.2091884514,0.2017406522,0.1932178717,0.1833174506,0.1715040365,0.1566678307,0.1356805675,0.06935608479
80940,0.2492885669,0.2490722071,0.2484220658,0.2473347831,0.2458043893,0.2438223411,0.241376751,0.2384518405,0.2350269874,0.2310751759,0.2265610326,0.2214376316,0.2156417192,0.2090856372,0.2016438005,0.1931276743,0.1832347507,0.1714299441,0.1566039985,0.1356300971,0.06932058658
81000,0.249151538,0.2489353731,0.248285817,0.2471995107,0.245670487,0.2436902055,0.2412467833,0.238324448,0.2349025858,0.2309541926,0.2264439101,0.2213248338,0.2155337396,0.2089830112,0.201547125,0.1930376398,0.1831521989,0.1713559831,0.1565402782,0.1355797145,0.06928519084
81060,0.2490147683,0.2487987979,0.2481498257,0.2470644938,0.2455368372,0.2435583187,0.2411170598,0.2381972944,0.234778417,0.2308334347,0.226327005,0.2212122445,0.2154259586,0.2088805728,0.2014506252,0.1929477677,0.1830697946,0.171282153,0.1564766695,0.1355294195,0.06924989718
81120,0.248878257,0.2486624808,0.2480140912,0.2469297317,0.2454034394,0.2434266801,0.2409875799,0.238070379,0.23465448,0.2307129017,0.2262103168,0.2210998632,0.2153183756,0.2087783217,0.2013543005,0.1928580574,0.1829875376,0.1712084534,0.156413172,0.1354792119,0.06921470519
81180,0.2487420035,0.2485264209,0.2478786127,0.2467952236,0.2452702927,0.2432952889,0.240858343,0.237943701,0.2345307743,0.2305925929,0.2260938448,0.2209876891,0.2152109902,0.2086762572,0.2012581505,0.1927685087,0.1829054273,0.1711348841,0.1563497855,0.1354290914,0.06917961448
81240,0.2486060069,0.2483906176,0.2477433897,0.2466609688,0.2451373963,0.2431641444,0.2407293482,0.23781726,0.2344072993,0.2304725076,0.2259775884,0.2208757218,0.2151038016,0.2085743787,0.2011621746,0.1926791209,0.1828234633,0.1710614445,0.1562865095,0.1353790577,0.06914462466
81300,0.2484702666,0.2482550702,0.2476084212,0.2465269665,0.2450047497,0.243033246,0.2406005949,0.237691055,0.2342840542,0.2303526452,0.2258615469,0.2207639607,0.2149968094,0.2084726859,0.2010663725,0.1925898937,0.1827416453,0.1709881344,0.1562233439,0.1353291106,0.06910973533
81360,0.2483347818,0.2481197778,0.2474737066,0.2463932161,0.2448723521,0.2429025928,0.2404720824,0.2375650855,0.2341610384,0.230233005,0.2257457198,0.2206524051,0.2148900131,0.2083711781,0.2009707435,0.1925008265,0.1826599728,0.1709149534,0.1561602883,0.1352792498,0.06907494612
81420,0.2481995517,0.2479847398,0.2473392451,0.2462597168,0.2447402027,0.2427721843,0.24034381,0.2374393509,0.2340382512,0.2301135865,0.2256301065,0.2205410545,0.2147834119,0.2082698548,0.2008752872,0.192411919,0.1825784454,0.1708419011,0.1560973423,0.1352294751,0.06904025663
81480,0.2480645757,0.2478499555,0.2472050361,0.2461264678,0.2446083009,0.2426420196,0.2402157771,0.2373138503,0.233915692,0.229994389,0.2255147063,0.2204299083,0.2146770055,0.2081687155,0.2007800031,0.1923231707,0.1824970627,0.1707689772,0.1560345057,0.1351797862,0.06900566648
81540,0.247929853,0.247715424,0.2470710787,0.2459934686,0.2444766459,0.2425120981,0.2400879829,0.2371885832,0.2337933602,0.2298754119,0.2253995187,0.2203189658,0.2145707932,0.2080677597,0.2006848908,0.1922345811,0.1824158243,0.1706961812,0.1559717782,0.1351301828,0.06897117528
81600,0.2477953828,0.2475811447,0.2469373723,0.2458607183,0.244345237,0.2423824192,0.2399604267,0.2370635489,0.233671255,0.2297566545,0.2252845429,0.2202082266,0.2144647745,0.2079669868,0.2005899496,0.1921461498,0.1823347298,0.1706235129,0.1559091593,0.1350806648,0.06893678265
81660,0.2476611646,0.2474471169,0.2468039162,0.2457282162,0.2442140736,0.242252982,0.2398331079,0.2369387467,0.2335493759,0.2296381163,0.2251697785,0.2200976901,0.2143589488,0.2078663963,0.2004951792,0.1920578763,0.1822537787,0.1705509718,0.155846649,0.1350312319,0.06890248821
81720,0.2475271974,0.2473133398,0.2466707096,0.2455959617,0.2440831549,0.242123786,0.2397060258,0.2368141759,0.2334277222,0.2295197965,0.2250552249,0.2199873556,0.2142533156,0.2077659878,0.2004005791,0.1919697602,0.1821729708,0.1704785577,0.1557842467,0.1349818838,0.06886829159
81780,0.2473934807,0.2471798127,0.2465377518,0.245463954,0.2439524803,0.2419948304,0.2395791798,0.236689836,0.2333062932,0.2294016946,0.2249408813,0.2198772226,0.2141478743,0.2076657607,0.2003061487,0.1918818011,0.1820923055,0.1704062701,0.1557219523,0.1349326202,0.06883419241
81840,0.2472600136,0.2470465349,0.2464050421,0.2453321924,0.2438220489,0.2418661145,0.239452569,0.2365657262,0.2331850884,0.2292838099,0.2248267473,0.2197672906,0.2140426245,0.2075657144,0.2002118877,0.1917939984,0.1820117824,0.1703341087,0.1556597654,0.134883441,0.06880019029
81900,0.2471267956,0.2469135057,0.2462725798,0.2452006762,0.2436918602,0.2417376377,0.239326193,0.2364418459,0.233064107,0.2291661419,0.2247128222,0.2196575589,0.2139375655,0.2074658486,0.2001177955,0.1917063519,0.1819314012,0.1702620731,0.1555976857,0.1348343459,0.06876628487
81960,0.2469938258,0.2467807244,0.2461403642,0.2450694048,0.2435619135,0.2416093993,0.239200051,0.2363181944,0.2329433485,0.2290486899,0.2245991055,0.219548027,0.2138326968,0.2073661626,0.2000238716,0.1916188609,0.1818511615,0.1701901631,0.1555357129,0.1347853347,0.06873247577
82020,0.2468611036,0.2466481903,0.2460083947,0.2449383774,0.243432208,0.2414813986,0.2390741423,0.2361947712,0.2328228122,0.2289314533,0.2244855965,0.2194386943,0.2137280179,0.2072666559,0.1999301156,0.1915315252,0.1817710629,0.1701183782,0.1554738467,0.134736407,0.06869876262
82080,0.2467286283,0.2465159027,0.2458766704,0.2448075933,0.2433027431,0.2413536349,0.2389484663,0.2360715754,0.2327024974,0.2288144315,0.2243722947,0.2193295603,0.2136235283,0.2071673282,0.1998365271,0.1914443442,0.181691105,0.170046718,0.1554120868,0.1346875627,0.06866514505
82140,0.2465963992,0.2463838608,0.2457451907,0.2446770518,0.2431735181,0.2412261076,0.2388230224,0.2359486066,0.2325824036,0.2286976238,0.2242591995,0.2192206244,0.2135192274,0.2070681788,0.1997431054,0.1913573175,0.1816112873,0.1699751823,0.1553504329,0.1346388016,0.06863162271
82200,0.2464644155,0.246252064,0.2456139549,0.2445467523,0.2430445323,0.2410988159,0.2386978098,0.235825864,0.2324625302,0.2285810298,0.2241463103,0.219111886,0.2134151146,0.2069692072,0.1996498502,0.1912704447,0.1815316095,0.1699037707,0.1552888848,0.1345901233,0.06859819523
82260,0.2463326766,0.2461205116,0.2454829624,0.2444166941,0.242915785,0.2409717593,0.2385728279,0.235703347,0.2323428764,0.2284646488,0.2240336265,0.2190033447,0.2133111896,0.206870413,0.1995567611,0.1911837254,0.1814520713,0.1698324829,0.1552274421,0.1345415277,0.06856486224
82320,0.2462011817,0.2459892029,0.2453522123,0.2442868764,0.2427872756,0.240844937,0.2384480761,0.235581055,0.2322234418,0.2283484801,0.2239211475,0.2188949997,0.2132074516,0.2067717957,0.1994638375,0.1910971591,0.1813726721,0.1697613184,0.1551661045,0.1344930144,0.06853162339
82380,0.2460699302,0.2458581371,0.2452217041,0.2441572987,0.2426590034,0.2407183485,0.2383235537,0.2354589873,0.2321042256,0.2282325232,0.2238088728,0.2187868507,0.2131039003,0.2066733547,0.1993710789,0.1910107454,0.1812934117,0.169690277,0.1551048717,0.1344445834,0.06849847831
82440,0.2459389215,0.2457273137,0.245091437,0.2440279601,0.2425309677,0.2405919929,0.23819926,0.2353371434,0.2319852272,0.2281167775,0.2236968018,0.218678897,0.213000535,0.2065750896,0.199278485,0.1909244839,0.1812142896,0.1696193584,0.1550437435,0.1343962343,0.06846542666
82500,0.2458081547,0.2455967319,0.2449614104,0.2438988601,0.2424031678,0.2404658697,0.2380751945,0.2352155225,0.2318664461,0.2280012424,0.2235849339,0.2185711381,0.2128973553,0.2064769999,0.1991860552,0.1908383741,0.1811353055,0.1695485621,0.1549827195,0.1343479669,0.06843246807
82560,0.2456776293,0.245466391,0.2448316236,0.243769998,0.2422756031,0.2403399782,0.2379513564,0.235094124,0.2317478817,0.2278859173,0.2234732686,0.2184635734,0.2127943607,0.2063790851,0.1990937891,0.1907524157,0.181056459,0.1694778878,0.1549217995,0.134299781,0.0683996022
82620,0.2455473445,0.2453362904,0.2447020759,0.2436413731,0.2421482729,0.2402143178,0.2378277452,0.2349729474,0.2316295332,0.2277708016,0.2233618052,0.2183562024,0.2126915506,0.2062813447,0.1990016863,0.1906666082,0.1809777496,0.1694073352,0.1548609831,0.1342516763,0.06836682868
82680,0.2454172997,0.2452064294,0.2445727667,0.2435129847,0.2420211766,0.2400888878,0.2377043601,0.234851992,0.2315114002,0.2276558948,0.2232505433,0.2182490246,0.2125889244,0.2061837782,0.1989097463,0.1905809512,0.1808991771,0.169336904,0.1548002701,0.1342036527,0.06833414718
82740,0.2452874941,0.2450768073,0.2444436952,0.2433848321,0.2418943135,0.2399636876,0.2375812006,0.2347312571,0.2313934819,0.2275411962,0.2231394822,0.2181420394,0.2124864818,0.2060863851,0.1988179686,0.1904954443,0.180820741,0.1692665938,0.1547396602,0.1341557098,0.06830155734
82800,0.2451579272,0.2449474234,0.2443148608,0.2432569148,0.2417676829,0.2398387164,0.2374582661,0.2346107422,0.2312757779,0.2274267052,0.2230286214,0.2180352463,0.2123842222,0.205989165,0.1987263528,0.190410087,0.1807424409,0.1691964043,0.1546791531,0.1341078475,0.06826905882
82860,0.2450285982,0.2448182771,0.2441862628,0.243129232,0.2416412842,0.2397139738,0.2373355558,0.2344904467,0.2311582874,0.2273124213,0.2229179603,0.2179286447,0.212282145,0.2058921173,0.1986348984,0.190324879,0.1806642766,0.1691263352,0.1546187486,0.1340600655,0.06823665127
82920,0.2448995065,0.2446893677,0.2440579006,0.243001783,0.2415151167,0.239589459,0.2372130692,0.2343703698,0.23104101,0.2271983439,0.2228074984,0.2178222342,0.2121802499,0.2057952417,0.198543605,0.1902398198,0.1805862475,0.1690563861,0.1545584462,0.1340123636,0.06820433435
82980,0.2447706513,0.2445606945,0.2439297735,0.2428745673,0.2413891798,0.2394651713,0.2370908056,0.2342505111,0.230923945,0.2270844724,0.2226972351,0.2177160141,0.2120785361,0.2056985375,0.1984524722,0.1901549091,0.1805083534,0.1689865567,0.1544982459,0.1339647416,0.06817210772
83040,0.2446420322,0.2444322568,0.2438018808,0.2427475842,0.2412634728,0.2393411102,0.2369687645,0.2341308699,0.2308070918,0.2269708063,0.2225871699,0.2176099839,0.2119770034,0.2056020045,0.1983614995,0.1900701463,0.1804305938,0.1689168466,0.1544381472,0.1339171992,0.06813997103
83100,0.2445136483,0.2443040541,0.243674222,0.2426208329,0.2411379952,0.2392172751,0.2368469451,0.2340114456,0.2306904498,0.2268573449,0.2224773022,0.2175041432,0.2118756511,0.2055056419,0.1982706864,0.1899855312,0.1803529685,0.1688472556,0.1543781499,0.1338697363,0.06810792395
83160,0.244385499,0.2441760856,0.2435467962,0.242494313,0.2410127462,0.2390936652,0.2367253469,0.2338922375,0.2305740185,0.2267440877,0.2223676315,0.2173984914,0.2117744787,0.2054094495,0.1981800326,0.1899010633,0.1802754769,0.1687777833,0.1543182537,0.1338223525,0.06807596615
83220,0.2442575837,0.2440483507,0.2434196029,0.2423680236,0.2408877252,0.23897028,0.2366039692,0.2337732452,0.2304577972,0.2266310342,0.2222581572,0.217293028,0.2116734858,0.2053134267,0.1980895375,0.1898167421,0.1801981188,0.1687084294,0.1542584583,0.1337750478,0.06804409728
83280,0.2441299017,0.2439208488,0.2432926415,0.2422419642,0.2407629316,0.2388471188,0.2364828115,0.2336544679,0.2303417854,0.2265181837,0.2221488787,0.2171877524,0.2115726719,0.205217573,0.1979992008,0.1897325674,0.1801208938,0.1686391935,0.1541987635,0.1337278218,0.06801231701
83340,0.2440024523,0.2437935791,0.2431659112,0.2421161342,0.2406383647,0.238724181,0.2363618731,0.2335359051,0.2302259825,0.2264055358,0.2220397956,0.2170826641,0.2114720365,0.205121888,0.197909022,0.1896485386,0.1800438016,0.1685700754,0.154139169,0.1336806743,0.06798062501
83400,0.243875235,0.2436665411,0.2430394115,0.2419905328,0.2405140239,0.238601466,0.2362411534,0.2334175562,0.2301103878,0.2262930898,0.2219309072,0.2169777626,0.211371579,0.2050263713,0.1978190006,0.1895646555,0.1799668416,0.1685010747,0.1540796745,0.1336336051,0.06794902096
83460,0.243748249,0.2435397341,0.2429131416,0.2418651595,0.2403899086,0.2384789732,0.2361206519,0.2332994206,0.2299950009,0.2261808451,0.2218222131,0.2168730474,0.211271299,0.2049310223,0.1977291363,0.1894809175,0.1798900137,0.1684321911,0.1540202798,0.133586614,0.06791750451
83520,0.2436214937,0.2434131574,0.242787101,0.2417400136,0.2402660181,0.2383567019,0.2360003678,0.2331814977,0.2298798211,0.2260688013,0.2217137127,0.2167685181,0.211171196,0.2048358406,0.1976394286,0.1893973243,0.1798133175,0.1683634243,0.1539609844,0.1335397008,0.06788607536
83580,0.2434949685,0.2432868104,0.242661289,0.2416150945,0.2401423519,0.2382346515,0.2358803006,0.2330637869,0.229764848,0.2259569578,0.2216054055,0.2166641739,0.2110712695,0.2047408258,0.1975498771,0.1893138755,0.1797367525,0.1682947739,0.1539017883,0.1334928653,0.06785473315
83640,0.2433686727,0.2431606925,0.242535705,0.2414904015,0.2400189093,0.2381128215,0.2357604497,0.2329462877,0.2296500808,0.2258453139,0.221497291,0.2165600146,0.210971519,0.2046459773,0.1974604814,0.1892305708,0.1796603184,0.1682262397,0.1538426911,0.1334461072,0.06782347759
83700,0.2432426057,0.243034803,0.2424103483,0.2413659341,0.2398956897,0.2379912111,0.2356408145,0.2328289993,0.229535519,0.2257338692,0.2213893685,0.2164560394,0.2108719441,0.2045512948,0.1973712409,0.1891474096,0.1795840149,0.1681578213,0.1537836926,0.1333994264,0.06779230833
83760,0.2431167669,0.2429091413,0.2422852184,0.2412416916,0.2397726924,0.2378698199,0.2355213944,0.2327119214,0.2294211621,0.2256226232,0.2212816376,0.2163522481,0.2107725442,0.2044567778,0.1972821554,0.1890643917,0.1795078416,0.1680895183,0.1537247924,0.1333528225,0.06776122507
83820,0.2429911556,0.2427837068,0.2421603145,0.2411176733,0.2396499168,0.2377486471,0.2354021888,0.2325950532,0.2293070095,0.2255115752,0.2211740978,0.2162486399,0.2106733189,0.2043624257,0.1971932243,0.1889815166,0.1794317982,0.1680213306,0.1536659904,0.1333062955,0.06773022747
83880,0.2428657712,0.2426584988,0.242035636,0.2409938787,0.2395273624,0.2376276923,0.235283197,0.2324783941,0.2291930606,0.2254007247,0.2210667485,0.2161452145,0.2105742677,0.2042682382,0.1971044474,0.1888987839,0.1793558843,0.1679532578,0.1536072862,0.133259845,0.06769931522
83940,0.2427406131,0.2425335167,0.2419111824,0.2408703071,0.2394050285,0.2375069546,0.2351644186,0.2323619437,0.2290793149,0.2252900712,0.2209595892,0.2160419713,0.2104753902,0.2041742149,0.197015824,0.1888161933,0.1792800995,0.1678852996,0.1535486796,0.1332134709,0.06766848801
84000,0.2426156805,0.2424087599,0.241786953,0.240746958,0.2392829146,0.2373864337,0.235045853,0.2322457014,0.2289657719,0.2251796141,0.2208526193,0.2159389099,0.2103766857,0.2040803552,0.1969273539,0.1887337443,0.1792044435,0.1678174556,0.1534901703,0.133167173,0.06763774552
84060,0.242490973,0.2422842277,0.2416629472,0.2406238306,0.2391610199,0.2372661289,0.2349274994,0.2321296665,0.2288524308,0.2250693529,0.2207458385,0.2158360297,0.210278154,0.2039866587,0.1968390365,0.1886514366,0.179128916,0.1677497255,0.153431758,0.1331209511,0.06760708744
84120,0.2423664899,0.2421599196,0.2415391644,0.2405009245,0.2390393439,0.2371460395,0.2348093574,0.2320138385,0.2287392913,0.2249592871,0.2206392461,0.2157333302,0.2101797944,0.2038931251,0.1967508716,0.1885692698,0.1790535166,0.1676821091,0.1533734425,0.1330748049,0.06757651344
84180,0.2422422306,0.2420358349,0.2414156039,0.2403782389,0.238917886,0.2370261651,0.2346914264,0.2318982168,0.2286263527,0.2248494161,0.2205328416,0.215630811,0.2100816066,0.2037997537,0.1966628586,0.1884872436,0.178978245,0.1676146061,0.1533152236,0.1330287342,0.06754602323
84240,0.2421181944,0.2419119729,0.2412922651,0.2402557733,0.2387966456,0.2369065049,0.2345737058,0.2317828008,0.2285136145,0.2247397393,0.2204266245,0.2155284715,0.20998359,0.2037065443,0.1965749972,0.1884053575,0.1789031007,0.1675472161,0.1532571009,0.1329827388,0.06751561649
84300,0.2419943808,0.2417883332,0.2411691475,0.240133527,0.2386756221,0.2367870584,0.234456195,0.2316675901,0.2284010762,0.2246302564,0.2203205943,0.2154263112,0.2098857443,0.2036134963,0.196487287,0.1883236111,0.1788280836,0.1674799388,0.1531990743,0.1329368186,0.06748529292
84360,0.2418707891,0.2416649151,0.2410462504,0.2400114995,0.2385548148,0.2366678251,0.2343388934,0.231552584,0.2282887371,0.2245209666,0.2202147505,0.2153243298,0.2097880688,0.2035206093,0.1963997274,0.1882420041,0.1787531931,0.1674127739,0.1531411434,0.1328909733,0.0674550522
84420,0.2417474186,0.2415417179,0.2409235732,0.2398896902,0.2384342233,0.2365488043,0.2342218005,0.231437782,0.2281765968,0.2244118695,0.2201090926,0.2152225266,0.2096905633,0.2034278829,0.1963123182,0.1881605361,0.1786784291,0.1673457212,0.153083308,0.1328452027,0.06742489404
84480,0.2416242689,0.2414187411,0.2408011153,0.2397680984,0.2383138469,0.2364299954,0.2341049157,0.2313231834,0.2280646547,0.2243029646,0.22000362,0.2151209012,0.2095932271,0.2033353166,0.196225059,0.1880792068,0.1786037911,0.1672787803,0.1530255678,0.1327995066,0.06739481812
84540,0.2415013393,0.241295984,0.2406788761,0.2396467236,0.238193685,0.2363113979,0.2339882383,0.2312087879,0.2279529103,0.2241942514,0.2198983324,0.2150194532,0.2094960599,0.2032429101,0.1961379493,0.1879980157,0.1785292788,0.1672119509,0.1529679226,0.1327538848,0.06736482415
84600,0.2413786292,0.241173446,0.240556855,0.2395255651,0.238073737,0.2361930113,0.233871768,0.2310945947,0.227841363,0.2240857292,0.219793229,0.214918182,0.2093990612,0.2031506628,0.1960509886,0.1879169625,0.1784548919,0.1671452327,0.1529103721,0.1327083371,0.06733491182
84660,0.241256138,0.2410511266,0.2404350514,0.2394046224,0.2379540024,0.2360748348,0.233755504,0.2309806034,0.2277300122,0.2239773977,0.2196883096,0.2148170871,0.2093022305,0.2030585744,0.1959641767,0.1878360468,0.17838063,0.1670786254,0.1528529161,0.1326628634,0.06730508084
84720,0.2411338651,0.2409290252,0.2403134648,0.2392838949,0.2378344806,0.2359568679,0.2336394458,0.2308668133,0.2276188576,0.2238692562,0.2195835735,0.2147161681,0.2092055674,0.2029666443,0.1958775131,0.1877552683,0.1783064928,0.1670121288,0.1527955543,0.1326174633,0.06727533091
84780,0.2410118099,0.2408071411,0.2401920944,0.239163382,0.2377151709,0.2358391102,0.2335235929,0.230753224,0.2275078984,0.2237613044,0.2194790203,0.2146154245,0.2091090714,0.2028748723,0.1957909975,0.1876746265,0.17823248,0.1669457425,0.1527382865,0.1325721367,0.06724566173
84840,0.2408899717,0.2406854738,0.2400709398,0.2390430831,0.2375960728,0.2357215609,0.2334079447,0.2306398349,0.2273971342,0.2236535415,0.2193746494,0.2145148558,0.2090127421,0.2027832579,0.1957046293,0.1875941211,0.1781585912,0.1668794663,0.1526811124,0.1325268834,0.067216073
84900,0.2407683501,0.2405640226,0.2399500003,0.2389229976,0.2374771857,0.2356042196,0.2332925007,0.2305266455,0.2272865645,0.2235459672,0.2192704605,0.2144144616,0.208916579,0.2026918006,0.1956184083,0.1875137518,0.1780848262,0.1668132998,0.1526240318,0.1324817032,0.06718656443
84960,0.2406469444,0.240442787,0.2398292753,0.238803125,0.2373585091,0.2354870856,0.2331772602,0.2304136551,0.2271761887,0.2234385809,0.2191664529,0.2143142414,0.2088205817,0.2026005,0.195532334,0.1874335182,0.1780111845,0.1667472428,0.1525670443,0.1324365959,0.06715713572
85020,0.240525754,0.2403217664,0.2397087643,0.2386834646,0.2372400423,0.2353701584,0.2330622227,0.2303008633,0.2270660063,0.2233313821,0.2190626262,0.2142141947,0.2087247497,0.2025093557,0.195446406,0.1873534199,0.1779376658,0.1666812949,0.1525101499,0.1323915613,0.0671277866
85080,0.2404047783,0.2402009602,0.2395884667,0.2385640159,0.2371217849,0.2352534374,0.2329473878,0.2301882696,0.2269560168,0.2232243704,0.2189589799,0.214114321,0.2086290826,0.2024183673,0.195360624,0.1872734565,0.1778642699,0.1666154559,0.1524533482,0.1323465992,0.06709851675
85140,0.2402840169,0.2400803678,0.2394683819,0.2384447783,0.2370037361,0.2351369221,0.2328327547,0.2300758733,0.2268462196,0.2231175451,0.2188555135,0.2140146198,0.2085335799,0.2023275343,0.1952749875,0.1871936277,0.1777909963,0.1665497254,0.1523966389,0.1323017094,0.06706932591
85200,0.2401634689,0.2399599886,0.2393485093,0.2383257512,0.2368858956,0.235020612,0.2327183231,0.229963674,0.2267366143,0.2230109058,0.2187522266,0.2139150908,0.2084382413,0.2022368564,0.1951894962,0.1871139332,0.1777178449,0.1664841033,0.1523400219,0.1322568917,0.06704021378
85260,0.240043134,0.2398398221,0.2392288484,0.2382069341,0.2367682626,0.2349045064,0.2326040922,0.2298516712,0.2266272003,0.2229044521,0.2186491186,0.2138157335,0.2083430662,0.2021463331,0.1951041497,0.1870343725,0.1776448151,0.1664185892,0.1522834968,0.1322121459,0.06701118006
85320,0.2399230114,0.2397198676,0.2391093985,0.2380883264,0.2366508366,0.2347886047,0.2324900617,0.2297398642,0.2265179771,0.2227981833,0.218546189,0.2137165473,0.2082480542,0.2020559641,0.1950189476,0.1869549454,0.1775719068,0.1663531828,0.1522270635,0.1321674719,0.06698222449
85380,0.2398031007,0.2396001246,0.2389901591,0.2379699275,0.2365336172,0.2346729066,0.2323762309,0.2296282526,0.2264089441,0.222692099,0.2184434375,0.2136175319,0.2081532049,0.2019657488,0.1949338894,0.1868756515,0.1774991196,0.1662878838,0.1521707217,0.1321228694,0.06695334677
85440,0.2396834013,0.2394805926,0.2388711297,0.2378517368,0.2364166036,0.2345574113,0.2322625993,0.2295168358,0.2263001009,0.2225861987,0.2183408634,0.2135186867,0.2080585178,0.2018756869,0.1948489749,0.1867964903,0.1774264531,0.166222692,0.1521144712,0.1320783383,0.06692454662
85500,0.2395639125,0.2393612709,0.2387523096,0.2377337538,0.2362997954,0.2344421184,0.2321491664,0.2294056133,0.226191447,0.2224804819,0.2182384664,0.2134200113,0.2079639926,0.201785778,0.1947642036,0.1867174616,0.1773539072,0.1661576071,0.1520583116,0.1320338783,0.06689582376
85560,0.2394446339,0.2392421591,0.2386336982,0.237615978,0.236183192,0.2343270273,0.2320359316,0.2292945846,0.2260829818,0.2223749481,0.2181362459,0.2133215053,0.2078696287,0.2016960217,0.1946795752,0.1866385651,0.1772814813,0.1660926288,0.1520022429,0.1319894892,0.06686717791
85620,0.2393255648,0.2391232564,0.2385152951,0.2374984087,0.2360667928,0.2342121374,0.2319228944,0.2291837491,0.2259747049,0.2222695968,0.2180342016,0.2132231682,0.2077754258,0.2016064175,0.1945950893,0.1865598003,0.1772091753,0.1660277567,0.1519462647,0.131945171,0.0668386088
85680,0.2392067047,0.2390045623,0.2383970997,0.2373810455,0.2359505974,0.2340974483,0.2318100543,0.2290731064,0.2258666157,0.2221644276,0.2179323328,0.2131249995,0.2076813834,0.2015169651,0.1945107454,0.1864811669,0.1771369887,0.1659629907,0.1518903767,0.1319009233,0.06681011614
85740,0.239088053,0.2388860764,0.2382791113,0.2372638876,0.2358346051,0.2339829593,0.2316974107,0.228962656,0.2257587137,0.2220594399,0.2178306391,0.2130269989,0.2075875011,0.2014276641,0.1944265433,0.1864026646,0.1770649214,0.1658983305,0.1518345789,0.131856746,0.06678169966
85800,0.2389696091,0.238767798,0.2381613295,0.2371469347,0.2357188153,0.23386867,0.2315849631,0.2288523972,0.2256509985,0.2219546332,0.2177291202,0.2129291658,0.2074937785,0.201338514,0.1943424825,0.186324293,0.176992973,0.1658337757,0.1517788708,0.1318126389,0.06675335909
85860,0.2388513726,0.2386497265,0.2380437537,0.2370301861,0.2356032277,0.2337545797,0.231472711,0.2287423296,0.2255434694,0.2218500072,0.2176277754,0.2128314998,0.2074002151,0.2012495145,0.1942585627,0.1862460517,0.1769211431,0.1657693261,0.1517232524,0.1317686018,0.06672509414
85920,0.2387333428,0.2385318615,0.2379263833,0.2369136414,0.2354878415,0.233640688,0.2313606539,0.2286324527,0.2254361261,0.2217455612,0.2175266044,0.2127340004,0.2073068105,0.2011606651,0.1941747836,0.1861679405,0.1768494314,0.1657049815,0.1516677233,0.1317246346,0.06669690456
85980,0.2386155191,0.2384142023,0.2378092178,0.2367972998,0.2353726563,0.2335269944,0.2312487911,0.228522766,0.2253289681,0.2216412948,0.2174256066,0.2126366673,0.2072135643,0.2010719655,0.1940911446,0.186089959,0.1767778377,0.1656407415,0.1516122833,0.131680737,0.06666879006
86040,0.2384979011,0.2382967484,0.2376922566,0.236681161,0.2352576715,0.2334134982,0.2311371223,0.2284132689,0.2252219947,0.2215372075,0.2173247817,0.2125395,0.2071204761,0.2009834153,0.1940076455,0.1860121069,0.1767063616,0.1655766058,0.1515569322,0.1316369089,0.06664075038
86100,0.2383804881,0.2381794992,0.2375754992,0.2365652243,0.2351428866,0.2333001991,0.2310256469,0.228303961,0.2251152056,0.2214332989,0.2172241291,0.212442498,0.2070275455,0.200895014,0.1939242859,0.1859343837,0.1766350029,0.1655125743,0.1515016698,0.13159315,0.06661278525
86160,0.2382632797,0.2380624543,0.237458945,0.2364494893,0.2350283011,0.2331870963,0.2309143643,0.2281948417,0.2250086003,0.2213295684,0.2171236484,0.2123456608,0.206934772,0.2008067613,0.1938410654,0.1858567892,0.1765637612,0.1654486466,0.1514464958,0.1315494603,0.06658489441
86220,0.2381462752,0.2379456129,0.2373425935,0.2363339553,0.2349139144,0.2330741895,0.2308032742,0.2280859105,0.2249021782,0.2212260157,0.2170233391,0.2122489882,0.2068421552,0.2007186568,0.1937579837,0.1857793231,0.1764926362,0.1653848224,0.1513914099,0.1315058394,0.06655707758
86280,0.2380294741,0.2378289747,0.2372264441,0.2362186218,0.234799726,0.232961478,0.2306923758,0.227977167,0.2247959388,0.2211226401,0.2169232009,0.2121524795,0.2067496947,0.2006307001,0.1936750403,0.1857019849,0.1764216275,0.1653211015,0.1513364121,0.1314622873,0.0665293345
86340,0.237912876,0.2377125391,0.2371104963,0.2361034884,0.2346857353,0.2328489614,0.2305816688,0.2278686106,0.2246898818,0.2210194413,0.2168232331,0.2120561345,0.2066573901,0.2005428908,0.193592235,0.1856247744,0.176350735,0.1652574837,0.151281502,0.1314188038,0.0665016649
86400,0.2377964801,0.2375963054,0.2369947496,0.2359885544,0.2345719418,0.2327366392,0.2304711526,0.2277602409,0.2245840065,0.2209164188,0.2167234354,0.2119599526,0.2065652411,0.2004552285,0.1935095674,0.1855476913,0.1762799583,0.1651939686,0.1512266793,0.1313753886,0.06647406853
86460,0.2376802861,0.2374802733,0.2368792034,0.2358738193,0.2344583451,0.2326245108,0.2303608267,0.2276520573,0.2244783126,0.2208135721,0.2166238074,0.2118639334,0.206473247,0.2003677128,0.1934270371,0.1854707351,0.1762092971,0.165130556,0.151171944,0.1313320415,0.06644654513
86520,0.2375642933,0.237364442,0.2367638572,0.2357592826,0.2343449445,0.2325125757,0.2302506906,0.2275440594,0.2243727995,0.2207109008,0.2165243485,0.2117680765,0.2063814077,0.2002803433,0.1933446437,0.1853939056,0.1761387511,0.1650672456,0.1511172957,0.1312887625,0.06641909442
86580,0.2374485012,0.2372488112,0.2366487104,0.2356449438,0.2342317396,0.2324008334,0.2301407438,0.2274362466,0.2242674667,0.2206084043,0.2164250584,0.2116723815,0.2062897226,0.2001931198,0.1932623869,0.1853172024,0.17606832,0.1650040371,0.1510627343,0.1312455514,0.06639171616
86640,0.2373329093,0.2371333803,0.2365337626,0.2355308024,0.2341187298,0.2322892834,0.2300309858,0.2273286184,0.2241623138,0.2205060823,0.2163259365,0.211576848,0.2061981913,0.2001060417,0.1931802663,0.1852406252,0.1759980035,0.1649409303,0.1510082594,0.1312024079,0.06636441009
86700,0.2372175171,0.2370181486,0.2364190131,0.2354168577,0.2340059146,0.2321779251,0.2299214161,0.2272211745,0.2240573403,0.2204039342,0.2162269825,0.2114814754,0.2061068136,0.2000191087,0.1930982816,0.1851641737,0.1759278012,0.164877925,0.1509538709,0.1311593318,0.06633717595
86760,0.2371023239,0.2369031158,0.2363044616,0.2353031094,0.2338932935,0.2320667582,0.2298120342,0.2271139142,0.2239525458,0.2203019596,0.2161281958,0.2113862634,0.2060155888,0.1999323204,0.1930164325,0.1850878475,0.175857713,0.1648150208,0.1508995686,0.1311163231,0.06631001347
86820,0.2369873294,0.2367882812,0.2361901073,0.2351895568,0.233780866,0.2319557819,0.2297028395,0.2270068371,0.2238479297,0.2202001581,0.2160295762,0.2112912116,0.2059245167,0.1998456764,0.1929347185,0.1850116464,0.1757877385,0.1647522176,0.1508453522,0.1310733815,0.06628292242
86880,0.2368725329,0.2366736444,0.2360759498,0.2350761995,0.2336686315,0.2318449959,0.2295938317,0.2268999427,0.2237434915,0.2200985291,0.215931123,0.2111963196,0.2058335969,0.1997591764,0.1928531393,0.1849355699,0.1757178774,0.1646895149,0.1507912215,0.1310305068,0.06625590253
86940,0.2367579339,0.2365592048,0.2359619887,0.2349630369,0.2335565896,0.2317343997,0.2294850102,0.2267932306,0.2236392309,0.2199970723,0.2158328359,0.2111015868,0.2057428288,0.19967282,0.1927716945,0.1848596179,0.1756481295,0.1646269127,0.1507371763,0.1309876989,0.06622895356
87000,0.236643532,0.2364449619,0.2358482233,0.2348500685,0.2334447397,0.2316239927,0.2293763745,0.2266867002,0.2235351473,0.2198957871,0.2157347145,0.211007013,0.2056522123,0.1995866068,0.1926903839,0.1847837898,0.1755784943,0.1645644106,0.1506832164,0.1309449576,0.06620207525
87060,0.2365293265,0.2363309152,0.2357346532,0.2347372938,0.2333330814,0.2315137744,0.2292679241,0.2265803511,0.2234312403,0.2197946732,0.2156367582,0.2109125977,0.2055617468,0.1995005364,0.1926092071,0.1847080856,0.1755089718,0.1645020083,0.1506293415,0.1309022827,0.06617526735
87120,0.236415317,0.2362170642,0.2356212777,0.2346247123,0.2332216141,0.2314037444,0.2291596586,0.2264741827,0.2233275094,0.21969373,0.2155389668,0.2108183404,0.2054714319,0.1994146085,0.1925281636,0.1846325047,0.1754395614,0.1644397057,0.1505755515,0.1308596741,0.06614852961
87180,0.236301503,0.2361034083,0.2355080965,0.2345123235,0.2331103373,0.2312939021,0.2290515774,0.2263681947,0.2232239541,0.2195929572,0.2154413396,0.2107242408,0.2053812673,0.1993288227,0.1924472533,0.1845570469,0.175370263,0.1643775024,0.1505218461,0.1308171315,0.06612186179
87240,0.2361878838,0.2359899469,0.235395109,0.2344001268,0.2329992506,0.2311842471,0.22894368,0.2262623865,0.223120574,0.2194923542,0.2153438764,0.2106302985,0.2052912526,0.1992431786,0.1923664757,0.1844817119,0.1753010763,0.1643153982,0.150468225,0.1307746549,0.06609526364
87300,0.2360744591,0.2358766798,0.2352823147,0.2342881219,0.2328883533,0.2310747788,0.228835966,0.2261567577,0.2230173686,0.2193919207,0.2152465767,0.210536513,0.2052013874,0.1991576758,0.1922858304,0.1844064993,0.175232001,0.1642533928,0.1504146882,0.130732244,0.06606873491
87360,0.2359612283,0.2357636062,0.2351697131,0.234176308,0.2327776451,0.2309654968,0.2287284349,0.2260513077,0.2229143375,0.2192916561,0.21514944,0.210442884,0.2051116712,0.1990723141,0.1922053172,0.1843314089,0.1751630367,0.1641914861,0.1503612353,0.1306898987,0.06604227535
87420,0.2358481909,0.2356507256,0.2350573037,0.2340646848,0.2326671253,0.2308564006,0.2286210863,0.2259460362,0.2228114802,0.2191915601,0.2150524659,0.2103494109,0.2050221038,0.198987093,0.1921249357,0.1842564403,0.1750941833,0.1641296777,0.1503078662,0.1306476188,0.06601588474
87480,0.2357353463,0.2355380377,0.2349450859,0.2339532518,0.2325567936,0.2307474896,0.2285139195,0.2258409427,0.2227087963,0.2190916322,0.2149556541,0.2102560935,0.2049326847,0.1989020121,0.1920446856,0.1841815932,0.1750254404,0.1640679673,0.1502545806,0.1306054041,0.06598956281
87540,0.2356226941,0.2354255418,0.2348330592,0.2338420084,0.2324466495,0.2306387635,0.2284069342,0.2257360266,0.2226062852,0.218991872,0.214859004,0.2101629313,0.2048434135,0.1988170711,0.1919645664,0.1841068673,0.1749568078,0.1640063548,0.1502013784,0.1305632545,0.06596330934
87600,0.2355102338,0.2353132375,0.2347212233,0.2337309542,0.2323366923,0.2305302216,0.2283001299,0.2256312876,0.2225039466,0.218892279,0.2147625153,0.2100699239,0.2047542899,0.1987322697,0.191884578,0.1840322623,0.1748882851,0.1639448399,0.1501482592,0.1305211697,0.06593712408
87660,0.2353979648,0.2352011243,0.2346095774,0.2336200886,0.2322269217,0.2304218636,0.2281935061,0.2255267251,0.22240178,0.2187928528,0.2146661875,0.2099770709,0.2046653134,0.1986476074,0.1918047199,0.1839577778,0.1748198721,0.1638834224,0.150095223,0.1304791497,0.06591100679
87720,0.2352858867,0.2350892016,0.2344981213,0.2335094111,0.2321173372,0.2303136889,0.2280870623,0.2254223387,0.2222997849,0.2186935929,0.2145700202,0.2098843719,0.2045764838,0.1985630839,0.1917249918,0.1838834137,0.1747515685,0.1638221019,0.1500422694,0.1304371943,0.06588495724
87780,0.235173999,0.2349774689,0.2343868543,0.2333989213,0.2320079382,0.2302056971,0.227980798,0.2253181279,0.2221979609,0.218594499,0.214474013,0.2097918265,0.2044878005,0.1984786989,0.1916453934,0.1838091695,0.1746833741,0.1637608783,0.1499893984,0.1303953032,0.06585897518
87840,0.2350623011,0.2348659258,0.2342757759,0.2332886187,0.2318987243,0.2300978877,0.2278747129,0.2252140924,0.2220963076,0.2184955706,0.2143781655,0.2096994344,0.2043992633,0.198394452,0.1915659243,0.1837350449,0.1746152884,0.1636997512,0.1499366096,0.1303534764,0.06583306038
87900,0.2349507925,0.2347545718,0.2341648858,0.2331785028,0.231789695,0.2299902602,0.2277688064,0.2251102315,0.2219948245,0.2183968072,0.2142824773,0.209607195,0.2043108717,0.1983103428,0.1914865843,0.1836610397,0.1745473114,0.1636387206,0.1498839028,0.1303117137,0.06580721261
87960,0.2348394729,0.2346434063,0.2340541833,0.2330685731,0.2316808498,0.2298828141,0.227663078,0.2250065449,0.2218935111,0.2182982085,0.214186948,0.2095151081,0.2042226254,0.1982263711,0.1914073729,0.1835871536,0.1744794426,0.163577786,0.149831278,0.1302700148,0.06578143163
88020,0.2347283416,0.2345324289,0.2339436679,0.2329588291,0.2315721883,0.229775549,0.2275575273,0.2249030322,0.2217923671,0.2181997739,0.2140915771,0.2094231732,0.204134524,0.1981425363,0.1913282899,0.1835133862,0.1744116818,0.1635169473,0.1497787347,0.1302283797,0.06575571721
88080,0.2346173981,0.2344216391,0.2338333393,0.2328492703,0.2314637099,0.2296684644,0.2274521539,0.2247996928,0.2216913919,0.2181015032,0.2139963642,0.2093313899,0.2040465671,0.1980588383,0.1912493349,0.1834397372,0.1743440288,0.1634562042,0.1497262729,0.1301868082,0.06573006911
88140,0.2345066421,0.2343110364,0.2337231969,0.2327398962,0.2313554141,0.2295615598,0.2273469572,0.2246965263,0.2215905852,0.2180033958,0.213901309,0.2092397578,0.2039587544,0.1979752766,0.1911705076,0.1833662063,0.1742764833,0.1633955565,0.1496738924,0.1301453001,0.06570448711
88200,0.2343960729,0.2342006203,0.2336132402,0.2326307064,0.2312473006,0.2294548347,0.2272419368,0.2245935322,0.2214899465,0.2179054513,0.2138064109,0.2091482766,0.2038710855,0.1978918508,0.1910918076,0.1832927933,0.1742090449,0.163335004,0.1496215929,0.1301038553,0.06567897098
88260,0.2342856902,0.2340903903,0.2335034688,0.2325217003,0.2311393688,0.2293482887,0.2271370923,0.2244907102,0.2213894754,0.2178076693,0.2137116697,0.2090569459,0.20378356,0.1978085607,0.1910132347,0.1832194978,0.1741417135,0.1632745463,0.1495693742,0.1300624735,0.06565352049
88320,0.2341754933,0.2339803459,0.2333938821,0.2324128776,0.2310316182,0.2292419214,0.2270324231,0.2243880597,0.2212891714,0.2177100494,0.2136170849,0.2089657652,0.2036961775,0.1977254059,0.1909347886,0.1831463196,0.1740744887,0.1632141833,0.1495172361,0.1300211547,0.0656281354
88380,0.2340654819,0.2338704867,0.2332844796,0.2323042376,0.2309240485,0.2291357321,0.2269279289,0.2242855804,0.2211890341,0.2176125912,0.2135226561,0.2088747343,0.2036089377,0.197642386,0.1908564688,0.1830732583,0.1740073704,0.1631539148,0.1494651785,0.1299798986,0.0656028155
88440,0.2339556555,0.2337608121,0.233175261,0.2321957801,0.230816659,0.2290297206,0.2268236092,0.2241832717,0.2210890631,0.2175152943,0.2134283829,0.2087838526,0.2035218403,0.1975595007,0.1907782751,0.1830003136,0.1739403581,0.1630937404,0.1494132011,0.1299387052,0.06557756055
88500,0.2338460135,0.2336513217,0.2330662257,0.2320875043,0.2307094494,0.2289238863,0.2267194635,0.2240811333,0.2209892579,0.2174181582,0.2133342649,0.2086931199,0.2034348847,0.1974767497,0.1907002072,0.1829274853,0.1738734517,0.1630336599,0.1493613037,0.1298975742,0.06555237033
88560,0.2337365555,0.2335420151,0.2329573732,0.23197941,0.2306024191,0.2288182288,0.2266154914,0.2239791647,0.2208896181,0.2173211825,0.2132403018,0.2086025356,0.2033480708,0.1973941326,0.1906222646,0.182854773,0.1738066508,0.1629736732,0.1493094861,0.1298565055,0.06552724462
88620,0.2336272811,0.2334328916,0.2328487031,0.2318714966,0.2304955678,0.2287127476,0.2265116924,0.2238773654,0.2207901434,0.2172243668,0.213146493,0.2085120996,0.2032613981,0.1973116491,0.1905444473,0.1827821765,0.1737399553,0.1629137799,0.1492577481,0.1298154989,0.0655021832
88680,0.2335181897,0.2333239509,0.2327402149,0.2317637637,0.2303888949,0.2286074423,0.2264080661,0.2237757351,0.2206908332,0.2171277107,0.2130528382,0.2084218113,0.2031748663,0.1972292988,0.1904667547,0.1827096954,0.1736733648,0.1628539799,0.1492060896,0.1297745543,0.06547718584
88740,0.2334092808,0.2332151925,0.2326319081,0.2316562107,0.2302823999,0.2285023123,0.226304612,0.2236742732,0.2205916871,0.2170312139,0.2129593371,0.2083316704,0.203088475,0.1971470814,0.1903891865,0.1826373295,0.1736068791,0.1627942729,0.1491545102,0.1297336716,0.06545225232
88800,0.2333005541,0.2331066159,0.2325237823,0.2315488373,0.2301760825,0.2283973573,0.2262013297,0.2235729794,0.2204927048,0.2169348757,0.2128659892,0.2082416766,0.2030022238,0.1970649965,0.1903117426,0.1825650785,0.1735404979,0.1627346587,0.1491030099,0.1296928505,0.06542738242
88860,0.233192009,0.2329982206,0.2324158369,0.231441643,0.2300699422,0.2282925768,0.2260982188,0.2234718532,0.2203938857,0.216838696,0.2127727941,0.2081518294,0.2029161124,0.1969830438,0.1902344225,0.1824929421,0.173474221,0.162675137,0.1490515885,0.129652091,0.06540257592
88920,0.233083645,0.2328900062,0.2323080716,0.2313346272,0.2299639785,0.2281879703,0.2259952788,0.2233708942,0.2202952295,0.2167426743,0.2126797514,0.2080621284,0.2028301405,0.1969012231,0.190157226,0.18242092,0.1734080481,0.1626157077,0.1490002456,0.1296113928,0.06537783261
88980,0.2329754617,0.2327819723,0.2322004858,0.2312277896,0.229858191,0.2280835375,0.2258925093,0.223270102,0.2201967358,0.2166468101,0.2125868608,0.2079725734,0.2027443076,0.1968195339,0.1900801526,0.1823490119,0.1733419789,0.1625563704,0.1489489812,0.1295707558,0.06535315226
89040,0.2328674586,0.2326741182,0.2320930791,0.2311211297,0.2297525791,0.2279792778,0.2257899097,0.2231694761,0.2200984042,0.216551103,0.2124941219,0.2078831639,0.2026586135,0.1967379759,0.1900032022,0.1822772175,0.1732760132,0.162497125,0.148897795,0.1295301798,0.06532853467
89100,0.2327596353,0.2325664436,0.231985851,0.2310146469,0.2296471425,0.2278751908,0.2256874798,0.2230690161,0.2200002341,0.2164555527,0.2124015343,0.2077938996,0.2025730577,0.1966565487,0.1899263744,0.1822055366,0.1732101507,0.1624379711,0.1488466869,0.1294896648,0.06530397961
89160,0.2326519913,0.232458948,0.2318788012,0.230908341,0.2295418807,0.2277712761,0.2255852191,0.2229687216,0.2199022253,0.2163601588,0.2123090975,0.20770478,0.20248764,0.1965752522,0.1898496689,0.1821339689,0.1731443912,0.1623789087,0.1487956566,0.1294492105,0.06527948686
89220,0.2325445261,0.232351631,0.231771929,0.2308022113,0.2294367932,0.2276675331,0.225483127,0.2228685921,0.2198043773,0.2162649208,0.2122168112,0.2076158049,0.20240236,0.1964940858,0.1897730854,0.182062514,0.1730787344,0.1623199375,0.148744704,0.1294088168,0.06525505623
89280,0.2324372393,0.2322444921,0.231665234,0.2306962576,0.2293318796,0.2275639616,0.2253812033,0.2227686273,0.2197066897,0.2161698384,0.2121246751,0.2075269738,0.2023172172,0.1964130494,0.1896966236,0.1819911717,0.17301318,0.1622610572,0.1486938288,0.1293684836,0.06523068749
89340,0.2323301303,0.2321375308,0.2315587159,0.2305904792,0.2292271395,0.227460561,0.2252794474,0.2226688267,0.219609162,0.2160749112,0.2120326887,0.2074382864,0.2022322115,0.1963321425,0.1896202832,0.1819199417,0.1729477278,0.1622022676,0.1486430309,0.1293282106,0.06520638043
89400,0.2322231989,0.2320307467,0.2314523741,0.2304848758,0.2291225724,0.2273573309,0.2251778589,0.2225691898,0.219511794,0.2159801387,0.2119408516,0.2073497424,0.2021473424,0.1962513648,0.1895440638,0.1818488238,0.1728823776,0.1621435685,0.1485923101,0.1292879978,0.06518213485
89460,0.2321164444,0.2319241393,0.2313462082,0.2303794468,0.2290181779,0.2272542709,0.2250764375,0.2224697164,0.2194145851,0.2158855206,0.2118491636,0.2072613413,0.2020626096,0.1961707161,0.1894679652,0.1817778176,0.172817129,0.1620849597,0.1485416662,0.129247845,0.06515795053
89520,0.2320098665,0.2318177082,0.2312402178,0.230274192,0.2289139555,0.2271513805,0.2249751826,0.2223704059,0.2193175349,0.2157910565,0.2117576241,0.2071730828,0.2019780127,0.196090196,0.189391987,0.1817069228,0.1727519819,0.1620264409,0.148491099,0.129207752,0.06513382725
89580,0.2319034647,0.2317114529,0.2311344023,0.2301691108,0.2288099048,0.2270486593,0.2248740939,0.2222712579,0.2192206432,0.215696746,0.2116662329,0.2070849665,0.2018935514,0.1960098041,0.1893161291,0.1816361393,0.1726869359,0.1619680119,0.1484406083,0.1291677187,0.06510976483
89640,0.2317972385,0.2316053729,0.2310287614,0.2300642027,0.2287060253,0.2269461069,0.2247731709,0.2221722721,0.2191239093,0.2156025887,0.2115749895,0.2069969922,0.2018092254,0.1959295402,0.189240391,0.1815654667,0.1726219909,0.1619096726,0.1483901939,0.129127745,0.06508576304
89700,0.2316911875,0.2314994679,0.2309232946,0.2299594673,0.2286023166,0.2268437228,0.2246724132,0.222073448,0.2190273331,0.2155085842,0.2114838936,0.2069091593,0.2017250343,0.1958494039,0.1891647724,0.1814949047,0.1725571465,0.1618514226,0.1483398557,0.1290878307,0.06506182168
89760,0.2315853113,0.2313937374,0.2308180014,0.2298549043,0.2284987783,0.2267415066,0.2245718205,0.2219747851,0.218930914,0.2154147321,0.2113929448,0.2068214676,0.2016409778,0.1957693949,0.1890892731,0.1814244531,0.1724924026,0.1617932618,0.1482895934,0.1290479756,0.06503794055
89820,0.2314796094,0.2312881808,0.2307128815,0.2297505131,0.2283954099,0.2266394579,0.2244713921,0.2218762832,0.2188346516,0.215321032,0.2113021428,0.2067339168,0.2015570555,0.1956895128,0.1890138928,0.1813541116,0.1724277589,0.1617351899,0.1482394069,0.1290081796,0.06501411944
89880,0.2313740813,0.2311827979,0.2306079343,0.2296462933,0.2282922111,0.2265375763,0.2243711278,0.2217779418,0.2187385456,0.2152274837,0.2112114871,0.2066465063,0.2014732672,0.1956097575,0.1889386312,0.1812838799,0.1723632151,0.1616772067,0.1481892959,0.1289684426,0.06499035815
89940,0.2312687266,0.2310775881,0.2305031595,0.2295422445,0.2281891813,0.2264358612,0.2242710272,0.2216797604,0.2186425956,0.2151340866,0.2111209774,0.206559236,0.2013896124,0.1955301285,0.188863488,0.1812137577,0.172298771,0.161619312,0.1481392604,0.1289287644,0.06496665647
90000,0.2311635449,0.230972551,0.2303985565,0.2294383662,0.2280863202,0.2263343124,0.2241710898,0.2215817388,0.2185468011,0.2150408404,0.2110306133,0.2064721055,0.2013060908,0.1954506255,0.1887884628,0.1811437448,0.1722344263,0.1615615057,0.1480893,0.1288891449,0.0649430142
90060,0.2310585357,0.2308676862,0.230294125,0.229334658,0.2279836273,0.2262329294,0.2240713151,0.2214838764,0.2184511618,0.2149477447,0.2109403945,0.2063851143,0.2012227022,0.1953712483,0.1887135554,0.1810738409,0.1721701808,0.1615037873,0.1480394147,0.1288495839,0.06491943114
90120,0.2309536987,0.2307629932,0.2301898645,0.2292311195,0.2278811021,0.2261317117,0.2239717029,0.2213861728,0.2183556773,0.2148547991,0.2108503206,0.2062982622,0.2011394461,0.1952919965,0.1886387655,0.1810040458,0.1721060342,0.1614461569,0.1479896042,0.1288100813,0.0648959071
90180,0.2308490332,0.2306584716,0.2300857746,0.2291277503,0.2277787444,0.226030659,0.2238722526,0.2212886278,0.2182603472,0.2147620033,0.2107603912,0.2062115488,0.2010563223,0.1952128697,0.1885640928,0.1809343591,0.1720419864,0.161388614,0.1479398684,0.1287706369,0.06487244187
90240,0.230744539,0.2305541209,0.2299818548,0.2290245498,0.2276765535,0.2259297708,0.223772964,0.2211912407,0.2181651711,0.2146693568,0.2106706059,0.2061249737,0.2009733303,0.1951338678,0.1884895371,0.1808647806,0.171978037,0.1613311586,0.147890207,0.1287312506,0.06484903525
90300,0.2306402156,0.2304499408,0.2298781048,0.2289215178,0.2275745292,0.2258290467,0.2236738364,0.2210940114,0.2180701486,0.2145768594,0.2105809645,0.2060385367,0.20089047,0.1950549903,0.1884150979,0.18079531,0.1719141859,0.1612737904,0.14784062,0.1286919223,0.06482568704
90360,0.2305360626,0.2303459307,0.2297745241,0.2288186537,0.227472671,0.2257284863,0.2235748697,0.2209969393,0.2179752794,0.2144845106,0.2104914665,0.2059522373,0.2008077409,0.194976237,0.1883407751,0.1807259471,0.1718504327,0.1612165092,0.147791107,0.1286526518,0.06480239706
90420,0.2304320794,0.2302420903,0.2296711122,0.2287159571,0.2273709785,0.2256280892,0.2234760632,0.2209000241,0.217880563,0.21439231,0.2104021117,0.2058660753,0.2007251427,0.1948976075,0.1882665683,0.1806566916,0.1717867773,0.1611593148,0.147741668,0.1286134389,0.0647791651
90480,0.2303282657,0.2301384191,0.2295678687,0.2286134276,0.2272694512,0.2255278549,0.2233774168,0.2208032654,0.217785999,0.2143002573,0.2103128995,0.2057800502,0.2006426751,0.1948191016,0.1881924773,0.1805875433,0.1717232194,0.1611022069,0.1476923027,0.1285742836,0.06475599096
90540,0.2302246212,0.2300349167,0.2294647933,0.2285110649,0.2271680887,0.2254277831,0.2232789298,0.2207066628,0.2176915872,0.2142083522,0.2102238297,0.2056941617,0.2005603378,0.1947407189,0.1881185018,0.1805185018,0.1716597587,0.1610451854,0.147643011,0.1285351857,0.06473287446
90600,0.2301211452,0.2299315827,0.2293618854,0.2284088684,0.2270668907,0.2253278734,0.223180602,0.2206102158,0.217597327,0.2141165942,0.2101349019,0.2056084096,0.2004781305,0.1946624592,0.1880446415,0.1804495669,0.1715963951,0.1609882501,0.1475937927,0.128496145,0.06470981539
90660,0.2300178374,0.2298284166,0.2292591447,0.2283068377,0.2269658567,0.2252281253,0.223082433,0.2205139242,0.2175032181,0.2140249829,0.2100461158,0.2055227934,0.2003960527,0.1945843221,0.187970896,0.1803807383,0.1715331282,0.1609314007,0.1475446477,0.1284571614,0.06468681358
90720,0.2299146975,0.2297254181,0.2291565707,0.2282049725,0.2268649863,0.2251285384,0.2229844223,0.2204177874,0.2174092602,0.2139335181,0.209957471,0.2054373128,0.2003141043,0.1945063073,0.1878972652,0.1803120159,0.1714699579,0.160874637,0.1474955756,0.1284182348,0.06466386881
90780,0.2298117249,0.2296225866,0.2290541631,0.2281032723,0.2267642791,0.2250291124,0.2228865695,0.2203218052,0.2173154528,0.2138421993,0.2098689672,0.2053519675,0.2002322849,0.1944284146,0.1878237488,0.1802433992,0.1714068839,0.1608179589,0.1474465764,0.128379365,0.06464098091
90840,0.2297089192,0.2295199219,0.2289519213,0.2280017367,0.2266637346,0.2249298468,0.2227888743,0.2202259771,0.2172217956,0.2137510262,0.2097806039,0.2052667572,0.2001505941,0.1943506436,0.1877503464,0.1801748882,0.171343906,0.160761366,0.1473976499,0.1283405519,0.06461814969
90900,0.2296062801,0.2294174234,0.2288498451,0.2279003653,0.2265633525,0.2248307412,0.2226913362,0.2201303028,0.2171282883,0.2136599983,0.209692381,0.2051816814,0.2000690317,0.194272994,0.1876770577,0.1801064824,0.171281024,0.1607048583,0.147348796,0.1283017954,0.06459537494
90960,0.229503807,0.2293150907,0.2287479339,0.2277991576,0.2264631324,0.2247317953,0.2225939549,0.2200347819,0.2170349303,0.2135691155,0.2096042979,0.20509674,0.1999875973,0.1941954655,0.1876038826,0.1800381817,0.1712182375,0.1606484355,0.1473000143,0.1282630953,0.06457265649
91020,0.2294014997,0.2292129235,0.2286461873,0.2276981133,0.2263630738,0.2246330085,0.22249673,0.2199394139,0.2169417214,0.2134783772,0.2095163544,0.2050119325,0.1999062906,0.1941180579,0.1875308207,0.1799699858,0.1711555465,0.1605920973,0.1472513048,0.1282244514,0.06454999415
91080,0.2292993576,0.2291109213,0.228544605,0.227597232,0.2262631764,0.2245343806,0.222399661,0.2198441985,0.2168486612,0.2133877832,0.2094285501,0.2049272586,0.1998251114,0.1940407708,0.1874578717,0.1799018944,0.1710929506,0.1605358437,0.1472026673,0.1281858637,0.06452738773
91140,0.2291973803,0.2290090837,0.2284431865,0.2274965132,0.2261634397,0.2244359111,0.2223027476,0.2197491354,0.2167557494,0.213297333,0.2093408846,0.2048427179,0.1997440592,0.1939636039,0.1873850354,0.1798339073,0.1710304496,0.1604796743,0.1471541016,0.1281473321,0.06450483704
91200,0.2290955675,0.2289074102,0.2283419315,0.2273959565,0.2260638634,0.2243375997,0.2222059894,0.219654224,0.2166629855,0.2132070264,0.2092533577,0.2047583102,0.1996631338,0.193886557,0.1873123115,0.1797660242,0.1709680433,0.1604235891,0.1471056076,0.1281088563,0.06448234189
91260,0.2289939188,0.2288059006,0.2282408394,0.2272955616,0.225964447,0.2242394459,0.2221093861,0.2195594642,0.2165703691,0.2131168629,0.209165969,0.2046740352,0.1995823348,0.1938096297,0.1872396998,0.1796982449,0.1709057314,0.1603675877,0.147057185,0.1280704362,0.06445990212
91320,0.2288924336,0.2287045543,0.22813991,0.227195328,0.2258651902,0.2241414493,0.2220129371,0.2194648554,0.2164779,0.2130268422,0.2090787181,0.2045898924,0.199501662,0.1937328218,0.1871671998,0.1796305692,0.1708435138,0.16031167,0.1470088338,0.1280320717,0.06443751751
91380,0.2287911117,0.2286033709,0.2280391427,0.2270952554,0.2257660924,0.2240436096,0.2219166422,0.2193703974,0.2163855777,0.212936964,0.2089916047,0.2045058817,0.199421115,0.1936561329,0.1870948115,0.1795629967,0.1707813902,0.1602558357,0.1469605536,0.1279937627,0.06441518791
91440,0.2286899526,0.2285023501,0.2279385373,0.2269953432,0.2256671535,0.2239459263,0.221820501,0.2192760896,0.2162934019,0.2128472279,0.2089046284,0.2044220025,0.1993406936,0.1935795628,0.1870225344,0.1794955272,0.1707193603,0.1602000848,0.1469123444,0.1279555091,0.06439291311
91500,0.2285889558,0.2284014915,0.2278380932,0.2268955912,0.2255683729,0.2238483991,0.221724513,0.2191819319,0.2162013723,0.2127576335,0.208817789,0.2043382547,0.1992603974,0.1935031112,0.1869503683,0.1794281605,0.170657424,0.1601444169,0.146864206,0.1279173106,0.06437069295
91560,0.2284881211,0.2283007946,0.2277378101,0.2267959989,0.2254697502,0.2237510276,0.221628678,0.2190879237,0.2161094884,0.2126681805,0.2087310861,0.2042546379,0.1991802261,0.1934267778,0.1868783131,0.1793608963,0.1705955811,0.1600888319,0.1468161383,0.1278791673,0.06434852724
91620,0.2283874479,0.228200259,0.2276376876,0.2266965659,0.2253712851,0.2236538114,0.2215329954,0.2189940648,0.2160177499,0.2125788686,0.2086445193,0.2041711517,0.1991001794,0.1933505622,0.1868063683,0.1792937344,0.1705338312,0.1600333296,0.1467681409,0.1278410788,0.0643264158
91680,0.228286936,0.2280998844,0.2275377252,0.2265972919,0.2252729772,0.2235567501,0.221437465,0.2189003547,0.2159261564,0.2124896973,0.2085580883,0.204087796,0.199020257,0.1932744643,0.1867345337,0.1792266745,0.1704721742,0.1599779098,0.1467202139,0.1278030452,0.06430435844
91740,0.2281865848,0.2279996703,0.2274379227,0.2264981764,0.2251748261,0.2234598433,0.2213420863,0.2188067931,0.2158347076,0.2124006665,0.2084717928,0.2040045702,0.1989404586,0.1931984837,0.1866628091,0.1791597164,0.1704106098,0.1599225722,0.1466723569,0.1277650662,0.064282355
91800,0.228086394,0.2278996163,0.2273382796,0.226399219,0.2250768313,0.2233630906,0.2212468591,0.2187133796,0.2157434032,0.2123117756,0.2083856324,0.2039214742,0.1988607839,0.1931226202,0.1865911941,0.1790928598,0.1703491379,0.1598673168,0.14662457,0.1277271418,0.06426040529
91860,0.2279863632,0.2277997221,0.2272387954,0.2263004194,0.2249789926,0.2232664918,0.2211517828,0.2186201138,0.2156522427,0.2122230244,0.2082996069,0.2038385075,0.1987812326,0.1930468734,0.1865196886,0.1790261046,0.1702877582,0.1598121432,0.1465768528,0.1276892718,0.06423850914
91920,0.227886492,0.2276999872,0.2271394698,0.2262017771,0.2248813095,0.2231700463,0.2210568572,0.2185269955,0.2155612258,0.2121344125,0.2082137158,0.20375567,0.1987018044,0.1929712431,0.1864482923,0.1789594503,0.1702264705,0.1597570513,0.1465292052,0.1276514561,0.06421666637
91980,0.2277867799,0.2276004113,0.2270403025,0.2261032918,0.2247837816,0.2230737538,0.2209620818,0.2184340241,0.2154703522,0.2120459396,0.2081279589,0.2036729612,0.198622499,0.192895729,0.1863770048,0.1788928969,0.1701652745,0.1597020409,0.146481627,0.1276136946,0.0641948768
92040,0.2276872267,0.2275009939,0.2269412929,0.2260049631,0.2246864086,0.2229776139,0.2208674564,0.2183411994,0.2153796215,0.2119576053,0.2080423358,0.2035903809,0.1985433161,0.1928203307,0.186305826,0.178826444,0.1701041701,0.1596471119,0.1464341182,0.1275759871,0.06417314025
92100,0.2275878319,0.2274017347,0.2268424408,0.2259067906,0.22458919,0.2228816263,0.2207729804,0.218248521,0.2152890334,0.2118694093,0.2079568463,0.2035079287,0.1984642554,0.1927450481,0.1862347555,0.1787600915,0.170043157,0.1595922639,0.1463866785,0.1275383335,0.06415145657
92160,0.2274885951,0.2273026332,0.2267437457,0.2258087739,0.2244921255,0.2227857905,0.2206786536,0.2181559886,0.2151985874,0.2117813513,0.2078714898,0.2034256044,0.1983853166,0.1926698809,0.1861637931,0.178693839,0.169982235,0.1595374969,0.1463393077,0.1275007336,0.06412982556
92220,0.2273895159,0.2272036891,0.2266452073,0.2257109126,0.2243952148,0.2226901063,0.2205844757,0.2180636017,0.2151082834,0.2116934309,0.2077862663,0.2033434075,0.1983064994,0.1925948287,0.1860929386,0.1786276864,0.1699214039,0.1594828106,0.1462920057,0.1274631874,0.06410824706
92280,0.2272905939,0.2271049021,0.2265468251,0.2256132063,0.2242984573,0.2225945731,0.2204904461,0.2179713601,0.2150181208,0.2116056477,0.2077011752,0.2032613379,0.1982278035,0.1925198913,0.1860221916,0.1785616333,0.1698606635,0.1594282048,0.1462447724,0.1274256947,0.0640867209
92340,0.2271918288,0.2270062716,0.2264485988,0.2255156547,0.2242018528,0.2224991908,0.2203965646,0.2178792633,0.2149280994,0.2115180016,0.2076162164,0.2031793951,0.1981492286,0.1924450685,0.185951552,0.1784956796,0.1698000135,0.1593736794,0.1461976075,0.1273882554,0.0640652469
92400,0.2270932202,0.2269077973,0.226350528,0.2254182574,0.2241054009,0.2224039588,0.2203028308,0.217787311,0.2148382189,0.211430492,0.2075313894,0.203097579,0.1980707745,0.1923703598,0.1858810195,0.1784298251,0.1697394538,0.1593192341,0.1461505109,0.1273508694,0.06404382489
92460,0.2269947676,0.2268094789,0.2262526123,0.225321014,0.2240091012,0.2223088768,0.2202092443,0.2176955029,0.2147484788,0.2113431187,0.207446694,0.2030158891,0.1979924407,0.1922957651,0.1858105937,0.1783640694,0.1696789841,0.1592648688,0.1461034825,0.1273135365,0.0640224547
92520,0.2268964707,0.2267113159,0.2261548513,0.2252239241,0.2239129533,0.2222139444,0.2201158048,0.2176038386,0.2146588788,0.2112558814,0.2073621298,0.2029343252,0.1979142271,0.1922212841,0.1857402745,0.1782984123,0.1696186042,0.1592105833,0.146056522,0.1272762566,0.06400113617
92580,0.2267983292,0.226613308,0.2260572446,0.2251269873,0.2238169569,0.2221191613,0.2200225119,0.2175123177,0.2145694186,0.2111687796,0.2072776965,0.202852887,0.1978361334,0.1921469165,0.1856700616,0.1782328537,0.1695583139,0.1591563773,0.1460096294,0.1272390296,0.06397986912
92640,0.2267003425,0.2265154548,0.2259597919,0.2250302033,0.2237211115,0.2220245272,0.2199293652,0.21742094,0.2144800979,0.2110818132,0.2071933938,0.2027715741,0.1977581592,0.1920726621,0.1855999548,0.1781673933,0.169498113,0.1591022508,0.1459628045,0.1272018554,0.06395865339
92700,0.2266025104,0.2264177558,0.2258624929,0.2249335717,0.2236254168,0.2219300416,0.2198363645,0.217329705,0.2143909163,0.2109949817,0.2071092214,0.2026903863,0.1976803043,0.1919985205,0.1855299537,0.1781020307,0.1694380013,0.1590482035,0.1459160471,0.1271647338,0.06393748881
92760,0.2265048325,0.2263202109,0.225765347,0.2248370921,0.2235298725,0.2218357041,0.2197435093,0.2172386124,0.2143018734,0.2109082849,0.207025179,0.2026093233,0.1976025684,0.1919244915,0.1854600582,0.1780367659,0.1693779785,0.1589942352,0.145869357,0.1271276647,0.06391637521
92820,0.2264073083,0.2262228194,0.2256683539,0.2247407642,0.2234344782,0.2217415145,0.2196507992,0.2171476618,0.214212969,0.2108217223,0.2069412662,0.2025283847,0.1975249511,0.1918505749,0.1853902679,0.1779715986,0.1693180445,0.1589403457,0.1458227341,0.127090648,0.06389531243
92880,0.2263099376,0.2261255811,0.2255715133,0.2246445875,0.2233392334,0.2216474724,0.219558234,0.217056853,0.2141242027,0.2107352937,0.2068574828,0.2024475703,0.1974474523,0.1917767702,0.1853205827,0.1779065285,0.169258199,0.1588865349,0.1457761782,0.1270536836,0.0638743003
92940,0.2262127199,0.2260284957,0.2254748249,0.2245485617,0.2232441379,0.2215535773,0.2194658133,0.2169661855,0.2140355741,0.2106489988,0.2067738283,0.2023668797,0.1973700716,0.1917030774,0.1852510023,0.1778415555,0.1691984419,0.1588328025,0.1457296892,0.1270167713,0.06385333865
93000,0.2261156549,0.2259315626,0.2253782881,0.2244526864,0.2231491913,0.221459829,0.2193735367,0.216875659,0.213947083,0.2105628372,0.2066903026,0.2022863127,0.1972928087,0.1916294961,0.1851815264,0.1777766792,0.1691387729,0.1587791485,0.145683267,0.1269799111,0.06383242733
93060,0.2260187421,0.2258347816,0.2252819026,0.2243569614,0.2230543932,0.2213662271,0.2192814039,0.2167852733,0.2138587289,0.2104768086,0.2066069053,0.2022058689,0.1972156634,0.1915560261,0.1851121547,0.1777118994,0.1690791918,0.1587255725,0.1456369113,0.1269431027,0.06381156617
93120,0.2259219813,0.2257381523,0.2251856682,0.2242613861,0.2229597432,0.2212727712,0.2191894145,0.2166950278,0.2137705116,0.2103909127,0.2065236361,0.2021255482,0.1971386354,0.191482667,0.1850428872,0.177647216,0.1690196984,0.1586720745,0.145590622,0.1269063461,0.063790755
93180,0.225825372,0.2256416743,0.2250895843,0.2241659602,0.2228652411,0.2211794609,0.2190975681,0.2166049224,0.2136824308,0.2103051491,0.2064404946,0.20204535,0.1970617244,0.1914094187,0.1849737233,0.1775826287,0.1689602925,0.1586186542,0.145544399,0.1268696412,0.06376999367
93240,0.2257289139,0.2255453472,0.2249936507,0.2240706834,0.2227708863,0.221086296,0.2190058645,0.2165149566,0.213594486,0.2102195176,0.2063574807,0.2019652743,0.1969849301,0.1913362808,0.1849046631,0.1775181373,0.1689009739,0.1585653114,0.145498242,0.1268329879,0.06374928201
93300,0.2256326066,0.2254491708,0.224897867,0.2239755554,0.2226766787,0.2209932761,0.2189143033,0.2164251301,0.213506677,0.2101340178,0.2062745939,0.2018853206,0.1969082522,0.1912632531,0.1848357061,0.1774537415,0.1688417424,0.158512046,0.1454521511,0.1267963859,0.06372861987
93360,0.2255364497,0.2253531445,0.2248022328,0.2238805757,0.2225826177,0.2209004007,0.2188228841,0.2163354426,0.2134190035,0.2100486495,0.2061918339,0.2018054887,0.1968316904,0.1911903353,0.1847668522,0.1773894411,0.1687825977,0.1584588578,0.1454061259,0.1267598352,0.06370800707
93420,0.2254404429,0.2252572681,0.2247067477,0.2237857439,0.2224887031,0.2208076696,0.2187316066,0.2162458938,0.213331465,0.2099634122,0.2061092005,0.2017257784,0.1967552446,0.1911175272,0.1846981011,0.1773252359,0.1687235398,0.1584057466,0.1453601663,0.1267233358,0.06368744348
93480,0.2253445859,0.2251615411,0.2246114114,0.2236910598,0.2223949345,0.2207150825,0.2186404704,0.2161564833,0.2132440614,0.2098783056,0.2060266934,0.2016461892,0.1966789144,0.1910448285,0.1846294525,0.1772611257,0.1686645683,0.1583527123,0.1453142723,0.1266868873,0.06366692891
93540,0.2252488781,0.2250659633,0.2245162235,0.2235965229,0.2223013116,0.2206226388,0.2185494753,0.2160672107,0.2131567922,0.2097933296,0.2059443122,0.2015667209,0.1966026994,0.190972239,0.1845609063,0.1771971102,0.1686056831,0.1582997546,0.1452684435,0.1266504899,0.06364646322
93600,0.2251533194,0.2249705342,0.2244211837,0.223502133,0.2222078339,0.2205303385,0.2184586208,0.2159780758,0.2130696572,0.2097084837,0.2058620567,0.2014873733,0.1965265996,0.1908997584,0.1844924621,0.1771331892,0.168546884,0.1582468733,0.14522268,0.1266141432,0.06362604625
93660,0.2250579093,0.2248752535,0.2243262916,0.2234078896,0.2221145012,0.2204381809,0.2183679067,0.2158890782,0.2129826559,0.2096237676,0.2057799265,0.201408146,0.1964506145,0.1908273863,0.1844241197,0.1770693626,0.1684881708,0.1581940684,0.1451769815,0.1265778472,0.06360567785
93720,0.2249626474,0.2247801208,0.2242315468,0.2233137925,0.2220213131,0.2203461659,0.2182773325,0.2158002176,0.2128957882,0.209539181,0.2056979213,0.2013290387,0.1963747439,0.1907551227,0.184355879,0.17700563,0.1684295432,0.1581413396,0.1451313479,0.1265416019,0.06358535785
93780,0.2248675334,0.2246851358,0.2241369491,0.2232198411,0.2219282692,0.2202542931,0.218186898,0.2157114936,0.2128090536,0.2094547237,0.2056160409,0.2012500512,0.1962989876,0.1906829672,0.1842877396,0.1769419912,0.1683710011,0.1580886867,0.145085779,0.126505407,0.0635650861
93840,0.224772567,0.2245902982,0.2240424979,0.2231260353,0.2218353692,0.2201625621,0.2180966028,0.2156229059,0.2127224519,0.2093703952,0.205534285,0.2011711832,0.1962233452,0.1906109195,0.1842197013,0.1768784461,0.1683125443,0.1580361096,0.1450402747,0.1264692624,0.06354486244
93900,0.2246777478,0.2244956075,0.2239481931,0.2230323746,0.2217426128,0.2200709726,0.2180064466,0.2155344543,0.2126359827,0.2092861953,0.2054526532,0.2010924344,0.1961478165,0.1905389794,0.1841517639,0.1768149944,0.1682541725,0.157983608,0.1449948348,0.1264331681,0.06352468673
93960,0.2245830754,0.2244010634,0.2238540342,0.2229388587,0.2216499996,0.2199795243,0.217916429,0.2154461383,0.2125496458,0.2092021238,0.2053711452,0.2010138045,0.1960724012,0.1904671467,0.1840839272,0.1767516359,0.1681958856,0.1579311819,0.1449494593,0.126397124,0.06350455881
94020,0.2244885495,0.2243066655,0.2237600208,0.2228454872,0.2215575292,0.2198882168,0.2178265497,0.2153579576,0.2124634407,0.2091181802,0.2052897609,0.2009352932,0.1959970991,0.1903954211,0.1840161908,0.1766883704,0.1681376834,0.1578788311,0.1449041478,0.1263611298,0.06348447852
94080,0.2243941697,0.2242124136,0.2236661527,0.2227522599,0.2214652014,0.2197970497,0.2177368084,0.215269912,0.2123773673,0.2090343642,0.2052084997,0.2008569003,0.1959219099,0.1903238023,0.1839485546,0.1766251977,0.1680795657,0.1578265552,0.1448589004,0.1263251855,0.06346444571
94140,0.2242999357,0.2241183072,0.2235724294,0.2226591762,0.2213730157,0.2197060228,0.2176472048,0.2151820011,0.2122914251,0.2089506757,0.2051273616,0.2007786254,0.1958468333,0.1902522902,0.1838810184,0.1765621175,0.1680215322,0.1577743543,0.1448137168,0.126289291,0.06344446024
94200,0.2242058471,0.224024346,0.2234788507,0.222566236,0.2212809718,0.2196151357,0.2175577385,0.2150942245,0.2122056138,0.2088671142,0.2050463461,0.2007004683,0.195771869,0.1901808843,0.1838135818,0.1764991296,0.1679635829,0.1577222281,0.1447685969,0.1262534462,0.06342452194
94260,0.2241119036,0.2239305297,0.2233854162,0.2224734389,0.2211890695,0.2195243881,0.2174684091,0.215006582,0.2121199332,0.2087836795,0.204965453,0.2006224287,0.1956970168,0.1901095846,0.1837462447,0.1764362338,0.1679057174,0.1576701765,0.1447235405,0.1262176509,0.06340463067
94320,0.2240181048,0.2238368578,0.2232921254,0.2223807844,0.2210973082,0.2194337795,0.2173792165,0.2149190732,0.212034383,0.2087003712,0.2048846821,0.2005445064,0.1956222765,0.1900383907,0.1836790069,0.1763734299,0.1678479356,0.1576181992,0.1446785476,0.126181905,0.06338478628
94380,0.2239244504,0.2237433301,0.2231989782,0.2222882724,0.2210056878,0.2193433098,0.2172901601,0.2148316978,0.2119489627,0.2086171891,0.2048040329,0.200466701,0.1955476477,0.1899673024,0.183611868,0.1763107177,0.1677902374,0.1575662961,0.1446336179,0.1261462084,0.06336498862
94440,0.2238309401,0.2236499463,0.2231059741,0.2221959023,0.2209142079,0.2192529786,0.2172012398,0.2147444555,0.2118636722,0.2085341328,0.2047235052,0.2003890122,0.1954731302,0.1898963194,0.1835448279,0.176248097,0.1677326224,0.157514467,0.1445887513,0.1261105611,0.06334523754
94500,0.2237375734,0.2235567058,0.2230131128,0.222103674,0.2208228681,0.2191627855,0.2171124551,0.214657346,0.2117785111,0.2084512021,0.2046430988,0.2003114399,0.1953987237,0.1898254416,0.1834778863,0.1761855676,0.1676750906,0.1574627118,0.1445439477,0.1260749629,0.0633255329
94560,0.22364435,0.2234636085,0.222920394,0.222011587,0.2207316681,0.2190727302,0.2170238059,0.214570369,0.211693479,0.2083683967,0.2045628133,0.2002339837,0.195324428,0.1897546685,0.1834110431,0.1761231291,0.1676176417,0.1574110304,0.1444992069,0.1260394136,0.06330587454
94620,0.2235512697,0.223370654,0.2228278173,0.221919641,0.2206406076,0.2189828124,0.2169352916,0.2144835241,0.2116085758,0.2082857162,0.2044826485,0.2001566433,0.1952502428,0.1896840001,0.1833442979,0.1760607816,0.1675602755,0.1573594224,0.1444545288,0.1260039132,0.06328626231
94680,0.223458332,0.223277842,0.2227353824,0.2218278357,0.2205496862,0.2188930317,0.2168469121,0.214396811,0.211523801,0.2082031604,0.2044026041,0.2000794185,0.1951761679,0.1896134361,0.1832776506,0.1759985246,0.1675029919,0.1573078878,0.1444099133,0.1259684616,0.06326669608
94740,0.2233655366,0.223185172,0.2226430889,0.2217361708,0.2204589036,0.2188033878,0.2167586669,0.2143102295,0.2114391545,0.208120729,0.2043226797,0.2000023091,0.195102203,0.1895429762,0.1832111008,0.1759363581,0.1674457906,0.1572564263,0.1443653601,0.1259330586,0.06324717569
94800,0.2232728832,0.2230926437,0.2225509365,0.2216446458,0.2203682595,0.2187138805,0.2166705559,0.2142237791,0.2113546358,0.2080384217,0.2042428751,0.1999253146,0.1950283478,0.1894726201,0.1831446485,0.1758742817,0.1673886714,0.1572050379,0.1443208693,0.1258977042,0.06322770101
94860,0.2231803714,0.2230002569,0.2224589248,0.2215532605,0.2202777536,0.2186245093,0.2165825785,0.2141374596,0.2112702446,0.2079562381,0.2041631901,0.1998484349,0.194954602,0.1894023677,0.1830782934,0.1758122954,0.1673316343,0.1571537223,0.1442764405,0.1258623982,0.06320827187
94920,0.2230880009,0.2229080112,0.2223670536,0.2214620146,0.2201873854,0.218535274,0.2164947347,0.2140512708,0.2111859808,0.207874178,0.2040836243,0.1997716697,0.1948809655,0.1893322187,0.1830120352,0.1757503988,0.1672746789,0.1571024795,0.1442320737,0.1258271405,0.06318888815
94980,0.2229957714,0.2228159062,0.2222753225,0.2213709077,0.2200971547,0.2184461742,0.2164070239,0.2139652121,0.2111018439,0.2077922412,0.2040041775,0.1996950188,0.194807438,0.1892621728,0.1829458737,0.1756885918,0.1672178052,0.1570513091,0.1441877687,0.125791931,0.0631695497
95040,0.2229036825,0.2227239416,0.2221837312,0.2212799394,0.2200070612,0.2183572096,0.216319446,0.2138792835,0.2110178337,0.2077104272,0.2039248493,0.1996184817,0.1947340192,0.1891922298,0.1828798087,0.1756268742,0.1671610128,0.1570002111,0.1441435254,0.1257567696,0.06315025638
95100,0.2228117339,0.2226321171,0.2220922793,0.2211891095,0.2199171045,0.2182683798,0.2162320005,0.2137934845,0.2109339498,0.2076287359,0.2038456396,0.1995420584,0.1946607088,0.1891223895,0.1828138399,0.1755652458,0.1671043017,0.1569491853,0.1440993437,0.1257216562,0.06313100803
95160,0.2227199253,0.2225404324,0.2220009664,0.2210984176,0.2198272844,0.2181796847,0.2161446873,0.2137078149,0.210850192,0.2075471669,0.203766548,0.1994657485,0.1945875066,0.1890526516,0.1827479672,0.1755037063,0.1670476716,0.1568982315,0.1440552234,0.1256865907,0.06311180453
95220,0.2226282563,0.222448887,0.2219097924,0.2210078634,0.2197376004,0.2180911237,0.2160575059,0.2136222743,0.21076656,0.20746572,0.2036875742,0.1993895518,0.1945144124,0.188983016,0.1826821904,0.1754422556,0.1669911224,0.1568473495,0.1440111643,0.125651573,0.06309264572
95280,0.2225367266,0.2223574808,0.2218187567,0.2209174466,0.2196480523,0.2180026968,0.215970456,0.2135368624,0.2106830535,0.2073843948,0.203608718,0.1993134679,0.1944414259,0.1889134822,0.1826165091,0.1753808934,0.1669346538,0.1567965393,0.1439671664,0.1256166029,0.06307353148
95340,0.2224453358,0.2222662133,0.2217278592,0.2208271668,0.2195586397,0.2179144034,0.2158835374,0.213451579,0.2105996722,0.2073031911,0.2035299791,0.1992374967,0.1943685468,0.1888440502,0.1825509232,0.1753196196,0.1668782657,0.1567458006,0.1439232295,0.1255816804,0.06305446165
95400,0.2223540837,0.2221750842,0.2216370995,0.2207370237,0.2194693623,0.2178262433,0.2157967497,0.2133664237,0.2105164157,0.2072221086,0.2034513572,0.1991616378,0.194295775,0.1887747197,0.1824854325,0.1752584339,0.1668219579,0.1566951332,0.1438793535,0.1255468053,0.0630354361
95460,0.2222629699,0.2220840932,0.2215464772,0.220647017,0.2193802198,0.2177382162,0.2157100927,0.2132813963,0.2104332838,0.207141147,0.2033728521,0.1990858911,0.1942231101,0.1887054904,0.1824200367,0.1751973362,0.1667657302,0.1566445371,0.1438355382,0.1255119776,0.06301645469
95520,0.2221719941,0.2219932399,0.2214559921,0.2205571464,0.219291212,0.2176503217,0.2156235659,0.2131964963,0.2103502763,0.207060306,0.2032944634,0.1990102562,0.1941505518,0.1886363622,0.1823547356,0.1751363262,0.1667095825,0.156594012,0.1437917834,0.1254771971,0.06299751728
95580,0.2220811559,0.2219025241,0.2213656437,0.2204674116,0.2192023383,0.2175625596,0.2155371692,0.2131117236,0.2102673927,0.2069795853,0.2032161909,0.1989347328,0.1940781001,0.1885673347,0.1822895291,0.1750754037,0.1666535145,0.1565435578,0.1437480892,0.1254424637,0.06297862374
95640,0.221990455,0.2218119455,0.2212754319,0.2203778121,0.2191135987,0.2174749296,0.2154509022,0.2130270779,0.2101846329,0.2068989847,0.2031380344,0.1988593208,0.1940057545,0.1884984078,0.1822244168,0.1750145686,0.1665975261,0.1564931744,0.1437044552,0.1254077774,0.06295977392
95700,0.2218998912,0.2217215036,0.2211853562,0.2202883478,0.2190249926,0.2173874313,0.2153647645,0.2129425588,0.2101019965,0.2068185039,0.2030599935,0.1987840199,0.193933515,0.1884295811,0.1821593986,0.1749538207,0.166541617,0.1564428615,0.1436608814,0.125373138,0.06294096769
95760,0.221809464,0.2216311982,0.2210954163,0.2201990182,0.2189365199,0.2173000643,0.215278756,0.212858166,0.2100194833,0.2067381426,0.202982068,0.1987088298,0.1938613811,0.1883608546,0.1820944743,0.1748931596,0.1664857872,0.156392619,0.1436173677,0.1253385453,0.06292220492
95820,0.2217191732,0.2215410289,0.221005612,0.2201098232,0.2188481802,0.2172128286,0.2151928763,0.2127738992,0.2099370929,0.2066579005,0.2029042577,0.1986337502,0.1937893527,0.1882922279,0.1820296436,0.1748325853,0.1664300364,0.1563424467,0.1435739138,0.1253039994,0.06290348546
95880,0.2216290184,0.2214509955,0.2209159429,0.2200207623,0.2187599732,0.2171257236,0.215107125,0.2126897583,0.209854825,0.2065777773,0.2028265622,0.1985587809,0.1937174295,0.1882237009,0.1819649063,0.1747720976,0.1663743645,0.1562923446,0.1435305198,0.1252695001,0.06288480918
95940,0.2215389993,0.2213610975,0.2208264086,0.2199318352,0.2186718985,0.2170387491,0.215021502,0.2126057427,0.2097726795,0.2064977728,0.2027489813,0.1984839216,0.1936456113,0.1881552732,0.1819002622,0.1747116962,0.1663187712,0.1562423124,0.1434871853,0.1252350474,0.06286617595
96000,0.2214491157,0.2212713348,0.2207370089,0.2198430416,0.218583956,0.2169519048,0.2149360068,0.2125218523,0.2096906559,0.2064178867,0.2026715147,0.1984091722,0.1935738979,0.1880869447,0.1818357111,0.174651381,0.1662632564,0.1561923499,0.1434439104,0.125200641,0.06284758563
96060,0.2213593671,0.2211817069,0.2206477435,0.2197543813,0.2184961451,0.2168651904,0.2148506392,0.2124380868,0.2096087541,0.2063381187,0.2025941621,0.1983345322,0.1935022889,0.1880187152,0.1817712528,0.1745911517,0.1662078199,0.1561424571,0.1434006949,0.1251662808,0.06282903809
96120,0.2212697533,0.2210922136,0.220558612,0.2196658539,0.2184084658,0.2167786055,0.214765399,0.2123544459,0.2095269737,0.2062584685,0.2025169234,0.1982600016,0.1934307843,0.1879505843,0.1817068871,0.1745310082,0.1661524616,0.1560926337,0.1433575386,0.1251319669,0.06281053319
96180,0.2211802739,0.2210028545,0.2204696141,0.219577459,0.2183209175,0.21669215,0.2146802857,0.2122709292,0.2094453144,0.2061789359,0.2024397982,0.1981855799,0.1933593836,0.1878825519,0.1816426137,0.1744709502,0.1660971812,0.1560428796,0.1433144414,0.1250976991,0.06279207081
96240,0.2210909286,0.2209136294,0.2203807495,0.2194891965,0.2182335001,0.2166058234,0.2145952991,0.2121875366,0.209363776,0.2060995206,0.2023627862,0.198111267,0.1932880867,0.1878146178,0.1815784325,0.1744109776,0.1660419786,0.1559931947,0.1432714032,0.1250634772,0.06277365081
96300,0.2210017172,0.2208245378,0.220292018,0.2194010659,0.2181462133,0.2165196255,0.2145104389,0.2121042676,0.2092823581,0.2060202223,0.2022858873,0.1980370627,0.1932168934,0.1877467818,0.1815143433,0.1743510902,0.1659868536,0.1559435788,0.1432284238,0.1250293013,0.06275527306
96360,0.2209126393,0.2207355796,0.2202034191,0.2193130669,0.2180590566,0.216433556,0.2144257048,0.2120211221,0.2092010606,0.2059410408,0.2022091011,0.1979629666,0.1931458033,0.1876790435,0.1814503457,0.1742912878,0.1659318061,0.1558940317,0.1431855031,0.1249951711,0.06273693742
96420,0.2208236945,0.2206467543,0.2201149526,0.2192251993,0.2179720299,0.2163476145,0.2143410965,0.2119380997,0.2091198831,0.2058619757,0.2021324273,0.1978889785,0.1930748164,0.1876114028,0.1813864397,0.1742315701,0.1658768358,0.1558445533,0.1431426411,0.1249610866,0.06271864378
96480,0.2207348827,0.2205580618,0.2200266181,0.2191374628,0.2178851328,0.2162618008,0.2142566138,0.2118552001,0.2090388253,0.2057830268,0.2020558658,0.1978150982,0.1930039322,0.1875438595,0.181322625,0.1741719371,0.1658219425,0.1557951434,0.1430998375,0.1249270476,0.06270039199
96540,0.2206462034,0.2204695015,0.2199384154,0.219049857,0.217798365,0.2161761146,0.2141722563,0.2117724231,0.2089578871,0.2057041939,0.2019794163,0.1977413255,0.1929331507,0.1874764133,0.1812589014,0.1741123884,0.1657671262,0.155745802,0.1430570922,0.1248930542,0.06268218193
96600,0.2205576564,0.2203810734,0.2198503442,0.2189623816,0.2177117263,0.2160905556,0.2140880237,0.2116897684,0.2088770679,0.2056254766,0.2019030785,0.19766766,0.1928624715,0.1874090641,0.1811952687,0.174052924,0.1657123867,0.1556965287,0.1430144051,0.1248591061,0.06266401346
96660,0.2204692413,0.220292777,0.2197624041,0.2188750364,0.2176252162,0.2160051235,0.2140039157,0.2116072357,0.2087963678,0.2055468748,0.2018268521,0.1975941015,0.1927918944,0.1873418115,0.1811317267,0.1739935436,0.1656577237,0.1556473235,0.142971776,0.1248252033,0.06264588647
96720,0.2203809578,0.220204612,0.2196745948,0.218787821,0.2175388346,0.215919818,0.2139199322,0.2115248247,0.2087157862,0.2054683881,0.2017507369,0.1975206499,0.1927214193,0.1872746554,0.1810682751,0.1739342471,0.1656031371,0.1555981862,0.1429292049,0.1247913456,0.06262780082
96780,0.2202928058,0.2201165782,0.2195869161,0.2187007351,0.217452581,0.2158346387,0.2138360727,0.2114425351,0.208635323,0.2053900162,0.2016747327,0.1974473047,0.1926510458,0.1872075956,0.1810049139,0.1738750342,0.1655486267,0.1555491167,0.1428866917,0.1247575331,0.06260975639
96840,0.2202047847,0.2200286752,0.2194993676,0.2186137785,0.2173664553,0.2157495855,0.213752337,0.2113603666,0.2085549779,0.205311759,0.2015988391,0.1973740659,0.1925807737,0.1871406318,0.1809416427,0.1738159047,0.1654941924,0.1555001149,0.1428442361,0.1247237655,0.06259175304
96900,0.2201168944,0.2199409027,0.219411949,0.2185269508,0.2172804571,0.215664658,0.2136687247,0.2112783191,0.2084747507,0.2052336161,0.2015230559,0.1973009331,0.1925106028,0.1870737639,0.1808784614,0.1737568585,0.1654398339,0.1554511805,0.142801838,0.1246900428,0.06257379065
96960,0.2200291344,0.2198532605,0.21932466,0.2184402517,0.2171945862,0.2155798559,0.2135852357,0.2111963921,0.2083946409,0.2051555873,0.201447383,0.1972279061,0.1924405329,0.1870069915,0.1808153698,0.1736978955,0.1653855512,0.1554023134,0.1427594974,0.1246563648,0.0625558691
97020,0.2199415047,0.2197657482,0.2192375004,0.2183536809,0.2171088422,0.2154951789,0.2135018696,0.2111145854,0.2083146485,0.2050776723,0.2013718199,0.1971549847,0.1923705638,0.1869403146,0.1807523677,0.1736390153,0.165331344,0.1553535135,0.1427172141,0.1246227315,0.06253798825
97080,0.2198540047,0.2196783655,0.2191504698,0.2182672382,0.2170232248,0.2154106268,0.2134186262,0.2110328988,0.2082347731,0.2049998709,0.2012963666,0.1970821687,0.1923006951,0.1868737328,0.1806894548,0.1735802178,0.1652772122,0.1553047806,0.1426749879,0.1245891429,0.06252014799
97140,0.2197666342,0.2195911121,0.219063568,0.2181809232,0.2169377337,0.2153261992,0.2133355051,0.2109513319,0.2081550144,0.2049221828,0.2012210226,0.1970094577,0.1922309267,0.1868072459,0.180626631,0.1735215028,0.1652231556,0.1552561146,0.1426328188,0.1245555987,0.06250234819
97200,0.219679393,0.2195039878,0.2189767945,0.2180947356,0.2168523687,0.2152418959,0.2132525061,0.2108698845,0.2080753721,0.2048446077,0.2011457878,0.1969368516,0.1921612584,0.1867408538,0.180563896,0.1734628702,0.1651691741,0.1552075153,0.1425907067,0.1245220989,0.06248458873
97260,0.2195922807,0.2194169921,0.2188901492,0.2180086752,0.2167671295,0.2151577166,0.2131696289,0.2107885563,0.2079958461,0.2047671454,0.201070662,0.19686435,0.1920916898,0.1866745562,0.1805012497,0.1734043198,0.1651152674,0.1551589825,0.1425486513,0.1244886433,0.06246686947
97320,0.219505297,0.2193301249,0.2188036317,0.2179227416,0.2166820158,0.215073661,0.2130868732,0.2107073471,0.207916436,0.2046897956,0.2009956448,0.1967919529,0.1920222209,0.186608353,0.1804386919,0.1733458513,0.1650614354,0.1551105162,0.1425066526,0.124455232,0.06244919031
97380,0.2194184416,0.2192433858,0.2187172418,0.2178369346,0.2165970272,0.2149897288,0.2130042388,0.2106262565,0.2078371416,0.2046125581,0.200920736,0.1967196599,0.1919528514,0.1865422438,0.1803762223,0.1732874646,0.1650076779,0.1550621162,0.1424647104,0.1244218647,0.06243155111
97440,0.2193317143,0.2191567746,0.2186309791,0.2177512539,0.2165121635,0.2149059197,0.2129217253,0.2105452842,0.2077579626,0.2045354325,0.2008459354,0.1966474707,0.191883581,0.1864762285,0.1803138408,0.1732291595,0.1649539949,0.1550137824,0.1424228247,0.1243885415,0.06241395175
97500,0.2192451147,0.2190702909,0.2185448434,0.2176656991,0.2164274244,0.2148222334,0.2128393325,0.2104644301,0.2076788987,0.2044584188,0.2007712427,0.1965753853,0.1918144095,0.1864103069,0.1802515472,0.1731709358,0.164900386,0.1549655145,0.1423809953,0.1243552621,0.06239639211
97560,0.2191586425,0.2189839344,0.2184588343,0.21758027,0.2163428097,0.2147386698,0.2127570601,0.2103836939,0.2075999497,0.2043815165,0.2006966578,0.1965034033,0.1917453367,0.1863444788,0.1801893412,0.1731127934,0.1648468512,0.1549173125,0.142339222,0.1243220266,0.06237887207
97620,0.2190722975,0.2188977049,0.2183729516,0.2174949664,0.216258319,0.2146552283,0.2126749078,0.2103030752,0.2075211154,0.2043047255,0.2006221802,0.1964315244,0.1916763624,0.1862787439,0.1801272227,0.1730547321,0.1647933902,0.1548691761,0.1422975048,0.1242888348,0.06236139152
97680,0.2189860793,0.218811602,0.218287195,0.2174097878,0.216173952,0.2145719089,0.2125928754,0.2102225739,0.2074423954,0.2042280454,0.2005478099,0.1963597485,0.1916074864,0.186213102,0.1800651915,0.1729967516,0.164740003,0.1548211053,0.1422558435,0.1242556865,0.06234395032
97740,0.2188999877,0.2187256256,0.2182015641,0.217324734,0.2160897085,0.2144887113,0.2125109625,0.2101421895,0.2073637894,0.2041514761,0.2004735465,0.1962880754,0.1915387084,0.186147553,0.1800032474,0.1729388518,0.1646866893,0.1547731,0.1422142381,0.1242225818,0.06232654836
97800,0.2188140224,0.2186397752,0.2181160588,0.2172398048,0.2160055882,0.214405635,0.212429169,0.210061922,0.2072852974,0.2040750173,0.2003993898,0.1962165047,0.1914700282,0.1860820967,0.1799413902,0.1728810325,0.1646334491,0.1547251599,0.1421726883,0.1241895206,0.06230918552
97860,0.218728183,0.2185540505,0.2180306786,0.2171549999,0.2159215907,0.2143226799,0.2123474944,0.2099817709,0.2072069188,0.2039986687,0.2003253396,0.1961450363,0.1914014455,0.1860167327,0.1798796197,0.1728232936,0.164580282,0.1546772849,0.1421311941,0.1241565026,0.06229186168
97920,0.2186424694,0.2184684514,0.2179454234,0.2170703189,0.2158377159,0.2142398457,0.2122659387,0.2099017361,0.2071286537,0.2039224301,0.2002513956,0.1960736699,0.1913329603,0.185951461,0.1798179357,0.1727656349,0.164527188,0.1546294749,0.1420897554,0.1241235279,0.06227457672
97980,0.2185568811,0.2183829775,0.2178602929,0.2169857615,0.2157539635,0.2141571321,0.2121845014,0.2098218173,0.2070505015,0.2038463012,0.2001775576,0.1960024054,0.1912645722,0.1858862812,0.179756338,0.1727080561,0.1644741669,0.1545817297,0.1420483719,0.1240905963,0.06225733052
98040,0.218471418,0.2182976285,0.2177752866,0.2169013276,0.2156703331,0.2140745389,0.2121031824,0.2097420141,0.2069724622,0.2037702818,0.2001038254,0.1959312424,0.191196281,0.1858211933,0.1796948264,0.1726505572,0.1644212186,0.1545340493,0.1420070437,0.1240577078,0.06224012297
98100,0.2183860796,0.2182124042,0.2176904045,0.2168170168,0.2155868244,0.2139920657,0.2120219813,0.2096623264,0.2068945354,0.2036943717,0.2000301986,0.1958601807,0.1911280866,0.1857561969,0.1796334007,0.1725931379,0.1643683429,0.1544864334,0.1419657706,0.1240248623,0.06222295395
98160,0.2183008659,0.2181273042,0.2176056461,0.2167328288,0.2155034373,0.2139097122,0.2119408978,0.2095827539,0.2068167209,0.2036185705,0.1999566771,0.1957892202,0.1910599887,0.185691292,0.1795720608,0.172535798,0.1643155395,0.1544388819,0.1419245524,0.1239920596,0.06220582334
98220,0.2182157763,0.2180423283,0.2175210113,0.2166487634,0.2154201714,0.2138274783,0.2118599318,0.2095032964,0.2067390184,0.2035428781,0.1998832607,0.1957183605,0.190991987,0.1856264782,0.1795108064,0.1724785374,0.1642628085,0.1543913947,0.1418833891,0.1239592996,0.06218873103
98280,0.2181308108,0.2179574761,0.2174364996,0.2165648203,0.2153370265,0.2137453637,0.211779083,0.2094239534,0.2066614277,0.2034672942,0.1998099491,0.1956476015,0.1909240814,0.1855617554,0.1794496373,0.1724213559,0.1642101495,0.1543439716,0.1418422805,0.1239265824,0.06217167689
98340,0.218045969,0.2178727475,0.2173521109,0.2164809991,0.2152540022,0.213663368,0.211698351,0.2093447249,0.2065839486,0.2033918185,0.199736742,0.195576943,0.1908562717,0.1854971234,0.1793885535,0.1723642534,0.1641575625,0.1542966125,0.1418012265,0.1238939077,0.06215466082
98400,0.2179612505,0.2177881421,0.2172678449,0.2163972997,0.2151710983,0.213581491,0.2116177356,0.2092656106,0.2065065807,0.2033164508,0.1996636392,0.1955063846,0.1907885575,0.185432582,0.1793275546,0.1723072296,0.1641050473,0.1542493173,0.141760227,0.1238612755,0.0621376827
98460,0.2178766552,0.2177036596,0.2171837012,0.2163137217,0.2150883145,0.2134997324,0.2115372366,0.2091866101,0.2064293239,0.2032411909,0.1995906405,0.1954359263,0.1907209389,0.1853681309,0.1792666405,0.1722502844,0.1640526037,0.1542020858,0.1417192818,0.1238286858,0.06212074241
98520,0.2177921828,0.2176192998,0.2170996796,0.2162302648,0.2150056506,0.213418092,0.2114568537,0.2091077232,0.2063521778,0.2031660386,0.1995177457,0.1953655676,0.1906534154,0.18530377,0.1792058109,0.1721934176,0.1640002316,0.1541549178,0.141678391,0.1237961383,0.06210383984
98580,0.2177078329,0.2175350624,0.2170157799,0.2161469289,0.2149231063,0.2133365695,0.2113765866,0.2090289497,0.2062751422,0.2030909935,0.1994449545,0.1952953086,0.1905859869,0.1852394991,0.1791450659,0.172136629,0.1639479308,0.1541078134,0.1416375542,0.1237636331,0.06208697488
98640,0.2176236053,0.2174509471,0.2169320017,0.2160637136,0.2148406813,0.2132551646,0.211296435,0.2089502893,0.206198217,0.2030160554,0.1993722667,0.1952251488,0.1905186532,0.185175318,0.179084405,0.1720799185,0.1638957012,0.1540607722,0.1415967715,0.12373117,0.06207014742
98700,0.2175394997,0.2173669536,0.2168483448,0.2159806186,0.2147583753,0.213173877,0.2112163988,0.2088717418,0.2061214017,0.2029412241,0.199299682,0.1951550881,0.1904514141,0.1851112264,0.1790238282,0.1720232859,0.1638435426,0.1540137941,0.1415560427,0.1236987489,0.06205335733
98760,0.2174555158,0.2172830816,0.2167648088,0.2158976437,0.2146761881,0.2130927066,0.2111364776,0.2087933069,0.2060446962,0.2028664994,0.1992272003,0.1950851263,0.1903842694,0.1850472242,0.1789633352,0.171966731,0.1637914548,0.1539668791,0.1415153677,0.1236663698,0.06203660451
98820,0.2173716534,0.217199331,0.2166813936,0.2158147885,0.2145941193,0.213011653,0.2110566711,0.2087149843,0.2059681003,0.202791881,0.1991548213,0.1950152632,0.1903172188,0.1849833112,0.1789029259,0.1719102537,0.1637394378,0.153920027,0.1414747464,0.1236340325,0.06201988885
98880,0.2172879122,0.2171157013,0.2165980988,0.2157320529,0.2145121688,0.2129307159,0.2109769792,0.2086367739,0.2058916136,0.2027173687,0.1990825447,0.1949454985,0.1902502621,0.1849194872,0.1788426001,0.1718538537,0.1636874913,0.1538732376,0.1414341786,0.123601737,0.06200321023
98940,0.2172042919,0.2170321924,0.2165149242,0.2156494366,0.2144303363,0.2128498951,0.2108974016,0.2085586752,0.205815236,0.2026429623,0.1990103704,0.194875832,0.1901833992,0.1848557519,0.1787823575,0.171797531,0.1636356151,0.1538265109,0.1413936642,0.1235694832,0.06198656855
99000,0.2171207923,0.2169488039,0.2164318696,0.2155669392,0.2143486215,0.2127691904,0.2108179379,0.2084806882,0.2057389672,0.2025686614,0.1989382981,0.1948062634,0.1901166298,0.1847921053,0.1787221981,0.1717412853,0.1635838092,0.1537798466,0.1413532032,0.123537271,0.06196996368
99060,0.217037413,0.2168655356,0.2163489345,0.2154845606,0.2142670241,0.2126886015,0.210738588,0.2084028125,0.2056628069,0.2024944659,0.1988663275,0.1947367927,0.1900499538,0.184728547,0.1786621217,0.1716851165,0.1635320734,0.1537332447,0.1413127954,0.1235051002,0.06195339553
99120,0.2169541538,0.2167823872,0.2162661188,0.2154023004,0.2141855439,0.2126081281,0.2106593516,0.2083250479,0.205586755,0.2024203755,0.1987944586,0.1946674195,0.1899833708,0.184665077,0.178602128,0.1716290244,0.1634804076,0.153686705,0.1412724407,0.1234729709,0.06193686399
99180,0.2168710144,0.2166993584,0.2161834222,0.2153201584,0.2141041805,0.2125277699,0.2105802285,0.2082473941,0.2055108111,0.2023463901,0.1987226909,0.1945981437,0.1899168808,0.1846016949,0.1785422168,0.1715730088,0.1634288115,0.1536402274,0.141232139,0.1234408829,0.06192036893
99240,0.2167879946,0.216616449,0.2161008444,0.2152381343,0.2140229338,0.2124475267,0.2105012183,0.208169851,0.205434975,0.2022725093,0.1986510244,0.1945289649,0.1898504835,0.1845384006,0.1784823881,0.1715170696,0.163377285,0.1535938117,0.1411918902,0.1234088362,0.06190391026
99300,0.216705094,0.2165336588,0.2160183852,0.2151562278,0.2139418035,0.2123673983,0.2104223208,0.2080924182,0.2053592465,0.2021987329,0.1985794587,0.1944598831,0.1897841786,0.184475194,0.1784226415,0.1714612066,0.1633258281,0.1535474578,0.1411516941,0.1233768306,0.06188748786
99360,0.2166223125,0.2164509873,0.2159360442,0.2150744387,0.2138607893,0.2122873843,0.2103435359,0.2080150954,0.2052836254,0.2021250607,0.1985079937,0.194390898,0.1897179661,0.1844120748,0.178362977,0.1714054196,0.1632744404,0.1535011656,0.1411115507,0.1233448661,0.06187110163
99420,0.2165396497,0.2163684344,0.2158538213,0.2149927668,0.213779891,0.2122074846,0.2102648631,0.2079378826,0.2052081113,0.2020514925,0.1984366291,0.1943220093,0.1896518456,0.1843490428,0.1783033944,0.1713497086,0.1632231219,0.153454935,0.1410714598,0.1233129425,0.06185475146
99480,0.2164571054,0.2162859998,0.2157717162,0.2149112117,0.2136991082,0.2121276988,0.2101863023,0.2078607793,0.2051327041,0.201978028,0.1983653647,0.194253217,0.1895858171,0.1842860979,0.1782438934,0.1712940732,0.1631718725,0.1534087658,0.1410314213,0.1232810598,0.06183843724
99540,0.2163746793,0.2162036832,0.2156897285,0.2148297732,0.2136184408,0.2120480268,0.2101078533,0.2077837854,0.2050574036,0.2019046671,0.1982942003,0.1941845206,0.1895198802,0.1842232397,0.1781844739,0.1712385133,0.1631206919,0.1533626578,0.1409914352,0.1232492179,0.06182215887
99600,0.2162923711,0.2161214844,0.2156078581,0.214748451,0.2135378885,0.2119684682,0.2100295157,0.2077069006,0.2049822094,0.2018314094,0.1982231356,0.1941159201,0.1894540348,0.1841604683,0.1781251357,0.1711830289,0.1630695801,0.153316611,0.1409515012,0.1232174168,0.06180591623
99660,0.2162101806,0.2160394031,0.2155261046,0.2146672449,0.2134574509,0.2118890228,0.2099512893,0.2076301247,0.2049071214,0.2017582547,0.1981521705,0.1940474153,0.1893882807,0.1840977833,0.1780658786,0.1711276197,0.1630185369,0.1532706253,0.1409116193,0.1231856563,0.06178970922
99720,0.2161281075,0.2159574391,0.2154444678,0.2145861546,0.213377128,0.2118096903,0.2098731739,0.2075534574,0.2048321393,0.2016852029,0.1980813048,0.1939790058,0.1893226176,0.1840351846,0.1780067025,0.1710722855,0.162967562,0.1532247004,0.1408717894,0.1231539363,0.06177353774
99780,0.2160461516,0.215875592,0.2153629475,0.2145051799,0.2132969193,0.2117304706,0.2097951693,0.2074768985,0.2047572628,0.2016122536,0.1980105381,0.1939106916,0.1892570455,0.183972672,0.1779476072,0.1710170262,0.1629166555,0.1531788362,0.1408320114,0.1231222567,0.06175740168
99840,0.2159643126,0.2157938616,0.2152815434,0.2144243204,0.2132168247,0.2116513633,0.2097172751,0.2074004478,0.2046824919,0.2015394067,0.1979398703,0.1938424723,0.189191564,0.1839102453,0.1778885925,0.1709618416,0.1628658171,0.1531330327,0.1407922851,0.1230906176,0.06174130094
99900,0.2158825902,0.2157122477,0.2152002551,0.214343576,0.2131368439,0.2115723682,0.2096394911,0.207324105,0.2046078261,0.2014666619,0.1978693012,0.1937743479,0.189126173,0.1838479043,0.1778296583,0.1709067316,0.1628150467,0.1530872897,0.1407526105,0.1230590187,0.0617252354
99960,0.2158009842,0.21563075,0.2151190826,0.2142629464,0.2130569766,0.211493485,0.2095618172,0.2072478698,0.2045332653,0.2013940191,0.1977988305,0.193706318,0.1890608723,0.1837856488,0.1777708043,0.170851696,0.1627643442,0.1530416071,0.1407129874,0.12302746,0.06170920497
100020,0.2157194943,0.2155493682,0.2150380254,0.2141824313,0.2129772226,0.2114147135,0.2094842529,0.2071717421,0.2044588092,0.2013214779,0.197728458,0.1936383825,0.1889956617,0.1837234787,0.1777120304,0.1707967347,0.1627137093,0.1529959847,0.1406734158,0.1229959415,0.06169320954
100080,0.2156381202,0.2154681021,0.2149570834,0.2141020305,0.2128975817,0.2113360535,0.2094067982,0.2070957215,0.2043844577,0.2012490382,0.1976581836,0.1935705412,0.1889305409,0.1836613937,0.1776533363,0.1707418474,0.162663142,0.1529504225,0.1406338955,0.1229644629,0.06167724901
100140,0.2155568617,0.2153869513,0.2148762563,0.2140217436,0.2128180535,0.2112575047,0.2093294528,0.2070198079,0.2043102104,0.2011766997,0.1975880069,0.1935027938,0.1888655099,0.1835993937,0.1775947221,0.1706870341,0.1626126422,0.1529049202,0.1405944263,0.1229330244,0.06166132328
100200,0.2154757186,0.2153059158,0.2147955438,0.2139415706,0.2127386379,0.2111790668,0.2092522163,0.2069440011,0.2042360672,0.2011044622,0.1975179279,0.1934351401,0.1888005683,0.1835374785,0.1775361874,0.1706322945,0.1625622096,0.1528594777,0.1405550083,0.1229016257,0.06164543224
100260,0.2153946905,0.2152249952,0.2147149457,0.213861511,0.2126593345,0.2111007397,0.2091750887,0.2068683007,0.2041620278,0.2010323255,0.1974479462,0.1933675801,0.1887357161,0.1834756478,0.177477732,0.1705776285,0.1625118441,0.152814095,0.1405156413,0.1228702667,0.06162957579
100320,0.2153137773,0.2151441892,0.2146344617,0.2137815647,0.2125801432,0.2110225229,0.2090980695,0.2067927065,0.204088092,0.2009602894,0.1973780616,0.1933001133,0.1886709529,0.1834139016,0.1774193559,0.170523036,0.1624615456,0.1527687719,0.1404763252,0.1228389475,0.06161375383
100380,0.2152329786,0.2150634976,0.2145540916,0.2137017314,0.2125010637,0.2109444165,0.2090211587,0.2067172184,0.2040142596,0.2008883536,0.197308274,0.1932327397,0.1886062787,0.1833522396,0.1773610589,0.1704685168,0.1624113139,0.1527235083,0.1404370599,0.1228076679,0.06159796625
100440,0.2151522942,0.2149829201,0.2144738351,0.2136220109,0.2124220957,0.2108664199,0.2089443559,0.206641836,0.2039405303,0.200816518,0.1972385831,0.193165459,0.1885416932,0.1832906617,0.1773028407,0.1704140707,0.1623611489,0.152678304,0.1403978452,0.1227764278,0.06158221296
100500,0.2150717239,0.2149024565,0.214393692,0.2135424028,0.212343239,0.2107885332,0.2088676609,0.2065665592,0.2038669039,0.2007447822,0.1971689888,0.1930982711,0.1884771962,0.1832291676,0.1772447012,0.1703596975,0.1623110505,0.152633159,0.1403586811,0.1227452271,0.06156649386
100560,0.2149912674,0.2148221065,0.214313662,0.213462907,0.2122644933,0.2107107559,0.2087910735,0.2064913877,0.2037933802,0.2006731461,0.1970994907,0.1930311757,0.1884127875,0.1831677572,0.1771866403,0.1703053972,0.1622610185,0.1525880731,0.1403195675,0.1227140659,0.06155080883
100620,0.2149109244,0.21474187,0.2142337448,0.2133835232,0.2121858585,0.2106330878,0.2087145934,0.2064163212,0.203719959,0.2006016095,0.1970300888,0.1929641726,0.188348467,0.1831064303,0.1771286577,0.1702511696,0.1622110527,0.1525430461,0.1402805042,0.1226829439,0.0615351578
100680,0.2148306948,0.2146617465,0.2141539403,0.2133042512,0.2121073341,0.2105555287,0.2086382205,0.2063413596,0.2036466399,0.2005301722,0.1969607827,0.1928972616,0.1882842344,0.1830451868,0.1770707534,0.1701970145,0.1621611531,0.152498078,0.1402414911,0.1226518611,0.06151954064
100740,0.2147505781,0.2145817359,0.2140742481,0.2132250907,0.2120289201,0.2104780784,0.2085619544,0.2062665027,0.2035734229,0.2004588338,0.1968915723,0.1928304426,0.1882200896,0.1829840263,0.177012927,0.1701429317,0.1621113195,0.1524531686,0.1402025283,0.1226208174,0.06150395727
100800,0.2146705743,0.214501838,0.2139946681,0.2131460414,0.2119506162,0.2104007367,0.2084857949,0.2061917501,0.2035003077,0.2003875943,0.1968224573,0.1927637152,0.1881560323,0.1829229489,0.1769551786,0.1700889211,0.1620615517,0.1524083178,0.1401636154,0.1225898128,0.06148840759
100860,0.2145906831,0.2144220524,0.2139151999,0.2130671032,0.2118724221,0.2103235032,0.2084097418,0.2061171016,0.203427294,0.2003164534,0.1967534377,0.1926970795,0.1880920625,0.1828619542,0.1768975078,0.1700349825,0.1620118496,0.1523635255,0.1401247525,0.1225588471,0.0614728915
100920,0.2145109041,0.214342379,0.2138358433,0.2129882757,0.2117943375,0.2102463777,0.2083337949,0.2060425571,0.2033543817,0.2002454108,0.196684513,0.192630535,0.1880281798,0.1828010421,0.1768399145,0.1699811159,0.1619622131,0.1523187915,0.1400859394,0.1225279203,0.06145740889
100980,0.2144312372,0.2142628174,0.2137565981,0.2129095587,0.2117163623,0.2101693601,0.2082579539,0.2059681163,0.2032815704,0.2001744665,0.1966156832,0.1925640816,0.1879643841,0.1827402125,0.1767823987,0.169927321,0.161912642,0.1522741158,0.1400471761,0.1224970323,0.06144195967
101040,0.2143516821,0.2141833675,0.213677464,0.212830952,0.2116384962,0.21009245,0.2081822186,0.205893779,0.2032088601,0.20010362,0.1965469481,0.1924977192,0.1879006752,0.1826794651,0.17672496,0.1698735976,0.1618631362,0.1522294981,0.1400084624,0.122466183,0.06142654375
101100,0.2142722385,0.214104029,0.2135984409,0.2127524554,0.2115607389,0.2100156472,0.2081065888,0.2058195449,0.2031362505,0.2000328714,0.1964783073,0.1924314475,0.187837053,0.1826187998,0.1766675983,0.1698199457,0.1618136955,0.1521849385,0.1399697982,0.1224353723,0.06141116102
101160,0.2141929063,0.2140248016,0.2135195283,0.2126740686,0.2114830903,0.2099389516,0.2080310642,0.2057454138,0.2030637412,0.1999622202,0.1964097608,0.1923652664,0.1877735172,0.1825582163,0.1766103135,0.1697663651,0.1617643199,0.1521404367,0.1399311834,0.1224046002,0.0613958114
101220,0.2141136851,0.2139456851,0.2134407262,0.2125957913,0.21140555,0.2098623628,0.2079556446,0.2056713855,0.2029913323,0.1998916663,0.1963413083,0.1922991756,0.1877100676,0.1824977146,0.1765531054,0.1697128556,0.1617150091,0.1520959927,0.1398926179,0.1223738666,0.06138049477
101280,0.2140345747,0.2138666793,0.2133620342,0.2125176233,0.2113281179,0.2097858806,0.2078803297,0.2055974598,0.2029190233,0.1998212096,0.1962729497,0.1922331749,0.1876467041,0.1824372944,0.1764959739,0.1696594171,0.1616657631,0.1520516063,0.1398541016,0.1223431714,0.06136521105
101340,0.213955575,0.2137877839,0.2132834521,0.2124395645,0.2112507937,0.2097095048,0.2078051194,0.2055236365,0.2028468141,0.1997508497,0.1962046846,0.1921672642,0.1875834265,0.1823769556,0.1764389187,0.1696060494,0.1616165817,0.1520072774,0.1398156345,0.1223125144,0.06134996015
101400,0.2138766855,0.2137089986,0.2132049797,0.2123616144,0.2111735772,0.2096332352,0.2077300135,0.2054499152,0.2027747046,0.1996805865,0.196136513,0.1921014432,0.1875202345,0.182316698,0.1763819398,0.1695527523,0.1615674647,0.1519630059,0.1397772163,0.1222818958,0.06133474195
101460,0.2137979062,0.2136303233,0.2131266167,0.212283773,0.211096468,0.2095570716,0.2076550116,0.2053762959,0.2027026943,0.1996104198,0.1960684345,0.1920357118,0.1874571281,0.1822565215,0.1763250368,0.1694995258,0.1615184121,0.1519187916,0.1397388471,0.1222513152,0.06131955638
101520,0.2137192367,0.2135517577,0.2130483629,0.2122060399,0.2110194661,0.2094810136,0.2075801135,0.2053027782,0.2026307833,0.1995403494,0.1960004491,0.1919700698,0.187394107,0.1821964257,0.1762682098,0.1694463697,0.1614694237,0.1518746345,0.1397005266,0.1222207728,0.06130440333
101580,0.2136406768,0.2134733015,0.2129702181,0.2121284149,0.2109425712,0.209405061,0.2075053191,0.205229362,0.2025589711,0.199470375,0.1959325564,0.1919045169,0.1873311711,0.1821364107,0.1762114585,0.1693932838,0.1614204993,0.1518305344,0.1396622549,0.1221902683,0.06128928272
101640,0.2135622263,0.2133949545,0.2128921819,0.2120508978,0.2108657829,0.2093292138,0.2074306281,0.205156047,0.2024872577,0.1994004964,0.1958647564,0.1918390531,0.1872683201,0.1820764761,0.1761547828,0.1693402679,0.1613716388,0.1517864912,0.1396240318,0.1221598018,0.06127419444
101700,0.213483885,0.2133167165,0.2128142543,0.2119734884,0.2107891012,0.2092534715,0.2073560403,0.205082833,0.2024156428,0.1993307135,0.1957970488,0.191773678,0.1872055538,0.1820166219,0.1760981825,0.169287322,0.1613228422,0.1517425048,0.1395858571,0.1221293731,0.0612591384
101760,0.2134056525,0.2132385872,0.2127364349,0.2118961864,0.2107125257,0.209177834,0.2072815555,0.2050097198,0.2023441261,0.199261026,0.1957294334,0.1917083915,0.1871428722,0.1819568478,0.1760416574,0.1692344459,0.1612741092,0.1516985751,0.1395477309,0.1220989822,0.06124411452
101820,0.2133275287,0.2131605665,0.2126587234,0.2118189915,0.2106360563,0.209102301,0.2072071733,0.2049367072,0.2022727076,0.1991914337,0.1956619099,0.1916431934,0.187080275,0.1818971537,0.1759852074,0.1691816394,0.1612254397,0.1516547019,0.1395096529,0.122068629,0.06122912269
101880,0.2132495133,0.2130826539,0.2125811198,0.2117419036,0.2105596926,0.2090268724,0.2071328937,0.204863795,0.2022013869,0.1991219364,0.1955944783,0.1915780836,0.187017762,0.1818375394,0.1759288323,0.1691289024,0.1611768336,0.1516108851,0.1394716232,0.1220383134,0.06121416283
101940,0.213171606,0.2130048494,0.2125036237,0.2116649224,0.2104834346,0.2089515479,0.2070587164,0.2047909829,0.2021301638,0.199052534,0.1955271383,0.1915130617,0.1869553331,0.1817780048,0.175872532,0.1690762348,0.1611282907,0.1515671247,0.1394336416,0.1220080353,0.06119923483
102000,0.2130938068,0.2129271527,0.2124262349,0.2115880478,0.2104072818,0.2088763272,0.2069846411,0.2047182707,0.2020590382,0.1989832262,0.1954598897,0.1914481278,0.1868929881,0.1817185497,0.1758163063,0.1690236363,0.161079811,0.1515234204,0.1393957079,0.1219777947,0.06118433862
102060,0.2130161152,0.2128495635,0.2123489531,0.2115112793,0.2103312342,0.2088012102,0.2069106677,0.2046456583,0.2019880098,0.1989140127,0.1953927324,0.1913832814,0.1868307267,0.1816591739,0.175760155,0.1689711069,0.1610313943,0.1514797722,0.1393578222,0.1219475914,0.06116947409
102120,0.2129385311,0.2127720817,0.2122717782,0.2114346169,0.2102552915,0.2087261965,0.2068367959,0.2045731453,0.2019170785,0.1988448935,0.195325666,0.1913185226,0.1867685489,0.1815998772,0.175704078,0.1689186463,0.1609830404,0.15143618,0.1393199843,0.1219174255,0.06115464117
102180,0.2128610543,0.2126947069,0.2121947098,0.2113580602,0.2101794534,0.2086512861,0.2067630255,0.2045007316,0.2018462439,0.1987758682,0.1952586905,0.191253851,0.1867064544,0.1815406594,0.1756480752,0.1688662546,0.1609347493,0.1513926436,0.1392821941,0.1218872968,0.06113983974
102240,0.2127836845,0.2126174389,0.2121177478,0.2112816092,0.2101037197,0.2085764787,0.2066893563,0.2044284169,0.201775506,0.1987069368,0.1951918056,0.1911892665,0.186644443,0.1814815205,0.1755921464,0.1688139314,0.1608865207,0.151349163,0.1392444515,0.1218572052,0.06112506974
102300,0.2127064214,0.2125402776,0.212040892,0.2112052634,0.2100280903,0.208501774,0.206615788,0.2043562011,0.2017048644,0.1986380989,0.1951250111,0.1911247689,0.1865825147,0.1814224602,0.1755362913,0.1687616768,0.1608383546,0.151305738,0.1392067564,0.1218271507,0.06111033105
102360,0.2126292649,0.2124632227,0.2119641421,0.2111290228,0.2099525648,0.2084271718,0.2065423205,0.204284084,0.201634319,0.1985693545,0.1950583069,0.191060358,0.1865206691,0.1813634784,0.17548051,0.1687094904,0.1607902509,0.1512623685,0.1391691087,0.1217971332,0.0610956236
102420,0.2125522147,0.2123862739,0.2118874978,0.211052887,0.209877143,0.2083526719,0.2064689535,0.2042120652,0.2015638696,0.1985007032,0.1949916927,0.1909960337,0.1864589062,0.1813045749,0.1754248021,0.1686573722,0.1607422094,0.1512190543,0.1391315083,0.1217671527,0.0610809473
102480,0.2124752706,0.2123094311,0.211810959,0.2109768559,0.2098018248,0.2082782741,0.2063956868,0.2041401447,0.201493516,0.1984321449,0.1949251684,0.1909317957,0.1863972257,0.1812457495,0.1753691676,0.1686053221,0.1606942299,0.1511757954,0.1390939551,0.121737209,0.06106630205
102540,0.2123984324,0.2122326939,0.2117345254,0.2109009292,0.2097266099,0.2082039782,0.2063225202,0.2040683222,0.201423258,0.1983636794,0.1948587337,0.1908676439,0.1863356276,0.1811870022,0.1753136063,0.1685533399,0.1606463124,0.1511325917,0.1390564491,0.121707302,0.06105168777
102600,0.2123216998,0.2121560622,0.2116581968,0.2108251066,0.2096514981,0.2081297839,0.2062494535,0.2039965974,0.2013530953,0.1982953065,0.1947923886,0.1908035781,0.1862741115,0.1811283326,0.1752581181,0.1685014254,0.1605984567,0.1510894431,0.1390189901,0.1216774318,0.06103710436
102660,0.2122450725,0.2120795358,0.211581973,0.2107493881,0.2095764891,0.208055691,0.2061764865,0.2039249703,0.2012830278,0.198227026,0.1947261327,0.1907395981,0.1862126773,0.1810697406,0.1752027027,0.1684495785,0.1605506627,0.1510463493,0.138981578,0.1216475982,0.06102255175
102720,0.2121685505,0.2120031144,0.2115058537,0.2106737733,0.2095015828,0.2079816994,0.2061036189,0.2038534405,0.2012130552,0.1981588377,0.1946599659,0.1906757037,0.186151325,0.1810112262,0.1751473601,0.1683977991,0.1605029303,0.1510033104,0.1389442128,0.1216178011,0.06100802983
102780,0.2120921333,0.2119267977,0.2114298387,0.210598262,0.2094267789,0.2079078087,0.2060308506,0.2037820078,0.2011431773,0.1980907414,0.194593888,0.1906118947,0.1860900542,0.180952789,0.1750920901,0.1683460871,0.1604552593,0.1509603262,0.1389068943,0.1215880406,0.06099353853
102840,0.2120158209,0.2118505856,0.2113539278,0.210522854,0.2093520771,0.2078340188,0.2059581812,0.2037106721,0.2010733941,0.1980227369,0.1945278988,0.190548171,0.1860288648,0.180894429,0.1750368925,0.1682944422,0.1604076496,0.1509173966,0.1388696224,0.1215583164,0.06097907775
102900,0.211939613,0.2117744779,0.2112781207,0.2104475491,0.2092774774,0.2077603294,0.2058856107,0.2036394332,0.2010037051,0.1979548241,0.1944619981,0.1904845323,0.1859677566,0.1808361461,0.1749817672,0.1682428644,0.1603601011,0.1508745214,0.1388323971,0.1215286285,0.06096464741
102960,0.2118635094,0.2116984742,0.2112024173,0.2103723471,0.2092029794,0.2076867404,0.2058131388,0.2035682908,0.2009341103,0.1978870026,0.1943961858,0.1904209786,0.1859067295,0.1807779399,0.1749267141,0.1681913535,0.1603126136,0.1508317006,0.1387952182,0.121498977,0.06095024743
103020,0.2117875098,0.2116225744,0.2111268173,0.2102972477,0.2091285829,0.2076132515,0.2057407653,0.2034972447,0.2008646095,0.1978192723,0.1943304616,0.1903575095,0.1858457834,0.1807198104,0.1748717329,0.1681399094,0.1602651871,0.1507889341,0.1387580857,0.1214693615,0.06093587771
103080,0.211711614,0.2115467783,0.2110513205,0.2102222506,0.2090542878,0.2075398625,0.2056684899,0.2034262947,0.2007952024,0.1977516331,0.1942648253,0.190294125,0.1857849179,0.1806617574,0.1748168236,0.1680885319,0.1602178214,0.1507462217,0.1387209995,0.1214397822,0.06092153816
103140,0.2116358218,0.2114710857,0.2109759267,0.2101473558,0.2089800937,0.2074665732,0.2055963125,0.2033554407,0.2007258888,0.1976840847,0.1941992769,0.1902308249,0.185724133,0.1806037808,0.1747619859,0.1680372209,0.1601705163,0.1507035634,0.1386839594,0.121410239,0.06090722871
103200,0.211560133,0.2113954962,0.2109006356,0.210072563,0.2089060005,0.2073933834,0.2055242329,0.2032846824,0.2006566686,0.197616627,0.194133816,0.1901676089,0.1856634285,0.1805458803,0.1747072198,0.1679859762,0.1601232718,0.1506609589,0.1386469654,0.1213807317,0.06089294927
103260,0.2114845473,0.2113200097,0.2108254471,0.2099978719,0.208832008,0.2073202928,0.2054522508,0.2032140196,0.2005875415,0.1975492596,0.1940684426,0.190104477,0.1856028042,0.1804880559,0.174652525,0.1679347978,0.1600760878,0.1506184083,0.1386100174,0.1213512603,0.06087869975
103320,0.2114090646,0.2112446261,0.2107503608,0.2099232823,0.208758116,0.2072473013,0.205380366,0.2031434521,0.2005185074,0.1974819826,0.1940031563,0.1900414288,0.18554226,0.1804303073,0.1745979015,0.1678836855,0.160028964,0.1505759114,0.1385731153,0.1213218247,0.06086448007
103380,0.2113336845,0.2111693449,0.2106753767,0.2098487941,0.2086843242,0.2071744086,0.2053085784,0.2030729797,0.200449566,0.1974147956,0.1939379571,0.1899784643,0.1854817956,0.1803726345,0.1745433491,0.1678326391,0.1599819004,0.1505334681,0.138536259,0.1212924249,0.06085029014
103440,0.211258407,0.2110941661,0.2106004944,0.209774407,0.2086106324,0.2071016146,0.2052368877,0.2030026021,0.2003807172,0.1973476985,0.1938728448,0.1899155833,0.185421411,0.1803150372,0.1744888676,0.1677816585,0.1599348969,0.1504910783,0.1384994484,0.1212630607,0.06083612987
103500,0.2111832317,0.2110190894,0.2105257138,0.2097001207,0.2085370404,0.207028919,0.2051652937,0.2029323193,0.2003119607,0.197280691,0.1938078191,0.1898527856,0.1853611059,0.1802575153,0.1744344569,0.1677307436,0.1598879533,0.1504487418,0.1384626833,0.1212337321,0.06082199919
103560,0.2111081584,0.2109441146,0.2104510346,0.2096259351,0.208463548,0.2069563216,0.2050937963,0.202862131,0.2002432964,0.1972137731,0.1937428798,0.189790071,0.1853008802,0.1802000686,0.1743801169,0.1676798942,0.1598410695,0.1504064586,0.1384259639,0.1212044391,0.06080789801
103620,0.211033187,0.2108692415,0.2103764566,0.20955185,0.208390155,0.2068838222,0.2050223951,0.202792037,0.200174724,0.1971469444,0.1936780269,0.1897274393,0.1852407337,0.1801426971,0.1743258473,0.1676291103,0.1597942454,0.1503642286,0.1383892898,0.1211751816,0.06079382625
103680,0.2109583172,0.2107944699,0.2103019796,0.2094778651,0.2083168612,0.2068114206,0.2049510901,0.2027220371,0.2001062434,0.1970802049,0.1936132601,0.1896648904,0.1851806662,0.1800854004,0.1742716481,0.1675783916,0.1597474808,0.1503220516,0.1383526611,0.1211459594,0.06077978382
103740,0.2108835488,0.2107197995,0.2102276034,0.2094039803,0.2082436663,0.2067391165,0.2048798809,0.2026521311,0.2000378544,0.1970135543,0.1935485793,0.1896024241,0.1851206776,0.1800281785,0.1742175191,0.167527738,0.1597007757,0.1502799275,0.1383160776,0.1211167725,0.06076577064
103800,0.2108088816,0.2106452301,0.2101533278,0.2093301952,0.2081705702,0.2066669099,0.2048087675,0.2025823187,0.1999695568,0.1969469924,0.1934839842,0.1895400402,0.1850607678,0.1799710312,0.1741634602,0.1674771494,0.15965413,0.1502378563,0.1382795393,0.1210876209,0.06075178662
103860,0.2107343153,0.2105707615,0.2100791526,0.2092565098,0.2080975726,0.2065948004,0.2047377495,0.2025125999,0.1999013504,0.1968805191,0.1934194747,0.1894777386,0.1850009365,0.1799139584,0.1741094712,0.1674266257,0.1596075434,0.1501958378,0.138243046,0.1210585045,0.0607378317
103920,0.2106598498,0.2104963935,0.2100050775,0.2091829237,0.2080246733,0.2065227879,0.2046668268,0.2024429744,0.1998332349,0.1968141341,0.1933550505,0.1894155191,0.1849411836,0.1798569599,0.1740555519,0.1673761668,0.1595610159,0.1501538719,0.1382065977,0.1210294232,0.06072390577
103980,0.2105854849,0.2104221259,0.2099311023,0.2091094369,0.2079518722,0.2064508721,0.2045959992,0.202373442,0.1997652103,0.1967478373,0.1932907116,0.1893533814,0.1848815089,0.1798000355,0.1740017023,0.1673257724,0.1595145473,0.1501119586,0.1381701943,0.1210003769,0.06071000877
104040,0.2105112202,0.2103479585,0.2098572269,0.209036049,0.2078791689,0.2063790529,0.2045252665,0.2023040024,0.1996972762,0.1966816285,0.1932264577,0.1892913255,0.1848219123,0.1797431851,0.1739479222,0.1672754425,0.1594681376,0.1500700976,0.1381338357,0.1209713656,0.0606961406
104100,0.2104370557,0.2102738911,0.2097834509,0.2089627598,0.2078065634,0.2063073301,0.2044546285,0.2022346556,0.1996294326,0.1966155075,0.1931622887,0.1892293512,0.1847623936,0.1796864086,0.1738942114,0.1672251769,0.1594217866,0.150028289,0.1380975218,0.1209423892,0.0606823012
104160,0.210362991,0.2101999234,0.2097097743,0.2088895692,0.2077340554,0.2062357033,0.2043840849,0.2021654013,0.1995616792,0.1965494742,0.1930982044,0.1891674582,0.1847029526,0.1796297057,0.1738405698,0.1671749755,0.1593754942,0.1499865325,0.1380612524,0.1209134476,0.06066849047
104220,0.210289026,0.2101260552,0.2096361967,0.2088164769,0.2076616446,0.2061641726,0.2043136357,0.2020962394,0.1994940159,0.1964835282,0.1930342046,0.1891056465,0.1846435892,0.1795730764,0.1737869972,0.1671248382,0.1593292603,0.1499448282,0.1380250277,0.1208845408,0.06065470834
104280,0.2102151605,0.2100522863,0.209562718,0.2087434828,0.207589331,0.2060927375,0.2042432805,0.2020271695,0.1994264424,0.1964176696,0.1929702891,0.1890439158,0.1845843032,0.1795165204,0.1737334936,0.1670747648,0.1592830847,0.1499031758,0.1379888473,0.1208556687,0.06064095473
104340,0.2101413943,0.2099786166,0.209489338,0.2086705866,0.2075171142,0.206021398,0.2041730192,0.2019581916,0.1993589586,0.196351898,0.1929064577,0.1889822661,0.1845250945,0.1794600377,0.1736800587,0.1670247553,0.1592369674,0.1498615753,0.1379527113,0.1208268311,0.06062722956
104400,0.2100677271,0.2099050457,0.2094160564,0.2085977881,0.2074449941,0.2059501539,0.2041028516,0.2018893054,0.1992915642,0.1962862133,0.1928427103,0.188920697,0.1844659628,0.1794036281,0.1736266925,0.1669748094,0.1591909082,0.1498200265,0.1379166195,0.1207980282,0.06061353274
104460,0.2099941588,0.2098315736,0.2093428731,0.2085250871,0.2073729705,0.2058790048,0.2040327775,0.2018205108,0.1992242592,0.1962206153,0.1927790468,0.1888592085,0.1844069081,0.1793472914,0.1735733947,0.1669249271,0.159144907,0.1497785295,0.137880572,0.1207692597,0.0605998642
104520,0.2099206891,0.2097581999,0.2092697878,0.2084524834,0.2073010431,0.2058079507,0.2039627967,0.2017518075,0.1991570432,0.1961551038,0.1927154668,0.1887978003,0.1843479302,0.1792910275,0.1735201653,0.1668751082,0.1590989637,0.149737084,0.1378445685,0.1207405257,0.06058622386
104580,0.2098473178,0.2096849245,0.2091968004,0.2083799768,0.2072292119,0.2057369914,0.203892909,0.2016831954,0.1990899161,0.1960896787,0.1926519703,0.1887364724,0.1842890289,0.1792348362,0.1734670041,0.1668253525,0.1590530781,0.1496956899,0.1378086089,0.120711826,0.06057261164
104640,0.2097740447,0.2096117472,0.2091239106,0.2083075671,0.2071574764,0.2056661265,0.2038231142,0.2016146743,0.1990228778,0.1960243397,0.1925885571,0.1886752246,0.184230204,0.1791787173,0.173413911,0.1667756601,0.1590072502,0.1496543472,0.1377726933,0.1206831605,0.06055902745
104700,0.2097008696,0.2095386677,0.2090511182,0.2082352541,0.2070858366,0.205595356,0.2037534121,0.2015462439,0.198955928,0.1959590868,0.192525227,0.1886140566,0.1841714555,0.1791226709,0.1733608858,0.1667260306,0.1589614799,0.1496130558,0.1377368215,0.1206545293,0.06054547124
104760,0.2096277924,0.2094656859,0.208978423,0.2081630376,0.2070142923,0.2055246796,0.2036838025,0.2014779041,0.1988890666,0.1958939196,0.1924619798,0.1885529683,0.1841127831,0.1790666965,0.1733079283,0.1666764641,0.1589157669,0.1495718155,0.1377009935,0.1206259323,0.0605319429
104820,0.2095548127,0.2093928016,0.2089058249,0.2080909174,0.2069428433,0.2054540972,0.2036142853,0.2014096547,0.1988222933,0.195828838,0.1923988154,0.1884919596,0.1840541866,0.1790107943,0.1732550386,0.1666269603,0.1588701113,0.1495306263,0.137665209,0.1205973693,0.06051844238
104880,0.2094819304,0.2093200145,0.2088333235,0.2080188932,0.2068714893,0.2053836085,0.2035448601,0.2013414956,0.1987556081,0.195763842,0.1923357336,0.1884310302,0.1839956661,0.1789549639,0.1732022163,0.1665775192,0.1588245128,0.149489488,0.1376294682,0.1205688403,0.06050496958
104940,0.2094091453,0.2092473244,0.2087609188,0.2079469649,0.2068002301,0.2053132134,0.2034755269,0.2012734264,0.1986890106,0.1956989311,0.1922727342,0.1883701801,0.1839372211,0.1788992052,0.1731494614,0.1665281406,0.1587789714,0.1494484006,0.1375937708,0.1205403453,0.06049152443
105000,0.2093364572,0.2091747312,0.2086886104,0.2078751323,0.2067290657,0.2052429116,0.2034062855,0.2012054471,0.1986225007,0.1956341054,0.192209817,0.1883094091,0.1838788517,0.1788435181,0.1730967738,0.1664788244,0.158733487,0.1494073639,0.1375581168,0.1205118841,0.06047810686
105060,0.2092638659,0.2091022346,0.2086163983,0.2078033952,0.2066579956,0.2051727029,0.2033371356,0.2011375574,0.1985560783,0.1955693646,0.1921469819,0.1882487169,0.1838205577,0.1787879025,0.1730441532,0.1664295705,0.1586880594,0.1493663779,0.137522506,0.1204834568,0.06046471679
105120,0.2091913711,0.2090298344,0.2085442821,0.2077317534,0.2065870199,0.2051025873,0.203268077,0.2010697572,0.1984897432,0.1955047085,0.1920842287,0.1881881035,0.1837623388,0.1787323582,0.1729915996,0.1663803787,0.1586426886,0.1493254424,0.1374869385,0.1204550632,0.06045135414
105180,0.2091189727,0.2089575304,0.2084722618,0.2076602066,0.2065161382,0.2050325643,0.2031991096,0.2010020463,0.1984234951,0.195440137,0.1920215572,0.1881275687,0.183704195,0.178676885,0.1729391129,0.1663312489,0.1585973743,0.1492845573,0.1374514141,0.1204267033,0.06043801883
105240,0.2090466705,0.2088853225,0.208400337,0.2075887547,0.2064453504,0.204962634,0.2031302332,0.2009344244,0.1983573339,0.1953756499,0.1919589673,0.1880671122,0.1836461261,0.1786214828,0.1728866928,0.166282181,0.1585521166,0.1492437226,0.1374159328,0.1203983769,0.0604247108
105300,0.2089744643,0.2088132104,0.2083285077,0.2075173975,0.2063746562,0.204892796,0.2030614476,0.2008668915,0.1982912594,0.195311247,0.1918964589,0.188006734,0.183588132,0.1785661515,0.1728343393,0.1662331749,0.1585069152,0.1492029381,0.1373804944,0.1203700842,0.06041142996
105360,0.2089023538,0.208741194,0.2082567735,0.2074461347,0.2063040555,0.2048230502,0.2029927526,0.2007994473,0.1982252715,0.1952469282,0.1918340316,0.1879464339,0.1835302124,0.1785108909,0.1727820522,0.1661842304,0.1584617701,0.1491622037,0.1373450989,0.1203418249,0.06039817623
105420,0.2088303389,0.2086692729,0.2081851343,0.2073749662,0.2062335482,0.2047533964,0.202924148,0.2007320916,0.1981593699,0.1951826932,0.1917716854,0.1878862117,0.1834723673,0.1784557008,0.1727298313,0.1661353474,0.1584166812,0.1491215194,0.1373097461,0.120313599,0.06038494955
105480,0.2087584193,0.2085974471,0.20811359,0.2073038919,0.2061631338,0.2046838344,0.2028556336,0.2006648242,0.1980935545,0.1951185419,0.1917094201,0.1878260673,0.1834145965,0.1784005812,0.1726776767,0.1660865258,0.1583716483,0.1490808851,0.1372744361,0.1202854065,0.06037174984
105540,0.2086865949,0.2085257163,0.2080421402,0.2072329114,0.2060928124,0.204614364,0.2027872092,0.200597645,0.198027825,0.1950544741,0.1916472355,0.1877660005,0.1833568998,0.1783455319,0.172625588,0.1660377655,0.1583266713,0.1490403005,0.1372391687,0.1202572473,0.06035857703
105600,0.2086148655,0.2084540803,0.2079707848,0.2071620246,0.2060225837,0.2045449851,0.2027188747,0.2005305538,0.1979621814,0.1949904897,0.1915851315,0.1877060111,0.183299277,0.1782905527,0.1725735652,0.1659890663,0.1582817502,0.1489997657,0.1372039438,0.1202291212,0.06034543103
105660,0.2085432309,0.208382539,0.2078995237,0.2070912313,0.2059524475,0.2044756973,0.2026506299,0.2004635504,0.1978966235,0.1949265884,0.1915231078,0.187646099,0.1832417281,0.1782356435,0.1725216082,0.1659404281,0.1582368848,0.1489592806,0.1371687613,0.1202010284,0.06033231178
105720,0.2084716908,0.2083110921,0.2078283565,0.2070205313,0.2058824036,0.2044065006,0.2025824745,0.2003966346,0.197831151,0.1948627702,0.1914611645,0.1875862641,0.1831842529,0.1781808042,0.1724697168,0.1658918508,0.1581920749,0.148918845,0.1371336213,0.1201729686,0.0603192192
105780,0.2084002451,0.2082397394,0.2077572832,0.2069499244,0.2058124519,0.2043373947,0.2025144084,0.2003298063,0.1977657638,0.1947990348,0.1913993011,0.1875265061,0.1831268512,0.1781260346,0.1724178909,0.1658433343,0.1581473206,0.1488784588,0.1370985235,0.1201449419,0.06030615322
105840,0.2083288936,0.2081684808,0.2076863034,0.2068794105,0.205742592,0.2042683795,0.2024464314,0.2002630652,0.1977004617,0.194735382,0.1913375177,0.1874668249,0.1830695229,0.1780713345,0.1723661303,0.1657948785,0.1581026217,0.148838122,0.1370634679,0.1201169481,0.06029311376
105900,0.2082576361,0.208097316,0.2076154171,0.2068089892,0.2056728239,0.2041994548,0.2023785433,0.2001964111,0.1976352445,0.1946718118,0.191275814,0.1874072204,0.1830122679,0.1780167039,0.1723144349,0.1657464832,0.158057978,0.1487978344,0.1370284544,0.1200889872,0.06028010076
105960,0.2081864723,0.2080262449,0.2075446241,0.2067386605,0.2056031474,0.2041306204,0.202310744,0.200129844,0.1975701121,0.1946083238,0.1912141899,0.1873476924,0.1829550859,0.1779621426,0.1722628046,0.1656981483,0.1580133894,0.148757596,0.136993483,0.1200610591,0.06026711413
106020,0.2081154022,0.2079552672,0.207473924,0.2066684241,0.2055335622,0.204061876,0.2022430332,0.2000633636,0.1975050643,0.194544918,0.1911526452,0.1872882407,0.1828979768,0.1779076504,0.1722112393,0.1656498736,0.1579688559,0.1487174067,0.1369585535,0.1200331638,0.06025415381
106080,0.2080444254,0.2078843828,0.2074033168,0.2065982799,0.2054640682,0.2039932216,0.2021754108,0.1999969697,0.1974401009,0.1944815942,0.1910911797,0.1872288652,0.1828409405,0.1778532272,0.1721597388,0.1656016592,0.1579243774,0.1486772663,0.1369236658,0.1200053012,0.06024121972
106140,0.2079735419,0.2078135914,0.2073328023,0.2065282276,0.2053946651,0.2039246569,0.2021078766,0.1999306622,0.1973752217,0.1944183523,0.1910297934,0.1871695658,0.1827839769,0.1777988729,0.172108303,0.1655535048,0.1578799536,0.1486371747,0.13688882,0.1199774713,0.0602283118
106200,0.2079027514,0.2077428929,0.2072623802,0.2064582671,0.2053253529,0.2038561817,0.2020404304,0.1998644409,0.1973104266,0.1943551919,0.1909684859,0.1871103422,0.1827270857,0.1777445873,0.1720569317,0.1655054103,0.1578355846,0.1485971319,0.1368540159,0.1199496739,0.06021542997
106260,0.2078320536,0.2076722871,0.2071920504,0.2063883982,0.2052561312,0.2037877959,0.201973072,0.1997983055,0.1972457154,0.1942921131,0.1909072572,0.1870511944,0.1826702669,0.1776903704,0.1720056249,0.1654573756,0.1577912702,0.1485571378,0.1368192534,0.1199219091,0.06020257415
106320,0.2077614486,0.2076017738,0.2071218127,0.2063186207,0.205187,0.2037194993,0.2019058012,0.199732256,0.1971810879,0.1942291155,0.1908461072,0.1869921221,0.1826135203,0.1776362218,0.1719543824,0.1654094006,0.1577470103,0.1485171923,0.1367845324,0.1198941767,0.06018974428
106380,0.2076909359,0.2075313528,0.2070516668,0.2062489343,0.205117959,0.2036512917,0.2018386179,0.1996662922,0.1971165439,0.1941661992,0.1907850355,0.1869331252,0.1825568457,0.1775821416,0.1719032041,0.1653614852,0.1577028048,0.1484772952,0.1367498529,0.1198664767,0.06017694029
106440,0.2076205155,0.2074610239,0.2069816127,0.206179339,0.2050490081,0.2035831728,0.2017715219,0.1996004138,0.1970520833,0.1941033638,0.1907240422,0.1868742036,0.182500243,0.1775281296,0.1718520898,0.1653136292,0.1576586536,0.1484374466,0.1367152148,0.119838809,0.06016416211
106500,0.2075501872,0.2073907869,0.20691165,0.2061098345,0.204980147,0.2035151426,0.201704513,0.1995346207,0.196987706,0.1940406092,0.1906631269,0.1868153571,0.1824437121,0.1774741856,0.1718010394,0.1652658326,0.1576145566,0.1483976462,0.136680618,0.1198111736,0.06015140965
106560,0.2074799507,0.2073206417,0.2068417787,0.2060404206,0.2049113756,0.2034472008,0.201637591,0.1994689127,0.1969234116,0.1939779352,0.1906022897,0.1867565855,0.1823872528,0.1774203095,0.1717500528,0.1652180951,0.1575705136,0.148357894,0.1366460624,0.1197835704,0.06013868287
106620,0.2074098059,0.207250588,0.2067719985,0.2059710972,0.2048426937,0.2033793473,0.2015707558,0.1994032897,0.1968592002,0.1939153418,0.1905415302,0.1866978888,0.182330865,0.1773665011,0.1716991299,0.1651704168,0.1575265246,0.1483181899,0.1366115479,0.1197559993,0.06012598168
106680,0.2073397526,0.2071806256,0.2067023092,0.205901864,0.2047741011,0.2033115818,0.2015040071,0.1993377515,0.1967950714,0.1938528287,0.1904808484,0.1866392667,0.1822745484,0.1773127604,0.1716482705,0.1651227974,0.1574825894,0.1482785338,0.1365770745,0.1197284603,0.06011330601
106740,0.2072697905,0.2071107544,0.2066327107,0.2058327209,0.2047055976,0.2032439043,0.2014373448,0.1992722979,0.1967310252,0.1937903957,0.1904202441,0.1865807191,0.1822183031,0.1772590872,0.1715974745,0.1650752369,0.157438708,0.1482389256,0.1365426421,0.1197009533,0.06010065579
106800,0.2071999196,0.2070409741,0.2065632028,0.2057636677,0.204637183,0.2031763144,0.2013707688,0.1992069287,0.1966670613,0.1937280427,0.1903597171,0.1865222459,0.1821621288,0.1772054814,0.1715467418,0.1650277351,0.1573948803,0.1481993652,0.1365082506,0.1196734783,0.06008803097
106860,0.2071301396,0.2069712847,0.2064937852,0.2056947042,0.2045688572,0.2031088121,0.2013042787,0.1991416437,0.1966031796,0.1936657696,0.1902992673,0.1864638469,0.1821060254,0.1771519428,0.1714960723,0.164980292,0.1573511061,0.1481598526,0.1364738999,0.1196460352,0.06007543145
106920,0.2070604504,0.2069016859,0.2064244579,0.2056258302,0.20450062,0.2030413972,0.2012378745,0.1990764429,0.19653938,0.1936035762,0.1902388944,0.1864055219,0.1820499927,0.1770984712,0.1714454658,0.1649329074,0.1573073853,0.1481203876,0.1364395899,0.1196186239,0.06006285719
106980,0.2069908517,0.2068321774,0.2063552205,0.2055570456,0.2044324712,0.2029740694,0.201171556,0.1990113259,0.1964756622,0.1935414622,0.1901785985,0.1863472708,0.1819940307,0.1770450666,0.1713949222,0.1648855811,0.1572637178,0.1480809701,0.1364053206,0.1195912444,0.0600503081
107040,0.2069213433,0.2067627592,0.206286073,0.2054883501,0.2043644106,0.2029068286,0.2011053231,0.1989462927,0.196412026,0.1934794276,0.1901183793,0.1862890935,0.1819381391,0.1769917289,0.1713444413,0.1648383132,0.1572201036,0.1480416,0.1363710919,0.1195638966,0.06003778413
107100,0.2068519252,0.2066934311,0.2062170151,0.2054197436,0.204296438,0.2028396747,0.2010391754,0.1988813431,0.1963484714,0.1934174722,0.1900582366,0.1862309897,0.1818823178,0.1769384578,0.1712940231,0.1647911034,0.1571765425,0.1480022773,0.1363369037,0.1195365804,0.06002528519
107160,0.206782597,0.2066241928,0.2061480467,0.2053512258,0.2042285533,0.2027726074,0.2009731129,0.1988164768,0.1962849982,0.1933555958,0.1899981703,0.1861729595,0.1818265667,0.1768852532,0.1712436675,0.1647439516,0.1571330344,0.1479630019,0.136302756,0.1195092958,0.06001281124
107220,0.2067133586,0.2065550441,0.2060791676,0.2052827967,0.2041607562,0.2027056265,0.2009071354,0.1987516938,0.1962216062,0.1932937983,0.1899381803,0.1861150025,0.1817708857,0.1768321151,0.1711933742,0.1646968578,0.1570895792,0.1479237736,0.1362686485,0.1194820428,0.06000036218
107280,0.2066442099,0.206485985,0.2060103775,0.205214456,0.2040930467,0.202638732,0.2008412427,0.1986869939,0.1961582952,0.1932320795,0.1898782663,0.1860571187,0.1817152745,0.1767790433,0.1711431433,0.1646498218,0.1570461768,0.1478845924,0.1362345814,0.1194548212,0.05998793797
107340,0.2065751506,0.2064170152,0.2059416764,0.2051462036,0.2040254244,0.2025719235,0.2007754347,0.1986223768,0.196095065,0.1931704392,0.1898184283,0.1859993079,0.1816597331,0.1767260377,0.1710929744,0.1646028435,0.1570028271,0.1478454582,0.1362005544,0.1194276311,0.05997553853
107400,0.2065061805,0.2063481345,0.205873064,0.2050780392,0.2039578893,0.202505201,0.2007097111,0.1985578425,0.1960319156,0.1931088773,0.1897586661,0.18594157,0.1816042614,0.176673098,0.1710428676,0.1645559228,0.15695953,0.1478063709,0.1361665676,0.1194004722,0.05996316379
107460,0.2064372996,0.2062793428,0.2058045401,0.2050099627,0.2038904412,0.2024385643,0.2006440718,0.1984933907,0.1959688467,0.1930473937,0.1896989795,0.1858839048,0.1815488591,0.1766202243,0.1709928228,0.1645090595,0.1569162854,0.1477673303,0.1361326208,0.1193733447,0.05995081369
107520,0.2063685075,0.2062106398,0.2057361046,0.204941974,0.2038230798,0.2023720131,0.2005785167,0.1984290213,0.1959058581,0.1929859881,0.1896393683,0.1858263121,0.1814935262,0.1765674163,0.1709428397,0.1644622537,0.1568730932,0.1477283365,0.1360987139,0.1193462484,0.05993848816
107580,0.2062998042,0.2061420254,0.2056677573,0.2048740727,0.2037558051,0.2023055474,0.2005130455,0.1983647342,0.1958429498,0.1929246605,0.1895798325,0.1857687919,0.1814382624,0.1765146739,0.1708929182,0.1644155051,0.1568299533,0.1476893893,0.136064847,0.1193191833,0.05992618713
107640,0.2062311893,0.2060734994,0.205599498,0.2048062588,0.2036886167,0.2022391669,0.2004476581,0.1983005291,0.1957801215,0.1928634106,0.1895203719,0.185711344,0.1813830678,0.176461997,0.1708430584,0.1643688136,0.1567868656,0.1476504886,0.1360310198,0.1192921493,0.05991391055
107700,0.2061626629,0.2060050616,0.2055313265,0.2047385321,0.2036215147,0.2021728715,0.2003823543,0.1982364059,0.1957173732,0.1928022383,0.1894609863,0.1856539682,0.181327942,0.1764093856,0.1707932599,0.1643221791,0.15674383,0.1476116344,0.1359972324,0.1192651463,0.05990165833
107760,0.2060942246,0.2059367118,0.2054632427,0.2046708923,0.2035544987,0.202106661,0.2003171339,0.1981723644,0.1956547045,0.1927411435,0.1894016756,0.1855966644,0.1812728851,0.1763568393,0.1707435227,0.1642756016,0.1567008463,0.1475728265,0.1359634847,0.1192381743,0.05988943043
107820,0.2060258743,0.20586845,0.2053952464,0.2046033394,0.2034875686,0.2020405352,0.2002519968,0.1981084045,0.1955921154,0.1926801259,0.1893424396,0.1855394325,0.1812178968,0.1763043582,0.1706938467,0.1642290808,0.1566579146,0.1475340649,0.1359297765,0.1192112333,0.05987722676
107880,0.2059576118,0.2058002758,0.2053273373,0.2045358732,0.2034207242,0.2019744939,0.2001869429,0.1980445259,0.1955296057,0.1926191855,0.1892832781,0.1854822722,0.181162977,0.176251942,0.1706442318,0.1641826168,0.1566150346,0.1474953494,0.1358961078,0.1191843231,0.05986504727
107940,0.2058894369,0.2057321891,0.2052595154,0.2044684934,0.2033539654,0.2019085371,0.2001219719,0.1979807286,0.1954671753,0.192558322,0.1892241911,0.1854251836,0.1811081256,0.1761995907,0.1705946778,0.1641362093,0.1565722063,0.14745668,0.1358624786,0.1191574437,0.05985289189
108000,0.2058213495,0.2056641897,0.2051917804,0.2044011998,0.203287292,0.2018426644,0.2000570836,0.1979170124,0.1954048239,0.1924975354,0.1891651784,0.1853681663,0.1810533425,0.1761473041,0.1705451847,0.1640898583,0.1565294296,0.1474180566,0.1358288887,0.1191305951,0.05984076056
108060,0.2057533494,0.2055962775,0.2051241322,0.2043339925,0.2032207038,0.2017768758,0.199992278,0.1978533771,0.1953425515,0.1924368255,0.1891062397,0.1853112203,0.1809986275,0.1760950821,0.1704957522,0.1640435636,0.1564867043,0.1473794791,0.1357953381,0.1191037773,0.05982865321
108120,0.2056854364,0.2055284523,0.2050565705,0.204266871,0.2031542006,0.201711171,0.1999275547,0.1977898225,0.1952803578,0.1923761921,0.1890473751,0.1852543455,0.1809439804,0.1760429246,0.1704463803,0.1639973252,0.1564440305,0.1473409475,0.1357618267,0.11907699,0.05981656978
108180,0.2056176103,0.2054607139,0.2049890953,0.2041998353,0.2030877823,0.20164555,0.1998629138,0.1977263485,0.1952182428,0.192315635,0.1889885843,0.1851975416,0.1808894012,0.1759908314,0.1703970688,0.163951143,0.1564014079,0.1473024615,0.1357283544,0.1190502333,0.0598045102
108240,0.205549871,0.2053930621,0.2049217063,0.2041328852,0.2030214486,0.2015800125,0.199798355,0.1976629549,0.1951562062,0.1922551541,0.1889298672,0.1851408086,0.1808348897,0.1759388024,0.1703478177,0.1639050167,0.1563588365,0.1472640212,0.1356949212,0.1190235072,0.05979247441
108300,0.2054822182,0.2053254967,0.2048544034,0.2040660206,0.2029551996,0.2015145583,0.1997338781,0.1975996415,0.1950942479,0.1921947493,0.1888712236,0.1850841464,0.1807804457,0.1758868376,0.1702986269,0.1638589464,0.1563163162,0.1472256264,0.135661527,0.1189968115,0.05978046234
108360,0.2054146519,0.2052580176,0.2047871863,0.2039992412,0.2028890348,0.2014491874,0.199669483,0.1975364083,0.1950323677,0.1921344205,0.1888126534,0.1850275547,0.1807260692,0.1758349366,0.1702494961,0.1638129319,0.1562738469,0.1471872771,0.1356281716,0.1189701462,0.05976847394
108420,0.2053471718,0.2051906246,0.204720055,0.2039325468,0.2028229542,0.2013838994,0.1996051695,0.1974732549,0.1949705656,0.1920741673,0.1887541564,0.1849710334,0.18067176,0.1757830995,0.1702004253,0.1637669731,0.1562314285,0.1471489732,0.1355948551,0.1189435113,0.05975650914
108480,0.2052797777,0.2051233176,0.2046530092,0.2038659374,0.2027569577,0.2013186944,0.1995409375,0.1974101814,0.1949088412,0.1920139898,0.1886957326,0.1849145824,0.180617518,0.1757313262,0.1701514144,0.1637210699,0.1561890608,0.1471107145,0.1355615774,0.1189169067,0.05974456787
108540,0.2052124695,0.2050560962,0.2045860488,0.2037994127,0.202691045,0.201253572,0.1994767867,0.1973471875,0.1948471945,0.1919538877,0.1886373817,0.1848582016,0.180563343,0.1756796164,0.1701024632,0.1636752222,0.1561467438,0.1470725011,0.1355283383,0.1188903323,0.05973265007
108600,0.205145247,0.2049889605,0.2045191736,0.2037329726,0.202625216,0.2011885322,0.1994127171,0.197284273,0.1947856254,0.191893861,0.1885791036,0.1848018907,0.1805092349,0.17562797,0.1700535717,0.1636294298,0.1561044775,0.1470343327,0.1354951379,0.1188637881,0.05972075569
108660,0.20507811,0.2049219102,0.2044523834,0.2036666168,0.2025594704,0.2011235747,0.1993487284,0.1972214378,0.1947241335,0.1918339093,0.1885208981,0.1847456498,0.1804551936,0.175576387,0.1700047397,0.1635836927,0.1560622616,0.1469962094,0.1354619759,0.1188372741,0.05970888465
108720,0.2050110584,0.2048549451,0.2043856781,0.2036003453,0.2024938083,0.2010586994,0.1992848205,0.1971586817,0.1946627189,0.1917740327,0.1884627652,0.1846894786,0.1804012189,0.1755248673,0.1699559671,0.1635380108,0.1560200961,0.1469581311,0.1354288525,0.1188107901,0.0596970369
108780,0.204944092,0.2047880651,0.2043190574,0.2035341579,0.2024282293,0.2009939062,0.1992209933,0.1970960047,0.1946013814,0.191714231,0.1884047046,0.184633377,0.1803473108,0.1754734106,0.1699072538,0.1634923839,0.1559779809,0.1469200975,0.1353957674,0.1187843361,0.05968521237
108840,0.2048772106,0.2047212699,0.2042525213,0.2034680543,0.2023627333,0.2009291948,0.1991572465,0.1970334064,0.1945401208,0.1916545039,0.1883467163,0.1845773448,0.180293469,0.1754220168,0.1698585996,0.163446812,0.1559359159,0.1468821088,0.1353627207,0.1187579121,0.059673411
108900,0.2048104141,0.2046545595,0.2041860695,0.2034020345,0.2022973201,0.2008645651,0.19909358,0.1969708868,0.1944789368,0.1915948514,0.1882888001,0.184521382,0.1802396934,0.1753706859,0.1698100045,0.1634012949,0.155893901,0.1468441647,0.1353297122,0.1187315179,0.05966163273
108960,0.2047437022,0.2045879337,0.2041197019,0.2033360982,0.2022319896,0.200800017,0.1990299937,0.1969084457,0.1944178295,0.1915352733,0.1882309558,0.1844654884,0.180185984,0.1753194177,0.1697614683,0.1633558326,0.1558519362,0.1468062653,0.1352967419,0.1187051536,0.0596498775
109020,0.2046770749,0.2045213922,0.2040534183,0.2032702453,0.2021667416,0.2007355502,0.1989664874,0.196846083,0.1943567987,0.1914757695,0.1881731833,0.1844096638,0.1801323406,0.1752682121,0.169712991,0.1633104248,0.1558100212,0.1467684103,0.1352638096,0.1186788191,0.05963814525
109080,0.2046105319,0.2044549349,0.2039872186,0.2032044756,0.202101576,0.2006711647,0.198903061,0.1967837985,0.1942958441,0.1914163398,0.1881154825,0.1843539081,0.1800787631,0.175217069,0.1696645724,0.1632650716,0.155768156,0.1467305998,0.1352309155,0.1186525144,0.05962643591
109140,0.204544073,0.2043885617,0.2039211025,0.2031387889,0.2020364925,0.2006068602,0.1988397142,0.196721592,0.1942349656,0.191356984,0.1880578532,0.1842982212,0.1800252512,0.1751659882,0.1696162124,0.1632197729,0.1557263406,0.1466928336,0.1351980592,0.1186262393,0.05961474943
109200,0.2044776982,0.2043222724,0.2038550699,0.2030731852,0.2019714911,0.2005426366,0.1987764469,0.1966594633,0.1941741632,0.1912977021,0.1880002952,0.184242603,0.179971805,0.1751149697,0.1695679108,0.1631745284,0.1556845748,0.1466551117,0.1351652409,0.1185999938,0.05960308575
109260,0.2044114071,0.2042560667,0.2037891207,0.2030076641,0.2019065715,0.2004784937,0.1987132589,0.1965974124,0.1941134366,0.1912384939,0.1879428086,0.1841870532,0.1799184242,0.1750640133,0.1695196676,0.1631293381,0.1556428585,0.146617434,0.1351324603,0.1185737779,0.0595914448
109320,0.2043451998,0.2041899446,0.2037232546,0.2029422256,0.2018417335,0.2004144314,0.1986501502,0.1965354391,0.1940527856,0.1911793591,0.187885393,0.1841315718,0.1798651088,0.1750131188,0.1694714827,0.163084202,0.1556011917,0.1465798003,0.1350997176,0.1185475915,0.05957982652
109380,0.2042790759,0.2041239059,0.2036574716,0.2028768695,0.2017769772,0.2003504496,0.1985871205,0.1964735432,0.1939922102,0.1911202978,0.1878280483,0.1840761587,0.1798118586,0.1749622862,0.1694233559,0.1630391198,0.1555595742,0.1465422107,0.1350670124,0.1185214346,0.05956823086
109440,0.2042130354,0.2040579504,0.2035917713,0.2028115956,0.2017123021,0.2002865479,0.1985241697,0.1964117246,0.1939317102,0.1910613097,0.1877707745,0.1840208137,0.1797586735,0.1749115154,0.1693752872,0.1629940915,0.155518006,0.1465046649,0.1350343449,0.1184953071,0.05955665775
109500,0.2041470781,0.2039920779,0.2035261538,0.2027464038,0.2016477083,0.2002227264,0.1984612977,0.196349983,0.1938712854,0.1910023947,0.1877135713,0.1839655367,0.1797055534,0.1748608061,0.1693272764,0.1629491171,0.1554764869,0.1464671631,0.1350017149,0.1184692089,0.05954510713
109560,0.2040812037,0.2039262884,0.2034606187,0.2026812939,0.2015831955,0.2001589848,0.1983985042,0.1962883185,0.1938109357,0.1909435527,0.1876564387,0.1839103274,0.1796524981,0.1748101584,0.1692793233,0.1629041963,0.1554350168,0.1464297049,0.1349691224,0.11844314,0.05953357896
109620,0.2040154122,0.2038605815,0.2033951661,0.2026162657,0.2015187636,0.2000953229,0.1983357891,0.1962267307,0.193750661,0.1908847834,0.1875993765,0.1838551859,0.1795995075,0.1747595721,0.169231428,0.1628593291,0.1553935957,0.1463922905,0.1349365673,0.1184171003,0.05952207315
109680,0.2039497033,0.2037949571,0.2033297955,0.2025513191,0.2014544124,0.2000317407,0.1982731523,0.1961652196,0.193690461,0.1908260868,0.1875423846,0.183800112,0.1795465815,0.174709047,0.1691835903,0.1628145153,0.1553522235,0.1463549196,0.1349040495,0.1183910899,0.05951058967
109740,0.203884077,0.2037294152,0.203264507,0.2024864539,0.2013901418,0.1999682379,0.1982105935,0.196103785,0.1936303357,0.1907674628,0.1874854628,0.1837451055,0.1794937199,0.1746585831,0.16913581,0.162769755,0.1553109001,0.1463175923,0.1348715689,0.1183651085,0.05949912844
109800,0.2038185329,0.2036639555,0.2031993004,0.20242167,0.2013259515,0.1999048145,0.1981481128,0.1960424267,0.1935702849,0.1907089111,0.1874286109,0.1836901664,0.1794409227,0.1746081802,0.1690880871,0.1627250479,0.1552696254,0.1462803084,0.1348391255,0.1183391563,0.05948768942
109860,0.2037530711,0.2035985778,0.2031341755,0.2023569671,0.2012618415,0.1998414701,0.1980857098,0.1959811447,0.1935103084,0.1906504316,0.1873718289,0.1836352944,0.1793881897,0.1745578382,0.1690404214,0.162680394,0.1552283992,0.1462430678,0.1348067193,0.118313233,0.05947627253
109920,0.2036876913,0.203533282,0.203069132,0.2022923452,0.2011978116,0.1997782048,0.1980233845,0.1959199387,0.1934504061,0.1905920243,0.1873151167,0.1835804894,0.1793355208,0.174507557,0.1689928129,0.1626357932,0.1551872216,0.1462058705,0.13477435,0.1182873388,0.05946487773
109980,0.2036223933,0.203468068,0.20300417,0.202227804,0.2011338616,0.1997150183,0.1979611367,0.1958588086,0.1933905779,0.1905336889,0.187258474,0.1835257514,0.1792829158,0.1744573365,0.1689452614,0.1625912454,0.1551460923,0.1461687164,0.1347420178,0.1182614734,0.05945350495
110040,0.203557177,0.2034029355,0.2029392892,0.2021633434,0.2010699913,0.1996519104,0.1978989662,0.1957977543,0.1933308236,0.1904754253,0.1872019007,0.1834710801,0.1792303747,0.1744071765,0.1688977668,0.1625467504,0.1551050114,0.1461316053,0.1347097224,0.1182356369,0.05944215415
110100,0.2034920423,0.2033378844,0.2028744894,0.2020989633,0.2010062007,0.1995888811,0.1978368729,0.1957367755,0.1932711431,0.1904172334,0.1871453967,0.1834164755,0.1791778972,0.174357077,0.1688503291,0.1625023082,0.1550639787,0.1460945373,0.1346774639,0.1182098292,0.05943082525
110160,0.2034269889,0.2032729146,0.2028097705,0.2020346634,0.2009424895,0.1995259301,0.1977748566,0.1956758722,0.1932115362,0.190359113,0.187088962,0.1833619375,0.1791254834,0.1743070378,0.168802948,0.1624579186,0.1550229941,0.1460575122,0.1346452421,0.1181840503,0.0594195182
110220,0.2033620167,0.2032080258,0.2027451323,0.2019704437,0.2008788576,0.1994630574,0.1977129172,0.1956150443,0.1931520028,0.190301064,0.1870325962,0.1833074658,0.179073133,0.1742570588,0.1687556235,0.1624135817,0.1549820576,0.14602053,0.1346130571,0.1181583001,0.05940823295
110280,0.2032971256,0.203143218,0.2026805747,0.201906304,0.2008153048,0.1994002627,0.1976510545,0.1955542915,0.1930925427,0.1902430862,0.1869762994,0.1832530604,0.179020846,0.1742071399,0.1687083556,0.1623692972,0.154941169,0.1459835906,0.1345809087,0.1181325785,0.05939696943
110340,0.2032323153,0.203078491,0.2026160975,0.2018422441,0.200751831,0.1993375458,0.1975892684,0.1954936137,0.1930331558,0.1901851796,0.1869200713,0.1831987211,0.1789686221,0.174157281,0.168661144,0.162325065,0.1549003283,0.1459466939,0.1345487968,0.1181068855,0.0593857276
110400,0.2031675858,0.2030138445,0.2025517005,0.2017782638,0.200688436,0.1992749068,0.1975275588,0.1954330107,0.1929738419,0.1901273439,0.1868639118,0.1831444479,0.1789164614,0.1741074819,0.1686139886,0.1622808851,0.1548595353,0.1459098397,0.1345167214,0.1180812211,0.05937450739
110460,0.2031029368,0.2029492785,0.2024873836,0.201714363,0.2006251197,0.1992123453,0.1974659254,0.1953724825,0.192914601,0.1900695791,0.1868078209,0.1830902405,0.1788643637,0.1740577426,0.1685668894,0.1622367574,0.15481879,0.1458730281,0.1344846825,0.1180555851,0.05936330875
110520,0.2030383682,0.2028847928,0.2024231467,0.2016505416,0.2005618819,0.1991498613,0.1974043682,0.1953120288,0.1928554328,0.1900118849,0.1867517983,0.1830360989,0.1788123288,0.1740080629,0.1685198463,0.1621926818,0.1547780923,0.145836259,0.1344526799,0.1180299776,0.05935213162
110580,0.2029738799,0.2028203872,0.2023589896,0.2015867993,0.2004987225,0.1990874546,0.1973428869,0.1952516496,0.1927963372,0.1899542614,0.1866958439,0.1829820229,0.1787603566,0.1739584427,0.1684728591,0.1621486581,0.1547374421,0.1457995323,0.1344207136,0.1180043985,0.05934097594
110640,0.2029094717,0.2027560616,0.202294912,0.2015231361,0.2004356412,0.199025125,0.1972814815,0.1951913446,0.1927373141,0.1898967082,0.1866399576,0.1829280125,0.178708447,0.1739088819,0.1684259278,0.1621046863,0.1546968394,0.1457628478,0.1343887835,0.1179788477,0.05932984166
110700,0.2028451434,0.2026918158,0.202230914,0.2014595518,0.200372638,0.1989628724,0.1972201517,0.1951311138,0.1926783634,0.1898392253,0.1865841393,0.1828740674,0.1786565999,0.1738593804,0.1683790522,0.1620607663,0.1546562839,0.1457262056,0.1343568896,0.1179533252,0.05931872873
110760,0.2027808949,0.2026276497,0.2021669952,0.2013960462,0.2003097127,0.1989006966,0.1971588975,0.195070957,0.1926194848,0.1897818126,0.1865283889,0.1828201875,0.1786048152,0.1738099381,0.1683322322,0.162016898,0.1546157757,0.1456896055,0.1343250318,0.1179278309,0.05930763708
110820,0.202716726,0.202563563,0.2021031556,0.2013326191,0.2002468652,0.1988385975,0.1970977186,0.195010874,0.1925606783,0.1897244699,0.1864727061,0.1827663728,0.1785530928,0.1737605548,0.1682854678,0.1619730812,0.1545753146,0.1456530474,0.13429321,0.1179023648,0.05929656667
110880,0.2026526365,0.2024995557,0.2020393949,0.2012692705,0.2001840952,0.198776575,0.1970366151,0.1949508647,0.1925019437,0.1896671971,0.1864170909,0.182712623,0.1785014324,0.1737112305,0.1682387587,0.1619293159,0.1545349005,0.1456165314,0.1342614241,0.1178769268,0.05928551744
110940,0.2025886264,0.2024356276,0.2019757132,0.2012060001,0.2001214027,0.1987146288,0.1969755865,0.194890929,0.1924432809,0.189609994,0.1863615432,0.1826589381,0.1784498341,0.173661965,0.168192105,0.161885602,0.1544945334,0.1455800572,0.1342296742,0.1178515169,0.05927448932
111000,0.2025246954,0.2023717785,0.2019121101,0.2011428078,0.2000587875,0.1986527589,0.196914633,0.1948310667,0.1923846897,0.1895528605,0.1863060628,0.182605318,0.1783982977,0.1736127583,0.1681455064,0.1618419393,0.1544542132,0.1455436249,0.13419796,0.1178261351,0.05926348228
111060,0.2024608434,0.2023080084,0.2018485855,0.2010796934,0.1999962494,0.198590965,0.1968537542,0.1947712777,0.19232617,0.1894957964,0.1862506495,0.1825517625,0.178346823,0.1735636101,0.168098963,0.1617983279,0.1544139398,0.1455072343,0.1341662816,0.1178007812,0.05925249624
111120,0.2023970703,0.2022443169,0.2017851393,0.2010166569,0.1999337883,0.1985292471,0.1967929501,0.1947115617,0.1922677217,0.1894388017,0.1861953033,0.1824982715,0.17829541,0.1735145204,0.1680524746,0.1617547675,0.1543737131,0.1454708854,0.1341346389,0.1177754552,0.05924153117
111180,0.2023333758,0.202180704,0.2017217713,0.200953698,0.199871404,0.198467605,0.1967322205,0.1946519188,0.1922093446,0.1893818762,0.1861400241,0.1824448449,0.1782440586,0.1734654892,0.168006041,0.1617112582,0.154333533,0.1454345781,0.1341030319,0.1177501571,0.059230587
111240,0.2022697599,0.2021171695,0.2016584815,0.2008908166,0.1998090964,0.1984060385,0.1966715653,0.1945923487,0.1921510386,0.1893250198,0.1860848116,0.1823914825,0.1781927685,0.1734165162,0.1679596622,0.1616677997,0.1542933994,0.1453983123,0.1340714604,0.1177248868,0.05921966367
111300,0.2022062223,0.2020537133,0.2015952695,0.2008280126,0.1997468654,0.1983445475,0.1966109843,0.1945328514,0.1920928035,0.1892682323,0.1860296658,0.1823381842,0.1781415398,0.1733676013,0.1679133382,0.161624392,0.1542533123,0.1453620879,0.1340399244,0.1176996443,0.05920876115
111360,0.202142763,0.2019903352,0.2015321353,0.2007652857,0.1996847107,0.1982831319,0.1965504773,0.1944734265,0.1920346392,0.1892115136,0.1859745865,0.18228495,0.1780903722,0.1733187446,0.1678670686,0.1615810351,0.1542132715,0.1453259049,0.1340084238,0.1176744295,0.05919787936
111420,0.2020793818,0.201927035,0.2014690787,0.2007026359,0.1996226323,0.1982217915,0.1964900443,0.1944140741,0.1919765456,0.1891548636,0.1859195736,0.1822317796,0.1780392657,0.1732699457,0.1678208536,0.1615377287,0.154173277,0.1452897632,0.1339769585,0.1176492424,0.05918701826
111480,0.2020160784,0.2018638127,0.2014060995,0.200640063,0.1995606299,0.1981605261,0.1964296851,0.194354794,0.1919185225,0.1890982821,0.185864627,0.182178673,0.1779882201,0.1732212047,0.1677746929,0.1614944729,0.1541333286,0.1452536627,0.1339455286,0.1176240829,0.0591761778
111540,0.2019528529,0.201800668,0.2013431977,0.2005775668,0.1994987035,0.1980993356,0.1963693995,0.194295586,0.1918605698,0.189041769,0.1858097466,0.18212563,0.1779372354,0.1731725214,0.1677285866,0.1614512675,0.1540934264,0.1452176034,0.1339141339,0.117598951,0.05916535792
111600,0.2018897049,0.2017376008,0.2012803731,0.2005151472,0.1994368529,0.19803822,0.1963091875,0.1942364501,0.1918026874,0.1889853242,0.1857549322,0.1820726505,0.1778863114,0.1731238958,0.1676825343,0.1614081124,0.1540535701,0.145181585,0.1338827744,0.1175738465,0.05915455856
111660,0.2018266344,0.201674611,0.2012176254,0.200452804,0.199375078,0.1979771789,0.1962490487,0.194177386,0.1917448751,0.1889289475,0.1857001837,0.1820197345,0.177835448,0.1730753276,0.1676365362,0.1613650075,0.1540137598,0.1451456077,0.13385145,0.1175487696,0.05914377969
111720,0.2017636413,0.2016116984,0.2011549547,0.2003905372,0.1993133785,0.1979162123,0.1961889832,0.1941183936,0.1916871328,0.1888726389,0.1856455009,0.1819668817,0.1777846451,0.1730268168,0.167590592,0.1613219528,0.1539739953,0.1451096713,0.1338201606,0.1175237201,0.05913302123
111780,0.2017007253,0.2015488628,0.2010923606,0.2003283465,0.1992517544,0.19785532,0.1961289908,0.1940594728,0.1916294603,0.1888163981,0.1855908838,0.181914092,0.1777339025,0.1729783633,0.1675447016,0.1612789481,0.1539342765,0.1450737757,0.1337889062,0.1174986979,0.05912228315
111840,0.2016378863,0.2014861041,0.2010298431,0.2002662318,0.1991902055,0.1977945019,0.1960690713,0.1940006234,0.1915718576,0.188760225,0.1855363323,0.1818613654,0.1776832202,0.172929967,0.167498865,0.1612359934,0.1538946035,0.1450379208,0.1337576868,0.1174737031,0.05911156538
111900,0.2015751242,0.2014234222,0.200967402,0.2002041929,0.1991287317,0.1977337579,0.1960092246,0.1939418454,0.1915143245,0.1887041196,0.1854818461,0.1818087017,0.1776325981,0.1728816277,0.1674530821,0.1611930885,0.153854976,0.1450021067,0.1337265021,0.1174487355,0.05910086788
111960,0.2015124388,0.2013608169,0.2009050372,0.2001422298,0.1990673328,0.1976730877,0.1959494506,0.1938831385,0.1914568608,0.1886480817,0.1854274252,0.1817561007,0.1775820359,0.1728333455,0.1674073527,0.1611502334,0.1538153939,0.1449663331,0.1336953523,0.1174237952,0.05909019059
112020,0.2014498299,0.201298288,0.2008427485,0.2000803422,0.1990060087,0.1976124913,0.195889749,0.1938245026,0.1913994664,0.1885921111,0.1853730694,0.1817035625,0.1775315337,0.17278512,0.1673616768,0.161107428,0.1537758573,0.1449306,0.1336642371,0.117398882,0.05907953346
112080,0.2013872975,0.2012358355,0.2007805358,0.20001853,0.1989447591,0.1975519686,0.1958301199,0.1937659377,0.1913421412,0.1885362077,0.1853187787,0.1816510868,0.1774810913,0.1727369513,0.1673160542,0.1610646721,0.1537363661,0.1448949075,0.1336331567,0.117373996,0.05906889644
112140,0.2013248414,0.2011734591,0.2007183989,0.1999567931,0.1988835841,0.1974915193,0.1957705629,0.1937074435,0.191284885,0.1884803715,0.1852645528,0.1815986735,0.1774307086,0.1726888393,0.1672704849,0.1610219657,0.15369692,0.1448592553,0.1336021108,0.117349137,0.05905827947
112200,0.2012624613,0.2011111587,0.2006563376,0.1998951313,0.1988224834,0.1974311433,0.1957110781,0.1936490199,0.1912276978,0.1884246022,0.1852103918,0.1815463225,0.1773803854,0.1726407838,0.1672249688,0.1609793087,0.1536575192,0.1448236433,0.1335710995,0.1173243051,0.05904768252
112260,0.2012001573,0.2010489342,0.2005943519,0.1998335445,0.1987614569,0.1973708405,0.1956516652,0.1935906669,0.1911705794,0.1883688998,0.1851562954,0.1814940337,0.1773301217,0.1725927847,0.1671795057,0.160936701,0.1536181633,0.1447880717,0.1335401226,0.1172995001,0.05903710552
112320,0.2011379291,0.2009867854,0.2005324416,0.1997720325,0.1987005045,0.1973106108,0.1955923242,0.1935323841,0.1911135296,0.1883132641,0.1851022635,0.181441807,0.1772799173,0.1725448419,0.1671340955,0.1608941426,0.1535788525,0.1447525402,0.1335091801,0.1172747221,0.05902654842
112380,0.2010757766,0.2009247122,0.2004706066,0.1997105952,0.1986396259,0.1972504539,0.1955330548,0.1934741716,0.1910565483,0.1882576949,0.185048296,0.1813896423,0.1772297722,0.1724969553,0.1670887382,0.1608516332,0.1535395866,0.1447170487,0.133478272,0.1172499709,0.05901601118
112440,0.2010136996,0.2008627144,0.2004088466,0.1996492325,0.1985788212,0.1971903699,0.1954738569,0.1934160292,0.1909996355,0.1882021923,0.1849943928,0.1813375394,0.1771796862,0.1724491249,0.1670434337,0.1608091728,0.1535003655,0.1446815973,0.1334473982,0.1172252466,0.05900549374
112500,0.200951698,0.2008007919,0.2003471616,0.1995879441,0.19851809,0.1971303585,0.1954147305,0.1933579568,0.1909427909,0.1881467559,0.1849405537,0.1812854982,0.1771296592,0.1724013504,0.1669981818,0.1607667614,0.1534611892,0.1446461858,0.1334165586,0.1172005491,0.05899499605
112560,0.2008897716,0.2007389445,0.2002855514,0.19952673,0.1984574324,0.1970704195,0.1953556753,0.1932999541,0.1908860144,0.1880913858,0.1848867787,0.1812335186,0.1770796912,0.1723536318,0.1669529825,0.1607243989,0.1534220575,0.1446108142,0.1333857531,0.1171758783,0.05898451806
112620,0.2008279204,0.2006771721,0.2002240158,0.19946559,0.198396848,0.1970105529,0.1952966913,0.1932420211,0.190829306,0.1880360818,0.1848330676,0.1811816006,0.1770297819,0.1723059691,0.1669078357,0.160682085,0.1533829704,0.1445754824,0.1333549817,0.1171512342,0.05897405972
112680,0.2007661441,0.2006154746,0.2001625548,0.199404524,0.1983363369,0.1969507585,0.1952377782,0.1931841577,0.1907726654,0.1879808437,0.1847794203,0.1811297438,0.1769799312,0.172258362,0.1668627412,0.1606398199,0.1533439278,0.1445401903,0.1333242444,0.1171266167,0.05896362099
112740,0.2007044426,0.2005538517,0.2001011682,0.1993435318,0.1982758989,0.1968910362,0.195178936,0.1931263637,0.1907160925,0.1879256714,0.1847258367,0.1810779484,0.1769301392,0.1722108105,0.166817699,0.1605976033,0.1533049296,0.1445049378,0.133293541,0.1171020258,0.0589532018
112800,0.2006428158,0.2004923035,0.2000398557,0.1992826133,0.1982155337,0.1968313858,0.1951201646,0.193068639,0.1906595873,0.1878705649,0.1846723166,0.1810262141,0.1768804056,0.1721633145,0.1667727089,0.1605554352,0.1532659757,0.1444697249,0.1332628716,0.1170774615,0.05894280212
112860,0.2005812635,0.2004308296,0.1999786174,0.1992217684,0.1981552414,0.1967718073,0.1950614637,0.1930109834,0.1906031495,0.1878155239,0.18461886,0.1809745408,0.1768307304,0.1721158738,0.1667277709,0.1605133155,0.1532270661,0.1444345515,0.133232236,0.1170529236,0.05893242189
112920,0.2005197856,0.20036943,0.199917453,0.1991609968,0.1980950217,0.1967123003,0.1950028332,0.1929533969,0.1905467791,0.1877605484,0.1845654666,0.1809229284,0.1767811134,0.1720684884,0.1666828849,0.160471244,0.1531882006,0.1443994175,0.1332016342,0.1170284123,0.05892206106
112980,0.2004583819,0.2003081046,0.1998563625,0.1991002986,0.1980348745,0.1966528649,0.1949442731,0.1928958792,0.190490476,0.1877056382,0.1845121365,0.1808713769,0.1767315545,0.1720211582,0.1666380508,0.1604292208,0.1531493792,0.1443643229,0.1331710661,0.1170039273,0.05891171958
113040,0.2003970524,0.2002468531,0.1997953456,0.1990396734,0.1979747996,0.1965935009,0.1948857832,0.1928384303,0.1904342399,0.1876507932,0.1844588694,0.180819886,0.1766820536,0.1719738831,0.1665932685,0.1603872458,0.1531106019,0.1443292676,0.1331405317,0.1169794687,0.0589013974
113100,0.2003357968,0.2001856755,0.1997344022,0.1989791212,0.197914797,0.1965342082,0.1948273633,0.1927810501,0.1903780708,0.1875960134,0.1844056653,0.1807684556,0.1766326107,0.1719266629,0.1665485378,0.1603453187,0.1530718684,0.1442942515,0.1331100309,0.1169550363,0.05889109448
113160,0.200274615,0.2001245716,0.1996735322,0.1989186419,0.1978548665,0.1964749865,0.1947690134,0.1927237383,0.1903219686,0.1875412984,0.184352524,0.1807170858,0.1765832255,0.1718794975,0.1665038587,0.1603034396,0.1530331788,0.1442592745,0.1330795636,0.1169306303,0.05888081077
113220,0.2002135068,0.2000635413,0.1996127354,0.1988582353,0.1977950079,0.1964158358,0.1947107332,0.1926664949,0.190265933,0.1874866484,0.1842994455,0.1806657762,0.1765338981,0.171832387,0.1664592312,0.1602616084,0.152994533,0.1442243366,0.1330491299,0.1169062505,0.05887054621
113280,0.2001524723,0.2000025844,0.1995520118,0.1987979012,0.1977352211,0.196356756,0.1946525227,0.1926093197,0.1902099641,0.187432063,0.1842464295,0.1806145269,0.1764846282,0.171785331,0.166414655,0.1602198249,0.1529559309,0.1441894377,0.1330187295,0.1168818968,0.05886030076
113340,0.2000915111,0.1999417007,0.1994913611,0.1987376396,0.1976755061,0.1962977469,0.1945943817,0.1925522126,0.1901540616,0.1873775422,0.184193476,0.1805633377,0.1764354158,0.1717383297,0.1663701301,0.1601780891,0.1529173723,0.1441545777,0.1329883625,0.1168575692,0.05885007437
113400,0.2000306231,0.1998808903,0.1994307832,0.1986774502,0.1976158625,0.1962388083,0.19453631,0.1924951735,0.1900982255,0.1873230859,0.1841405849,0.1805122085,0.1763862608,0.1716913827,0.1663256564,0.1601364009,0.1528788573,0.1441197566,0.1329580288,0.1168332678,0.058839867
113460,0.1999698083,0.1998201528,0.199370278,0.198617333,0.1975562904,0.1961799402,0.1944783077,0.1924382023,0.1900424556,0.187268694,0.184087756,0.1804611392,0.1763371631,0.1716444902,0.1662812339,0.1600947602,0.1528403857,0.1440849743,0.1329277284,0.1168089923,0.05882967859
113520,0.1999090664,0.1997594882,0.1993098454,0.1985572879,0.1974967895,0.1961211424,0.1944203744,0.1923812988,0.1899867518,0.1872143663,0.1840349893,0.1804101297,0.1762881225,0.1715976518,0.1662368624,0.1600531669,0.1528019575,0.1440502307,0.1328974612,0.1167847429,0.05881950909
113580,0.1998483974,0.1996988963,0.1992494852,0.1984973146,0.1974373597,0.1960624148,0.1943625102,0.1923244629,0.189931114,0.1871601027,0.1839822846,0.1803591798,0.1762391389,0.1715508677,0.1661925417,0.1600116209,0.1527635725,0.1440155257,0.132867227,0.1167605194,0.05880935846
113640,0.1997878011,0.199638377,0.1991891972,0.198437413,0.197378001,0.1960037572,0.1943047148,0.1922676944,0.1898755419,0.187105903,0.1839296417,0.1803082895,0.1761902123,0.1715041375,0.166148272,0.1599701222,0.1527252308,0.1439808593,0.132837026,0.1167363218,0.05879922665
113700,0.1997272773,0.1995779302,0.1991289814,0.1983775831,0.1973187131,0.1959451695,0.1942469881,0.1922109933,0.1898200357,0.1870517673,0.1838770607,0.1802574586,0.1761413425,0.1714574614,0.1661040529,0.1599286707,0.1526869322,0.1439462315,0.1328068579,0.11671215,0.05878911361
113760,0.1996668259,0.1995175556,0.1990688376,0.1983178246,0.1972594959,0.1958866515,0.1941893301,0.1921543593,0.189764595,0.1869976953,0.1838245413,0.1802066871,0.1760925295,0.171410839,0.1660598845,0.1598872662,0.1526486767,0.143911642,0.1327767228,0.116688004,0.0587790193
113820,0.1996064468,0.1994572533,0.1990087656,0.1982581374,0.1972003494,0.1958282032,0.1941317405,0.1920977925,0.1897092197,0.1869436869,0.1837720834,0.1801559748,0.1760437731,0.1713642704,0.1660157667,0.1598459087,0.1526104641,0.1438770909,0.1327466206,0.1166638838,0.05876894367
113880,0.1995461399,0.1993970229,0.1989487654,0.1981985215,0.1971412733,0.1957698245,0.1940742192,0.1920412926,0.1896539098,0.186889742,0.183719687,0.1801053216,0.1759950732,0.1713177555,0.1659716993,0.1598045981,0.1525722944,0.1438425782,0.1327165512,0.1166397893,0.05875888667
113940,0.199485905,0.1993368645,0.1988888367,0.1981389766,0.1970822675,0.1957115151,0.1940167662,0.1919848595,0.1895986652,0.1868358605,0.1836673519,0.1800547273,0.1759464297,0.1712712941,0.1659276822,0.1597633343,0.1525341675,0.1438081036,0.1326865146,0.1166157204,0.05874884826
114000,0.1994257419,0.1992767779,0.1988289795,0.1980795026,0.1970233319,0.1956532749,0.1939593812,0.1919284932,0.1895434856,0.1867820423,0.183615078,0.180004192,0.1758978426,0.1712248862,0.1658837155,0.1597221172,0.1524960834,0.1437736673,0.1326565107,0.1165916772,0.05873882838
114060,0.1993656506,0.1992167629,0.1987691937,0.1980200995,0.1969644664,0.1955951039,0.1939020642,0.1918721934,0.189488371,0.1867282873,0.1835628652,0.1799537155,0.1758493116,0.1711785316,0.1658397989,0.1596809468,0.1524580419,0.143739269,0.1326265395,0.1165676595,0.058728827
114120,0.1993056309,0.1991568193,0.198709479,0.197960767,0.1969056708,0.1955370018,0.1938448151,0.1918159601,0.1894333213,0.1866745952,0.1835107134,0.1799032976,0.1758008368,0.1711322302,0.1657959324,0.1596398229,0.152420043,0.1437049087,0.1325966009,0.1165436674,0.05871884405
114180,0.1992456826,0.1990969472,0.1986498353,0.197901505,0.196846945,0.1954789686,0.1937876336,0.1917597931,0.1893783363,0.1866209661,0.1834586224,0.1798529383,0.1757524179,0.1710859821,0.1657521159,0.1595987455,0.1523820867,0.1436705864,0.1325666948,0.1165197008,0.05870887951
114240,0.1991858057,0.1990371462,0.1985902626,0.1978423134,0.1967882889,0.1954210042,0.1937305197,0.1917036923,0.189323416,0.1865673998,0.1834065922,0.1798026374,0.175704055,0.1710397869,0.1657083493,0.1595577145,0.1523441727,0.143636302,0.1325368211,0.1164957596,0.05869893332
114300,0.1991259999,0.1989774164,0.1985307606,0.1977831921,0.1967297023,0.1953631083,0.1936734732,0.1916476576,0.1892685601,0.1865138962,0.1833546226,0.1797523949,0.1756557478,0.1709936447,0.1656646325,0.1595167298,0.1523063011,0.1436020554,0.13250698,0.1164718438,0.05868900544
114360,0.1990662653,0.1989177575,0.1984713293,0.1977241409,0.1966711851,0.1953052809,0.1936164941,0.1915916889,0.1892137686,0.1864604551,0.1833027135,0.1797022106,0.1756074963,0.1709475554,0.1656209654,0.1594757913,0.1522684717,0.1435678466,0.1324771711,0.1164479533,0.05867909582
114420,0.1990066015,0.1988581694,0.1984119685,0.1976651597,0.1966127371,0.1952475218,0.1935595822,0.1915357859,0.1891590413,0.1864070765,0.1832508648,0.1796520844,0.1755593004,0.1709015189,0.165577348,0.1594348989,0.1522306846,0.1435336754,0.1324473946,0.1164240881,0.05866920441
114480,0.1989470085,0.198798652,0.1983526781,0.1976062483,0.1965543583,0.1951898309,0.1935027373,0.1914799487,0.1891043782,0.1863537602,0.1831990765,0.1796020162,0.17551116,0.170855535,0.1655337801,0.1593940526,0.1521929396,0.1434995419,0.1324176503,0.1164002483,0.05865933117
114540,0.1988874862,0.1987392052,0.1982934579,0.1975474067,0.1964960486,0.1951322081,0.1934459594,0.1914241771,0.1890497791,0.1863005061,0.1831473483,0.179552006,0.175463075,0.1708096037,0.1654902616,0.1593532523,0.1521552366,0.1434654459,0.1323879383,0.1163764336,0.05864947606
114600,0.1988280344,0.1986798287,0.1982343078,0.1974886347,0.1964378077,0.1950746533,0.1933892482,0.1913684709,0.1889952438,0.1862473141,0.1830956802,0.1795020536,0.1754150452,0.1707637249,0.1654467925,0.1593124978,0.1521175756,0.1434313874,0.1323582583,0.1163526441,0.05863963902
114660,0.198768653,0.1986205226,0.1981752277,0.1974299322,0.1963796355,0.1950171663,0.1933326038,0.1913128301,0.1889407724,0.1861941841,0.183044072,0.1794521588,0.1753670706,0.1707178984,0.1654033727,0.1592717892,0.1520799565,0.1433973663,0.1323286105,0.1163288797,0.05862982002
114720,0.1987093419,0.1985612866,0.1981162175,0.197371299,0.196321532,0.194959747,0.1932760259,0.1912572545,0.1888863646,0.186141116,0.1829925237,0.1794023217,0.1753191511,0.1706721242,0.165360002,0.1592311262,0.1520423792,0.1433633825,0.1322989946,0.1163051404,0.05862001901
114780,0.1986501009,0.1985021207,0.198057277,0.197312735,0.196263497,0.1949023953,0.1932195145,0.1912017439,0.1888320203,0.1860881096,0.1829410351,0.179352542,0.1752712866,0.1706264022,0.1653166804,0.1591905089,0.1520048437,0.1433294361,0.1322694108,0.1162814262,0.05861023594
114840,0.1985909299,0.1984430246,0.197998406,0.1972542401,0.1962055303,0.194845111,0.1931630694,0.1911462984,0.1887777395,0.1860351649,0.1828896062,0.1793028197,0.1752234769,0.1705807323,0.1652734079,0.1591499371,0.1519673498,0.1432955268,0.1322398588,0.1162577369,0.05860047077
114900,0.1985318287,0.1983839984,0.1979396046,0.1971958141,0.1961476319,0.194787894,0.1931066905,0.1910909177,0.1887235219,0.1859822816,0.1828382368,0.1792531547,0.1751757221,0.1705351144,0.1652301842,0.1591094108,0.1519298975,0.1432616547,0.1322103387,0.1162340726,0.05859072345
114960,0.1984727973,0.1983250417,0.1978808724,0.1971374569,0.1960898015,0.1947307442,0.1930503776,0.1910356017,0.1886693675,0.1859294598,0.1827869268,0.1792035469,0.1751280218,0.1704895484,0.1651870093,0.1590689299,0.1518924868,0.1432278197,0.1321808504,0.1162104332,0.05858099395
115020,0.1984138354,0.1982661545,0.1978222095,0.1970791685,0.1960320392,0.1946736615,0.1929941307,0.1909803504,0.1886152762,0.1858766993,0.1827356761,0.1791539961,0.1750803762,0.1704440341,0.1651438832,0.1590284943,0.1518551174,0.1431940217,0.1321513938,0.1161868187,0.05857128221
115080,0.1983549431,0.1982073367,0.1977636156,0.1970209486,0.1959743447,0.1946166457,0.1929379496,0.1909251635,0.1885612479,0.1858239999,0.1826844845,0.1791045022,0.175032785,0.1703985716,0.1651008058,0.1589881039,0.1518177895,0.1431602606,0.132121969,0.116163229,0.05856158819
115140,0.1982961201,0.1981485882,0.1977050906,0.1969627972,0.195916718,0.1945596968,0.1928818342,0.190870041,0.1885072824,0.1857713617,0.1826333521,0.1790550653,0.1749852482,0.1703531607,0.1650577768,0.1589477587,0.1517805028,0.1431265365,0.1320925757,0.1161396641,0.05855191185
115200,0.1982373663,0.1980899087,0.1976466345,0.196904714,0.1958591588,0.1945028145,0.1928257844,0.1908149828,0.1884533795,0.1857187844,0.1825822786,0.179005685,0.1749377657,0.1703078014,0.1650147964,0.1589074585,0.1517432574,0.1430928491,0.132063214,0.1161161239,0.05854225314
115260,0.1981786816,0.1980312983,0.197588247,0.196846699,0.1958016671,0.1944459988,0.1927698,0.1907599887,0.1883995393,0.1856662679,0.182531264,0.1789563614,0.1748903373,0.1702624934,0.1649718643,0.1588672032,0.1517060531,0.1430591985,0.1320338839,0.1160926084,0.05853261202
115320,0.1981200658,0.1979727567,0.1975299281,0.1967887521,0.1957442428,0.1943892495,0.192713881,0.1907050586,0.1883457616,0.1856138121,0.1824803081,0.1789070944,0.174842963,0.1702172368,0.1649289805,0.1588269929,0.1516688899,0.1430255846,0.1320045852,0.1160691176,0.05852298845
115380,0.1980615188,0.1979142838,0.1974716777,0.1967308731,0.1956868857,0.1943325666,0.1926580272,0.1906501924,0.1882920462,0.185561417,0.1824294109,0.1788578837,0.1747956427,0.1701720314,0.1648861449,0.1587868274,0.1516317677,0.1429920073,0.1319753179,0.1160456513,0.05851338239
115440,0.1980030406,0.1978558795,0.1974134955,0.1966730619,0.1956295957,0.1942759499,0.1926022384,0.19059539,0.1882383931,0.1855090824,0.1823785722,0.1788087295,0.1747483762,0.1701268772,0.1648433575,0.1587467066,0.1515946864,0.1429584666,0.131946082,0.1160222097,0.05850379378
115500,0.1979446309,0.1977975437,0.1973553815,0.1966153184,0.1955723726,0.1942193992,0.1925465147,0.1905406512,0.1881848021,0.1854568081,0.1823277919,0.1787596314,0.1747011635,0.170081774,0.164800618,0.1587066305,0.1515576459,0.1429249624,0.1319168773,0.1159987925,0.05849422259
115560,0.1978862896,0.1977392762,0.1972973355,0.1965576424,0.1955152165,0.1941629145,0.1924908558,0.190485976,0.1881312731,0.1854045942,0.18227707,0.1787105894,0.1746540045,0.1700367218,0.1647579265,0.158666599,0.1515206463,0.1428914946,0.131887704,0.1159753999,0.05848466877
115620,0.1978280167,0.1976810769,0.1972393574,0.1965000339,0.195458127,0.1941064956,0.1924352616,0.1904313642,0.188077806,0.1853524404,0.1822264063,0.1786616035,0.1746068991,0.1699917205,0.1647152829,0.1586266119,0.1514836873,0.1428580631,0.1318585618,0.1159520316,0.05847513229
115680,0.197769812,0.1976229457,0.1971814472,0.1964424926,0.1954011041,0.1940501424,0.192379732,0.1903768157,0.1880244007,0.1853003467,0.1821758006,0.1786126735,0.1745598472,0.1699467699,0.164672687,0.1585866693,0.151446769,0.142824668,0.1318294507,0.1159286878,0.05846561309
115740,0.1977116753,0.1975648825,0.1971236046,0.1963850185,0.1953441477,0.1939938548,0.1923242669,0.1903223304,0.1879710571,0.1852483129,0.182125253,0.1785637993,0.1745128486,0.16990187,0.1646301388,0.158546771,0.1514098913,0.1427913091,0.1318003707,0.1159053683,0.05845611113
115800,0.1976536065,0.1975068871,0.1970658295,0.1963276114,0.1952872577,0.1939376327,0.1922688662,0.1902679081,0.1879177751,0.185196339,0.1820747633,0.1785149809,0.1744659034,0.1698570207,0.1645876382,0.1585069169,0.151373054,0.1427579863,0.1317713217,0.1158820732,0.05844662638
115860,0.1975956055,0.1974489594,0.1970081218,0.1962702713,0.1952304339,0.1938814759,0.1922135297,0.1902135489,0.1878645545,0.1851444248,0.1820243313,0.178466218,0.1744190113,0.1698122219,0.1645451851,0.158467107,0.1513362572,0.1427246997,0.1317423037,0.1158588023,0.05843715879
115920,0.1975376723,0.1973910993,0.1969504815,0.196212998,0.1951736762,0.1938253843,0.1921582574,0.1901592524,0.1878113952,0.1850925702,0.1819739571,0.1784175106,0.1743721723,0.1697674735,0.1645027794,0.1584273412,0.1512995007,0.1426914491,0.1317133167,0.1158355556,0.05842770832
115980,0.1974798065,0.1973333066,0.1968929083,0.1961557913,0.1951169845,0.1937693579,0.1921030491,0.1901050187,0.1877582972,0.1850407751,0.1819236404,0.1783688587,0.1743253863,0.1697227754,0.1644604211,0.1583876195,0.1512627844,0.1426582345,0.1316843604,0.1158123331,0.05841827492
116040,0.1974220082,0.1972755813,0.1968354021,0.1960986512,0.1950603587,0.1937133964,0.1920479047,0.1900508476,0.1877052603,0.1849890394,0.1818733812,0.1783202621,0.1742786532,0.1696781276,0.16441811,0.1583479416,0.1512261084,0.1426250558,0.131655435,0.1157891348,0.05840885856
116100,0.1973642772,0.1972179232,0.1967779628,0.1960415775,0.1950037986,0.1936574997,0.191992824,0.1899967389,0.1876522843,0.1849373631,0.1818231793,0.1782717207,0.174231973,0.1696335299,0.1643758461,0.1583083077,0.1511894725,0.142591913,0.1316265404,0.1157659606,0.05839945919
116160,0.1973066134,0.1971603322,0.1967205904,0.1959845701,0.1949473041,0.1936016678,0.191937807,0.1899426927,0.1875993693,0.1848857459,0.1817730347,0.1782232343,0.1741853454,0.1695889822,0.1643336293,0.1582687175,0.1511528767,0.142558806,0.1315976764,0.1157428104,0.05839007677
116220,0.1972490166,0.1971028081,0.1966632846,0.1959276289,0.1948908751,0.1935459006,0.1918828536,0.1898887087,0.187546515,0.1848341877,0.1817229473,0.178174803,0.1741387704,0.1695444845,0.1642914594,0.158229171,0.1511163209,0.1425257347,0.1315688431,0.1157196842,0.05838071125
116280,0.1971914868,0.1970453508,0.1966060453,0.1958707538,0.1948345115,0.1934901978,0.1918279635,0.1898347868,0.1874937214,0.1847826886,0.1816729169,0.1781264266,0.174092248,0.1695000366,0.1642493365,0.1581896681,0.151079805,0.142492699,0.1315400404,0.115696582,0.05837136261
116340,0.1971340238,0.1969879603,0.1965488725,0.1958139446,0.1947782131,0.1934345594,0.1917731368,0.189780927,0.1874409884,0.1847312483,0.1816229435,0.178078105,0.174045778,0.1694556385,0.1642072604,0.1581502088,0.1510433289,0.142459699,0.1315112683,0.1156735038,0.05836203079
116400,0.1970766274,0.1969306363,0.1964917659,0.1957572012,0.1947219799,0.1933789853,0.1917183733,0.1897271291,0.1873883158,0.1846798668,0.1815730269,0.1780298381,0.1739993603,0.1694112901,0.1641652311,0.158110793,0.1510068926,0.1424267345,0.1314825266,0.1156504495,0.05835271575
116460,0.1970192976,0.1968733788,0.1964347256,0.1957005234,0.1946658117,0.1933234753,0.1916636728,0.189673393,0.1873357035,0.1846285439,0.1815231671,0.1779816259,0.1739529948,0.1693669913,0.1641232484,0.1580714205,0.150970496,0.1423938054,0.1314538153,0.115627419,0.05834341746
116520,0.1969620343,0.1968161877,0.1963777512,0.1956439113,0.1946097084,0.1932680293,0.1916090354,0.1896197186,0.1872831514,0.1845772795,0.1814733639,0.1779334681,0.1739066815,0.169322742,0.1640813123,0.1580320914,0.1509341391,0.1423609118,0.1314251345,0.1156044123,0.05833413587
116580,0.1969048372,0.1967590628,0.1963208428,0.1955873646,0.1945536699,0.1932126473,0.1915544607,0.1895661058,0.1872306595,0.1845260736,0.1814236172,0.1778853647,0.1738604202,0.1692785422,0.1640394227,0.1579928055,0.1508978217,0.1423280536,0.1313964839,0.1155814294,0.05832487095
116640,0.1968477064,0.1967020039,0.1962640003,0.1955308833,0.194497696,0.193157329,0.1914999488,0.1895125545,0.1871782275,0.184474926,0.181373927,0.1778373157,0.1738142109,0.1692343916,0.1639975796,0.1579535627,0.1508615438,0.1422952306,0.1313678637,0.1155584703,0.05831562264
116700,0.1967906416,0.1966450111,0.1962072234,0.1954744671,0.1944417867,0.1931020744,0.1914454995,0.1894590645,0.1871258555,0.1844238366,0.181324293,0.1777893209,0.1737680535,0.1691902903,0.1639557827,0.1579143631,0.1508253054,0.1422624429,0.1313392737,0.1155355348,0.05830639091
116760,0.1967336428,0.196588084,0.196150512,0.1954181161,0.1943859418,0.1930468834,0.1913911127,0.1894056357,0.1870735432,0.1843728053,0.1812747154,0.1777413802,0.1737219478,0.1691462382,0.1639140321,0.1578752064,0.1507891063,0.1422296903,0.1313107138,0.115512623,0.05829717573
116820,0.1966767098,0.1965312228,0.1960938662,0.19536183,0.1943301612,0.1929917558,0.1913367883,0.1893522681,0.1870212906,0.184321832,0.1812251938,0.1776934935,0.1736758937,0.1691022351,0.1638723277,0.1578360927,0.1507529464,0.1421969729,0.1312821841,0.1154897348,0.05828797704
116880,0.1966198425,0.1964744271,0.1960372856,0.1953056087,0.1942744448,0.1929366916,0.1912825261,0.1892989615,0.1869690976,0.1842709167,0.1811757283,0.1776456607,0.1736298913,0.1690582809,0.1638306693,0.1577970218,0.1507168259,0.1421642904,0.1312536844,0.1154668701,0.05827879481
116940,0.1965630407,0.1964176969,0.1959807703,0.1952494522,0.1942187924,0.1928816905,0.1912283261,0.1892457158,0.186916964,0.1842200591,0.1811263187,0.1775978817,0.1735839403,0.1690143757,0.1637890569,0.1577579937,0.1506807444,0.142131643,0.1312252148,0.115444029,0.058269629
117000,0.1965063045,0.1963610321,0.19592432,0.1951933603,0.194163204,0.1928267526,0.1911741882,0.1891925309,0.1868648897,0.1841692592,0.1810769649,0.1775501565,0.1735380407,0.1689705193,0.1637474905,0.1577190084,0.1506447021,0.1420990305,0.1311967751,0.1154212114,0.05826047957
117060,0.1964496336,0.1963044325,0.1958679347,0.195137333,0.1941076795,0.1927718776,0.1911201122,0.1891394067,0.1868128747,0.1841185169,0.1810276668,0.1775024849,0.1734921925,0.1689267116,0.1637059699,0.1576800656,0.1506086987,0.1420664529,0.1311683653,0.1153984172,0.05825134648
117120,0.1963930279,0.1962478981,0.1958116143,0.1950813699,0.1940522186,0.1927170655,0.191066098,0.189086343,0.1867609189,0.1840678321,0.1809784243,0.1774548668,0.1734463954,0.1688829525,0.1636644951,0.1576411654,0.1505727343,0.14203391,0.1311399854,0.1153756465,0.05824222969
117180,0.1963364873,0.1961914287,0.1957553586,0.1950254712,0.1939968214,0.1926623161,0.1910121455,0.1890333398,0.186709022,0.1840172047,0.1809292374,0.1774073022,0.1734006495,0.1688392419,0.1636230659,0.1576023077,0.1505368088,0.1420014019,0.1311116353,0.1153528991,0.05823312916
117240,0.1962800117,0.1961350242,0.1956991675,0.1949696366,0.1939414876,0.1926076294,0.1909582546,0.188980397,0.1866571841,0.1839666345,0.1808801059,0.1773597909,0.1733549545,0.1687955798,0.1635816823,0.1575634924,0.1505009221,0.1419689285,0.131083315,0.115330175,0.05822404485
117300,0.196223601,0.1960786844,0.1956430408,0.194913866,0.1938862172,0.1925530052,0.1909044252,0.1889275144,0.186605405,0.1839161215,0.1808310297,0.1773123329,0.1733093105,0.1687519661,0.1635403442,0.1575247194,0.1504650741,0.1419364897,0.1310550243,0.1153074743,0.05821497673
117360,0.196167255,0.1960224093,0.1955869786,0.1948581593,0.19383101,0.1924984434,0.1908506571,0.188874692,0.1865536845,0.1838656656,0.1807820087,0.177264928,0.1732637174,0.1687084006,0.1634990516,0.1574859886,0.1504292648,0.1419040855,0.1310267633,0.1152847968,0.05820592474
117420,0.1961109737,0.1959661988,0.1955309806,0.1948025164,0.193775866,0.1924439439,0.1907969503,0.1888219296,0.1865020227,0.1838152667,0.1807330428,0.1772175761,0.173218175,0.1686648833,0.1634578043,0.1574473001,0.1503934941,0.1418717157,0.130998532,0.1152621425,0.05819688885
117480,0.1960547569,0.1959100526,0.1954750468,0.1947469372,0.193720785,0.1923895065,0.1907433046,0.1887692271,0.1864504194,0.1837649246,0.180684132,0.1771702772,0.1731726833,0.1686214142,0.1634166023,0.1574086536,0.1503577619,0.1418393804,0.1309703302,0.1152395114,0.05818786903
117540,0.1959986044,0.1958539708,0.195419177,0.1946914215,0.1936657669,0.1923351313,0.19068972,0.1887165844,0.1863988745,0.1837146392,0.1806352761,0.1771230312,0.1731272421,0.168577993,0.1633754455,0.1573700492,0.1503220682,0.1418070795,0.1309421578,0.1152169034,0.05817886524
117600,0.1959425162,0.1957979531,0.1953633711,0.1946359693,0.1936108116,0.192280818,0.1906361963,0.1886640014,0.1863473878,0.1836644105,0.180586475,0.177075838,0.1730818514,0.1685346198,0.1633343338,0.1573314867,0.1502864129,0.1417748129,0.130914015,0.1151943185,0.05816987743
117660,0.1958864922,0.1957419996,0.1953076289,0.1945805804,0.193555919,0.1922265665,0.1905827334,0.188611478,0.1862959593,0.1836142384,0.1805377286,0.1770286974,0.1730365111,0.1684912945,0.1632932671,0.1572929661,0.150250796,0.1417425806,0.1308859015,0.1151717566,0.05816090557
117720,0.1958305323,0.1956861099,0.1952519505,0.1945252547,0.193501089,0.1921723767,0.1905293313,0.188559014,0.1862445889,0.1835641227,0.1804890369,0.1769816094,0.1729912211,0.1684480169,0.1632522454,0.1572544873,0.1502152173,0.1417103824,0.1308578174,0.1151492178,0.05815194962
117780,0.1957746362,0.1956302841,0.1951963356,0.1944699921,0.1934463214,0.1921182486,0.1904759897,0.1885066095,0.1861932764,0.1835140634,0.1804403996,0.1769345739,0.1729459813,0.168404787,0.1632112685,0.1572160503,0.1501796768,0.1416782185,0.1308297626,0.115126702,0.05814300953
117840,0.195718804,0.195574522,0.1951407842,0.1944147925,0.1933916161,0.192064182,0.1904227086,0.1884542642,0.1861420218,0.1834640603,0.1803918168,0.1768875907,0.1729007916,0.1683616047,0.1631703364,0.1571776549,0.1501441745,0.1416460885,0.1308017371,0.1151042091,0.05813408528
117900,0.1956630355,0.1955188235,0.195085296,0.1943596558,0.193336973,0.1920101767,0.1903694878,0.1884019781,0.186090825,0.1834141134,0.1803432884,0.1768406599,0.172855652,0.1683184699,0.1631294491,0.1571393011,0.1501087102,0.1416139927,0.1307737407,0.1150817391,0.05812517683
117960,0.1956073305,0.1954631885,0.1950298711,0.1943045818,0.1932823921,0.1919562328,0.1903163274,0.1883497511,0.1860396858,0.1833642225,0.1802948141,0.1767937813,0.1728105623,0.1682753826,0.1630886064,0.1571009888,0.1500732839,0.1415819308,0.1307457735,0.1150592919,0.05811628413
118020,0.195551689,0.1954076169,0.1949745093,0.1942495705,0.1932278732,0.19190235,0.190263227,0.1882975829,0.1859886041,0.1833143876,0.1802463941,0.1767469547,0.1727655225,0.1682323425,0.1630478082,0.157062718,0.1500378955,0.1415499028,0.1307178354,0.1150368676,0.05810740714
118080,0.1954961109,0.1953521086,0.1949192105,0.1941946217,0.1931734161,0.1918485283,0.1902101868,0.1882454737,0.1859375799,0.1832646085,0.180198028,0.1767001803,0.1727205324,0.1681893498,0.1630070545,0.1570244885,0.1500025451,0.1415179086,0.1306899264,0.1150144661,0.05809854584
118140,0.195440596,0.1952966633,0.1948639745,0.1941397353,0.1931190208,0.1917947675,0.1901572064,0.1881934232,0.1858866131,0.1832148851,0.1801497159,0.1766534577,0.172675592,0.1681464042,0.1629663452,0.1569863004,0.1499672324,0.1414859482,0.1306620464,0.1149920873,0.05808970018
118200,0.1953851442,0.1952412811,0.1948088013,0.1940849112,0.1930646872,0.1917410676,0.1901042859,0.1881414313,0.1858357035,0.1831652174,0.1801014576,0.1766067869,0.1726307012,0.1681035057,0.1629256803,0.1569481534,0.1499319575,0.1414540216,0.1306341953,0.1149697312,0.05808087013
118260,0.1953297554,0.1951859618,0.1947536908,0.1940301492,0.1930104152,0.1916874284,0.1900514252,0.1880894979,0.185784851,0.1831156053,0.1800532531,0.1765601679,0.1725858598,0.1680606543,0.1628850595,0.1569100477,0.1498967202,0.1414221287,0.1306063731,0.1149473978,0.05807205564
118320,0.1952744295,0.1951307053,0.1946986427,0.1939754494,0.1929562045,0.1916338498,0.189998624,0.1880376229,0.1857340555,0.1830660485,0.1800051023,0.1765136006,0.1725410679,0.1680178497,0.162844483,0.156871983,0.1498615206,0.1413902693,0.1305785798,0.114925087,0.05806325668
118380,0.1952191664,0.1950755115,0.1946436571,0.1939208115,0.1929020552,0.1915803317,0.1899458823,0.1879858063,0.185683317,0.1830165472,0.179957005,0.1764670848,0.1724963254,0.167975092,0.1628039505,0.1568339593,0.1498263584,0.1413584435,0.1305508153,0.1149027989,0.05805447322
118440,0.1951639659,0.1950203803,0.1945887338,0.1938662355,0.1928479672,0.191526874,0.1898932001,0.1879340479,0.1856326353,0.1829671011,0.1799089612,0.1764206205,0.172451632,0.1679323811,0.1627634621,0.1567959765,0.1497912338,0.1413266513,0.1305230795,0.1148805332,0.05804570521
118500,0.195108828,0.1949653115,0.1945338727,0.1938117212,0.1927939402,0.1914734767,0.1898405771,0.1878823475,0.1855820103,0.1829177101,0.1798609707,0.1763742075,0.1724069878,0.1678897168,0.1627230175,0.1567580346,0.1497561466,0.1412948924,0.1304953724,0.1148582901,0.05803695262
118560,0.1950537525,0.1949103051,0.1944790736,0.1937572686,0.1927399742,0.1914201395,0.1897880133,0.1878307052,0.185531442,0.1828683742,0.1798130335,0.1763278458,0.1723623927,0.1678470991,0.1626826169,0.1567201336,0.1497210967,0.141263167,0.1304676941,0.1148360695,0.05802821541
118620,0.1949987394,0.1948553609,0.1944243365,0.1937028774,0.1926860691,0.1913668623,0.1897355086,0.1877791208,0.1854809302,0.1828190932,0.1797651495,0.1762815353,0.1723178466,0.167804528,0.16264226,0.1566822732,0.1496860842,0.1412314749,0.1304400443,0.1148138713,0.05801949355
118680,0.1949437884,0.1948004788,0.1943696613,0.1936485477,0.1926322248,0.1913136452,0.1896830629,0.1877275941,0.1854304748,0.1827698671,0.1797173186,0.176235276,0.1722733493,0.1677620033,0.1626019468,0.1566444535,0.1496511088,0.141199816,0.1304124231,0.1147916955,0.05801078699
118740,0.1948888996,0.1947456588,0.1943150478,0.1935942792,0.1925784412,0.1912604879,0.1896306761,0.1876761252,0.1853800757,0.1827206958,0.1796695406,0.1761890676,0.1722289008,0.1677195249,0.1625616772,0.1566066744,0.1496161706,0.1411681904,0.1303848304,0.1147695421,0.05800209571
118800,0.1948340727,0.1946909006,0.1942604959,0.193540072,0.1925247181,0.1912073904,0.189578348,0.1876247139,0.1853297328,0.1826715791,0.1796218156,0.1761429101,0.1721845011,0.1676770928,0.1625214512,0.1565689358,0.1495812695,0.1411365979,0.1303572661,0.1147474111,0.05799341966
118860,0.1947793077,0.1946362042,0.1942060056,0.1934859258,0.1924710555,0.1911543525,0.1895260785,0.18757336,0.1852794461,0.182622517,0.1795741434,0.1760968035,0.17214015,0.1676347069,0.1624812687,0.1565312376,0.1495464054,0.1411050386,0.1303297303,0.1147253023,0.0579847588
118920,0.1947246045,0.1945815695,0.1941515767,0.1934318406,0.1924174532,0.1911013741,0.1894738676,0.1875220635,0.1852292154,0.1825735093,0.1795265238,0.1760507476,0.1720958475,0.1675923672,0.1624411296,0.1564935798,0.1495115782,0.1410735123,0.1303022229,0.1147032157,0.05797611311
118980,0.194669963,0.1945269964,0.194097209,0.1933778162,0.1923639111,0.1910484552,0.1894217152,0.1874708243,0.1851790406,0.182524556,0.1794789569,0.1760047424,0.1720515934,0.1675500734,0.1624010338,0.1564559623,0.149476788,0.1410420189,0.1302747437,0.1146811514,0.05796748255
119040,0.1946153829,0.1944724847,0.1940429026,0.1933238526,0.1923104292,0.1909955956,0.1893696211,0.1874196423,0.1851289216,0.182475657,0.1794314425,0.1759587877,0.1720073876,0.1675078256,0.1623609812,0.1564183851,0.1494420346,0.1410105585,0.1302472929,0.1146591093,0.05795886708
119100,0.1945608643,0.1944180344,0.1939886572,0.1932699496,0.1922570073,0.1909427952,0.1893175853,0.1873685173,0.1850788583,0.1824268121,0.1793839806,0.1759128835,0.1719632302,0.1674656236,0.1623209718,0.156380848,0.149407318,0.140979131,0.1302198703,0.1146370893,0.05795026666
119160,0.1945064071,0.1943636453,0.1939344728,0.1932161072,0.1922036453,0.190890054,0.1892656076,0.1873174493,0.1850288507,0.1823780214,0.1793365709,0.1758670297,0.171919121,0.1674234675,0.1622810055,0.156343351,0.1493726381,0.1409477363,0.1301924758,0.1146150914,0.05794168126
119220,0.194452011,0.1943093173,0.1938803493,0.1931623252,0.1921503431,0.1908373717,0.1892136879,0.1872664382,0.1849788986,0.1823292846,0.1792892136,0.1758212262,0.1718750599,0.167381357,0.1622410823,0.1563058941,0.1493379948,0.1409163744,0.1301651095,0.1145931156,0.05793311084
119280,0.1943976761,0.1942550503,0.1938262865,0.1931086034,0.1920971006,0.1907847484,0.1891618261,0.1872154838,0.1849290019,0.1822806017,0.1792419083,0.1757754729,0.1718310468,0.1673392922,0.1622012019,0.156268477,0.1493033882,0.1408850452,0.1301377713,0.1145711619,0.05792455537
119340,0.1943434021,0.1942008443,0.1937722844,0.1930549419,0.1920439177,0.1907321838,0.1891100222,0.1871645862,0.1848791606,0.1822319726,0.1791946552,0.1757297697,0.1717870817,0.1672972729,0.1621613645,0.1562310999,0.149268818,0.1408537486,0.1301104611,0.1145492301,0.05791601481
119400,0.194289189,0.194146699,0.1937183427,0.1930013405,0.1919907943,0.1906796779,0.189058276,0.1871137451,0.1848293744,0.1821833972,0.179147454,0.1756841165,0.1717431645,0.1672552991,0.1621215698,0.1561937626,0.1492342843,0.1408224846,0.1300831789,0.1145273203,0.05790748913
119460,0.1942350367,0.1940926144,0.1936644616,0.1929477991,0.1919377302,0.1906272307,0.1890065874,0.1870629604,0.1847796434,0.1821348754,0.1791003046,0.1756385133,0.171699295,0.1672133707,0.1620818179,0.1561564651,0.149199787,0.1407912532,0.1300559246,0.1145054324,0.05789897828
119520,0.1941809451,0.1940385904,0.1936106407,0.1928943176,0.1918847254,0.1905748419,0.1889549563,0.1870122322,0.1847299675,0.1820864071,0.1790532071,0.1755929599,0.1716554732,0.1671714876,0.1620421086,0.1561192072,0.149165326,0.1407600543,0.1300286982,0.1144835664,0.05789048225
119580,0.194126914,0.1939846269,0.19355688,0.1928408958,0.1918317798,0.1905225115,0.1889033826,0.1869615601,0.1846803465,0.1820379922,0.1790061612,0.1755474563,0.1716116991,0.1671296497,0.1620024419,0.1560819889,0.1491309013,0.1407288877,0.1300014997,0.1144617223,0.05788200098
119640,0.1940729433,0.1939307237,0.1935031795,0.1927875337,0.1917788933,0.1904702393,0.1888518663,0.1869109443,0.1846307803,0.1819896306,0.178959167,0.1755020024,0.1715679725,0.167087857,0.1619628178,0.1560448102,0.1490965128,0.1406977536,0.129974329,0.1144398999,0.05787353445
119700,0.194019033,0.1938768808,0.1934495389,0.1927342312,0.1917260657,0.1904180254,0.1888004072,0.1868603845,0.1845812688,0.1819413223,0.1789122242,0.175456598,0.1715242934,0.1670461093,0.161923236,0.156007671,0.1490621605,0.1406666518,0.129947186,0.1144180994,0.05786508262
119760,0.193965183,0.1938230981,0.1933959583,0.1926809881,0.191673297,0.1903658695,0.1887490051,0.1868098807,0.184531812,0.1818930671,0.1788653329,0.1754112432,0.1714806616,0.1670044067,0.1618836966,0.1559705711,0.1490278442,0.1406355823,0.1299200708,0.1143963206,0.05785664545
119820,0.1939113931,0.1937693753,0.1933424374,0.1926278044,0.191620587,0.1903137715,0.1886976601,0.1867594328,0.1844824098,0.1818448649,0.1788184929,0.1753659378,0.1714370771,0.1669627489,0.1618441994,0.1559335107,0.148993564,0.1406045449,0.1298929832,0.1143745635,0.05784822292
119880,0.1938576631,0.1937157125,0.1932889762,0.1925746799,0.1915679356,0.1902617315,0.188646372,0.1867090407,0.184433062,0.1817967157,0.1787717042,0.1753206817,0.1713935398,0.166921136,0.1618047445,0.1558964894,0.1489593198,0.1405735398,0.1298659232,0.1143528281,0.05783981498
119940,0.1938039931,0.1936621096,0.1932355745,0.1925216145,0.1915153428,0.1902097492,0.1885951407,0.1866587042,0.1843837685,0.1817486193,0.1787249666,0.1752754748,0.1713500496,0.1668795679,0.1617653317,0.1558595074,0.1489251114,0.1405425667,0.1298388908,0.1143311143,0.0578314216
120000,0.193750383,0.1936085663,0.1931822324,0.1924686082,0.1914628084,0.1901578245,0.1885439661,0.1866084233,0.1843345293,0.1817005757,0.17867828,0.1752303171,0.1713066065,0.1668380444,0.161725961,0.1558225645,0.1488909389,0.1405116257,0.1298118859,0.1143094221,0.05782304275
120060,0.1936968325,0.1935550827,0.1931289496,0.1924156609,0.1914103323,0.1901059574,0.1884928481,0.1865581978,0.1842853443,0.1816525847,0.1786316445,0.1751852085,0.1712632103,0.1667965656,0.1616866323,0.1557856607,0.1488568021,0.1404807167,0.1297849085,0.1142877515,0.0578146784
120120,0.1936433416,0.1935016586,0.193075726,0.1923627723,0.1913579145,0.1900541478,0.1884417866,0.1865080278,0.1842362133,0.1816046464,0.1785850598,0.1751401489,0.171219861,0.1667551312,0.1616473455,0.155748796,0.1488227011,0.1404498396,0.1297579585,0.1142661024,0.0578063285
120180,0.1935899101,0.1934482939,0.1930225616,0.1923099425,0.1913055548,0.1900023955,0.1883907815,0.186457913,0.1841871364,0.1815567605,0.1785385259,0.1750951382,0.1711765585,0.1667137414,0.1616081005,0.1557119701,0.1487886357,0.1404189944,0.129731036,0.1142444748,0.05779799303
120240,0.1935365381,0.1933949885,0.1929694562,0.1922571713,0.1912532531,0.1899507005,0.1883398327,0.1864078534,0.1841381133,0.1815089269,0.1784920427,0.1750501763,0.1711333027,0.1666723959,0.1615688973,0.1556751831,0.1487546059,0.140388181,0.1297041407,0.1142228686,0.05778967196
120300,0.1934832254,0.1933417422,0.1929164098,0.1922044586,0.1912010093,0.1898990626,0.1882889401,0.1863578489,0.1840891439,0.1814611457,0.1784456101,0.1750052631,0.1710900935,0.1666310947,0.1615297359,0.1556384349,0.1487206117,0.1403573995,0.1296772728,0.1142012839,0.05778136523
120360,0.1934299718,0.1932885551,0.1928634222,0.1921518043,0.1911488234,0.1898474817,0.1882381037,0.1863078994,0.1840402283,0.1814134167,0.1783992281,0.1749603986,0.1710469309,0.1665898377,0.161490616,0.1556017255,0.148686653,0.1403266496,0.1296504321,0.1141797206,0.05777307284
120420,0.1933767773,0.1932354269,0.1928104933,0.1920992083,0.1910966951,0.1897959578,0.1881873232,0.1862580047,0.1839913663,0.1813657398,0.1783528965,0.1749155826,0.1710038148,0.1665486248,0.1614515377,0.1555650547,0.1486527296,0.1402959314,0.1296236186,0.1141581786,0.05776479473
120480,0.1933236417,0.1931823576,0.192757623,0.1920466705,0.1910446245,0.1897444908,0.1881365987,0.1862081649,0.1839425578,0.1813181149,0.1783066152,0.1748708151,0.170960745,0.1665074561,0.1614125009,0.1555284225,0.1486188416,0.1402652449,0.1295968322,0.114136658,0.05775653088
120540,0.193270565,0.1931293471,0.1927048113,0.1919941909,0.1909926114,0.1896930805,0.1880859299,0.1861583798,0.1838938026,0.181270542,0.1782603842,0.174826096,0.1709177216,0.1664663313,0.1613735055,0.1554918289,0.1485849889,0.1402345899,0.129570073,0.1141151586,0.05774828125
120600,0.1932175471,0.1930763953,0.192652058,0.1919417692,0.1909406557,0.1896417268,0.1880353169,0.1861086492,0.1838451008,0.1812230209,0.1782142034,0.1747814252,0.1708747444,0.1664252505,0.1613345515,0.1554552738,0.1485511715,0.1402039664,0.1295433408,0.1140936805,0.05774004581
120660,0.1931645878,0.193023502,0.192599363,0.1918894054,0.1908887573,0.1895904297,0.1879847595,0.1860589732,0.1837964522,0.1811755515,0.1781680727,0.1747368027,0.1708318133,0.1663842134,0.1612956387,0.155418757,0.1485173892,0.1401733744,0.1295166357,0.1140722236,0.05773182452
120720,0.1931116871,0.1929706672,0.1925467262,0.1918370994,0.1908369161,0.1895391891,0.1879342576,0.1860093516,0.1837478568,0.1811281338,0.1781219919,0.1746922282,0.1707889283,0.1663432202,0.1612567672,0.1553822786,0.1484836421,0.1401428138,0.1294899576,0.1140507878,0.05772361736
120780,0.1930588448,0.1929178908,0.1924941475,0.1917848511,0.190785132,0.1894880047,0.1878838111,0.1859597843,0.1836993143,0.1810807677,0.1780759611,0.1746477019,0.1707460893,0.1663022706,0.1612179367,0.1553458385,0.14844993,0.1401122846,0.1294633063,0.1140293733,0.05771542429
120840,0.1930060608,0.1928651726,0.1924416269,0.1917326604,0.1907334049,0.1894368767,0.18783342,0.1859102712,0.1836508249,0.181033453,0.1780299801,0.1746032235,0.1707032962,0.1662613647,0.1611791474,0.1553094366,0.1484162529,0.1400817867,0.129436682,0.1140079798,0.05770724528
120900,0.1929533351,0.1928125126,0.1923891641,0.1916805272,0.1906817347,0.1893858048,0.187783084,0.1858608123,0.1836023882,0.1809861898,0.1779840489,0.174558793,0.170660549,0.1662205023,0.161140399,0.1552730728,0.1483826107,0.14005132,0.1294100845,0.1139866074,0.05769908029
120960,0.1929006675,0.1927599106,0.1923367592,0.1916284513,0.1906301213,0.1893347889,0.1877328032,0.1858114074,0.1835540043,0.1809389778,0.1779381673,0.1745144103,0.1706178475,0.1661796834,0.1611016916,0.1552367472,0.1483490034,0.1400208845,0.1293835139,0.113965256,0.05769092929
121020,0.1928480579,0.1927073666,0.1922844119,0.1915764328,0.1905785646,0.189283829,0.1876825775,0.1857620564,0.1835056731,0.1808918171,0.1778923352,0.1744700753,0.1705751916,0.1661389078,0.161063025,0.1552004595,0.148315431,0.1399904801,0.1293569699,0.1139439257,0.05768279226
121080,0.1927955063,0.1926548804,0.1922321223,0.1915244714,0.1905270646,0.189232925,0.1876324066,0.1857127593,0.1834573945,0.1808447074,0.1778465527,0.174425788,0.1705325814,0.1660981756,0.1610243992,0.1551642098,0.1482818933,0.1399601069,0.1293304527,0.1139226163,0.05767466914
121140,0.1927430125,0.192602452,0.1921798901,0.1914725672,0.190475621,0.1891820767,0.1875822906,0.1856635159,0.1834091683,0.1807976489,0.1778008195,0.1743815483,0.1704900167,0.1660574866,0.1609858141,0.155127998,0.1482483903,0.1399297647,0.1293039622,0.1139013278,0.05766655992
121200,0.1926905765,0.1925500812,0.1921277154,0.1914207199,0.1904242338,0.189131284,0.1875322294,0.1856143261,0.1833609946,0.1807506412,0.1777551357,0.174337356,0.1704474974,0.1660168408,0.1609472696,0.155091824,0.1482149219,0.1398994535,0.1292774982,0.1138800603,0.05765846457
121260,0.192638198,0.1924977679,0.1920755979,0.1913689295,0.190372903,0.189080547,0.1874822228,0.18556519,0.1833128731,0.1807036844,0.1777095011,0.1742932111,0.1704050235,0.1659762381,0.1609087657,0.1550556878,0.1481814882,0.1398691732,0.1292510609,0.1138588136,0.05765038304
121320,0.1925858771,0.1924455121,0.1920235376,0.1913171958,0.1903216283,0.1890298654,0.1874322707,0.1855161073,0.1832648038,0.1806567784,0.1776639156,0.1742491135,0.1703625948,0.1659356784,0.1608703024,0.1550195893,0.148148089,0.1398389238,0.1292246501,0.1138375878,0.05764231531
121380,0.1925336136,0.1923933137,0.1919715345,0.1912655189,0.1902704098,0.1889792391,0.1873823732,0.1854670779,0.1832167867,0.180609923,0.1776183792,0.1742050632,0.1703202114,0.1658951617,0.1608318794,0.1549835284,0.1481147242,0.1398087053,0.1291982658,0.1138163828,0.05763426134
121440,0.1924814075,0.1923411725,0.1919195883,0.1912138986,0.1902192473,0.1889286682,0.1873325299,0.1854181019,0.1831688216,0.1805631183,0.1775728917,0.17416106,0.1702778731,0.1658546878,0.1607934969,0.1549475051,0.1480813939,0.1397785175,0.1291719079,0.1137951985,0.0576262211
121500,0.1924292585,0.1922890884,0.191867699,0.1911623347,0.1901681407,0.1888781524,0.187282741,0.185369179,0.1831209084,0.180516364,0.1775274531,0.1741171039,0.1702355798,0.1658142567,0.1607551546,0.1549115193,0.1480480979,0.1397483605,0.1291455765,0.113774035,0.05761819457
121560,0.1923771667,0.1922370613,0.1918158666,0.1911108272,0.1901170899,0.1888276917,0.1872330062,0.1853203093,0.1830730471,0.1804696602,0.1774820634,0.1740731948,0.1701933315,0.1657738684,0.1607168526,0.1548755709,0.1480148362,0.1397182341,0.1291192714,0.1137528921,0.05761018171
121620,0.1923251319,0.1921850913,0.1917640908,0.1910593761,0.1900660948,0.1887772859,0.1871833255,0.1852714925,0.1830252375,0.1804230067,0.1774367223,0.1740293326,0.1701511281,0.1657335227,0.1606785907,0.1548396599,0.1479816088,0.1396881384,0.1290929926,0.11373177,0.05760218248
121680,0.1922731541,0.192133178,0.1917123716,0.1910079811,0.1900151554,0.1887269351,0.1871336988,0.1852227287,0.1829774796,0.1803764034,0.1773914299,0.1739855172,0.1701089696,0.1656932196,0.160640369,0.1548037863,0.1479484155,0.1396580733,0.1290667401,0.1137106684,0.05759419686
121740,0.192221233,0.1920813215,0.1916607089,0.1909566422,0.1899642715,0.1886766391,0.1870841259,0.1851740177,0.1829297732,0.1803298503,0.177346186,0.1739417486,0.1700668557,0.165652959,0.1606021872,0.1547679499,0.1479152564,0.1396280387,0.1290405138,0.1136895875,0.05758622481
121800,0.1921693687,0.1920295216,0.1916091027,0.1909053593,0.189913443,0.1886263977,0.1870346069,0.1851253594,0.1828821184,0.1802833473,0.1773009906,0.1738980266,0.1700247866,0.1656127409,0.1605640455,0.1547321506,0.1478821313,0.1395980346,0.1290143137,0.1136685271,0.0575782663
121860,0.192117561,0.1919777783,0.1915575527,0.1908541323,0.1898626698,0.188576211,0.1869851416,0.1850767537,0.1828345149,0.1802368942,0.1772558436,0.1738543513,0.169982762,0.1655725651,0.1605259436,0.1546963886,0.1478490403,0.1395680609,0.1289881398,0.1136474873,0.05757032131
121920,0.1920658098,0.1919260914,0.1915060589,0.1908029611,0.1898119519,0.1885260787,0.1869357299,0.1850282006,0.1827869628,0.1801904911,0.1772107449,0.1738107224,0.1699407819,0.1655324316,0.1604878815,0.1546606635,0.1478159832,0.1395381176,0.128961992,0.113626468,0.05756238979
121980,0.1920141151,0.1918744609,0.1914546213,0.1907518456,0.1897612891,0.1884760009,0.1868863717,0.1849797,0.1827394619,0.1801441377,0.1771656944,0.17376714,0.1698988463,0.1654923403,0.1604498592,0.1546249755,0.14778296,0.1395082046,0.1289358702,0.1136054691,0.05755447173
122040,0.1919624767,0.1918228867,0.1914032396,0.1907007858,0.1897106814,0.1884259774,0.1868370669,0.1849312517,0.1826920121,0.1800978341,0.177120692,0.1737236039,0.169856955,0.1654522912,0.1604118766,0.1545893245,0.1477499707,0.1394783219,0.1289097744,0.1135844907,0.05754656708
122100,0.1919108945,0.1917713685,0.1913519139,0.1906497814,0.1896601286,0.1883760081,0.1867878154,0.1848828557,0.1826446134,0.1800515801,0.1770757377,0.1736801141,0.169815108,0.1654122841,0.1603739336,0.1545537103,0.1477170151,0.1394484694,0.1288837046,0.1135635327,0.05753867581
122160,0.1918593685,0.1917199065,0.1913006439,0.1905988325,0.1896096306,0.1883260929,0.1867386172,0.1848345118,0.1825972656,0.1800053757,0.1770308313,0.1736366705,0.1697733053,0.1653723191,0.1603360302,0.1545181329,0.1476840933,0.1394186471,0.1288576608,0.113542595,0.05753079791
122220,0.1918078985,0.1916685004,0.1912494297,0.1905479388,0.1895591875,0.1882762318,0.1866894722,0.1847862201,0.1825499687,0.1799592207,0.1769859729,0.173593273,0.1697315466,0.165332396,0.1602981663,0.1544825923,0.1476512052,0.139388855,0.1288316428,0.1135216777,0.05752293333
122280,0.1917564844,0.1916171501,0.1911982712,0.1904971004,0.1895087989,0.1882264246,0.1866403802,0.1847379804,0.1825027226,0.1799131151,0.1769411622,0.1735499215,0.1696898321,0.1652925148,0.1602603418,0.1544470884,0.1476183506,0.1393590929,0.1288056507,0.1135007807,0.05751508204
122340,0.1917051262,0.1915658556,0.1911471681,0.1904463171,0.189458465,0.1881766713,0.1865913412,0.1846897926,0.1824555271,0.1798670589,0.1768963993,0.173506616,0.1696481615,0.1652526753,0.1602225566,0.1544116211,0.1475855297,0.1393293608,0.1287796844,0.1134799039,0.05750724402
122400,0.1916538237,0.1915146168,0.1910961205,0.1903955889,0.1894081855,0.1881269717,0.186542355,0.1846416566,0.1824083823,0.1798210518,0.176851684,0.1734633563,0.1696065348,0.1652128776,0.1601848107,0.1543761904,0.1475527422,0.1392996587,0.1287537439,0.1134590474,0.05749941922
122460,0.1916025769,0.1914634336,0.1910451282,0.1903449156,0.1893579604,0.1880773258,0.1864934216,0.1845935723,0.182361288,0.1797750939,0.1768070162,0.1734201425,0.1695649519,0.1651731216,0.1601471041,0.1543407962,0.1475199882,0.1392699866,0.1287278291,0.1134382111,0.05749160764
122520,0.1915513856,0.1914123058,0.1909941911,0.1902942971,0.1893077896,0.1880277335,0.1864445409,0.1845455397,0.1823142441,0.179729185,0.176762396,0.1733769743,0.1695234129,0.1651334071,0.1601094366,0.1543054384,0.1474872676,0.1392403443,0.12870194,0.113417395,0.05748380922
122580,0.1915002498,0.1913612334,0.1909433092,0.1902437334,0.189257673,0.1879781946,0.1863957128,0.1844975587,0.1822672506,0.1796833251,0.1767178231,0.1733338519,0.1694819175,0.1650937341,0.1600718082,0.1542701171,0.1474545803,0.1392107319,0.1286760765,0.113396599,0.05747602394
122640,0.1914491693,0.1913102163,0.1908924823,0.1901932243,0.1892076105,0.1879287091,0.1863469373,0.1844496291,0.1822203073,0.179637514,0.1766732976,0.173290775,0.1694404657,0.1650541026,0.1600342188,0.154234832,0.1474219263,0.1391811492,0.1286502386,0.1133758231,0.05746825178
122700,0.1913981441,0.1912592544,0.1908417104,0.1901427698,0.189157602,0.1878792769,0.1862982141,0.1844017509,0.1821734142,0.1795917517,0.1766288192,0.1732477435,0.1693990574,0.1650145124,0.1599966684,0.1541995833,0.1473893055,0.1391515963,0.1286244262,0.1133550673,0.0574604927
122760,0.1913471741,0.1912083475,0.1907909933,0.1900923697,0.1891076474,0.1878298979,0.1862495433,0.184353924,0.1821265712,0.1795460382,0.1765843881,0.1732047575,0.1693576927,0.1649749636,0.1599591569,0.1541643707,0.147356718,0.1391220731,0.1285986394,0.1133343315,0.05745274667
122820,0.1912962591,0.1911574957,0.190740331,0.190042024,0.1890577466,0.187780572,0.1862009247,0.1843061483,0.1820797782,0.1795003733,0.176540004,0.1731618168,0.1693163713,0.164935456,0.1599216843,0.1541291943,0.1473241635,0.1390925795,0.128572878,0.1133136158,0.05744501366
122880,0.1912453992,0.1911066987,0.1906897234,0.1899917326,0.1890078996,0.1877312992,0.1861523583,0.1842584237,0.1820330351,0.1794547569,0.1764956669,0.1731189214,0.1692750932,0.1648959895,0.1598842504,0.154094054,0.1472916421,0.1390631155,0.1285471421,0.11329292,0.05743729364
122940,0.1911945941,0.1910559566,0.1906391703,0.1899414954,0.1889581061,0.1876820792,0.1861038439,0.1842107501,0.1819863419,0.179409189,0.1764513767,0.1730760711,0.1692338584,0.1648565641,0.1598468552,0.1540589497,0.1472591537,0.139033681,0.1285214316,0.1132722442,0.05742958659
123000,0.1911438438,0.1910052692,0.1905886717,0.1898913122,0.1889083663,0.1876329121,0.1860553815,0.1841631275,0.1819396984,0.1793636695,0.1764071334,0.173033266,0.1691926667,0.1648171798,0.1598094986,0.1540238814,0.1472266983,0.1390042761,0.1284957464,0.1132515883,0.05742189247
123060,0.1910931482,0.1909546364,0.1905382275,0.1898411831,0.1888586798,0.1875837978,0.1860069709,0.1841155557,0.1818931045,0.1793181982,0.1763629368,0.1729905059,0.1691515182,0.1647778364,0.1597721806,0.153988849,0.1471942757,0.1389749005,0.1284700865,0.1132309522,0.05741421125
123120,0.1910425072,0.1909040581,0.1904878376,0.1897911078,0.1888090468,0.1875347361,0.1859586122,0.1840680348,0.1818465602,0.1792727752,0.1763187869,0.1729477907,0.1691104126,0.1647385339,0.1597349011,0.1539538524,0.1471618861,0.1389455544,0.1284444519,0.1132103361,0.0574065429
123180,0.1909919207,0.1908535342,0.1904375018,0.1897410864,0.188759467,0.187485727,0.1859103052,0.1840205644,0.1818000655,0.1792274003,0.1762746836,0.1729051204,0.1690693501,0.1646992723,0.1596976601,0.1539188916,0.1471295292,0.1389162376,0.1284188425,0.1131897397,0.05739888739
123240,0.1909413886,0.1908030647,0.1903872202,0.1896911187,0.1887099403,0.1874367703,0.1858620497,0.1839731447,0.1817536201,0.1791820735,0.1762306268,0.1728624949,0.1690283304,0.1646600514,0.1596604574,0.1538839666,0.147097205,0.1388869501,0.1283932583,0.1131691632,0.05739124471
123300,0.1908909108,0.1907526494,0.1903369926,0.1896412046,0.1886604668,0.187387866,0.1858138459,0.1839257755,0.181707224,0.1791367946,0.1761866164,0.1728199141,0.1689873535,0.1646208711,0.1596232931,0.1538490772,0.1470649135,0.1388576919,0.1283676992,0.1131486063,0.0573836148
123360,0.1908404873,0.1907022883,0.1902868189,0.189591344,0.1886110462,0.187339014,0.1857656934,0.1838784567,0.1816608772,0.1790915637,0.1761426524,0.172777378,0.1689464194,0.1645817315,0.159586167,0.1538142235,0.1470326547,0.1388284628,0.1283421653,0.1131280693,0.05737599765
123420,0.1907901179,0.1906519812,0.1902366991,0.1895415369,0.1885616786,0.1872902143,0.1857175923,0.1838311883,0.1816145796,0.1790463805,0.1760987347,0.1727348865,0.1689055279,0.1645426324,0.159549079,0.1537794053,0.1470004284,0.138799263,0.1283166564,0.1131075519,0.05736839323
123480,0.1907398025,0.1906017281,0.1901866329,0.1894917831,0.1885123637,0.1872414666,0.1856695425,0.18378397,0.181568331,0.179001245,0.1760548632,0.1726924394,0.168864679,0.1645035738,0.1595120293,0.1537446225,0.1469682347,0.1387700922,0.1282911725,0.1130870541,0.05736080151
123540,0.1906895411,0.1905515289,0.1901366204,0.1894420826,0.1884631016,0.187192771,0.1856215438,0.183736802,0.1815221314,0.1789561572,0.1760110378,0.1726500368,0.1688238727,0.1644645556,0.1594750175,0.1537098753,0.1469360735,0.1387409505,0.1282657136,0.113066576,0.05735322245
123600,0.1906393335,0.1905013834,0.1900866615,0.1893924353,0.1884138921,0.1871441273,0.1855735962,0.183689684,0.1814759807,0.178911117,0.1759672584,0.1726076785,0.1687831088,0.1644255778,0.1594380438,0.1536751633,0.1469039446,0.1387118378,0.1282402797,0.1130461176,0.05734565604
123660,0.1905891797,0.1904512916,0.190036756,0.189342841,0.1883647351,0.1870955354,0.1855256996,0.1836426161,0.1814298788,0.1788661242,0.1759235251,0.1725653645,0.1687423872,0.1643866402,0.159401108,0.1536404868,0.1468718481,0.138682754,0.1282148706,0.1130256786,0.05733810224
123720,0.1905390796,0.1904012535,0.1899869039,0.1892932997,0.1883156306,0.1870469953,0.185477854,0.183595598,0.1813838257,0.1788211789,0.1758798376,0.1725230946,0.168701708,0.1643477429,0.1593642101,0.1536058454,0.146839784,0.1386536992,0.1281894865,0.1130052592,0.05733056101
123780,0.190489033,0.1903512688,0.1899371051,0.1892438113,0.1882665785,0.1869985069,0.1854300591,0.1835486298,0.1813378212,0.1787762808,0.1758361959,0.1724808689,0.168661071,0.1643088856,0.15932735,0.1535712393,0.146807752,0.1386246733,0.1281641271,0.1129848594,0.05732303235
123840,0.1904390399,0.1903013375,0.1898873594,0.1891943757,0.1882175786,0.1869500701,0.185382315,0.1835017113,0.1812918653,0.17873143,0.1757926,0.1724386873,0.1686204762,0.1642700685,0.1592905276,0.1535366683,0.1467757523,0.1385956762,0.1281387925,0.112964479,0.05731551621
123900,0.1903891003,0.1902514596,0.1898376668,0.1891449929,0.1881686309,0.1869016848,0.1853346216,0.1834548424,0.1812459579,0.1786866264,0.1757490497,0.1723965496,0.1685799235,0.1642312914,0.1592537429,0.1535021324,0.1467437848,0.1385667078,0.1281134827,0.112944118,0.05730801256
123960,0.1903392139,0.1902016348,0.1897880273,0.1890956626,0.1881197353,0.1868533508,0.1852869787,0.1834080231,0.1812000989,0.1786418699,0.175705545,0.1723544559,0.1685394128,0.1641925542,0.1592169959,0.1534676315,0.1467118493,0.1385377682,0.1280881975,0.1129237765,0.05730052139
124020,0.1902893807,0.1901518633,0.1897384406,0.1890463849,0.1880708917,0.1868050682,0.1852393863,0.1833612533,0.1811542882,0.1785971603,0.1756620858,0.1723124059,0.1684989441,0.1641538569,0.1591802864,0.1534331656,0.1466799459,0.1385088573,0.1280629371,0.1129034543,0.05729304265
124080,0.1902396007,0.1901021447,0.1896889068,0.1889971596,0.1880221001,0.1867568369,0.1851918444,0.1833145329,0.1811085258,0.1785524977,0.1756186721,0.1722703997,0.1684585173,0.1641151994,0.1591436143,0.1533987346,0.1466480745,0.138479975,0.1280377012,0.1128831515,0.05728557633
124140,0.1901898737,0.1900524791,0.1896394257,0.1889479867,0.1879733602,0.1867086566,0.1851443527,0.1832678619,0.1810628115,0.1785078819,0.1755753037,0.1722284372,0.1684181322,0.1640765816,0.1591069798,0.1533643385,0.1466162351,0.1384511214,0.12801249,0.112862868,0.05727812239
124200,0.1901401996,0.1900028664,0.1895899972,0.1888988661,0.1879246721,0.1866605275,0.1850969112,0.18322124,0.1810171454,0.1784633129,0.1755319805,0.1721865183,0.168377789,0.1640380035,0.1590703826,0.1533299772,0.1465844275,0.1384222962,0.1279873032,0.1128426038,0.05727068081
124260,0.1900905784,0.1899533065,0.1895406213,0.1888497976,0.1878760356,0.1866124493,0.1850495199,0.1831746673,0.1809715272,0.1784187906,0.1754887026,0.172144643,0.1683374873,0.163999465,0.1590338227,0.1532956506,0.1465526517,0.1383934996,0.127962141,0.1128223589,0.05726325155
124320,0.19004101,0.1899037993,0.1894912979,0.1888007812,0.1878274508,0.186564422,0.1850021787,0.1831281437,0.1809259569,0.1783743149,0.1754454698,0.1721028111,0.1682972274,0.1639609661,0.1589973,0.1532613586,0.1465209078,0.1383647314,0.1279370033,0.1128021332,0.0572558346
124380,0.1899914942,0.1898543446,0.1894420268,0.1887518168,0.1877789173,0.1865164455,0.1849548874,0.1830816691,0.1808804345,0.1783298857,0.1754022821,0.1720610225,0.1682570089,0.1639225066,0.1589608146,0.1532271014,0.1464891956,0.1383359916,0.12791189,0.1127819267,0.05724842992
124440,0.189942031,0.1898049425,0.189392808,0.1887029044,0.1877304353,0.1864685197,0.184907646,0.1830352434,0.1808349598,0.178285503,0.1753591393,0.1720192773,0.1682168319,0.1638840866,0.1589243663,0.1531928786,0.1464575151,0.1383072802,0.127886801,0.1127617394,0.05724103748
124500,0.1898926203,0.1897555927,0.1893436414,0.1886540437,0.1876820046,0.1864206445,0.1848604544,0.1829888665,0.1807895329,0.1782411666,0.1753160414,0.1719775754,0.1681766963,0.1638457059,0.158887955,0.1531586904,0.1464258662,0.1382785971,0.1278617365,0.1127415712,0.05723365726
124560,0.189843262,0.1897062953,0.189294527,0.1886052348,0.1876336251,0.1863728199,0.1848133125,0.1829425383,0.1807441535,0.1781968765,0.1752729883,0.1719359166,0.1681366021,0.1638073645,0.1588515807,0.1531245367,0.1463942488,0.1382499423,0.1278366962,0.1127214222,0.05722628924
124620,0.189793956,0.1896570502,0.1892454645,0.1885564775,0.1875852967,0.1863250458,0.1847662202,0.1828962588,0.1806988216,0.1781526327,0.17522998,0.1718943009,0.1680965491,0.1637690623,0.1588152434,0.1530904173,0.1463626631,0.1382213157,0.1278116802,0.1127012922,0.05721893337
124680,0.1897447023,0.1896078572,0.189196454,0.1885077718,0.1875370193,0.186277322,0.1847191776,0.1828500278,0.1806535372,0.178108435,0.1751870164,0.1718527283,0.1680565373,0.1637307992,0.158778943,0.1530563323,0.1463311087,0.1381927172,0.1277866884,0.1126811812,0.05721158964
124740,0.1896955006,0.1895587163,0.1891474953,0.1884591176,0.187488793,0.1862296485,0.1846721843,0.1828038454,0.1806083001,0.1780642833,0.1751440974,0.1718111986,0.1680165666,0.1636925753,0.1587426794,0.1530222816,0.1462995859,0.1381641469,0.1277617208,0.1126610893,0.05720425801
124800,0.1896463511,0.1895096273,0.1890985884,0.1884105148,0.1874406174,0.1861820252,0.1846252405,0.1827577113,0.1805631104,0.1780201777,0.1751012229,0.1717697118,0.167976637,0.1636543904,0.1587064525,0.1529882651,0.1462680944,0.1381356047,0.1277367774,0.1126410164,0.05719693847
124860,0.1895972535,0.1894605902,0.1890497331,0.1883619632,0.1873924927,0.186134452,0.1845783459,0.1827116256,0.1805179678,0.1779761179,0.1750583928,0.1717282678,0.1679367484,0.1636162444,0.1586702624,0.1529542828,0.1462366342,0.1381070906,0.1277118581,0.1126209624,0.05718963097
124920,0.1895482077,0.189411605,0.1890009294,0.1883134629,0.1873444187,0.1860869289,0.1845315006,0.1826655882,0.1804728723,0.177932104,0.1750156071,0.1716868665,0.1678969006,0.1635781373,0.1586341089,0.1529203346,0.1462052053,0.1380786044,0.1276869629,0.1126009274,0.05718233551
124980,0.1894992138,0.1893626714,0.1889521772,0.1882650137,0.1872963953,0.1860394557,0.1844847044,0.1826195989,0.1804278239,0.1778881359,0.1749728657,0.171645508,0.1678570938,0.1635400691,0.158597992,0.1528864205,0.1461738076,0.1380501462,0.1276620917,0.1125809112,0.05717505204
125040,0.1894502715,0.1893137895,0.1889034764,0.1882166155,0.1872484224,0.1859920324,0.1844379573,0.1825736577,0.1803828224,0.1778442134,0.1749301686,0.171604192,0.1678173277,0.1635020396,0.1585619116,0.1528525404,0.1461424411,0.1380217159,0.1276372445,0.112560914,0.05716778055
125100,0.1894013809,0.1892649591,0.188854827,0.1881682683,0.1872004999,0.1859446588,0.1843912591,0.1825277645,0.1803378679,0.1778003365,0.1748875156,0.1715629185,0.1677776024,0.1634640489,0.1585258676,0.1528186942,0.1461111057,0.1379933135,0.1276124213,0.1125409356,0.057160521
125160,0.1893525418,0.1892161801,0.1888062287,0.188119972,0.1871526278,0.185897335,0.1843446098,0.1824819192,0.1802929601,0.1777565052,0.1748449067,0.1715216875,0.1677379177,0.1634260967,0.1584898601,0.152784882,0.1460798014,0.1379649389,0.127587622,0.112520976,0.05715327337
125220,0.1893037541,0.1891674525,0.1887576816,0.1880717264,0.187104806,0.1858500607,0.1842980094,0.1824361217,0.1802480991,0.1777127193,0.1748023418,0.1714804989,0.1676982736,0.1633881832,0.1584538889,0.1527511035,0.1460485281,0.1379365921,0.1275628466,0.1125010351,0.05714603763
125280,0.1892550178,0.1891187762,0.1887091856,0.1880235316,0.1870570344,0.185802836,0.1842514576,0.1823903721,0.1802032847,0.1776689788,0.1747598208,0.1714393527,0.16765867,0.1633503082,0.1584179539,0.1527173589,0.1460172858,0.137908273,0.1275380951,0.1124811131,0.05713881376
125340,0.1892063327,0.1890701511,0.1886607406,0.1879753873,0.1870093128,0.1857556607,0.1842049545,0.1823446701,0.1801585169,0.1776252835,0.1747173437,0.1713982486,0.1676191068,0.1633124716,0.1583820552,0.152683648,0.1459860744,0.1378799815,0.1275133673,0.1124612097,0.05713160172
125400,0.1891576988,0.1890215771,0.1886123464,0.1879272936,0.1869616413,0.1857085348,0.1841585,0.1822990157,0.1801137955,0.1775816335,0.1746749103,0.1713571868,0.1675795841,0.1632746734,0.1583461927,0.1526499708,0.1459548939,0.1378517178,0.1274886634,0.1124413251,0.0571244015
125460,0.189109116,0.1889730541,0.188564003,0.1878792503,0.1869140197,0.1856614582,0.1841120939,0.1822534088,0.1800691206,0.1775380287,0.1746325207,0.1713161671,0.1675401017,0.1632369135,0.1583103663,0.1526163272,0.1459237442,0.1378234816,0.1274639832,0.1124214591,0.05711721306
125520,0.1890605842,0.1889245821,0.1885157104,0.1878312574,0.186866448,0.1856144308,0.1840657362,0.1822078494,0.1800244921,0.1774944689,0.1745901748,0.1712751894,0.1675006595,0.1631991919,0.1582745759,0.1525827172,0.1458926252,0.137795273,0.1274393266,0.1124016118,0.05711003638
125580,0.1890121034,0.1888761609,0.1884674684,0.1877833147,0.186818926,0.1855674525,0.1840194269,0.1821623374,0.1799799098,0.1774509542,0.1745478724,0.1712342536,0.1674612575,0.1631615085,0.1582388215,0.1525491407,0.145861537,0.1377670918,0.1274146938,0.1123817831,0.05710287144
125640,0.1889636733,0.1888277904,0.1884192769,0.1877354223,0.1867714538,0.1855205233,0.1839731657,0.1821168726,0.1799353737,0.1774074843,0.1745056135,0.1711933598,0.1674218956,0.1631238632,0.1582031031,0.1525155976,0.1458304795,0.1377389382,0.1273900846,0.1123619729,0.0570957182
125700,0.188915294,0.1887794707,0.1883711359,0.1876875799,0.1867240311,0.1854736429,0.1839269528,0.1820714551,0.1798908836,0.1773640593,0.174463398,0.1711525078,0.1673825737,0.163086256,0.1581674205,0.152482088,0.1457994526,0.137710812,0.1273654989,0.1123421813,0.05708857664
125760,0.1888669654,0.1887312015,0.1883230453,0.1876397876,0.1866766579,0.1854268115,0.1838807879,0.1820260847,0.1798464397,0.1773206791,0.1744212259,0.1711116976,0.1673432919,0.1630486868,0.1581317737,0.1524486117,0.1457684563,0.1376827131,0.1273409368,0.1123224082,0.05708144674
125820,0.1888186874,0.1886829828,0.1882750049,0.1875920452,0.1866293342,0.1853800288,0.183834671,0.1819807613,0.1798020416,0.1772773436,0.1743790971,0.171070929,0.16730405,0.1630111555,0.1580961626,0.1524151687,0.1457374905,0.1376546416,0.1273163982,0.1123026536,0.05707432847
125880,0.1887704598,0.1886348146,0.1882270148,0.1875443526,0.1865820599,0.1853332949,0.183788602,0.1819354849,0.1797576895,0.1772340527,0.1743370115,0.1710302021,0.1672648479,0.1629736622,0.1580605873,0.1523817589,0.1457065551,0.1376265974,0.1272918831,0.1122829175,0.0570672218
125940,0.1887222827,0.1885866967,0.1881790748,0.1874967099,0.1865348348,0.1852866096,0.1837425809,0.1818902554,0.1797133832,0.1771908063,0.174294969,0.1709895168,0.1672256856,0.1629362066,0.1580250476,0.1523483824,0.1456756502,0.1375985804,0.1272673915,0.1122631998,0.0570601267
126000,0.1886741559,0.188538629,0.1881311849,0.1874491168,0.1864876588,0.1852399728,0.1836966075,0.1818450727,0.1796691225,0.1771476045,0.1742529696,0.1709488729,0.1671865631,0.1628987889,0.1579895435,0.152315039,0.1456447757,0.1375705906,0.1272429232,0.1122435006,0.05705304316
126060,0.1886260793,0.1884906115,0.1880833449,0.1874015733,0.186440532,0.1851933845,0.1836506818,0.1817999368,0.1796249076,0.177104447,0.1742110132,0.1709082704,0.1671474802,0.1628614088,0.1579540749,0.1522817286,0.1456139315,0.137542628,0.1272184783,0.1122238197,0.05704597114
126120,0.1885780529,0.1884426442,0.1880355548,0.1873540793,0.1863934543,0.1851468446,0.1836048036,0.1817548475,0.1795807382,0.1770613339,0.1741690997,0.1708677093,0.1671084369,0.1628240664,0.1579186418,0.1522484513,0.1455831176,0.1375146926,0.1271940567,0.1122041571,0.05703891063
126180,0.1885300765,0.1883947268,0.1879878144,0.1873066348,0.1863464254,0.1851003529,0.183558973,0.1817098048,0.1795366143,0.177018265,0.1741272291,0.1708271895,0.1670694331,0.1627867615,0.157883244,0.152215207,0.145552334,0.1374867841,0.1271696585,0.1121845129,0.05703186159
126240,0.1884821502,0.1883468593,0.1879401238,0.1872592396,0.1862994454,0.1850539095,0.1835131899,0.1816648086,0.1794925358,0.1769752403,0.1740854012,0.1707867109,0.1670304688,0.1627494942,0.1578478817,0.1521819956,0.1455215805,0.1374589028,0.1271452835,0.112164887,0.05702482399
126300,0.1884342737,0.1882990417,0.1878924828,0.1872118937,0.1862525142,0.1850075143,0.1834674541,0.1816198589,0.1794485027,0.1769322598,0.1740436161,0.1707462735,0.1669915439,0.1627122643,0.1578125546,0.1521488171,0.1454908572,0.1374310484,0.1271209317,0.1121452793,0.05701779783
126360,0.1883864471,0.1882512738,0.1878448913,0.187164597,0.1862056317,0.1849611671,0.1834217656,0.1815749555,0.1794045149,0.1768893232,0.1740018737,0.1707058771,0.1669526584,0.1626750719,0.1577772627,0.1521156714,0.1454601639,0.1374032209,0.1270966031,0.1121256899,0.05701078306
126420,0.1883386702,0.1882035556,0.1877973494,0.1871173494,0.1861587979,0.1849148679,0.1833761243,0.1815300983,0.1793605723,0.1768464307,0.1739601738,0.1706655218,0.1669138121,0.1626379167,0.1577420061,0.1520825584,0.1454295007,0.1373754204,0.1270722976,0.1121061187,0.05700377966
126480,0.188290943,0.1881558869,0.1877498567,0.1870701508,0.1861120125,0.1848686165,0.1833305301,0.1814852874,0.1793166747,0.176803582,0.1739185164,0.1706252074,0.166875005,0.1626007989,0.1577067845,0.1520494782,0.1453988675,0.1373476467,0.1270480152,0.1120865656,0.05699678761
126540,0.1882432653,0.1881082678,0.1877024134,0.1870230012,0.1860652756,0.184822413,0.1832849829,0.1814405226,0.1792728223,0.1767607772,0.1738769014,0.1705849339,0.1668362371,0.1625637182,0.157671598,0.1520164306,0.1453682642,0.1373198999,0.127023756,0.1120670307,0.05698980688
126600,0.1881956372,0.1880606981,0.1876550193,0.1869759004,0.1860185871,0.1847762573,0.1832394827,0.1813958039,0.1792290148,0.1767180161,0.1738353288,0.1705447012,0.1667975083,0.1625266747,0.1576364466,0.1519834156,0.1453376908,0.1372921798,0.1269995197,0.112047514,0.05698283745
126660,0.1881480584,0.1880131778,0.1876076743,0.1869288485,0.1859719469,0.1847301492,0.1831940295,0.1813511311,0.1791852522,0.1766752987,0.1737937985,0.1705045092,0.1667588184,0.1624896683,0.15760133,0.1519504332,0.1453071473,0.1372644864,0.1269753065,0.1120280153,0.0569758793
126720,0.188100529,0.1879657067,0.1875603784,0.1868818452,0.1859253549,0.1846840887,0.183148623,0.1813065042,0.1791415344,0.1766326249,0.1737523105,0.1704643579,0.1667201675,0.1624526989,0.1575662484,0.1519174833,0.1452766336,0.1372368198,0.1269511162,0.1120085347,0.05696893239
126780,0.1880530488,0.1879182847,0.1875131314,0.1868348905,0.185878811,0.1846380757,0.1831032632,0.1812619231,0.1790978614,0.1765899946,0.1737108646,0.1704242473,0.1666815556,0.1624157665,0.1575312016,0.1518845659,0.1452461496,0.1372091798,0.1269269489,0.1119890722,0.05696199671
126840,0.1880056178,0.1878709119,0.1874659334,0.1867879844,0.1858323152,0.1845921102,0.1830579502,0.1812173878,0.1790542331,0.1765474078,0.1736694608,0.1703841772,0.1666429824,0.1623788711,0.1574961896,0.1518516808,0.1452156954,0.1371815664,0.1269028044,0.1119696276,0.05695507222
126900,0.1879582359,0.1878235881,0.1874187841,0.1867411268,0.1857858673,0.1845461919,0.1830126837,0.1811728981,0.1790106494,0.1765048644,0.173628099,0.1703441475,0.166604448,0.1623420124,0.1574612123,0.1518188281,0.1451852708,0.1371539796,0.1268786829,0.1119502011,0.05694815891
126960,0.1879109029,0.1877763132,0.1873716836,0.1866943175,0.1857394674,0.184500321,0.1829674637,0.1811284541,0.1789671102,0.1764623644,0.1735867791,0.1703041583,0.1665659523,0.1623051906,0.1574262697,0.1517860077,0.1451548758,0.1371264193,0.1268545841,0.1119307925,0.05694125675
127020,0.1878636189,0.1877290872,0.1873246317,0.1866475565,0.1856931153,0.1844544973,0.1829222901,0.1810840555,0.1789236155,0.1764199075,0.1735455012,0.1702642094,0.1665274953,0.1622684055,0.1573913617,0.1517532196,0.1451245104,0.1370988854,0.1268305081,0.1119114018,0.05693436571
127080,0.1878163837,0.1876819099,0.1872776283,0.1866008438,0.1856468109,0.1844087206,0.1828771629,0.1810397024,0.1788801652,0.1763774939,0.173504265,0.1702243008,0.1664890768,0.1622316571,0.1573564883,0.1517204636,0.1450941745,0.137071378,0.1268064549,0.1118920291,0.05692748577
127140,0.1877691973,0.1876347813,0.1872306735,0.1865541792,0.1856005542,0.184362991,0.182832082,0.1809953947,0.1788367591,0.1763351233,0.1734630706,0.1701844325,0.1664506968,0.1621949453,0.1573216494,0.1516877398,0.1450638681,0.1370438971,0.1267824244,0.1118726742,0.05692061691
127200,0.1877220596,0.1875877014,0.1871837671,0.1865075626,0.185554345,0.1843173084,0.1827870472,0.1809511322,0.1787933974,0.1762927958,0.1734219179,0.1701446043,0.1664123553,0.16215827,0.1572868449,0.151655048,0.1450335911,0.1370164424,0.1267584166,0.1118533371,0.0569137591
127260,0.1876749704,0.1875406699,0.1871369089,0.1864609941,0.1855081834,0.1842716726,0.1827420586,0.180906915,0.1787500798,0.1762505113,0.1733808068,0.1701048161,0.1663740522,0.1621216313,0.1572520748,0.1516223884,0.1450033435,0.1369890141,0.1267344314,0.1118340179,0.05690691231
127320,0.1876279298,0.187493687,0.1870900991,0.1864144734,0.1854620691,0.1842260837,0.182697116,0.1808627429,0.1787068063,0.1762082697,0.1733397372,0.170065068,0.1663357874,0.162085029,0.1572173391,0.1515897606,0.1449731252,0.1369616121,0.1267104689,0.1118147165,0.05690007653
127380,0.1875809376,0.1874467523,0.1870433374,0.1863680005,0.1854160023,0.1841805415,0.1826522194,0.1808186159,0.1786635768,0.1761660709,0.1732987091,0.1700253599,0.1662975609,0.162048463,0.1571826376,0.1515571649,0.1449429362,0.1369342363,0.1266865289,0.1117954329,0.05689325173
127440,0.1875339938,0.187399866,0.1869966237,0.1863215755,0.1853699827,0.1841350459,0.1826073688,0.1807745339,0.1786203912,0.1761239148,0.1732577225,0.1699856917,0.1662593725,0.1620119334,0.1571479704,0.151524601,0.1449127765,0.1369068867,0.1266626115,0.1117761669,0.05688643788
127500,0.1874870982,0.1873530279,0.1869499581,0.186275198,0.1853240102,0.1840895969,0.1825625639,0.1807304968,0.1785772496,0.1760818015,0.1732167771,0.1699460632,0.1662212224,0.1619754401,0.1571133373,0.1514920689,0.1448826459,0.1368795633,0.1266387165,0.1117569187,0.05687963497
127560,0.1874402509,0.1873062379,0.1869033404,0.1862288682,0.1852780849,0.1840441944,0.1825178047,0.1806865046,0.1785341518,0.1760397307,0.1731758731,0.1699064746,0.1661831102,0.161938983,0.1570787384,0.1514595687,0.1448525445,0.1368522659,0.1266148441,0.1117376882,0.05687284296
127620,0.1873934517,0.187259496,0.1868567706,0.1861825859,0.1852322067,0.1839988384,0.1824730913,0.1806425571,0.1784910977,0.1759977025,0.1731350102,0.1698669256,0.1661450362,0.161902562,0.1570441735,0.1514271002,0.1448224722,0.1368249947,0.1265909941,0.1117184754,0.05686606183
127680,0.1873467005,0.187212802,0.1868102485,0.186136351,0.1851863753,0.1839535287,0.1824284234,0.1805986544,0.1784480872,0.1759557168,0.1730941885,0.1698274163,0.166107,0.1618661771,0.1570096426,0.1513946633,0.1447924289,0.1367977494,0.1265671664,0.1116992801,0.05685929156
127740,0.1872999972,0.1871661559,0.1867637741,0.1860901634,0.1851405909,0.1839082652,0.1823838011,0.1805547963,0.1784051204,0.1759137735,0.1730534078,0.1697879465,0.1660690018,0.1618298282,0.1569751457,0.1513622581,0.1447624147,0.1367705302,0.1265433612,0.1116801025,0.05685253213
127800,0.1872533419,0.1871195577,0.1867173473,0.1860440231,0.1850948533,0.183863048,0.1823392242,0.1805109827,0.1783621971,0.1758718726,0.1730126682,0.1697485163,0.1660310414,0.1617935153,0.1569406827,0.1513298845,0.1447324294,0.1367433369,0.1265195783,0.1116609425,0.05684578351
127860,0.1872067343,0.1870730071,0.1866709681,0.1859979301,0.1850491624,0.1838178768,0.1822946926,0.1804672136,0.1783193172,0.1758300139,0.1729719695,0.1697091255,0.1659931188,0.1617572383,0.1569062535,0.1512975424,0.1447024731,0.1367161695,0.1264958177,0.1116418,0.05683904567
127920,0.1871601745,0.1870265043,0.1866246363,0.1859518841,0.1850035181,0.1837727517,0.1822502064,0.180423489,0.1782764807,0.1757881974,0.1729313117,0.1696697741,0.1659552339,0.1617209972,0.1568718582,0.1512652318,0.1446725456,0.136689028,0.1264720793,0.111622675,0.0568323186
127980,0.1871136623,0.186980049,0.1865783519,0.1859058852,0.1849579204,0.1837276726,0.1822057654,0.1803798086,0.1782336876,0.1757464231,0.1728906947,0.169630462,0.1659173866,0.1616847919,0.1568374965,0.1512329526,0.144642647,0.1366619123,0.1264483632,0.1116035676,0.05682560227
128040,0.1870671977,0.1869336412,0.1865321148,0.1858599333,0.1849123693,0.1836826394,0.1821613696,0.1803361726,0.1781909376,0.1757046908,0.1728501184,0.1695911891,0.165879577,0.1616486223,0.1568031686,0.1512007048,0.1446127771,0.1366348223,0.1264246693,0.1115844776,0.05681889666
128100,0.1870207805,0.1868872808,0.1864859249,0.1858140282,0.1848668645,0.183637652,0.1821170188,0.1802925807,0.1781482309,0.1756630006,0.1728095828,0.1695519555,0.1658418048,0.1616124885,0.1567688743,0.1511684884,0.144582936,0.1366077582,0.1264009975,0.111565405,0.05681220175
128160,0.1869744108,0.1868409678,0.1864397822,0.18576817,0.1848214061,0.1835927103,0.182072713,0.180249033,0.1781055672,0.1756213522,0.1727690878,0.1695127609,0.1658040702,0.1615763902,0.1567346136,0.1511363032,0.1445531235,0.1365807197,0.1263773479,0.1115463499,0.0568055175
128220,0.1869280884,0.1867947021,0.1863936865,0.1857223585,0.1847759939,0.1835478143,0.1820284522,0.1802055293,0.1780629466,0.1755797457,0.1727286333,0.1694736055,0.1657663729,0.1615403275,0.1567003864,0.1511041493,0.1445233398,0.1365537069,0.1263537203,0.1115273121,0.0567988439
128280,0.1868818133,0.1867484835,0.1863476379,0.1856765936,0.184730628,0.1835029639,0.1819842362,0.1801620696,0.178020369,0.1755381811,0.1726882194,0.169434489,0.165728713,0.1615043004,0.1566661926,0.1510720266,0.1444935846,0.1365267198,0.1263301148,0.1115082917,0.05679218093
128340,0.1868355853,0.186702312,0.1863016361,0.1856308754,0.1846853082,0.183458159,0.181940065,0.1801186538,0.1779778342,0.1754966581,0.1726478458,0.1693954115,0.1656910904,0.1614683087,0.1566320323,0.1510399349,0.144463858,0.1364997582,0.1263065314,0.1114892887,0.05678552856
128400,0.1867894045,0.1866561876,0.1862556812,0.1855852036,0.1846400344,0.1834133996,0.1818959385,0.1800752818,0.1779353423,0.1754551768,0.1726075126,0.1693563728,0.1656535051,0.1614323524,0.1565979054,0.1510078744,0.1444341599,0.1364728222,0.1262829699,0.111470303,0.05677888676
128460,0.1867432707,0.1866101102,0.186209773,0.1855395783,0.1845948066,0.1833686855,0.1818518566,0.1800319537,0.1778928931,0.1754137371,0.1725672197,0.169317373,0.1656159569,0.1613964314,0.1565638118,0.150975845,0.1444044902,0.1364459116,0.1262594304,0.1114513345,0.05677225552
128520,0.1866971838,0.1865640796,0.1861639115,0.1854939993,0.1845496246,0.1833240167,0.1818078194,0.1799886692,0.1778504866,0.175372339,0.172526967,0.1692784119,0.1655784458,0.1613605458,0.1565297514,0.1509438465,0.144374849,0.1364190266,0.1262359128,0.1114323834,0.05676563482
128580,0.1866511438,0.1865180958,0.1861180967,0.1854484667,0.1845044885,0.1832793932,0.1817638266,0.1799454283,0.1778081227,0.1753309823,0.1724867544,0.1692394895,0.1655409718,0.1613246954,0.1564957243,0.1509118789,0.1443452362,0.136392167,0.1262124171,0.1114134494,0.05675902462
128640,0.1866051506,0.1864721588,0.1860723283,0.1854029802,0.1844593982,0.1832348148,0.1817198782,0.179902231,0.1777658013,0.175289667,0.172446582,0.1692006057,0.1655035347,0.1612888801,0.1564617303,0.1508799423,0.1443156517,0.1363653327,0.1261889433,0.1113945327,0.05675242491
128700,0.1865592041,0.1864262684,0.1860266065,0.1853575398,0.1844143535,0.1831902814,0.1816759742,0.1798590771,0.1777235225,0.175248393,0.1724064495,0.1691617605,0.1654661346,0.1612531,0.1564277694,0.1508480365,0.1442860955,0.1363385238,0.1261654913,0.1113756331,0.05674583567
128760,0.1865133042,0.1863804246,0.185980931,0.1853121455,0.1843693544,0.1831457931,0.1816321144,0.1798159667,0.177681286,0.1752071603,0.172366357,0.1691229538,0.1654287714,0.1612173549,0.1563938415,0.1508161614,0.1442565675,0.1363117403,0.1261420611,0.1113567507,0.05673925686
128820,0.186467451,0.1863346273,0.1859353018,0.1852667972,0.1843244008,0.1831013497,0.1815882989,0.1797728996,0.1776390919,0.1751659687,0.1723263045,0.1690841855,0.165391445,0.1611816449,0.1563599467,0.1507843172,0.1442270678,0.136284982,0.1261186526,0.1113378855,0.05673268848
128880,0.1864216442,0.1862888764,0.1858897188,0.1852214948,0.1842794927,0.1830569512,0.1815445275,0.1797298758,0.1775969401,0.1751248183,0.1722862917,0.1690454556,0.1653541554,0.1611459698,0.1563260848,0.1507525036,0.1441975962,0.1362582489,0.1260952659,0.1113190373,0.05672613049
128940,0.1863758838,0.1862431719,0.185844182,0.1851762382,0.1842346299,0.1830125975,0.1815008001,0.1796868952,0.1775548304,0.175083709,0.1722463187,0.1690067641,0.1653169024,0.1611103296,0.1562922558,0.1507207207,0.1441681527,0.136231541,0.1260719008,0.1113002062,0.05671958287
129000,0.1863301698,0.1861975136,0.1857986913,0.1851310274,0.1841898125,0.1829682884,0.1814571168,0.1796439578,0.1775127629,0.1750426406,0.1722063855,0.1689681108,0.1652796861,0.1610747243,0.1562584596,0.1506889684,0.1441387373,0.1362048583,0.1260485575,0.1112813922,0.05671304561
129060,0.186284502,0.1861519016,0.1857532466,0.1850858623,0.1841450403,0.182924024,0.1814134774,0.1796010634,0.1774707375,0.1750016132,0.1721664918,0.1689294956,0.1652425064,0.1610391537,0.1562246962,0.1506572466,0.1441093499,0.1361782007,0.1260252357,0.1112625952,0.05670651867
129120,0.1862388804,0.1861063357,0.1857078478,0.1850407428,0.1841003132,0.1828798042,0.1813698818,0.1795582119,0.1774287541,0.1749606266,0.1721266378,0.1688909187,0.1652053632,0.1610036179,0.1561909656,0.1506255554,0.1440799905,0.1361515682,0.1260019355,0.1112438152,0.05670000204
129180,0.186193305,0.1860608158,0.1856624949,0.1849956688,0.1840556312,0.1828356289,0.18132633,0.1795154035,0.1773868125,0.1749196809,0.1720868232,0.1688523798,0.1651682565,0.1609681168,0.1561572676,0.1505938946,0.1440506591,0.1361249607,0.1259786569,0.1112250522,0.0566934957
129240,0.1861477755,0.1860153419,0.1856171878,0.1849506402,0.1840109942,0.182791498,0.1812828219,0.1794726378,0.1773449129,0.1748787759,0.1720470481,0.1688138789,0.1651311862,0.1609326503,0.1561236023,0.1505622642,0.1440213555,0.1360983782,0.1259553998,0.1112063061,0.05668699962
129300,0.1861022921,0.1859699139,0.1855719263,0.1849056571,0.1839664022,0.1827474115,0.1812393574,0.179429915,0.1773030551,0.1748379115,0.1720073124,0.1687754159,0.1650941522,0.1608972183,0.1560899696,0.1505306642,0.1439920798,0.1360718207,0.1259321642,0.111187577,0.05668051378
129360,0.1860568545,0.1859245317,0.1855267105,0.1848607192,0.183921855,0.1827033692,0.1811959365,0.1793872349,0.177261239,0.1747970877,0.1719676161,0.1687369909,0.1650571546,0.1608618209,0.1560563694,0.1504990945,0.1439628319,0.136045288,0.1259089501,0.1111688647,0.05667403816
129420,0.1860114628,0.1858791953,0.1854815403,0.1848158266,0.1838773526,0.1826593711,0.1811525591,0.1793445974,0.1772194645,0.1747563045,0.1719279589,0.1686986037,0.1650201931,0.1608264579,0.1560228017,0.1504675551,0.1439336118,0.1360187803,0.1258857574,0.1111501693,0.05666757273
129480,0.1859661168,0.1858339046,0.1854364155,0.1847709792,0.183832895,0.1826154172,0.1811092251,0.1793020025,0.1771777317,0.1747155618,0.171888341,0.1686602543,0.1649832679,0.1607911294,0.1559892665,0.1504360459,0.1439044194,0.1359922975,0.1258625861,0.1111314908,0.05666111748
129540,0.1859208164,0.1857886594,0.1853913362,0.1847261769,0.1837884819,0.1825715074,0.1810659345,0.1792594501,0.1771360404,0.1746748594,0.1718487622,0.1686219425,0.1649463788,0.1607558352,0.1559557636,0.1504045669,0.1438752547,0.1359658394,0.1258394361,0.1111128291,0.05665467238
129600,0.1858755617,0.1857434598,0.1853463022,0.1846814196,0.1837441135,0.1825276415,0.1810226872,0.1792169402,0.1770943905,0.1746341974,0.1718092225,0.1685836685,0.1649095257,0.1607205753,0.155922293,0.150373118,0.1438461176,0.1359394061,0.1258163075,0.1110941842,0.05664823741
129660,0.1858303525,0.1856983057,0.1853013135,0.1846367072,0.1836997895,0.1824838196,0.1809794831,0.1791744726,0.177052782,0.1745935757,0.1717697219,0.168545432,0.1648727087,0.1606853496,0.1558888547,0.1503416992,0.1438170081,0.1359129975,0.1257932002,0.1110755561,0.05664181255
129720,0.1857851887,0.1856531969,0.1852563699,0.1845920397,0.18365551,0.1824400415,0.1809363221,0.1791320473,0.1770112149,0.1745529942,0.1717302601,0.168507233,0.1648359276,0.1606501582,0.1558554487,0.1503103104,0.1437879262,0.1358866137,0.1257701141,0.1110569447,0.05663539777
129780,0.1857400703,0.1856081335,0.1852114715,0.184547417,0.1836112748,0.1823963072,0.1808932043,0.1790896643,0.1769696891,0.1745124529,0.1716908373,0.1684690716,0.1647991824,0.1606150008,0.1558220748,0.1502789516,0.1437588718,0.1358602545,0.1257470493,0.1110383501,0.05662899306
129840,0.1856949972,0.1855631152,0.1851666181,0.1845028391,0.183567084,0.1823526166,0.1808501294,0.1790473235,0.1769282044,0.1744719516,0.1716514532,0.1684309475,0.164762473,0.1605798776,0.1557887331,0.1502476228,0.1437298449,0.1358339199,0.1257240057,0.1110197721,0.0566225984
129900,0.1856499693,0.1855181422,0.1851218098,0.1844583058,0.1835229373,0.1823089697,0.1808070975,0.1790050248,0.1768867609,0.1744314903,0.171612108,0.1683928608,0.1647257994,0.1605447884,0.1557554234,0.1502163238,0.1437008454,0.1358076098,0.1257009832,0.1110012108,0.05661621376
129960,0.1856049866,0.1854732142,0.1850770463,0.1844138171,0.1834788348,0.1822653663,0.1807641084,0.1789627681,0.1768453584,0.1743910691,0.1715728014,0.1683548114,0.1646891616,0.1605097331,0.1557221458,0.1501850547,0.1436718732,0.1357813244,0.1256779819,0.1109826662,0.05660983912
130020,0.185560049,0.1854283313,0.1850323276,0.1843693729,0.1834347763,0.1822218065,0.1807211621,0.1789205533,0.176803997,0.1743506877,0.1715335335,0.1683167992,0.1646525594,0.1604747118,0.1556889001,0.1501538154,0.1436429284,0.1357550634,0.1256550017,0.1109641382,0.05660347445
130080,0.1855151563,0.1853834933,0.1849876537,0.1843249731,0.1833907619,0.1821782901,0.1806782586,0.1788783805,0.1767626765,0.1743103461,0.1714943042,0.1682788243,0.1646159928,0.1604397244,0.1556556864,0.1501226058,0.143614011,0.1357288269,0.1256320426,0.1109456268,0.05659711975
130140,0.1854703087,0.1853387002,0.1849430245,0.1842806178,0.1833467914,0.182134817,0.1806353978,0.1788362495,0.1767213968,0.1742700443,0.1714551134,0.1682408864,0.1645794618,0.1604047707,0.1556225045,0.150091426,0.1435851207,0.1357026149,0.1256091045,0.110927132,0.05659077498
130200,0.1854255058,0.1852939519,0.1848984399,0.1842363067,0.1833028648,0.1820913872,0.1805925795,0.1787941603,0.176680158,0.1742297822,0.171415961,0.1682029856,0.1645429663,0.1603698509,0.1555893545,0.1500602758,0.1435562577,0.1356764272,0.1255861874,0.1109086537,0.05658444013
130260,0.1853807478,0.1852492483,0.1848538999,0.1841920399,0.1832589819,0.1820480007,0.1805498038,0.1787521128,0.1766389599,0.1741895598,0.1713768471,0.1681651218,0.1645065062,0.1603349647,0.1555562363,0.1500291553,0.1435274219,0.1356502639,0.1255632913,0.110890192,0.05657811518
130320,0.1853360345,0.1852045894,0.1848094043,0.1841478172,0.1832151428,0.1820046573,0.1805070705,0.1787101069,0.1765978025,0.1741493769,0.1713377714,0.1681272949,0.1644700815,0.1603001122,0.1555231498,0.1499980643,0.1434986132,0.1356241249,0.1255404162,0.1108717467,0.05657180009
130380,0.1852913659,0.1851599751,0.1847649531,0.1841036386,0.1831713473,0.181961357,0.1804643796,0.1786681426,0.1765566856,0.1741092336,0.1712987341,0.1680895049,0.1644336922,0.1602652933,0.1554900949,0.1499670028,0.1434698316,0.1355980102,0.1255175619,0.1108533179,0.05656549486
130440,0.1852467418,0.1851154053,0.1847205463,0.184059504,0.1831275954,0.1819180997,0.1804217311,0.1786262198,0.1765156094,0.1740691297,0.171259735,0.1680517518,0.1643973381,0.160230508,0.1554570717,0.1499359708,0.143441077,0.1355719197,0.1254947285,0.1108349056,0.05655919946
130500,0.1852021622,0.1850708799,0.1846761837,0.1840154134,0.183083887,0.1818748854,0.1803791248,0.1785843384,0.1764745736,0.1740290651,0.171220774,0.1680140354,0.1643610193,0.1601957561,0.1554240801,0.1499049683,0.1434123494,0.1355458535,0.125471916,0.1108165097,0.05655291387
130560,0.1851576271,0.1850263989,0.1846318653,0.1839713667,0.1830402221,0.181831714,0.1803365607,0.1785424984,0.1764335782,0.17398904,0.1711818511,0.1679763557,0.1643247356,0.1601610377,0.15539112,0.1498739951,0.1433836488,0.1355198114,0.1254491243,0.1107981302,0.05654663807
130620,0.1851131363,0.1849819622,0.184587591,0.1839273637,0.1829966005,0.1817885853,0.1802940388,0.1785006997,0.1763926232,0.1739490541,0.1711429663,0.1679387127,0.164288487,0.1601263527,0.1553581914,0.1498430513,0.1433549752,0.1354937934,0.1254263534,0.1107797671,0.05654037204
130680,0.1850686899,0.1849375698,0.1845433608,0.1838834045,0.1829530223,0.1817454995,0.1802515588,0.1784589423,0.1763517085,0.1739091073,0.1711041194,0.1679011063,0.1642522735,0.1600917011,0.1553252943,0.1498121368,0.1433263284,0.1354677996,0.1254036033,0.1107614204,0.05653411576
130740,0.1850242876,0.1848932215,0.1844991745,0.183839489,0.1829094872,0.1817024562,0.1802091209,0.178417226,0.1763108341,0.1738691998,0.1710653105,0.1678635364,0.164216095,0.1600570827,0.1552924285,0.1497812516,0.1432977084,0.1354418298,0.1253808739,0.1107430899,0.0565278692
130800,0.1849799295,0.1848489172,0.1844550322,0.1837956171,0.1828659954,0.1816594556,0.1801667249,0.1783755508,0.1762699997,0.1738293313,0.1710265394,0.167826003,0.1641799514,0.1600224976,0.1552595941,0.1497503955,0.1432691153,0.135415884,0.1253581652,0.1107247758,0.05652163235
130860,0.1849356155,0.1848046571,0.1844109336,0.1837517887,0.1828225466,0.1816164976,0.1801243708,0.1783339167,0.1762292055,0.1737895018,0.1709878061,0.1677885061,0.1641438428,0.1599879457,0.1552267909,0.1497195686,0.1432405489,0.1353899623,0.1253354771,0.110706478,0.05651540519
130920,0.1848913455,0.1847604408,0.1843668789,0.1837080037,0.1827791409,0.181573582,0.1800820584,0.1782923236,0.1761884513,0.1737497113,0.1709491105,0.1677510455,0.1641077689,0.1599534269,0.155194019,0.1496887709,0.1432120093,0.1353640645,0.1253128097,0.1106881964,0.05650918769
130980,0.1848471194,0.1847162685,0.1843228678,0.1836642622,0.1827357781,0.1815307088,0.1800397878,0.1782507714,0.1761477371,0.1737099597,0.1709104527,0.1677136212,0.1640717299,0.1599189412,0.1551612783,0.1496580022,0.1431834963,0.1353381906,0.1252901629,0.1106699311,0.05650297983
131040,0.1848029373,0.1846721399,0.1842789004,0.183620564,0.1826924582,0.181487878,0.1799975589,0.17820926,0.1761070628,0.1736702469,0.1708718324,0.1676762331,0.1640357256,0.1598844885,0.1551285687,0.1496272625,0.1431550099,0.1353123405,0.1252675366,0.1106516819,0.0564967816
131100,0.1847587989,0.1846280551,0.1842349766,0.183576909,0.1826491812,0.1814450894,0.1799553715,0.1781677894,0.1760664284,0.1736305729,0.1708332497,0.1676388813,0.1639997559,0.1598500688,0.1550958902,0.1495965518,0.1431265502,0.1352865144,0.1252449309,0.110633449,0.05649059298
131160,0.1847147042,0.184584014,0.1841910962,0.1835332972,0.1826059469,0.181402343,0.1799132256,0.1781263595,0.1760258337,0.1735909376,0.1707947045,0.1676015656,0.1639638209,0.1598156821,0.1550632428,0.1495658701,0.143098117,0.135260712,0.1252223457,0.1106152322,0.05648441394
131220,0.1846706532,0.1845400165,0.1841472592,0.1834897285,0.1825627553,0.1813596388,0.1798711213,0.1780849703,0.1759852787,0.173551341,0.1707561967,0.1675642859,0.1639279205,0.1597813282,0.1550306264,0.1495352172,0.1430697103,0.1352349334,0.125199781,0.1105970315,0.05647824446
131280,0.1846266458,0.1844960625,0.1841034656,0.1834462029,0.1825196063,0.1813169767,0.1798290583,0.1780436217,0.1759447634,0.1735117829,0.1707177263,0.1675270423,0.1638920546,0.1597470071,0.1549980409,0.1495045932,0.1430413301,0.1352091785,0.1251772367,0.110578847,0.05647208452
131340,0.1845826819,0.1844521519,0.1840597153,0.1834027203,0.1824764999,0.1812743565,0.1797870366,0.1780023136,0.1759042878,0.1734722634,0.1706792933,0.1674898347,0.1638562231,0.1597127189,0.1549654863,0.1494739981,0.1430129764,0.1351834474,0.1251547129,0.1105606786,0.05646593411
131400,0.1845387615,0.1844082848,0.1840160082,0.1833592805,0.1824334359,0.1812317783,0.1797450562,0.177961046,0.1758638516,0.1734327824,0.1706408975,0.167452663,0.163820426,0.1596784633,0.1549329626,0.1494434316,0.142984649,0.1351577399,0.1251322094,0.1105425262,0.0564597932
131460,0.1844948845,0.184364461,0.1839723442,0.1833158836,0.1823904144,0.1811892419,0.179703117,0.1779198188,0.1758234549,0.1733933397,0.1706025389,0.1674155272,0.1637846633,0.1596442405,0.1549004697,0.1494128939,0.142956348,0.135132056,0.1251097263,0.1105243899,0.05645366177
131520,0.1844510508,0.1843206804,0.1839287233,0.1832725295,0.1823474352,0.1811467474,0.179661219,0.1778786319,0.1757830976,0.1733539354,0.1705642175,0.1673784271,0.1637489349,0.1596100502,0.1548680076,0.1493823849,0.1429280733,0.1351063957,0.1250872636,0.1105062696,0.0564475398
131580,0.1844072603,0.184276943,0.1838851454,0.1832292181,0.1823044983,0.1811042946,0.179619362,0.1778374853,0.1757427797,0.1733145694,0.1705259331,0.1673413628,0.1637132407,0.1595758926,0.1548355761,0.1493519045,0.1428998249,0.135080759,0.1250648211,0.1104881653,0.05644142728
131640,0.184363513,0.1842332488,0.1838416105,0.1831859493,0.1822616036,0.1810618835,0.179577546,0.1777963789,0.1757025011,0.1732752417,0.1704876858,0.1673043342,0.1636775807,0.1595417674,0.1548031754,0.1493214527,0.1428716027,0.1350551458,0.1250423989,0.1104700769,0.05643532418
131700,0.1843198088,0.1841895976,0.1837981184,0.1831427231,0.1822187511,0.1810195139,0.1795357709,0.1777553126,0.1756622616,0.1732359521,0.1704494755,0.1672673412,0.1636419549,0.1595076748,0.1547708052,0.1492910294,0.1428434067,0.1350295561,0.1250199969,0.1104520045,0.05642923049
131760,0.1842761477,0.1841459894,0.1837546691,0.1830995394,0.1821759406,0.180977186,0.1794940368,0.1777142864,0.1756220614,0.1731967006,0.170411302,0.1672303838,0.1636063632,0.1594736145,0.1547384657,0.1492606347,0.1428152369,0.1350039899,0.1249976151,0.1104339481,0.05642314617
131820,0.1842325295,0.1841024241,0.1837112626,0.1830563981,0.1821331722,0.1809348995,0.1794523434,0.1776733003,0.1755819002,0.1731574871,0.1703731655,0.167193462,0.1635708055,0.1594395867,0.1547061566,0.1492302684,0.1427870931,0.134978447,0.1249752535,0.1104159075,0.05641707122
131880,0.1841889543,0.1840589016,0.1836678987,0.1830132992,0.1820904457,0.1808926544,0.1794106908,0.1776323541,0.1755417781,0.1731183116,0.1703350657,0.1671565756,0.1635352817,0.1594055911,0.1546738781,0.1491999305,0.1427589755,0.1349529276,0.1249529121,0.1103978828,0.05641100562
131940,0.1841454218,0.1840154219,0.1836245775,0.1829702426,0.1820477611,0.1808504506,0.1793690789,0.1775914478,0.175501695,0.1730791741,0.1702970027,0.1671197246,0.1634997919,0.1593716279,0.1546416299,0.149169621,0.1427308839,0.1349274314,0.1249305908,0.110379874,0.05640494933
132000,0.1841019322,0.183971985,0.1835812987,0.1829272283,0.1820051184,0.1808082881,0.1793275075,0.1775505813,0.1754616507,0.1730400745,0.1702589764,0.167082909,0.163464336,0.1593376969,0.1546094122,0.1491393398,0.1427028183,0.1349019586,0.1249082895,0.110361881,0.05639890235
132060,0.1840584853,0.1839285907,0.1835380625,0.1828842561,0.1819625173,0.1807661669,0.1792859768,0.1775097546,0.1754216454,0.1730010126,0.1702209867,0.1670461286,0.1634289139,0.159303798,0.1545772248,0.1491090868,0.1426747786,0.1348765091,0.1248860083,0.1103439039,0.05639286466
132120,0.184015081,0.1838852389,0.1834948686,0.182841326,0.181919958,0.1807240868,0.1792444865,0.1774689676,0.1753816788,0.1729619885,0.1701830336,0.1670093836,0.1633935256,0.1592699313,0.1545450677,0.1490788622,0.1426467649,0.1348510828,0.1248637472,0.1103259425,0.05638683623
132180,0.1839717192,0.1838419297,0.1834517171,0.1827984379,0.1818774403,0.1806820478,0.1792030367,0.1774282203,0.175341751,0.1729230021,0.170145117,0.1669726737,0.163358171,0.1592360966,0.1545129408,0.1490486657,0.142618777,0.1348256798,0.124841506,0.1103079969,0.05638081705
132240,0.1839284,0.1837986629,0.1834086078,0.1827555919,0.1818349641,0.1806400498,0.1791616272,0.1773875125,0.1753018618,0.1728840534,0.1701072368,0.1669359989,0.1633228501,0.159202294,0.1544808442,0.1490184974,0.142590815,0.1348002998,0.1248192848,0.110290067,0.0563748071
132300,0.1838851232,0.1837554385,0.1833655408,0.1827127877,0.1817925295,0.1805980927,0.179120258,0.1773468442,0.1752620113,0.1728451422,0.1700693931,0.1668993593,0.1632875627,0.1591685234,0.1544487777,0.1489883572,0.1425628788,0.1347749431,0.1247970836,0.1102721528,0.05636880635
132360,0.1838418887,0.1837122564,0.1833225158,0.1826700254,0.1817501362,0.1805561766,0.1790789291,0.1773062155,0.1752221993,0.1728062685,0.1700315857,0.1668627547,0.163252309,0.1591347846,0.1544167413,0.148958245,0.1425349684,0.1347496094,0.1247749022,0.1102542543,0.05636281479
132420,0.1837986966,0.1836691165,0.183279533,0.1826273048,0.1817077843,0.1805143013,0.1790376403,0.1772656261,0.1751824258,0.1727674323,0.1699938146,0.166826185,0.1632170887,0.1591010778,0.1543847349,0.1489281609,0.1425070837,0.1347242988,0.1247527408,0.1102363715,0.0563568324
132480,0.1837555467,0.1836260188,0.1832365921,0.182584626,0.1816654738,0.1804724667,0.1789963917,0.177225076,0.1751426907,0.1727286335,0.1699560797,0.1667896503,0.163181902,0.1590674028,0.1543527586,0.1488981048,0.1424792246,0.1346990112,0.1247305991,0.1102185044,0.05635085916
132540,0.183712439,0.1835829633,0.1831936932,0.1825419888,0.1816232044,0.1804306729,0.1789551831,0.1771845652,0.175102994,0.172689872,0.169918381,0.1667531505,0.1631467486,0.1590337596,0.1543208123,0.1488680766,0.1424513912,0.1346737467,0.1247084774,0.1102006529,0.05634489505
132600,0.1836693734,0.1835399497,0.1831508361,0.1824993931,0.1815809762,0.1803889196,0.1789140145,0.1771440937,0.1750633357,0.1726511479,0.1698807185,0.1667166855,0.1631116286,0.1590001481,0.1542888959,0.1488380763,0.1424235835,0.1346485051,0.1246863753,0.110182817,0.05633894005
132660,0.1836263498,0.1834969782,0.1831080208,0.182456839,0.1815387891,0.180347207,0.1788728858,0.1771036613,0.1750237156,0.1726124609,0.1698430919,0.1666802552,0.1630765419,0.1589665683,0.1542570093,0.1488081039,0.1423958013,0.1346232864,0.1246642931,0.1101649966,0.05633299414
132720,0.1835833682,0.1834540486,0.1830652473,0.1824143263,0.1814966431,0.1803055349,0.1788317969,0.177063268,0.1749841336,0.1725738112,0.1698055015,0.1666438596,0.1630414884,0.1589330202,0.1542251526,0.1487781593,0.1423680446,0.1345980906,0.1246422306,0.1101471919,0.05632705731
132780,0.1835404285,0.1834111608,0.1830225155,0.182371855,0.181454538,0.1802639032,0.1787907479,0.1770229137,0.1749445898,0.1725351985,0.1697679469,0.1666074987,0.1630064682,0.1588995036,0.1541933257,0.1487482424,0.1423403134,0.1345729177,0.1246201878,0.1101294026,0.05632112953
132840,0.1834975306,0.1833683148,0.1829798252,0.1823294251,0.1814124739,0.1802223119,0.1787497386,0.1769825984,0.1749050841,0.1724966229,0.1697304283,0.1665711724,0.1629714811,0.1588660186,0.1541615285,0.1487183533,0.1423126077,0.1345477676,0.1245981647,0.1101116289,0.05631521078
132900,0.1834546745,0.1833255105,0.1829371766,0.1822870363,0.1813704505,0.1801807609,0.178708769,0.1769423219,0.1748656164,0.1724580843,0.1696929455,0.1665348807,0.1629365271,0.158832565,0.154129761,0.1486884919,0.1422849274,0.1345226403,0.1245761612,0.1100938707,0.05630930105
132960,0.1834118601,0.1832827478,0.1828945693,0.1822446888,0.181328468,0.1801392502,0.178667839,0.1769020844,0.1748261867,0.1724195826,0.1696554985,0.1664986234,0.1629016062,0.1587991429,0.1540980232,0.1486586581,0.1422572724,0.1344975358,0.1245541773,0.1100761279,0.05630340032
133020,0.1833690874,0.1832400268,0.1828520035,0.1822023824,0.1812865262,0.1800977796,0.1786269486,0.1768618856,0.1747867949,0.1723811178,0.1696180872,0.1664624006,0.1628667182,0.1587657522,0.154066315,0.148628852,0.1422296428,0.134472454,0.124532213,0.1100584006,0.05629750857
133080,0.1833263562,0.1831973472,0.1828094791,0.182160117,0.181244625,0.1800563492,0.1785860976,0.1768217256,0.1747474409,0.1723426898,0.1695807116,0.1664262122,0.1628318632,0.1587323929,0.1540346363,0.1485990733,0.1422020385,0.1344473949,0.1245102683,0.1100406887,0.05629162578
133140,0.1832836665,0.1831547092,0.1827669959,0.1821178927,0.1812027645,0.1800149589,0.1785452861,0.1767816042,0.1747081247,0.1723042987,0.1695433716,0.1663900581,0.1627970412,0.1586990649,0.1540029872,0.1485693223,0.1421744595,0.1344223585,0.1244883431,0.1100229922,0.05628575194
133200,0.1832410183,0.1831121125,0.1827245539,0.1820757093,0.1811609444,0.1799736086,0.1785045139,0.1767415214,0.1746688462,0.1722659442,0.1695060672,0.1663539383,0.1627622519,0.1586657681,0.1539713676,0.1485395987,0.1421469057,0.1343973446,0.1244664375,0.1100053111,0.05627988701
133260,0.1831984115,0.1830695571,0.1826821531,0.1820335667,0.1811191648,0.1799322982,0.1784637811,0.1767014772,0.1746296054,0.1722276263,0.1694687983,0.1663178527,0.1627274955,0.1586325025,0.1539397773,0.1485099025,0.1421193771,0.1343723534,0.1244445512,0.1099876454,0.05627403099
133320,0.183155846,0.183027043,0.1826397934,0.1819914649,0.1810774257,0.1798910277,0.1784230875,0.1766614715,0.1745904022,0.1721893451,0.1694315649,0.1662818013,0.1626927718,0.1585992681,0.1539082165,0.1484802337,0.1420918736,0.1343473847,0.1244226845,0.1099699949,0.05626818386
133380,0.1831133218,0.1829845701,0.1825974747,0.1819494039,0.1810357268,0.179849797,0.178382433,0.1766215042,0.1745512365,0.1721511004,0.1693943669,0.1662457841,0.1626580808,0.1585660647,0.153876685,0.1484505923,0.1420643953,0.1343224386,0.1244008371,0.1099523598,0.05626234559
133440,0.1830708387,0.1829421383,0.182555197,0.1819073836,0.1809940682,0.1798086061,0.1783418177,0.1765815752,0.1745121083,0.1721128922,0.1693572042,0.1662098009,0.1626234225,0.1585328925,0.1538451828,0.1484209782,0.142036942,0.1342975149,0.1243790092,0.10993474,0.05625651617
133500,0.1830283968,0.1828997476,0.1825129602,0.1818654039,0.1809524499,0.1797674549,0.1783012415,0.1765416846,0.1744730176,0.1720747205,0.1693200768,0.1661738517,0.1625887968,0.1584997513,0.1538137098,0.1483913914,0.1420095138,0.1342726137,0.1243572006,0.1099171355,0.05625069559
133560,0.1829859959,0.1828573979,0.1824707642,0.1818234647,0.1809108717,0.1797263433,0.1782607043,0.1765018322,0.1744339642,0.1720365851,0.1692829847,0.1661379365,0.1625542036,0.158466641,0.1537822661,0.1483618319,0.1419821105,0.1342477349,0.1243354113,0.1098995462,0.05624488382
133620,0.182943636,0.1828150892,0.182428609,0.181781566,0.1808693336,0.1796852713,0.178220206,0.176462018,0.1743949482,0.171998486,0.1692459277,0.1661020552,0.1625196429,0.1584335617,0.1537508515,0.1483322995,0.1419547323,0.1342228786,0.1243136413,0.1098819721,0.05623908084
133680,0.1829013171,0.1827728213,0.1823864945,0.1817397078,0.1808278355,0.1796442388,0.1781797466,0.176422242,0.1743559694,0.1719604232,0.1692089059,0.1660662078,0.1624851147,0.1584005132,0.153719466,0.1483027942,0.1419273789,0.1341980445,0.1242918906,0.1098644132,0.05623328664
133740,0.182859039,0.1827305942,0.1823444206,0.1816978899,0.1807863774,0.1796032458,0.178139326,0.176382504,0.1743170278,0.1719223966,0.1691719191,0.1660303942,0.1624506188,0.1583674956,0.1536881096,0.1482733161,0.1419000505,0.1341732328,0.1242701592,0.1098468695,0.05622750119
133800,0.1828168018,0.1826884079,0.1823023873,0.1816561123,0.1807449592,0.1795622921,0.1780989442,0.1763428041,0.1742781234,0.1718844061,0.1691349674,0.1659946143,0.1624161554,0.1583345087,0.1536567822,0.1482438651,0.1418727469,0.1341484434,0.124248447,0.109829341,0.05622172449
133860,0.1827746052,0.1826462623,0.1822603945,0.1816143749,0.1807035808,0.1795213778,0.1780586011,0.1763031421,0.174239256,0.1718464518,0.1690980507,0.1659588682,0.1623817242,0.1583015526,0.1536254839,0.148214441,0.1418454681,0.1341236763,0.1242267539,0.1098118276,0.05621595651
133920,0.1827324494,0.1826041573,0.1822184422,0.1815726777,0.1806622422,0.1794805028,0.1780182966,0.1762635179,0.1742004257,0.1718085335,0.1690611688,0.1659231558,0.1623473253,0.1582686272,0.1535942144,0.148185044,0.1418182141,0.1340989314,0.1242050801,0.1097943294,0.05621019723
133980,0.1826903342,0.1825620929,0.1821765303,0.1815310206,0.1806209433,0.1794396669,0.1779780307,0.1762239317,0.1741616324,0.1717706511,0.1690243219,0.1658874769,0.1623129586,0.1582357324,0.1535629739,0.1481556739,0.1417909849,0.1340742086,0.1241834253,0.1097768462,0.05620444664
134040,0.1826482595,0.1825200689,0.1821346587,0.1814894036,0.1805796841,0.1793988702,0.1779378033,0.1761843832,0.174122876,0.1717328047,0.1689875097,0.1658518316,0.162278624,0.1582028682,0.1535317622,0.1481263307,0.1417637803,0.1340495081,0.1241617897,0.1097593781,0.05619870471
134100,0.1826062253,0.1824780854,0.1820928274,0.1814478266,0.1805384645,0.1793581126,0.1778976144,0.1761448724,0.1740841564,0.1716949942,0.1689507323,0.1658162198,0.1622443216,0.1581700345,0.1535005794,0.1480970144,0.1417366004,0.1340248297,0.1241401731,0.109741925,0.05619297144
134160,0.1825642316,0.1824361423,0.1820510363,0.1814062894,0.1804972844,0.1793173941,0.1778574639,0.1761053993,0.1740454736,0.1716572195,0.1689139897,0.1657806415,0.1622100512,0.1581372314,0.1534694253,0.148067725,0.1417094452,0.1340001733,0.1241185756,0.109724487,0.0561872468
134220,0.1825222782,0.1823942395,0.1820092853,0.1813647922,0.1804561438,0.1792767144,0.1778173518,0.1760659638,0.1740068276,0.1716194806,0.1688772816,0.1657450965,0.1621758128,0.1581044587,0.1534382999,0.1480384623,0.1416823145,0.1339755391,0.1240969972,0.109707064,0.05618153077
134280,0.1824803652,0.1823523769,0.1819675745,0.1813233348,0.1804150426,0.1792360737,0.1777772779,0.1760265659,0.1739682183,0.1715817773,0.1688406082,0.1657095849,0.1621416064,0.1580717165,0.1534072033,0.1480092263,0.1416552084,0.1339509268,0.1240754377,0.1096896559,0.05617582334
134340,0.1824384923,0.1823105545,0.1819259036,0.1812819171,0.1803739807,0.1791954719,0.1777372422,0.1759872054,0.1739296456,0.1715441098,0.1688039693,0.1656741067,0.1621074319,0.1580390046,0.1533761352,0.1479800171,0.1416281268,0.1339263366,0.1240538972,0.1096722629,0.05617012449
134400,0.1823966597,0.1822687723,0.1818842727,0.181240539,0.1803329581,0.1791549088,0.1776972448,0.1759478824,0.1738911095,0.1715064778,0.1687673649,0.1656386616,0.1620732893,0.158006323,0.1533450958,0.1479508346,0.1416010698,0.1339017683,0.1240323756,0.1096548847,0.0561644342
134460,0.1823548672,0.1822270301,0.1818426817,0.1811992006,0.1802919748,0.1791143845,0.1776572854,0.1759085968,0.17385261,0.1714688813,0.168730795,0.1656032498,0.1620391785,0.1579736717,0.1533140849,0.1479216786,0.1415740371,0.133877222,0.124010873,0.1096375215,0.05615875246
134520,0.1823131147,0.1821853279,0.1818011305,0.1811579018,0.1802510306,0.1790738988,0.1776173641,0.1758693485,0.1738141468,0.1714313204,0.1686942594,0.1655678711,0.1620050994,0.1579410506,0.1532831025,0.1478925493,0.1415470289,0.1338526975,0.1239893892,0.1096201732,0.05615307924
134580,0.1822714022,0.1821436656,0.1817596191,0.1811166424,0.1802101256,0.1790334517,0.1775774808,0.1758301374,0.1737757201,0.1713937949,0.1686577582,0.1655325256,0.1619710521,0.1579084597,0.1532521486,0.1478634465,0.1415200451,0.133828195,0.1239679243,0.1096028398,0.05614741453
134640,0.1822297297,0.1821020432,0.1817181474,0.1810754225,0.1801692596,0.1789930432,0.1775376354,0.1757909635,0.1737373298,0.1713563048,0.1686212913,0.165497213,0.1619370364,0.157875899,0.1532212232,0.1478343702,0.1414930856,0.1338037143,0.1239464782,0.1095855212,0.05614175831
134700,0.182188097,0.1820604607,0.1816767154,0.181034242,0.1801284325,0.1789526732,0.1774978279,0.1757518268,0.1736989758,0.17131885,0.1685848586,0.1654619335,0.1619030524,0.1578433683,0.1531903261,0.1478053204,0.1414661504,0.1337792553,0.1239250509,0.1095682175,0.05613611057
134760,0.1821465041,0.1820189179,0.1816353229,0.1809931008,0.1800876444,0.1789123416,0.1774580582,0.1757127272,0.173660658,0.1712814305,0.16854846,0.165426687,0.1618691,0.1578108677,0.1531594573,0.1477762971,0.1414392394,0.1337548182,0.1239036424,0.1095509286,0.05613047128
134820,0.182104951,0.1819774148,0.18159397,0.1809519988,0.1800468952,0.1788720483,0.1774183263,0.1756736646,0.1736223764,0.1712440462,0.1685120956,0.1653914733,0.161835179,0.1577783971,0.1531286169,0.1477473001,0.1414123528,0.1337304028,0.1238822527,0.1095336545,0.05612484044
134880,0.1820634376,0.1819359513,0.1815526566,0.180910936,0.1800061848,0.1788317934,0.1773786321,0.175634639,0.1735841309,0.1712066971,0.1684757653,0.1653562925,0.1618012896,0.1577459564,0.1530978047,0.1477183294,0.1413854903,0.1337060091,0.1238608816,0.1095163951,0.05611921801
134940,0.1820219638,0.1818945274,0.1815113825,0.1808699124,0.1799655131,0.1787915768,0.1773389755,0.1755956504,0.1735459215,0.1711693831,0.168439469,0.1653211445,0.1617674316,0.1577135457,0.1530670207,0.1476893851,0.1413586519,0.1336816371,0.1238395293,0.1094991505,0.05611360399
135000,0.1819805295,0.181853143,0.1814701478,0.1808289278,0.1799248802,0.1787513983,0.1772993565,0.1755566985,0.1735077481,0.1711321042,0.1684032067,0.1652860292,0.161733605,0.1576811648,0.153036265,0.1476604671,0.1413318377,0.1336572867,0.1238181956,0.1094819207,0.05610799836
135060,0.1819391348,0.181811798,0.1814289524,0.1807879823,0.1798842858,0.178711258,0.1772597751,0.1755177835,0.1734696107,0.1710948603,0.1683669783,0.1652509467,0.1616998097,0.1576488138,0.1530055373,0.1476315753,0.1413050476,0.133632958,0.1237968806,0.1094647055,0.05610240109
135120,0.1818977795,0.1817704925,0.1813877962,0.1807470757,0.1798437301,0.1786711557,0.1772202311,0.1754789053,0.1734315092,0.1710576513,0.1683307838,0.1652158968,0.1616660458,0.1576164925,0.1529748377,0.1476027097,0.1412782816,0.1336086508,0.1237755842,0.1094475051,0.05609681219
135180,0.1818564636,0.1817292263,0.1813466792,0.180706208,0.1798032128,0.1786310915,0.1771807245,0.1754400637,0.1733934436,0.1710204772,0.1682946231,0.1651808795,0.161632313,0.157584201,0.1529441662,0.1475738703,0.1412515396,0.1335843652,0.1237543064,0.1094303193,0.05609123161
135240,0.181815187,0.1816879993,0.1813056013,0.1806653791,0.179762734,0.1785910653,0.1771412553,0.1754012588,0.1733554138,0.170983338,0.1682584962,0.1651458947,0.1615986115,0.1575519392,0.1529135227,0.1475450569,0.1412248215,0.1335601012,0.1237330471,0.1094131481,0.05608565936
135300,0.1817739497,0.1816468116,0.1812645624,0.180624589,0.1797222936,0.1785510769,0.1771018234,0.1753624905,0.1733174197,0.1709462336,0.168222403,0.1651109425,0.1615649411,0.157519707,0.1528829071,0.1475162697,0.1411981274,0.1335358586,0.1237118064,0.1093959916,0.05608009541
135360,0.1817327516,0.181605663,0.1812235626,0.1805838377,0.1796818915,0.1785111264,0.1770624287,0.1753237587,0.1732794614,0.1709091639,0.1681863434,0.1650760227,0.1615313019,0.1574875044,0.1528523195,0.1474875085,0.1411714573,0.1335116374,0.1236905842,0.1093788497,0.05607453974
135420,0.1816915926,0.1815645534,0.1811826016,0.180543125,0.1796415277,0.1784712137,0.1770230713,0.1752850634,0.1732415387,0.170872129,0.1681503175,0.1650411353,0.1614976937,0.1574553314,0.1528217598,0.1474587733,0.141144811,0.1334874377,0.1236693805,0.1093617224,0.05606899235
135480,0.1816504727,0.181523483,0.1811416796,0.1805024509,0.1796012022,0.1784313387,0.1769837509,0.1752464045,0.1732036515,0.1708351286,0.1681143251,0.1650062803,0.1614641165,0.1574231878,0.1527912278,0.1474300641,0.1411181885,0.1334632594,0.1236481952,0.1093446097,0.0560634532
135540,0.1816093919,0.1814824515,0.1811007963,0.1804618153,0.1795609148,0.1783915014,0.1769444677,0.1752077819,0.1731657999,0.1707981629,0.1680783663,0.1649714576,0.1614305702,0.1573910738,0.1527607237,0.1474013808,0.1410915899,0.1334391025,0.1236270283,0.1093275114,0.05605792229
135600,0.18156835,0.1814414589,0.1810599518,0.1804212182,0.1795206655,0.1783517017,0.1769052214,0.1751691957,0.1731279838,0.1707612317,0.1680424409,0.1649366672,0.1613970549,0.1573589892,0.1527302474,0.1473727234,0.141065015,0.1334149669,0.1236058799,0.1093104278,0.0560523996
135660,0.181527347,0.1814005051,0.1810191459,0.1803806595,0.1794804542,0.1783119395,0.1768660122,0.1751306457,0.1730902031,0.1707243349,0.1680065489,0.164901909,0.1613635705,0.1573269339,0.1526997988,0.1473440919,0.1410384639,0.1333908526,0.1235847498,0.1092933586,0.05604688511
135720,0.1814863828,0.1813595902,0.1809783787,0.1803401392,0.1794402809,0.1782722149,0.1768268398,0.1750921319,0.1730524578,0.1706874726,0.1679706903,0.1648671829,0.1613301169,0.157294908,0.1526693778,0.1473154861,0.1410119365,0.1333667596,0.1235636381,0.1092763039,0.0560413788
135780,0.1814454575,0.1813187139,0.1809376501,0.1802996572,0.1794001456,0.1782325277,0.1767877043,0.1750536543,0.1730147478,0.1706506447,0.1679348651,0.164832489,0.1612966941,0.1572629114,0.1526389845,0.1472869062,0.1409854327,0.1333426878,0.1235425447,0.1092592636,0.05603588067
135840,0.1814045708,0.1812778764,0.18089696,0.1802592134,0.1793600481,0.1781928779,0.1767486055,0.1750152128,0.1729770731,0.1706138511,0.167899073,0.1647978271,0.161263302,0.157230944,0.1526086188,0.1472583519,0.1409589526,0.1333186372,0.1235214696,0.1092422378,0.05603039068
135900,0.1813637229,0.1812370775,0.1808563084,0.1802188079,0.1793199885,0.1781532654,0.1767095435,0.1749768072,0.1729394336,0.1705770918,0.1678633142,0.1647631973,0.1612299406,0.1571990059,0.1525782806,0.1472298234,0.1409324962,0.1332946078,0.1235004127,0.1092252265,0.05602490883
135960,0.1813229135,0.1811963171,0.1808156951,0.1801784404,0.1792799666,0.1781136902,0.1766705182,0.1749384377,0.1729018292,0.1705403667,0.1678275886,0.1647285994,0.1611966098,0.1571670969,0.1525479699,0.1472013206,0.1409060632,0.1332705996,0.1234793742,0.1092082295,0.0560194351
136020,0.1812821427,0.1811555952,0.1807751202,0.1801381111,0.1792399824,0.1780741523,0.1766315296,0.1749001041,0.17286426,0.1705036758,0.167791896,0.1646940335,0.1611633097,0.157135217,0.1525176867,0.1471728433,0.1408796538,0.1332466125,0.1234583538,0.1091912469,0.05601396947
136080,0.1812414104,0.1811149117,0.1807345835,0.1800978197,0.1792000358,0.1780346515,0.1765925775,0.1748618064,0.1728267258,0.170467019,0.1677562366,0.1646594994,0.1611300401,0.1571033662,0.152487431,0.1471443917,0.1408532679,0.1332226464,0.1234373516,0.1091742787,0.05600851192
136140,0.1812007165,0.1810742667,0.1806940851,0.1800575663,0.1791601269,0.1779951878,0.1765536619,0.1748235444,0.1727892266,0.1704303963,0.1677206101,0.1646249972,0.161096801,0.1570715445,0.1524572026,0.1471159656,0.1408269055,0.1331987015,0.1234163676,0.1091573248,0.05600306245
136200,0.181160061,0.1810336599,0.1806536249,0.1800173509,0.1791202554,0.1779557611,0.1765147828,0.1747853183,0.1727517624,0.1703938076,0.1676850166,0.1645905267,0.1610635924,0.1570397517,0.1524270016,0.147087565,0.1408005665,0.1331747775,0.1233954017,0.1091403852,0.05599762103
136260,0.1811194438,0.1809930915,0.1806132027,0.1799771732,0.1790804215,0.1779163714,0.17647594,0.1747471278,0.1727143331,0.1703572528,0.1676494561,0.164556088,0.1610304142,0.1570079879,0.1523968279,0.1470591899,0.1407742509,0.1331508746,0.123374454,0.10912346,0.05599218764
136320,0.1810788648,0.1809525612,0.1805728186,0.1799370333,0.1790406249,0.1778770187,0.1764371337,0.174708973,0.1726769386,0.170320732,0.1676139284,0.164521681,0.1609972663,0.156976253,0.1523666814,0.1470308402,0.1407479587,0.1331269926,0.1233535243,0.109106549,0.05598676228
136380,0.1810383241,0.1809120691,0.1805324725,0.1798969312,0.1790008657,0.1778377029,0.1763983636,0.1746708538,0.1726395789,0.170284245,0.1675784335,0.1644873056,0.1609641488,0.1569445469,0.1523365622,0.1470025159,0.1407216898,0.1331031315,0.1233326127,0.1090896523,0.05598134492
136440,0.1809978215,0.180871615,0.1804921643,0.1798568667,0.1789611438,0.1777984239,0.1763596298,0.1746327702,0.1726022539,0.1702477919,0.1675429713,0.1644529618,0.1609310616,0.1569128697,0.1523064702,0.146974217,0.1406954441,0.1330792914,0.1233117191,0.1090727698,0.05597593554
136500,0.180957357,0.180831199,0.180451894,0.1798168399,0.1789214592,0.1777591816,0.1763209321,0.1745947221,0.1725649636,0.1702113725,0.167507542,0.1644186496,0.1608980046,0.1568812213,0.1522764054,0.1469459434,0.1406692218,0.1330554722,0.1232908435,0.1090559015,0.05597053414
136560,0.1809169305,0.180790821,0.1804116615,0.1797768506,0.1788818117,0.1777199761,0.1762822706,0.1745567093,0.172527708,0.1701749869,0.1674721452,0.1643843688,0.1608649778,0.1568496015,0.1522463676,0.1469176952,0.1406430227,0.1330316738,0.123269986,0.1090390474,0.0559651407
136620,0.180876542,0.1807504809,0.1803714668,0.1797368988,0.1788422014,0.1776808072,0.1762436452,0.174518732,0.172490487,0.1701386349,0.1674367811,0.1643501195,0.1608319812,0.1568180105,0.1522163569,0.1468894721,0.1406168467,0.1330078962,0.1232491463,0.1090222076,0.0559597552
136680,0.1808361914,0.1807101787,0.1803313098,0.1796969844,0.1788026282,0.177641675,0.1762050558,0.17448079,0.1724533004,0.1701023165,0.1674014496,0.1643159016,0.1607990146,0.1567864481,0.1521863733,0.1468612743,0.140590694,0.1329841394,0.1232283247,0.1090053818,0.05595437762
136740,0.1807958787,0.1806699142,0.1802911904,0.1796571075,0.1787630919,0.1776025792,0.1761665024,0.1744428833,0.1724161484,0.1700660316,0.1673661506,0.1642817151,0.1607660781,0.1567549144,0.1521564166,0.1468331016,0.1405645643,0.1329604033,0.1232075209,0.1089885703,0.05594900794
136800,0.1807556037,0.1806296875,0.1802511086,0.1796172678,0.1787235927,0.17756352,0.1761279849,0.1744050118,0.1723790308,0.1700297803,0.1673308841,0.1642475599,0.1607331717,0.1567234092,0.1521264869,0.1468049541,0.1405384578,0.132936688,0.123186735,0.1089717728,0.05594364616
136860,0.1807153665,0.1805894985,0.1802110644,0.1795774655,0.1786841303,0.1775244972,0.1760895032,0.1743671755,0.1723419476,0.1699935625,0.1672956499,0.164213436,0.1607002952,0.1566919325,0.1520965841,0.1467768317,0.1405123743,0.1329129934,0.123165967,0.1089549894,0.05593829226
136920,0.180675167,0.1805493471,0.1801710576,0.1795377003,0.1786447048,0.1774855108,0.1760510574,0.1743293744,0.1723048986,0.1699573781,0.1672604482,0.1641793432,0.1606674486,0.1566604843,0.1520667082,0.1467487344,0.1404863138,0.1328893194,0.1231452168,0.1089382202,0.05593294621
136980,0.1806350051,0.1805092333,0.1801310883,0.1794979723,0.1786053161,0.1774465608,0.1760126473,0.1742916083,0.172267884,0.169921227,0.1672252788,0.1641452817,0.1606346319,0.1566290646,0.1520368591,0.1467206621,0.1404602764,0.1328656661,0.1231244844,0.108921465,0.05592760801
137040,0.1805948808,0.180469157,0.1800911563,0.1794582814,0.1785659642,0.177407647,0.1759742729,0.1742538772,0.1722309036,0.1698851092,0.1671901417,0.1641112513,0.160601845,0.1565976732,0.1520070368,0.1466926148,0.1404342619,0.1328420334,0.1231037698,0.1089047238,0.05592227764
137100,0.180554794,0.1804291182,0.1800512616,0.1794186276,0.1785266489,0.1773687694,0.1759359341,0.174216181,0.1721939574,0.1698490247,0.1671550369,0.1640772519,0.160569088,0.1565663102,0.1519772412,0.1466645925,0.1404082703,0.1328184213,0.1230830729,0.1088879966,0.05591695509
137160,0.1805147446,0.1803891168,0.1800114042,0.1793790108,0.1784873703,0.177329928,0.175897631,0.1741785198,0.1721570452,0.1698129734,0.1671199642,0.1640432836,0.1605363606,0.1565349755,0.1519474724,0.146636595,0.1403823016,0.1327948297,0.1230623938,0.1088712835,0.05591164033
137220,0.1804747326,0.1803491527,0.1799715839,0.1793394309,0.1784481282,0.1772911227,0.1758593634,0.1741408935,0.1721201672,0.1697769553,0.1670849236,0.1640093463,0.160503663,0.1565036691,0.1519177302,0.1466086225,0.1403563558,0.1327712587,0.1230417324,0.1088545843,0.05590633335
137280,0.180434758,0.1803092259,0.1799318008,0.1792998879,0.1784089227,0.1772523535,0.1758211313,0.1741033019,0.1720833232,0.1697409703,0.1670499152,0.1639754399,0.1604709951,0.1564723909,0.1518880147,0.1465806748,0.1403304328,0.1327477081,0.1230210886,0.1088378991,0.05590103414
137340,0.1803948207,0.1802693364,0.1798920548,0.1792603817,0.1783697536,0.1772136203,0.1757829346,0.1740657451,0.1720465131,0.1697050184,0.1670149388,0.1639415644,0.1604383567,0.1564411409,0.1518583258,0.146552752,0.1403045326,0.132724178,0.1230004626,0.1088212279,0.05589574267
137400,0.1803549206,0.180229484,0.1798523458,0.1792209123,0.178330621,0.177174923,0.1757447733,0.1740282231,0.1720097369,0.1696690995,0.1669799944,0.1639077198,0.160405748,0.1564099191,0.1518286634,0.1465248539,0.1402786552,0.1327006683,0.1229798541,0.1088045706,0.05589045895
137460,0.1803150577,0.1801896688,0.1798126738,0.1791814796,0.1782915247,0.1771362616,0.1757066473,0.1739907356,0.1719729947,0.1696332135,0.1669450819,0.163873906,0.1603731687,0.1563787254,0.1517990276,0.1464969805,0.1402528005,0.1326771791,0.1229592633,0.1087879271,0.05588518294
137520,0.1802752319,0.1801498906,0.1797730387,0.1791420835,0.1782524647,0.1770976361,0.1756685566,0.1739532828,0.1719362862,0.1695973605,0.1669102013,0.163840123,0.160340619,0.1563475597,0.1517694182,0.1464691319,0.1402269685,0.1326537102,0.12293869,0.1087712976,0.05587991464
137580,0.1802354432,0.1801101495,0.1797334405,0.1791027241,0.1782134409,0.1770590463,0.1756305011,0.1739158645,0.1718996115,0.1695615403,0.1668753526,0.1638063706,0.1603080987,0.1563164221,0.1517398353,0.1464413079,0.1402011591,0.1326302617,0.1229181343,0.1087546819,0.05587465402
137640,0.1801956914,0.1800704453,0.1796938791,0.1790634012,0.1781744534,0.1770204923,0.1755924808,0.1738784807,0.1718629705,0.169525753,0.1668405357,0.163772649,0.1602756078,0.1562853124,0.1517102788,0.1464135086,0.1401753724,0.1326068334,0.1228975962,0.1087380801,0.05586940108
137700,0.1801559767,0.180030778,0.1796543544,0.1790241148,0.178135502,0.176981974,0.1755544956,0.1738411314,0.1718263632,0.1694899984,0.1668057506,0.1637389579,0.1602431463,0.1562542307,0.1516807487,0.1463857339,0.1401496083,0.1325834255,0.1228770755,0.1087214921,0.0558641558
137760,0.1801162988,0.1799911476,0.1796148664,0.1789848649,0.1780965867,0.1769434913,0.1755165455,0.1738038165,0.1717897895,0.1694542765,0.1667709972,0.1637052975,0.160210714,0.1562231769,0.1516512448,0.1463579837,0.1401238667,0.1325600378,0.1228565723,0.108704918,0.05585891816
137820,0.1800766578,0.1799515539,0.1795754151,0.1789456514,0.1780577074,0.1769050441,0.1754786304,0.1737665359,0.1717532494,0.1694185874,0.1667362754,0.1636716675,0.1601783111,0.1561921509,0.1516217673,0.1463302581,0.1400981477,0.1325366704,0.1228360866,0.1086883576,0.05585368815
137880,0.1800370535,0.179911997,0.1795360003,0.1789064742,0.1780188641,0.1768666325,0.1754407502,0.1737292896,0.1717167428,0.1693829308,0.1667015853,0.1636380681,0.1601459373,0.1561611528,0.1515923161,0.1463025569,0.1400724512,0.1325133231,0.1228156183,0.1086718109,0.05584846575
137940,0.179997486,0.1798724768,0.1794966221,0.1788673332,0.1779800567,0.1768282564,0.175402905,0.1736920775,0.1716802696,0.1693473069,0.1666669268,0.1636044991,0.1601135928,0.1561301825,0.151562891,0.1462748802,0.1400467772,0.1324899961,0.1227951675,0.1086552781,0.05584325095
138000,0.1799579552,0.1798329932,0.1794572803,0.1788282285,0.1779412852,0.1767899157,0.1753650946,0.1736548996,0.1716438299,0.1693117154,0.1666322997,0.1635709605,0.1600812774,0.1560992399,0.1515334921,0.146247228,0.1400211256,0.1324666891,0.122774734,0.108638759,0.05583804373
138060,0.179918461,0.1797935462,0.179417975,0.17878916,0.1779025495,0.1767516103,0.175327319,0.1736177559,0.1716074235,0.1692761565,0.1665977042,0.1635374523,0.1600489911,0.156068325,0.1515041194,0.1462196001,0.1399954964,0.1324434023,0.1227543178,0.1086222535,0.05583284407
138120,0.1798790034,0.1797541356,0.1793787061,0.1787501276,0.1778638496,0.1767133403,0.1752895782,0.1735806463,0.1715710505,0.16924063,0.1665631401,0.1635039744,0.1600167338,0.1560374377,0.1514747727,0.1461919966,0.1399698896,0.1324201356,0.1227339191,0.1086057618,0.05582765197
138180,0.1798395822,0.1797147616,0.1793394734,0.1787111312,0.1778251854,0.1766751055,0.1752518721,0.1735435707,0.1715347107,0.1692051358,0.1665286073,0.1634705267,0.1599845056,0.1560065781,0.1514454522,0.1461644174,0.1399443051,0.1323968889,0.1227135376,0.1085892838,0.05582246741
138240,0.1798001976,0.179675424,0.179300277,0.1786721709,0.1777865569,0.1766369059,0.1752142006,0.1735065291,0.1714984042,0.169169674,0.166494106,0.1634371093,0.1599523064,0.1559757461,0.1514161576,0.1461368625,0.1399187429,0.1323736623,0.1226931734,0.1085728194,0.05581729036
138300,0.1797608493,0.1796361227,0.1792611169,0.1786332465,0.1777479639,0.1765987415,0.1751765638,0.1734695214,0.1714621308,0.1691342445,0.1664596359,0.163403722,0.159920136,0.1559449416,0.151386889,0.1461093318,0.139893203,0.1323504556,0.1226728265,0.1085563686,0.05581212083
138360,0.1797215374,0.1795968577,0.1792219929,0.178594358,0.1777094066,0.1765606122,0.1751389614,0.1734325476,0.1714258905,0.1690988473,0.166425197,0.1633703649,0.1598879946,0.1559141645,0.1513576464,0.1460818253,0.1398676854,0.132327269,0.1226524968,0.1085399315,0.05580695878
138420,0.1796822618,0.179557629,0.1791829049,0.1785555053,0.1776708847,0.1765225179,0.1751013936,0.1733956077,0.1713896833,0.1690634822,0.1663907894,0.1633370379,0.159855882,0.155883415,0.1513284297,0.1460543431,0.1398421899,0.1323041023,0.1226321843,0.108523508,0.05580180422
138480,0.1796430224,0.1795184364,0.1791438531,0.1785166885,0.1776323982,0.1764844586,0.1750638602,0.1733587015,0.1713535092,0.1690281493,0.1663564129,0.1633037409,0.1598237982,0.1558526929,0.1512992389,0.1460268849,0.1398167167,0.1322809555,0.122611889,0.108507098,0.05579665711
138540,0.1796038192,0.17947928,0.1791048372,0.1784779074,0.1775939472,0.1764464343,0.1750263612,0.1733218291,0.171317368,0.1689928485,0.1663220676,0.1632704739,0.1597917432,0.1558219981,0.1512700739,0.1459994509,0.1397912656,0.1322578285,0.1225916109,0.1084907017,0.05579151746
138600,0.1795646522,0.1794401597,0.1790658572,0.178439162,0.1775555315,0.1764084449,0.1749888966,0.1732849904,0.1712812597,0.1689575797,0.1662877533,0.1632372369,0.1597597169,0.1557913307,0.1512409347,0.1459720409,0.1397658366,0.1322347215,0.1225713499,0.1084743188,0.05578638523
138660,0.1795255212,0.1794010754,0.1790269132,0.1784004522,0.1775171511,0.1763704903,0.1749514662,0.1732481853,0.1712451843,0.168922343,0.16625347,0.1632040298,0.1597277193,0.1557606906,0.1512118213,0.145944655,0.1397404297,0.1322116343,0.1225511061,0.1084579495,0.05578126043
138720,0.1794864263,0.1793620271,0.1789880049,0.1783617781,0.1774788059,0.1763325705,0.1749140701,0.1732114138,0.1712091418,0.1688871382,0.1662192177,0.1631708526,0.1596957503,0.1557300778,0.1511827336,0.1459172931,0.1397150449,0.1321885669,0.1225308793,0.1084415937,0.05577614302
138780,0.1794473673,0.1793230148,0.1789491325,0.1783231394,0.1774404959,0.1762946854,0.1748767082,0.1731746758,0.171173132,0.1688519653,0.1661849963,0.1631377052,0.1596638099,0.1556994921,0.1511536716,0.1458899552,0.1396896821,0.1321655192,0.1225106696,0.1084252514,0.05577103301
138840,0.1794083443,0.1792840383,0.1789102957,0.1782845362,0.1774022211,0.1762568351,0.1748393804,0.1731379714,0.171137155,0.1688168243,0.1661508059,0.1631045876,0.159631898,0.1556689337,0.1511246352,0.1458626412,0.1396643412,0.1321424913,0.122490477,0.1084089226,0.05576593037
138900,0.1793693571,0.1792450976,0.1788714947,0.1782459685,0.1773639813,0.1762190193,0.1748020868,0.1731013003,0.1711012106,0.1687817151,0.1661166462,0.1630714997,0.1596000147,0.1556384024,0.1510956244,0.1458353511,0.1396390224,0.1321194832,0.1224703014,0.1083926072,0.05576083509
138960,0.1793304058,0.1792061927,0.1788327292,0.1782074361,0.1773257766,0.1761812382,0.1747648271,0.1730646627,0.1710652989,0.1687466377,0.1660825174,0.1630384415,0.1595681599,0.1556078982,0.1510666393,0.1458080848,0.1396137255,0.1320964947,0.1224501428,0.1083763052,0.05575574716
139020,0.1792914902,0.1791673234,0.1787939994,0.1781689391,0.1772876068,0.1761434916,0.1747276015,0.1730280584,0.1710294198,0.168711592,0.1660484193,0.163005413,0.1595363334,0.155577421,0.1510376796,0.1457808424,0.1395884504,0.1320735259,0.1224300011,0.1083600167,0.05575066655
139080,0.1792526103,0.1791284899,0.178755305,0.1781304773,0.177249472,0.1761057794,0.1746904097,0.1729914874,0.1709935732,0.168676578,0.1660143519,0.1629724141,0.1595045354,0.1555469709,0.1510087455,0.1457536238,0.1395631973,0.1320505767,0.1224098765,0.1083437415,0.05574559326
139140,0.1792137661,0.179089692,0.1787166461,0.1780920507,0.177211372,0.1760681017,0.1746532519,0.1729549497,0.1709577591,0.1686415957,0.1659803152,0.1629394447,0.1594727657,0.1555165478,0.1509798369,0.145726429,0.139537966,0.1320276471,0.1223897687,0.1083274798,0.05574052728
139200,0.1791749574,0.1790509296,0.1786780226,0.1780536593,0.1771733069,0.1760304584,0.1746161279,0.1729184451,0.1709219774,0.1686066449,0.1659463091,0.1629065049,0.1594410243,0.1554861516,0.1509509536,0.1456992579,0.1395127565,0.1320047372,0.1223696778,0.1083112314,0.05573546858
139260,0.1791361844,0.1790122027,0.1786394345,0.178015303,0.1771352765,0.1759928495,0.1745790377,0.1728819737,0.1708862282,0.1685717256,0.1659123335,0.1628735946,0.1594093112,0.1554557824,0.1509220958,0.1456721105,0.1394875687,0.1319818467,0.1223496039,0.1082949963,0.05573041715
139320,0.1790974468,0.1789735113,0.1786008816,0.1779769818,0.1770972809,0.1759552748,0.1745419813,0.1728455354,0.1708505113,0.1685368379,0.1658783885,0.1628407136,0.1593776263,0.15542544,0.1508932633,0.1456449868,0.1394624028,0.1319589758,0.1223295468,0.1082787746,0.05572537298
139380,0.1790587446,0.1789348552,0.1785623641,0.1779386956,0.1770593199,0.1759177343,0.1745049585,0.1728091301,0.1708148267,0.1685019816,0.165844474,0.1628078621,0.1593459696,0.1553951244,0.1508644562,0.1456178866,0.1394372585,0.1319361244,0.1223095065,0.1082625662,0.05572033606
139440,0.1790200779,0.1788962345,0.1785238817,0.1779004443,0.1770213935,0.175880228,0.1744679694,0.1727727578,0.1707791743,0.1684671567,0.1658105899,0.16277504,0.159314341,0.1553648356,0.1508356743,0.1455908101,0.1394121359,0.1319132925,0.122289483,0.108246371,0.05571530637
139500,0.1789814465,0.1788576491,0.1784854344,0.177862228,0.1769835017,0.1758427558,0.1744310139,0.1727364185,0.1707435542,0.1684323631,0.1657767362,0.1627422471,0.1592827405,0.1553345736,0.1508069177,0.1455637572,0.139387035,0.13189048,0.1222694764,0.1082301891,0.05571028389
139560,0.1789428504,0.178819099,0.1784470223,0.1778240465,0.1769456445,0.1758053178,0.1743940919,0.1727001121,0.1707079663,0.1683976009,0.1657429128,0.1627094836,0.1592511681,0.1553043383,0.1507781863,0.1455367278,0.1393619556,0.131867687,0.1222494865,0.1082140205,0.05570526861
139620,0.1789042895,0.178780584,0.1784086452,0.1777858998,0.1769078217,0.1757679137,0.1743572034,0.1726638386,0.1706724104,0.16836287,0.1657091198,0.1626767492,0.1592196237,0.1552741297,0.1507494801,0.1455097218,0.1393368979,0.1318449133,0.1222295133,0.1081978651,0.05570026053
139680,0.1788657638,0.1787421042,0.1783703031,0.1777477878,0.1768700333,0.1757305436,0.1743203484,0.1726275978,0.1706368866,0.1683281702,0.165675357,0.1626440441,0.1591881073,0.1552439477,0.150720799,0.1454827394,0.1393118618,0.131822159,0.1222095568,0.108181723,0.05569525961
139740,0.1788272733,0.1787036594,0.178331996,0.1777097106,0.1768322792,0.1756932075,0.1742835267,0.1725913899,0.1706013949,0.1682935017,0.1656416244,0.162611368,0.1591566188,0.1552137923,0.150692143,0.1454557804,0.1392868471,0.131799424,0.1221896171,0.108165594,0.05569026586
139800,0.1787888178,0.1786652497,0.1782937237,0.177671668,0.1767945595,0.1756559052,0.1742467384,0.1725552146,0.1705659351,0.1682588642,0.1656079221,0.1625787211,0.1591251583,0.1551836635,0.1506635121,0.1454288447,0.139261854,0.1317767084,0.122169694,0.1081494782,0.05568527925
139860,0.1787503974,0.178626875,0.1782554863,0.17763366,0.1767568741,0.1756186368,0.1742099834,0.172519072,0.1705305072,0.1682242579,0.1655742498,0.1625461033,0.1590937256,0.1551535611,0.1506349062,0.1454019325,0.1392368824,0.131754012,0.1221497876,0.1081333756,0.05568029977
139920,0.1787120119,0.1785885352,0.1782172836,0.1775956866,0.1767192229,0.1755814022,0.1741732617,0.172482962,0.1704951112,0.1681896826,0.1655406076,0.1625135144,0.1590623207,0.1551234853,0.1506063253,0.1453750435,0.1392119322,0.1317313349,0.1221298978,0.1081172861,0.05567532741
139980,0.1786736614,0.1785502303,0.1781791157,0.1775577477,0.1766816058,0.1755442012,0.1741365731,0.1724468846,0.1704597471,0.1681551382,0.1655069955,0.1624809545,0.1590309436,0.155093436,0.1505777694,0.1453481779,0.1391870034,0.131708677,0.1221100246,0.1081012097,0.05567036215
140040,0.1786353457,0.1785119602,0.1781409825,0.1775198432,0.1766440228,0.175507034,0.1740999177,0.1724108397,0.1704244147,0.1681206249,0.1654734134,0.1624484236,0.1589995942,0.155063413,0.1505492384,0.1453213355,0.1391620959,0.1316860383,0.122090168,0.1080851464,0.05566540398
140100,0.1785970649,0.1784737248,0.178102884,0.1774819731,0.1766064739,0.1754699004,0.1740632954,0.1723748273,0.1703891141,0.1680861424,0.1654398612,0.1624159216,0.1589682725,0.1550334164,0.1505207323,0.1452945163,0.1391372099,0.1316634188,0.1220703279,0.1080690963,0.05566045289
140160,0.1785588188,0.1784355243,0.17806482,0.1774441373,0.1765689591,0.1754328004,0.1740267062,0.1723388473,0.1703538452,0.1680516908,0.1654063389,0.1623834483,0.1589369785,0.1550034462,0.1504922511,0.1452677204,0.1391123451,0.1316408184,0.1220505044,0.1080530592,0.05565550886
140220,0.1785206075,0.1783973583,0.1780267905,0.1774063359,0.1765314781,0.1753957339,0.17399015,0.1723028997,0.170318608,0.16801727,0.1653728465,0.162351004,0.1589057121,0.1549735022,0.1504637947,0.1452409476,0.1390875016,0.1316182372,0.1220306974,0.1080370351,0.05565057187
140280,0.1784824308,0.1783592271,0.1779887955,0.1773685687,0.1764940312,0.1753587009,0.1739536267,0.1722669844,0.1702834023,0.16798288,0.1653393839,0.1623185883,0.1588744733,0.1549435845,0.150435363,0.145214198,0.1390626794,0.131595675,0.1220109069,0.1080210241,0.05564564192
140340,0.1784442887,0.1783211303,0.177950835,0.1773308357,0.176456618,0.1753217014,0.1739171363,0.1722311014,0.1702482282,0.1679485207,0.1653059512,0.1622862014,0.158843262,0.154913693,0.1504069562,0.1451874714,0.1390378785,0.1315731319,0.1219911328,0.1080050261,0.055640719
140400,0.1784061813,0.1782830682,0.1779129088,0.1772931368,0.1764192387,0.1752847352,0.1738806788,0.1721952507,0.1702130856,0.1679141921,0.1652725481,0.1622538432,0.1588120783,0.1548838277,0.150378574,0.1451607679,0.1390130987,0.1315506079,0.1219713752,0.1079890411,0.05563580308
140460,0.1783681083,0.1782450404,0.177875017,0.177255472,0.1763818931,0.1752478024,0.1738442542,0.1721594321,0.1701779745,0.1678798941,0.1652391748,0.1622215136,0.158780922,0.1548539886,0.1503502165,0.1451340875,0.1389883401,0.1315281029,0.121951634,0.1079730691,0.05563089415
140520,0.1783300698,0.1782070471,0.1778371594,0.1772178413,0.1763445813,0.1752109028,0.1738078622,0.1721236457,0.1701428948,0.1678456268,0.1652058311,0.1621892126,0.1587497931,0.1548241756,0.1503218837,0.14510743,0.1389636026,0.1315056168,0.1219319092,0.1079571101,0.0556259922
140580,0.1782920658,0.1781690882,0.1777993361,0.1771802446,0.1763073031,0.1751740365,0.173771503,0.1720878914,0.1701078465,0.1678113899,0.165172517,0.1621569402,0.1587186916,0.1547943886,0.1502935754,0.1450807956,0.1389388863,0.1314831498,0.1219122008,0.107941164,0.05562109722
140640,0.1782540961,0.1781311636,0.177761547,0.1771426818,0.1762700586,0.1751372034,0.1737351765,0.1720521691,0.1700728295,0.1677771836,0.1651392325,0.1621246963,0.1586876174,0.1547646277,0.1502652918,0.145054184,0.138914191,0.1314607016,0.1218925087,0.1079252309,0.05561620919
140700,0.1782161607,0.1780932733,0.177723792,0.177105153,0.1762328476,0.1751004035,0.1736988826,0.1720164789,0.1700378438,0.1677430077,0.1651059775,0.1620924809,0.1586565706,0.1547348927,0.1502370326,0.1450275954,0.1388895168,0.1314382724,0.121872833,0.1079093106,0.0556113281
140760,0.1781782596,0.1780554172,0.1776860711,0.1770676579,0.1761956702,0.1750636366,0.1736626213,0.1719808206,0.1700028893,0.1677088623,0.165072752,0.1620602939,0.158625551,0.1547051838,0.150208798,0.1450010296,0.1388648636,0.1314158621,0.1218531736,0.1078934033,0.05560645393
140820,0.1781403927,0.1780175953,0.1776483842,0.1770301967,0.1761585262,0.1750269028,0.1736263925,0.1719451942,0.1699679661,0.1676747472,0.1650395559,0.1620281353,0.1585945586,0.1546755007,0.1501805879,0.1449744867,0.1388402314,0.1313934706,0.1218335305,0.1078775088,0.05560158668
140880,0.17810256,0.1779798075,0.1776107313,0.1769927692,0.1761214156,0.174990202,0.1735901962,0.1719095997,0.1699330739,0.1676406625,0.1650063892,0.1619960051,0.1585635935,0.1546458436,0.1501524022,0.1449479666,0.1388156202,0.131371098,0.1218139036,0.1078616272,0.05559672632
140940,0.1780647613,0.1779420537,0.1775731123,0.1769553755,0.1760843384,0.1749535341,0.1735540324,0.171874037,0.1698982129,0.167606608,0.1649732519,0.1619639031,0.1585326555,0.1546162123,0.1501242409,0.1449214693,0.1387910299,0.1313487441,0.121794293,0.1078457584,0.05559187285
141000,0.1780269968,0.177904334,0.1775355272,0.1769180154,0.1760472946,0.1749168992,0.1735179009,0.1718385061,0.169863383,0.1675725838,0.1649401439,0.1619318295,0.1585017445,0.1545866068,0.1500961039,0.1448949947,0.1387664605,0.1313264091,0.1217746986,0.1078299025,0.05558702625
141060,0.1779892663,0.1778666483,0.177497976,0.1768806888,0.176010284,0.1748802971,0.1734818018,0.1718030069,0.169828584,0.1675385898,0.1649070652,0.1618997841,0.1584708607,0.1545570271,0.1500679913,0.1448685428,0.138741912,0.1313040928,0.1217551204,0.1078140594,0.05558218651
141120,0.1779515698,0.1778289964,0.1774604585,0.1768433959,0.1759733066,0.1748437278,0.1734457349,0.1717675394,0.1697938161,0.1675046259,0.1648740157,0.1618677668,0.1584400039,0.1545274731,0.150039903,0.1448421136,0.1387173843,0.1312817952,0.1217355583,0.107798229,0.05557735362
141180,0.1779139071,0.1777913785,0.1774229748,0.1768061364,0.1759363625,0.1748071913,0.1734097003,0.1717321035,0.169759079,0.1674706921,0.1648409954,0.1618357778,0.1584091741,0.1544979449,0.150011839,0.1448157071,0.1386928775,0.1312595163,0.1217160125,0.1077824115,0.05557252755
141240,0.1778762784,0.1777537944,0.1773855247,0.1767689104,0.1758994514,0.1747706875,0.1733736979,0.1716966993,0.1697243729,0.1674367884,0.1648080043,0.1618038168,0.1583783713,0.1544684423,0.1499837992,0.1447893231,0.1386683914,0.1312372561,0.1216964827,0.1077666067,0.05556770831
141300,0.1778386835,0.1777162441,0.1773481083,0.1767317178,0.1758625735,0.1747342164,0.1733377277,0.1716613265,0.1696896975,0.1674029148,0.1647750422,0.1617718839,0.1583475953,0.1544389653,0.1499557836,0.1447629618,0.1386439261,0.1312150146,0.1216769691,0.1077508146,0.05556289587
141360,0.1778011223,0.1776787274,0.1773107255,0.1766945586,0.1758257286,0.1746977779,0.1733017896,0.1716259853,0.169655053,0.1673690711,0.1647421093,0.1617399791,0.1583168463,0.1544095139,0.1499277921,0.144736623,0.1386194816,0.1311927916,0.1216574715,0.1077350353,0.05555809022
141420,0.1777635949,0.1776412445,0.1772733762,0.1766574327,0.1757889166,0.174661372,0.1732658835,0.1715906755,0.1696204392,0.1673352574,0.1647092053,0.1617081022,0.1582861241,0.1543800881,0.1498998248,0.1447103067,0.1385950577,0.1311705873,0.1216379901,0.1077192686,0.05555329135
141480,0.1777261011,0.1776037952,0.1772360605,0.17662034,0.1757521377,0.1746249985,0.1732300095,0.1715553972,0.1695858561,0.1673014735,0.1646763303,0.1616762533,0.1582554287,0.1543506878,0.1498718816,0.144684013,0.1385706545,0.1311484016,0.1216185246,0.1077035147,0.05554849925
141540,0.177688641,0.1775663795,0.1771987781,0.1765832806,0.1757153916,0.1745886576,0.1731941674,0.1715201502,0.1695513037,0.1672677195,0.1646434843,0.1616444323,0.15822476,0.154321313,0.1498439624,0.1446577416,0.138546272,0.1311262344,0.1215990752,0.1076877734,0.0555437139
141600,0.1776512145,0.1775289973,0.1771615292,0.1765462543,0.1756786783,0.1745523491,0.1731583573,0.1714849345,0.1695167819,0.1672339953,0.1646106671,0.1616126392,0.1581941181,0.1542919637,0.1498160672,0.1446314928,0.1385219101,0.1311040857,0.1215796418,0.1076720448,0.05553893529
141660,0.1776138214,0.1774916486,0.1771243136,0.1765092612,0.1756419979,0.174516073,0.173122579,0.1714497501,0.1694822907,0.1672003009,0.1645778788,0.1615808739,0.1581635029,0.1542626398,0.1497881961,0.1446052663,0.1384975687,0.1310819555,0.1215602244,0.1076563288,0.05553416341
141720,0.1775764619,0.1774543333,0.1770871313,0.1764723011,0.1756053502,0.1744798292,0.1730868326,0.1714145969,0.16944783,0.1671666362,0.1645451194,0.1615491364,0.1581329143,0.1542333412,0.1497603489,0.1445790621,0.138473248,0.1310598438,0.1215408229,0.1076406255,0.05552939824
141780,0.1775391358,0.1774170515,0.1770499823,0.176435374,0.1755687352,0.1744436178,0.1730511179,0.1713794749,0.1694133998,0.1671330012,0.1645123887,0.1615174267,0.1581023524,0.154204068,0.1497325256,0.1445528804,0.1384489477,0.1310377505,0.1215214373,0.1076249347,0.05552463978
141840,0.1775018431,0.1773798029,0.1770128665,0.17639848,0.1755321529,0.1744074385,0.173015435,0.1713443841,0.169379,0.1670993958,0.1644796867,0.1614857447,0.158071817,0.1541748201,0.1497047262,0.1445267209,0.138424668,0.1310156757,0.1215020677,0.1076092566,0.055519888
141900,0.1774645837,0.1773425877,0.1769757838,0.1763616188,0.1754956032,0.1743712915,0.1729797838,0.1713093243,0.1693446306,0.1670658201,0.1644470134,0.1614540903,0.1580413082,0.1541455975,0.1496769507,0.1445005837,0.1384004087,0.1309936192,0.121482714,0.107593591,0.05551514289
141960,0.1774273576,0.1773054057,0.1769387342,0.1763247905,0.175459086,0.1743351766,0.1729441643,0.1712742956,0.1693102916,0.1670322738,0.1644143688,0.1614224636,0.1580108259,0.1541164001,0.149649199,0.1444744687,0.1383761699,0.1309715812,0.1214633761,0.1075779379,0.05551040445
142020,0.1773901647,0.1772682569,0.1769017177,0.1762879951,0.1754226014,0.1742990939,0.1729085763,0.1712392979,0.1692759829,0.1669987571,0.1643817528,0.1613908645,0.15798037,0.1540872279,0.1496214711,0.1444483759,0.1383519515,0.1309495614,0.1214440541,0.1075622974,0.05550567266
142080,0.1773530051,0.1772311412,0.1768647342,0.1762512325,0.1753861492,0.1742630432,0.1728730199,0.1712043312,0.1692417044,0.1669652699,0.1643491654,0.1613592929,0.1579499405,0.1540580809,0.149593767,0.1444223053,0.1383277535,0.13092756,0.1214247479,0.1075466695,0.0555009475
142140,0.1773158786,0.1771940587,0.1768277837,0.1762145026,0.1753497295,0.1742270245,0.172837495,0.1711693954,0.1692074562,0.1669318121,0.1643166065,0.1613277489,0.1579195375,0.154028959,0.1495660866,0.1443962569,0.1383035758,0.1309055769,0.1214054575,0.107531054,0.05549622897
142200,0.1772787852,0.1771570091,0.1767908661,0.1761778053,0.1753133421,0.1741910378,0.1728020016,0.1711344904,0.1691732382,0.1668983837,0.164284076,0.1612962323,0.1578891608,0.1539998622,0.1495384298,0.1443702306,0.1382794185,0.130883612,0.1213861829,0.107515451,0.05549151705
142260,0.1772417248,0.1771199926,0.1767539813,0.1761411408,0.1752769871,0.174155083,0.1727665396,0.1710996163,0.1691390503,0.1668649846,0.1642515741,0.1612647432,0.1578588104,0.1539707904,0.1495107968,0.1443442263,0.1382552815,0.1308616654,0.1213669241,0.1074998605,0.05548681173
142320,0.1772046974,0.1770830091,0.1767171294,0.1761045088,0.1752406644,0.17411916,0.172731109,0.171064773,0.1691048925,0.1668316149,0.1642191005,0.1612332815,0.1578284863,0.1539417437,0.1494831873,0.1443182442,0.1382311648,0.1308397371,0.121347681,0.1074842824,0.055482113
142380,0.177167703,0.1770460585,0.1766803102,0.1760679094,0.1752043738,0.174083269,0.1726957097,0.1710299604,0.1690707647,0.1667982744,0.1641866553,0.1612018472,0.1577981884,0.153912722,0.1494556015,0.144292284,0.1382070683,0.1308178269,0.1213284536,0.1074687168,0.05547742083
142440,0.1771307415,0.1770091407,0.1766435238,0.1760313425,0.1751681155,0.1740474097,0.1726603418,0.1709951785,0.1690366669,0.1667649631,0.1641542384,0.1611704401,0.1577679168,0.1538837252,0.1494280392,0.1442663459,0.138182992,0.1307959348,0.1213092419,0.1074531636,0.05547273523
142500,0.1770938128,0.1769722557,0.1766067701,0.175994808,0.1751318894,0.1740115821,0.172625005,0.1709604273,0.1690025992,0.166731681,0.1641218499,0.1611390604,0.1577376713,0.1538547534,0.1494005004,0.1442404297,0.138158936,0.130774061,0.1212900459,0.1074376228,0.05546805618
142560,0.177056917,0.1769354035,0.176570049,0.175958306,0.1750956953,0.1739757862,0.1725896995,0.1709257066,0.1689685613,0.166698428,0.1640894895,0.1611077079,0.1577074519,0.1538258064,0.1493729851,0.1442145354,0.1381349001,0.1307522052,0.1212708655,0.1074220944,0.05546338366
142620,0.1770200539,0.1768985841,0.1765333605,0.1759218363,0.1750595333,0.173940022,0.1725544251,0.1708910166,0.1689345533,0.1666652041,0.1640571574,0.1610763826,0.1576772587,0.1537968843,0.1493454933,0.1441886631,0.1381108843,0.1307303676,0.1212517008,0.1074065783,0.05545871766
142680,0.1769832236,0.1768617973,0.1764967045,0.1758853989,0.1750234032,0.1739042894,0.1725191818,0.170856357,0.1689005752,0.1666320093,0.1640248534,0.1610450845,0.1576470914,0.153767987,0.149318025,0.1441628126,0.1380868886,0.130708548,0.1212325517,0.1073910746,0.05545405818
142740,0.1769464259,0.1768250431,0.176460081,0.1758489939,0.1749873052,0.1738685884,0.1724839696,0.170821728,0.1688666268,0.1665988435,0.1639925776,0.1610138135,0.1576169503,0.1537391145,0.14929058,0.1441369839,0.1380629131,0.1306867464,0.1212134182,0.1073755833,0.05544940519
142800,0.1769096609,0.1767883215,0.17642349,0.175812621,0.1749512391,0.1738329188,0.1724487884,0.1707871294,0.1688327082,0.1665657067,0.1639603299,0.1609825697,0.1575868351,0.1537102667,0.1492631583,0.1441111771,0.1380389575,0.1306649629,0.1211943003,0.1073601043,0.05544475869
142860,0.1768729284,0.1767516324,0.1763869313,0.1757762803,0.1749152048,0.1737972808,0.1724136382,0.1707525611,0.1687988194,0.1665325988,0.1639281102,0.1609513528,0.1575567458,0.1536814437,0.1492357601,0.1440853921,0.1380150221,0.1306431974,0.1211751979,0.1073446375,0.05544011867
142920,0.1768362284,0.1767149759,0.1763504051,0.1757399718,0.1748792024,0.1737616741,0.1723785189,0.1707180233,0.1687649602,0.1664995198,0.1638959185,0.160920163,0.1575266824,0.1536526453,0.1492083851,0.1440596288,0.1379911066,0.1306214499,0.1211561111,0.1073291831,0.0554354851
142980,0.176799561,0.1766783517,0.1763139111,0.1757036953,0.1748432317,0.1737260989,0.1723434305,0.1706835157,0.1687311306,0.1664664696,0.1638637548,0.1608890002,0.157496645,0.1536238715,0.1491810333,0.1440338872,0.1379672111,0.1305997203,0.1211370398,0.107313741,0.05543085798
143040,0.176762926,0.17664176,0.1762774494,0.1756674509,0.1748072928,0.173690555,0.172308373,0.1706490384,0.1686973306,0.1664334483,0.163831619,0.1608578643,0.1574666333,0.1535951224,0.1491537048,0.1440081674,0.1379433355,0.1305780086,0.1211179839,0.1072983111,0.0554262373
143100,0.1767263233,0.1766052006,0.1762410199,0.1756312385,0.1747713855,0.1736550423,0.1722733463,0.1706145913,0.1686635601,0.1664004557,0.1637995111,0.1608267553,0.1574366475,0.1535663978,0.1491263995,0.1439824691,0.1379194798,0.1305563148,0.1210989435,0.1072828934,0.05542162304
143160,0.176689753,0.1765686735,0.1762046226,0.175595058,0.1747355099,0.1736195609,0.1722383503,0.1705801744,0.1686298192,0.1663674918,0.1637674311,0.1607956732,0.1574066874,0.1535376978,0.1490991174,0.1439567926,0.1378956441,0.1305346389,0.1210799186,0.107267488,0.0554170152
143220,0.1766532151,0.1765321787,0.1761682574,0.1755589095,0.1746996659,0.1735841108,0.172203385,0.1705457876,0.1685961077,0.1663345567,0.1637353788,0.1607646179,0.1573767531,0.1535090223,0.1490718584,0.1439311376,0.1378718282,0.1305129809,0.1210609091,0.1072520947,0.05541241375
143280,0.1766167093,0.1764957161,0.1761319243,0.1755227928,0.1746638535,0.1735486917,0.1721684504,0.1705114309,0.1685624256,0.1663016501,0.1637033544,0.1607335894,0.1573468445,0.1534803712,0.1490446226,0.1439055042,0.1378480321,0.1304913407,0.121041915,0.1072367137,0.05540781869
143340,0.1765802358,0.1764592856,0.1760956232,0.1754867079,0.1746280726,0.1735133038,0.1721335464,0.1704771043,0.1685287729,0.1662687722,0.1636713576,0.1607025877,0.1573169615,0.1534517446,0.1490174098,0.1438798923,0.1378242559,0.1304697182,0.1210229363,0.1072213448,0.05540323001
143400,0.1765437944,0.1764228873,0.1760593541,0.1754506548,0.1745923231,0.173477947,0.1720986731,0.1704428076,0.1684951495,0.1662359229,0.1636393886,0.1606716127,0.1572871041,0.1534231424,0.14899022,0.143854302,0.1378004994,0.1304481136,0.1210039729,0.1072059881,0.05539864769
143460,0.1765073852,0.1763865211,0.176023117,0.1754146334,0.174556605,0.1734426211,0.1720638302,0.170408541,0.1684615555,0.166203102,0.1636074472,0.1606406643,0.1572572724,0.1533945646,0.1489630532,0.1438287331,0.1377767627,0.1304265267,0.1209850249,0.1071906436,0.05539407172
143520,0.176471008,0.1763501868,0.1759869117,0.1753786437,0.1745209184,0.1734073263,0.1720290179,0.1703743042,0.1684279906,0.1661703097,0.1635755335,0.1606097426,0.1572274661,0.1533660111,0.1489359095,0.1438031857,0.1377530457,0.1304049576,0.1209660922,0.1071753112,0.05538950209
143580,0.1764346629,0.1763138846,0.1759507383,0.1753426856,0.174485263,0.1733720624,0.171994236,0.1703400974,0.168394455,0.1661375458,0.1635436473,0.1605788475,0.1571976854,0.1533374819,0.1489087886,0.1437776598,0.1377293484,0.1303834061,0.1209471748,0.1071599908,0.05538493878
143640,0.1763983497,0.1762776142,0.1759145967,0.1753067591,0.174449639,0.1733368294,0.1719594845,0.1703059203,0.1683609486,0.1661048103,0.1635117887,0.160547979,0.1571679302,0.1533089769,0.1488816907,0.1437521552,0.1377056708,0.1303618724,0.1209282727,0.1071446826,0.0553803818
143700,0.1763620685,0.1762413758,0.1758784869,0.1752708642,0.1744140461,0.1733016272,0.1719247634,0.1702717731,0.1683274713,0.1660721032,0.1634799575,0.160517137,0.1571382004,0.1532804962,0.1488546157,0.143726672,0.1376820129,0.1303403563,0.1209093859,0.1071293865,0.05537583111
143760,0.1763258191,0.1762051692,0.1758424088,0.1752350008,0.1743784845,0.1732664559,0.1718900726,0.1702376556,0.1682940231,0.1660394244,0.1634481538,0.1604863215,0.1571084961,0.1532520397,0.1488275635,0.1437012101,0.1376583745,0.1303188578,0.1208905143,0.1071141024,0.05537128672
143820,0.1762896016,0.1761689945,0.1758063623,0.1751991688,0.174342954,0.1732313153,0.1718554121,0.1702035678,0.1682606039,0.1660067739,0.1634163776,0.1604555324,0.1570788171,0.1532236074,0.1488005341,0.1436757695,0.1376347558,0.1302973769,0.1208716579,0.1070988304,0.0553667486
143880,0.1762534159,0.1761328514,0.1757703475,0.1751633682,0.1743074547,0.1731962054,0.1718207818,0.1701695097,0.1682272137,0.1659741516,0.1633846287,0.1604247698,0.1570491634,0.1531951992,0.1487735276,0.1436503502,0.1376111566,0.1302759137,0.1208528168,0.1070835704,0.05536221675
143940,0.1762172619,0.1760967401,0.1757343643,0.175127599,0.1742719864,0.1731611262,0.1717861817,0.1701354813,0.1681938525,0.1659415576,0.1633529072,0.1603940336,0.1570195351,0.1531668151,0.1487465437,0.1436249522,0.137587577,0.130254468,0.1208339908,0.1070683224,0.05535769116
144000,0.1761811397,0.1760606604,0.1756984126,0.1750918611,0.1742365491,0.1731260777,0.1717516118,0.1701014824,0.1681605202,0.1659089917,0.163321213,0.1603633237,0.156989932,0.1531384551,0.1487195826,0.1435995753,0.1375640169,0.1302330398,0.1208151799,0.1070530864,0.05535317181
144060,0.1761450491,0.1760246124,0.1756624924,0.1750561545,0.1742011428,0.1730910597,0.171717072,0.170067513,0.1681272168,0.1658764539,0.163289546,0.1603326401,0.1569603541,0.1531101191,0.1486926442,0.1435742197,0.1375404762,0.1302116291,0.1207963842,0.1070378624,0.05534865869
144120,0.1761089901,0.175988596,0.1756266036,0.1750204791,0.1741657674,0.1730560722,0.1716825623,0.1700335732,0.1680939423,0.1658439442,0.1632579063,0.1603019827,0.1569308015,0.1530818071,0.1486657285,0.1435488853,0.137516955,0.130190236,0.1207776037,0.1070226504,0.05534415179
144180,0.1760729627,0.175952611,0.1755907462,0.1749848349,0.174130423,0.1730211153,0.1716480826,0.1699996628,0.1680606965,0.1658114626,0.1632262938,0.1602713516,0.156901274,0.1530535191,0.1486388354,0.1435235719,0.1374934533,0.1301688603,0.1207588382,0.1070074504,0.0553396511
144240,0.1760369668,0.1759166576,0.1755549202,0.1749492219,0.1740951093,0.1729861888,0.1716136328,0.1699657818,0.1680274795,0.165779009,0.1631947085,0.1602407467,0.1568717716,0.153025255,0.1486119649,0.1434982797,0.137469971,0.130147502,0.1207400878,0.1069922622,0.05533515661
144300,0.1760010025,0.1758807356,0.1755191255,0.17491364,0.1740598265,0.1729512928,0.1715792131,0.1699319303,0.1679942913,0.1657465833,0.1631631502,0.160210168,0.1568422943,0.1529970148,0.148585117,0.1434730085,0.137446508,0.1301261612,0.1207213525,0.106977086,0.0553306683
144360,0.1759650695,0.175844845,0.1754833621,0.1748780891,0.1740245744,0.1729164271,0.1715448232,0.169898108,0.1679611317,0.1657141856,0.1631316191,0.1601796154,0.1568128421,0.1529687984,0.1485582916,0.1434477584,0.1374230644,0.1301048378,0.1207026322,0.1069619217,0.05532618617
144420,0.175929168,0.1758089857,0.1754476299,0.1748425692,0.1739893531,0.1728815917,0.1715104631,0.1698643151,0.1679280007,0.1656818158,0.1631001149,0.1601490889,0.1567834149,0.1529406059,0.1485314887,0.1434225293,0.1373996402,0.1300835318,0.1206839269,0.1069467693,0.05532171019
144480,0.1758932978,0.1757731578,0.1754119289,0.1748070803,0.1739541624,0.1728467867,0.1714761329,0.1698305514,0.1678948984,0.1656494738,0.1630686378,0.1601185884,0.1567540127,0.1529124373,0.1485047083,0.1433973212,0.1373762352,0.1300622431,0.1206652366,0.1069316288,0.05531724037
144540,0.1758574589,0.1757373611,0.175376259,0.1747716223,0.1739190023,0.1728120119,0.1714418325,0.1697968169,0.1678618246,0.1656171596,0.1630371877,0.160088114,0.1567246355,0.1528842923,0.1484779503,0.1433721341,0.1373528495,0.1300409717,0.1206465613,0.1069165001,0.05531277668
144600,0.1758216512,0.1757015956,0.1753406202,0.1747361952,0.1738838728,0.1727772672,0.1714075618,0.1697631116,0.1678287793,0.1655848732,0.1630057645,0.1600576655,0.1566952832,0.1528561711,0.1484512148,0.1433469679,0.1373294831,0.1300197176,0.120627901,0.1069013833,0.05530831912
144660,0.1757858748,0.1756658613,0.1753050125,0.174700799,0.1738487739,0.1727425528,0.1713733208,0.1697294354,0.1677957626,0.1655526146,0.1629743682,0.160027243,0.1566659557,0.1528280737,0.1484245016,0.1433218226,0.1373061359,0.1299984809,0.1206092556,0.1068862783,0.05530386768
144720,0.1757501296,0.1756301582,0.1752694358,0.1746654335,0.1738137055,0.1727078684,0.1713391094,0.1696957883,0.1677627742,0.1655203836,0.1629429987,0.1599968464,0.1566366531,0.1527999999,0.1483978108,0.1432966982,0.1372828079,0.1299772613,0.1205906251,0.1068711851,0.05529942234
144780,0.1757144155,0.1755944861,0.17523389,0.1746300988,0.1737786675,0.1726732142,0.1713049277,0.1696621703,0.1677298143,0.1654881803,0.1629116561,0.1599664757,0.1566073754,0.1527719497,0.1483711423,0.1432715946,0.1372594991,0.1299560591,0.1205720096,0.1068561037,0.05529498309
144840,0.1756787324,0.1755588451,0.1751983752,0.1745947948,0.1737436599,0.1726385899,0.1712707755,0.1696285812,0.1676968827,0.1654560047,0.1628803402,0.1599361308,0.1565781224,0.1527439231,0.1483444961,0.1432465119,0.1372362094,0.129934874,0.1205534089,0.1068410341,0.05529054992
144900,0.1756430805,0.1755232351,0.1751628912,0.1745595215,0.1737086828,0.1726039957,0.1712366528,0.1695950212,0.1676639794,0.1654238566,0.1628490511,0.1599058117,0.1565488942,0.1527159201,0.1483178722,0.1432214499,0.1372129388,0.1299137061,0.120534823,0.1068259763,0.05528612282
144960,0.1756074595,0.175487656,0.175127438,0.1745242788,0.1736737359,0.1725694314,0.1712025596,0.16956149,0.1676311045,0.165391736,0.1628177887,0.1598755184,0.1565196906,0.1526879407,0.1482912705,0.1431964087,0.1371896874,0.1298925554,0.120516252,0.1068109302,0.05528170178
145020,0.1755718694,0.1754521079,0.1750920157,0.1744890666,0.1736388193,0.172534897,0.1711684959,0.1695279878,0.1675982577,0.165359643,0.1627865529,0.1598452508,0.1564905118,0.1526599847,0.148264691,0.1431713882,0.137166455,0.1298714218,0.1204976959,0.1067958958,0.05527728679
145080,0.1755363103,0.1754165906,0.1750566241,0.174453885,0.173603933,0.1725003925,0.1711344615,0.1694945144,0.1675654392,0.1653275774,0.1627553438,0.1598150089,0.1564613576,0.1526320523,0.1482381336,0.1431463885,0.1371432416,0.1298503054,0.1204791545,0.1067808732,0.05527287783
145140,0.1755007821,0.1753811041,0.1750212632,0.1744187339,0.1735690769,0.1724659178,0.1711004565,0.1694610698,0.1675326489,0.1652955393,0.1627241613,0.1597847926,0.156432228,0.1526041433,0.1482115985,0.1431214094,0.1371200473,0.129829206,0.1204606279,0.1067658623,0.05526847489
145200,0.1754652846,0.1753456485,0.1749859329,0.1743836133,0.1735342509,0.1724314729,0.1710664809,0.169427654,0.1674998866,0.1652635285,0.1626930053,0.159754602,0.156403123,0.1525762577,0.1481850854,0.1430964509,0.137096872,0.1298081238,0.1204421161,0.1067508631,0.05526407797
145260,0.175429818,0.1753102235,0.1749506333,0.174348523,0.173499455,0.1723970577,0.1710325345,0.1693942669,0.1674671525,0.1652315451,0.1626618759,0.159724437,0.1563740425,0.1525483954,0.1481585944,0.1430715131,0.1370737156,0.1297870585,0.120423619,0.1067358755,0.05525968705
145320,0.1753943821,0.1752748293,0.1749153642,0.1743134632,0.1734646893,0.1723626723,0.1709986173,0.1693609085,0.1674344464,0.165199589,0.162630773,0.1596942975,0.1563449866,0.1525205566,0.1481321255,0.1430465959,0.1370505782,0.1297660103,0.1204051367,0.1067208996,0.05525530212
145380,0.1753589769,0.1752394657,0.1748801257,0.1742784336,0.1734299535,0.1723283164,0.1709647294,0.1693275787,0.1674017683,0.1651676602,0.1625996965,0.1596641835,0.1563159551,0.152492741,0.1481056785,0.1430216993,0.1370274597,0.1297449792,0.120386669,0.1067059354,0.05525092316
145440,0.1753236023,0.1752041328,0.1748449177,0.1742434343,0.1733952477,0.1722939902,0.1709308706,0.1692942776,0.1673691182,0.1651357587,0.1625686464,0.1596340951,0.1562869481,0.1524649488,0.1480792536,0.1429968231,0.13700436,0.129723965,0.1203682161,0.1066909828,0.05524655018
145500,0.1752882584,0.1751688304,0.1748097401,0.1742084653,0.1733605719,0.1722596936,0.1708970409,0.169261005,0.167336496,0.1651038843,0.1625376227,0.159604032,0.1562579655,0.1524371797,0.1480528506,0.1429719675,0.1369812793,0.1297029677,0.1203497778,0.1066760418,0.05524218315
145560,0.175252945,0.1751335585,0.1747745929,0.1741735265,0.173325926,0.1722254265,0.1708632403,0.1692277609,0.1673039017,0.1650720371,0.1625066253,0.1595739944,0.1562290073,0.1524094339,0.1480264696,0.1429471324,0.1369582174,0.1296819874,0.1203313541,0.1066611124,0.05523782207
145620,0.1752176622,0.1750983171,0.174739476,0.1741386178,0.17329131,0.1721911889,0.1708294687,0.1691945453,0.1672713352,0.165040217,0.1624756542,0.1595439822,0.1562000734,0.1523817113,0.1480001105,0.1429223178,0.1369351743,0.129661024,0.1203129451,0.1066461946,0.05523346692
145680,0.1751824098,0.1750631062,0.1747043895,0.1741037392,0.1732567238,0.1721569808,0.1707957261,0.1691613582,0.1672387966,0.165008424,0.1624447094,0.1595139953,0.1561711638,0.1523540119,0.1479737732,0.1428975235,0.13691215,0.1296400776,0.1202945507,0.1066312883,0.05522911769
145740,0.1751471879,0.1750279256,0.1746693333,0.1740688907,0.1732221674,0.172122802,0.1707620125,0.1691281995,0.1672062858,0.1649766581,0.1624137908,0.1594840337,0.1561422785,0.1523263356,0.1479474578,0.1428727497,0.1368891444,0.1296191479,0.1202761709,0.1066163937,0.05522477438
145800,0.1751119963,0.1749927754,0.1746343073,0.1740340722,0.1731876407,0.1720886527,0.1707283278,0.1690950692,0.1671738026,0.1649449192,0.1623828985,0.1594540974,0.1561134174,0.1522986823,0.1479211642,0.1428479962,0.1368661576,0.1295982352,0.1202578056,0.1066015105,0.05522043697
145860,0.1750768351,0.1749576555,0.1745993115,0.1739992837,0.1731531437,0.1720545326,0.1706946719,0.1690619671,0.1671413472,0.1649132072,0.1623520322,0.1594241863,0.1560845806,0.1522710522,0.1478948923,0.1428232631,0.1368431896,0.1295773392,0.1202394549,0.1065866389,0.05521610545
145920,0.1750417043,0.1749225659,0.1745643458,0.1739645252,0.1731186763,0.1720204419,0.1706610449,0.1690288934,0.1671089195,0.1648815222,0.1623211922,0.1593943004,0.1560557679,0.152243445,0.1478686423,0.1427985503,0.1368202402,0.1295564601,0.1202211187,0.1065717788,0.0552117798
145980,0.1750066037,0.1748875065,0.1745294102,0.1739297965,0.1730842386,0.1719863803,0.1706274467,0.168995848,0.1670765193,0.1648498641,0.1622903781,0.1593644397,0.1560269794,0.1522158609,0.1478424139,0.1427738578,0.1367973094,0.1295355978,0.1202027971,0.1065569302,0.05520746003
146040,0.1749715333,0.1748524773,0.1744945047,0.1738950978,0.1730498305,0.171952348,0.1705938772,0.1689628307,0.1670441468,0.1648182329,0.1622595902,0.1593346042,0.1559982149,0.1521882998,0.1478162073,0.1427491856,0.1367743973,0.1295147522,0.1201844899,0.106542093,0.05520314611
146100,0.1749364931,0.1748174783,0.1744596293,0.1738604288,0.1730154519,0.1719183449,0.1705603364,0.1689298416,0.1670118018,0.1647866284,0.1622288282,0.1593047937,0.1559694746,0.1521607615,0.1477900223,0.1427245335,0.1367515039,0.1294939233,0.1201661972,0.1065272674,0.05519883804
146160,0.174901483,0.1747825093,0.1744247838,0.1738257896,0.1729811027,0.1718843709,0.1705268244,0.1688968807,0.1669794843,0.1647550508,0.1621980923,0.1592750083,0.1559407583,0.1521332462,0.1477638589,0.1426999017,0.136728629,0.1294731112,0.120147919,0.1065124532,0.05519453581
146220,0.1748665031,0.1747475705,0.1743899682,0.1737911802,0.1729467831,0.171850426,0.1704933409,0.1688639478,0.1669471943,0.1647235,0.1621673823,0.159245248,0.155912066,0.1521057538,0.1477377172,0.1426752901,0.1367057727,0.1294523157,0.1201296552,0.1064976504,0.0551902394
146280,0.1748315532,0.1747126616,0.1743551825,0.1737566004,0.1729124928,0.1718165101,0.170459886,0.168831043,0.1669149317,0.1646919758,0.1621366981,0.1592155126,0.1558833977,0.1520782842,0.147711597,0.1426506987,0.1366829349,0.129431537,0.1201114058,0.106482859,0.0551859488
146340,0.1747966333,0.1746777827,0.1743204267,0.1737220503,0.1728782319,0.1717826232,0.1704264597,0.1687981662,0.1668826965,0.1646604783,0.1621060399,0.1591858022,0.1558547534,0.1520508374,0.1476854984,0.1426261273,0.1366601156,0.1294107749,0.1200931708,0.1064680791,0.05518166401
146400,0.1747617434,0.1746429337,0.1742857008,0.1736875298,0.1728440004,0.1717487653,0.170393062,0.1687653174,0.1668504887,0.1646290075,0.1620754075,0.1591561167,0.1558261329,0.1520234134,0.1476594213,0.1426015761,0.1366373148,0.1293900294,0.1200749502,0.1064533105,0.05517738501
146460,0.1747268835,0.1746081147,0.1742510045,0.1736530389,0.1728097981,0.1717149363,0.1703596926,0.1687324966,0.1668183082,0.1645975633,0.1620448009,0.1591264561,0.1557975364,0.1519960122,0.1476333656,0.1425770449,0.1366145325,0.1293693005,0.120056744,0.1064385533,0.05517311179
146520,0.1746920534,0.1745733255,0.1742163381,0.1736185775,0.1727756251,0.1716811362,0.1703263518,0.1686997036,0.1667861549,0.1645661457,0.1620142201,0.1590968204,0.1557689637,0.1519686337,0.1476073315,0.1425525338,0.1365917687,0.1293485882,0.1200385521,0.1064238075,0.05516884434
146580,0.1746572532,0.1745385661,0.1741817013,0.1735841456,0.1727414813,0.1716473649,0.1702930393,0.1686669385,0.1667540289,0.1645347546,0.1619836649,0.1590672095,0.1557404148,0.1519412778,0.1475813188,0.1425280427,0.1365690232,0.1293278924,0.1200203745,0.1064090731,0.05516458266
146640,0.1746224828,0.1745038364,0.1741470941,0.1735497432,0.1727073666,0.1716136224,0.1702597551,0.1686342013,0.1667219301,0.16450339,0.1619531355,0.1590376234,0.1557118897,0.1519139447,0.1475553275,0.1425035716,0.1365462962,0.1293072132,0.1200022112,0.1063943499,0.05516032672
146700,0.1745877421,0.1744691365,0.1741125166,0.1735153702,0.1726732811,0.1715799087,0.1702264993,0.1686014918,0.1666898585,0.1644720518,0.1619226318,0.1590080621,0.1556833883,0.1518866341,0.1475293575,0.1424791205,0.1365235875,0.1292865505,0.1199840622,0.1063796381,0.05515607652
146760,0.1745530312,0.1744344663,0.1740779686,0.1734810265,0.1726392247,0.1715462238,0.1701932718,0.1685688101,0.166657814,0.1644407401,0.1618921537,0.1589785255,0.1556549107,0.1518593462,0.1475034089,0.1424546893,0.1365008971,0.1292659044,0.1199659275,0.1063649376,0.05515183205
146820,0.17451835,0.1743998257,0.1740434502,0.1734467121,0.1726051973,0.1715125675,0.1701600725,0.168536156,0.1666257967,0.1644094547,0.1618617011,0.1589490136,0.1556264568,0.1518320808,0.1474774816,0.142430278,0.1364782251,0.1292452746,0.119947807,0.1063502484,0.05514759329
146880,0.1744836984,0.1743652148,0.1740089612,0.1734124271,0.1725711989,0.1714789398,0.1701269014,0.1685035297,0.1665938063,0.1643781958,0.1618312742,0.1589195263,0.1555980265,0.151804838,0.1474515757,0.1424058866,0.1364555714,0.1292246614,0.1199297008,0.1063355705,0.05514336025
146940,0.1744490764,0.1743306334,0.1739745017,0.1733781713,0.1725372295,0.1714453408,0.1700937585,0.168470931,0.166561843,0.1643469631,0.1618008727,0.1588900637,0.1555696198,0.1517776177,0.1474256909,0.1423815151,0.1364329359,0.1292040646,0.1199116088,0.1063209038,0.0551391329
147000,0.174414484,0.1742960815,0.1739400716,0.1733439447,0.1725032891,0.1714117703,0.1700606437,0.1684383599,0.1665299067,0.1643157567,0.1617704967,0.1588606256,0.1555412368,0.1517504198,0.1473998274,0.1423571634,0.1364103187,0.1291834841,0.119893531,0.1063062484,0.05513491123
147060,0.1743799211,0.1742615591,0.1739056709,0.1733097472,0.1724693775,0.1713782284,0.170027557,0.1684058163,0.1664979973,0.1642845766,0.1617401462,0.1588312122,0.1555128773,0.1517232444,0.1473739851,0.1423328315,0.1363877198,0.1291629201,0.1198754673,0.1062916042,0.05513069525
147120,0.1743453877,0.1742270662,0.1738712995,0.1732755789,0.1724354947,0.1713447149,0.1699944983,0.1683733003,0.1664661149,0.1642534227,0.1617098211,0.1588018232,0.1554845413,0.1516960914,0.147348164,0.1423085194,0.136365139,0.1291423725,0.1198574178,0.1062769712,0.05512648492
147180,0.1743108838,0.1741926026,0.1738369573,0.1732414397,0.1724016408,0.1713112299,0.1699614677,0.1683408117,0.1664342593,0.1642222949,0.1616795214,0.1587724587,0.1554562288,0.1516689608,0.147322364,0.142284227,0.1363425764,0.1291218411,0.1198393825,0.1062623494,0.05512228026
147240,0.1742764092,0.1741581684,0.1738026444,0.1732073295,0.1723678156,0.1712777733,0.169928465,0.1683083506,0.1664024305,0.1641911933,0.161649247,0.1587431187,0.1554279398,0.1516418526,0.1472965852,0.1422599544,0.1363200319,0.1291013261,0.1198213612,0.1062477388,0.05511808123
147300,0.174241964,0.1741237636,0.1737683607,0.1731732483,0.1723340191,0.1712443451,0.1698954902,0.1682759169,0.1663706285,0.1641601178,0.1616189979,0.1587138032,0.1553996742,0.1516147667,0.1472708274,0.1422357014,0.1362975056,0.1290808275,0.1198033541,0.1062331394,0.05511388784
147360,0.1742075481,0.174089388,0.1737341062,0.1731391961,0.1723002514,0.1712109452,0.1698625433,0.1682435106,0.1663388533,0.1641290683,0.1615887742,0.158684512,0.155371432,0.1515877031,0.1472450907,0.1422114682,0.1362749973,0.129060345,0.119785361,0.1062185512,0.05510970008
147420,0.1741731615,0.1740550416,0.1736998808,0.1731051728,0.1722665123,0.1711775736,0.1698296243,0.1682111316,0.1663071049,0.1640980449,0.1615585756,0.1586552451,0.1553432132,0.1515606617,0.147219375,0.1421872546,0.1362525072,0.1290398789,0.119767382,0.1062039741,0.05510551792
147480,0.1741388041,0.1740207245,0.1736656845,0.1730711784,0.1722328018,0.1711442302,0.1697967331,0.1681787799,0.1662753831,0.1640670475,0.1615284023,0.1586260026,0.1553150178,0.1515336426,0.1471936804,0.1421630606,0.1362300351,0.129019429,0.1197494171,0.1061894081,0.05510134137
147540,0.1741044759,0.1739864365,0.1736315172,0.1730372129,0.1721991198,0.1711109151,0.1697638697,0.1681464555,0.166243688,0.1640360761,0.1614982541,0.1585967844,0.1552868456,0.1515066457,0.1471680067,0.1421388862,0.136207581,0.1289989953,0.1197314662,0.1061748532,0.05509717042
147600,0.1740701769,0.1739521776,0.1735973789,0.1730032761,0.1721654664,0.1710776281,0.169731034,0.1681141582,0.1662120195,0.1640051305,0.1614681311,0.1585675905,0.1552586967,0.1514796709,0.1471423539,0.1421147314,0.1361851449,0.1289785778,0.1197135293,0.1061603095,0.05509300504
147660,0.174035907,0.1739179478,0.1735632696,0.1729693681,0.1721318415,0.1710443693,0.169698226,0.1680818882,0.1661803775,0.1639742109,0.1614380332,0.1585384208,0.1552305711,0.1514527183,0.1471167221,0.1420905961,0.1361627269,0.1289581765,0.1196956064,0.1061457768,0.05508884524
147720,0.1740016662,0.173883747,0.1735291892,0.1729354889,0.1720982451,0.1710111386,0.1696654457,0.1680496453,0.1661487621,0.1639433171,0.1614079604,0.1585092752,0.1552024686,0.1514257879,0.1470911112,0.1420664803,0.1361403268,0.1289377913,0.1196776974,0.1061312552,0.055084691
147780,0.1739674544,0.1738495753,0.1734951377,0.1729016383,0.172064677,0.1709779359,0.169632693,0.1680174295,0.1661171733,0.1639124491,0.1613779126,0.1584801539,0.1551743894,0.1513988795,0.1470655211,0.1420423841,0.1361179446,0.1289174223,0.1196598025,0.1061167447,0.05508054231
147840,0.1739332716,0.1738154325,0.173461115,0.1728678164,0.1720311374,0.1709447612,0.1695999679,0.1679852408,0.1660856109,0.1638816069,0.1613478898,0.1584510566,0.1551463333,0.1513719932,0.1470399519,0.1420183073,0.1360955803,0.1288970694,0.1196419214,0.1061022453,0.05507639916
147900,0.1738991178,0.1737813186,0.1734271211,0.1728340231,0.171997626,0.1709116146,0.1695672704,0.1679530792,0.1660540749,0.1638507905,0.161317892,0.1584219835,0.1551183003,0.1513451289,0.1470144035,0.1419942499,0.1360732339,0.1288767325,0.1196240543,0.1060877568,0.05507226154
147960,0.1738649929,0.1737472336,0.173393156,0.1728002583,0.171964143,0.1708784959,0.1695346003,0.1679209445,0.1660225653,0.1638199998,0.1612879191,0.1583929344,0.1550902904,0.1513182866,0.1469888759,0.141970212,0.1360509054,0.1288564118,0.1196062011,0.1060732794,0.05506812945
148020,0.1738308968,0.1737131775,0.1733592197,0.1727665221,0.1719306882,0.1708454051,0.1695019578,0.1678888368,0.1659910821,0.1637892347,0.1612579711,0.1583639094,0.1550623036,0.1512914662,0.146963369,0.1419461934,0.1360285947,0.128836107,0.1195883618,0.106058813,0.05506400286
148080,0.1737968297,0.1736791501,0.173325312,0.1727328144,0.1718972617,0.1708123421,0.1694693426,0.167856756,0.1659596253,0.1637584953,0.161228048,0.1583349084,0.1550343398,0.1512646679,0.1469378828,0.1419221943,0.1360063019,0.1288158184,0.1195705363,0.1060443576,0.05505988178
148140,0.1737627913,0.1736451515,0.1732914329,0.1726991351,0.1718638633,0.170779307,0.1694367549,0.1678247021,0.1659281947,0.1637277816,0.1611981497,0.1583059313,0.155006399,0.1512378914,0.1469124174,0.1418982144,0.1359840268,0.1287955457,0.1195527247,0.1060299131,0.05505576618
148200,0.1737287816,0.1736111816,0.1732575825,0.1726654843,0.1718304931,0.1707462997,0.1694041946,0.1677926751,0.1658967903,0.1636970934,0.1611682763,0.1582769782,0.1549784811,0.1512111368,0.1468869726,0.1418742539,0.1359617695,0.128775289,0.1195349269,0.1060154797,0.05505165607
148260,0.1736948007,0.1735772405,0.1732237606,0.1726318618,0.171797151,0.1707133202,0.1693716615,0.1677606748,0.1658654122,0.1636664307,0.1611384276,0.1582480489,0.1549505862,0.151184404,0.1468615485,0.1418503126,0.13593953,0.1287550482,0.1195171429,0.1060010571,0.05504755143
148320,0.1736608485,0.1735433279,0.1731899672,0.1725982676,0.1717638369,0.1706803683,0.1693391558,0.1677287014,0.1658340603,0.1636357935,0.1611086036,0.1582191436,0.1549227142,0.1511576931,0.1468361449,0.1418263907,0.1359173082,0.1287348235,0.1194993728,0.1059866455,0.05504345225
148380,0.1736269249,0.173509444,0.1731562024,0.1725647018,0.1717305509,0.1706474441,0.1693066773,0.1676967547,0.1658027346,0.1636051818,0.1610788044,0.158190262,0.1548948651,0.151131004,0.146810762,0.1418024879,0.1358951041,0.1287146146,0.1194816164,0.1059722449,0.05503935852
148440,0.1735930299,0.1734755886,0.173122466,0.1725311642,0.1716972928,0.1706145476,0.169274226,0.1676648347,0.1657714349,0.1635745956,0.1610490298,0.1581614043,0.1548670388,0.1511043366,0.1467853996,0.1417786044,0.1358729176,0.1286944216,0.1194638737,0.1059578551,0.05503527023
148500,0.1735591635,0.1734417617,0.173088758,0.1724976548,0.1716640627,0.1705816787,0.1692418019,0.1676329414,0.1657401613,0.1635440347,0.1610192798,0.1581325704,0.1548392353,0.151077691,0.1467600578,0.14175474,0.1358507489,0.1286742446,0.1194461448,0.1059434763,0.05503118737
148560,0.1735253256,0.1734079634,0.1730550783,0.1724641736,0.1716308606,0.1705488374,0.169209405,0.1676010747,0.1657089138,0.1635134992,0.1609895545,0.1581037602,0.1548114546,0.1510510671,0.1467347365,0.1417308948,0.1358285977,0.1286540833,0.1194284297,0.1059291083,0.05502710993
148620,0.1734915162,0.1733741935,0.1730214271,0.1724307206,0.1715976863,0.1705160236,0.1691770351,0.1675692346,0.1656776923,0.1634829891,0.1609598537,0.1580749737,0.1547836967,0.1510244648,0.1467094356,0.1417070688,0.1358064642,0.128633938,0.1194107282,0.1059147512,0.05502303791
148680,0.1734577353,0.173340452,0.1729878041,0.1723972957,0.1715645398,0.1704832372,0.1691446923,0.167537421,0.1656464968,0.1634525043,0.1609301775,0.1580462109,0.1547559614,0.1509978843,0.1466841552,0.1416832619,0.1357843482,0.1286138084,0.1193930404,0.1059004049,0.05501897128
148740,0.1734239827,0.1733067388,0.1729542093,0.1723638988,0.1715314211,0.1704504784,0.1691123766,0.167505634,0.1656153272,0.1634220447,0.1609005257,0.1580174717,0.1547282489,0.1509713253,0.1466588953,0.141659474,0.1357622498,0.1285936947,0.1193753663,0.1058860695,0.05501491005
148800,0.1733902585,0.173273054,0.1729206428,0.1723305299,0.1714983302,0.1704177469,0.1690800878,0.1674738735,0.1655841835,0.1633916103,0.1608708985,0.1579887562,0.154700559,0.1509447879,0.1466336557,0.1416357052,0.135740169,0.1285735967,0.1193577059,0.1058717449,0.0550108542
148860,0.1733565627,0.1732393975,0.1728871045,0.1722971891,0.1714652671,0.1703850428,0.169047826,0.1674421395,0.1655530656,0.1633612012,0.1608412957,0.1579600642,0.1546728917,0.1509182721,0.1466084365,0.1416119554,0.1357181057,0.1285535145,0.1193400591,0.1058574311,0.05500680372
148920,0.1733228951,0.1732057693,0.1728535943,0.1722638762,0.1714322316,0.1703523661,0.1690155911,0.1674104318,0.1655219736,0.1633308172,0.1608117172,0.1579313958,0.1546452471,0.1508917778,0.1465832377,0.1415882247,0.1356960598,0.128533448,0.1193224259,0.1058431281,0.0550027586
148980,0.1732892558,0.1731721692,0.1728201122,0.1722305912,0.1713992237,0.1703197167,0.1689833831,0.1673787506,0.1654909074,0.1633004583,0.1607821632,0.1579027509,0.154617625,0.150865305,0.1465580591,0.1415645129,0.1356740315,0.1285133973,0.1193048063,0.1058288359,0.05499871884
149040,0.1732556448,0.1731385974,0.1727866582,0.1721973341,0.1713662435,0.1702870945,0.168951202,0.1673470956,0.165459867,0.1632701246,0.1607526335,0.1578741295,0.1545900255,0.1508388537,0.1465329009,0.1415408201,0.1356520206,0.1284933622,0.1192872003,0.1058145545,0.05499468442
149100,0.1732220619,0.1731050537,0.1727532322,0.1721641048,0.1713332908,0.1702544996,0.1689190476,0.167315467,0.1654288523,0.1632398159,0.1607231281,0.1578455316,0.1545624484,0.1508124239,0.1465077629,0.1415171463,0.1356300271,0.1284733428,0.1192696078,0.1058002838,0.05499065533
149160,0.1731885071,0.1730715381,0.1727198341,0.1721309034,0.1713003657,0.1702219319,0.1688869201,0.1672838647,0.1653978633,0.1632095322,0.160693647,0.1578169571,0.1545348939,0.1507860155,0.1464826452,0.1414934913,0.135608051,0.1284533391,0.119252029,0.1057860239,0.05498663156
149220,0.1731549804,0.1730380505,0.1726864641,0.1720977297,0.1712674681,0.1701893913,0.1688548193,0.1672522886,0.1653668999,0.1631792735,0.1606641901,0.157788406,0.1545073618,0.1507596284,0.1464575476,0.1414698552,0.1355860923,0.128433351,0.1192344636,0.1057717747,0.05498261311
149280,0.1731214818,0.173004591,0.1726531219,0.1720645837,0.1712345979,0.1701568779,0.1688227451,0.1672207388,0.1653359622,0.1631490398,0.1606347574,0.1577598782,0.1544798521,0.1507332628,0.1464324703,0.141446238,0.1355641509,0.1284133785,0.1192169118,0.1057575362,0.05497859996
149340,0.1730880113,0.1729711594,0.1726198077,0.1720314654,0.1712017552,0.1701243915,0.1687906977,0.1671892151,0.1653050501,0.1631188311,0.1606053489,0.1577313738,0.1544523648,0.1507069184,0.1464074131,0.1414226396,0.1355422269,0.1283934217,0.1191993734,0.1057433085,0.05497459211
149400,0.1730545687,0.1729377559,0.1725865212,0.1719983747,0.1711689399,0.1700919322,0.1687586769,0.1671577175,0.1652741635,0.1630886472,0.1605759646,0.1577028927,0.1544248998,0.1506805954,0.1463823761,0.1413990601,0.1355203202,0.1283734804,0.1191818486,0.1057290914,0.05497058954
149460,0.173021154,0.1729043802,0.1725532626,0.1719653117,0.1711361519,0.1700594999,0.1687266826,0.167126246,0.1652433025,0.1630584881,0.1605466043,0.1576744348,0.1543974572,0.1506542937,0.1463573591,0.1413754993,0.1354984308,0.1283535546,0.1191643372,0.105714885,0.05496659225
149520,0.1729877673,0.1728710324,0.1725200318,0.1719322763,0.1711033912,0.1700270945,0.168694715,0.1670948006,0.1652124669,0.1630283539,0.1605172682,0.1576460002,0.1543700369,0.1506280132,0.1463323623,0.1413519573,0.1354765587,0.1283336444,0.1191468392,0.1057006892,0.05496260022
149580,0.1729544085,0.1728377124,0.1724868286,0.1718992684,0.1710706578,0.1699947162,0.1686627738,0.1670633812,0.1651816568,0.1629982445,0.1604879561,0.1576175888,0.1543426389,0.1506017539,0.1463073854,0.141328434,0.1354547038,0.1283137497,0.1191293547,0.1056865041,0.05495861345
149640,0.1729210775,0.1728044203,0.1724536532,0.1718662879,0.1710379516,0.1699623647,0.1686308592,0.1670319878,0.1651508721,0.1629681599,0.160458668,0.1575892006,0.1543152631,0.1505755158,0.1462824287,0.1413049294,0.1354328661,0.1282938706,0.1191118836,0.1056723297,0.05495463193
149700,0.1728877742,0.1727711559,0.1724205053,0.171833335,0.1710052727,0.1699300401,0.168598971,0.1670006204,0.1651201128,0.1629381,0.1604294039,0.1575608356,0.1542879095,0.1505492989,0.1462574919,0.1412814436,0.1354110457,0.1282740069,0.1190944259,0.1056581659,0.05495065564
149760,0.1728544988,0.1727379192,0.1723873852,0.1718004095,0.1709726209,0.1698977423,0.1685671092,0.1669692789,0.1650893789,0.1629080648,0.1604001637,0.1575324936,0.1542605781,0.1505231031,0.146232575,0.1412579764,0.1353892424,0.1282541586,0.1190769815,0.1056440126,0.05494668458
149820,0.1728212511,0.1727047102,0.1723542925,0.1717675114,0.1709399962,0.1698654713,0.1685352738,0.1669379633,0.1650586702,0.1628780542,0.1603709475,0.1575041748,0.1542332688,0.1504969285,0.1462076782,0.1412345278,0.1353674563,0.1282343258,0.1190595506,0.10562987,0.05494271874
149880,0.172788031,0.1726715289,0.1723212275,0.1717346406,0.1709073986,0.169833227,0.1685034647,0.1669066736,0.1650279869,0.1628480683,0.1603417551,0.1574758789,0.1542059817,0.1504707749,0.1461828012,0.1412110978,0.1353456873,0.1282145084,0.1190421329,0.105615738,0.05493875811
149940,0.1727548386,0.1726383751,0.1722881899,0.1717017971,0.1708748281,0.1698010095,0.168471682,0.1668754096,0.1649973288,0.162818107,0.1603125866,0.1574476062,0.1541787166,0.1504446423,0.1461579442,0.1411876865,0.1353239354,0.1281947064,0.1190247286,0.1056016165,0.05493480268
150000,0.1727216738,0.172605249,0.1722551798,0.1716689809,0.1708422846,0.1697688187,0.1684399255,0.1668441715,0.1649666959,0.1627881702,0.160283442,0.1574193564,0.1541514737,0.1504185309,0.146133107,0.1411642937,0.1353022006,0.1281749198,0.1190073376,0.1055875056,0.05493085243
150060,0.1726885366,0.1725721504,0.1722221971,0.171636192,0.1708097681,0.1697366545,0.1684081953,0.1668129591,0.1649360882,0.162758258,0.1602543211,0.1573911295,0.1541242527,0.1503924404,0.1461082897,0.1411409194,0.1352804829,0.1281551485,0.1189899599,0.1055734053,0.05492690737
150120,0.172655427,0.1725390793,0.1721892418,0.1716034303,0.1707772786,0.169704517,0.1683764913,0.1667817724,0.1649055057,0.1627283703,0.160225224,0.1573629257,0.1540970538,0.1503663708,0.1460834921,0.1411175637,0.1352587822,0.1281353926,0.1189725955,0.1055593154,0.05492296748
150180,0.1726223448,0.1725060356,0.1721563139,0.1715706957,0.1707448159,0.169672406,0.1683448134,0.1667506114,0.1648749482,0.162698507,0.1601961506,0.1573347447,0.1540698769,0.1503403223,0.1460587144,0.1410942265,0.1352370985,0.128115652,0.1189552444,0.1055452361,0.05491903275
150240,0.1725892901,0.1724730194,0.1721234132,0.1715379883,0.1707123801,0.1696403215,0.1683131617,0.1667194761,0.1648444159,0.1626686682,0.160167101,0.1573065866,0.1540427219,0.1503142946,0.1460339564,0.1410709077,0.1352154319,0.1280959267,0.1189379064,0.1055311673,0.05491510318
150300,0.1725562628,0.1724400305,0.1720905399,0.171505308,0.1706799712,0.1696082636,0.1682815361,0.1666883663,0.1648139086,0.1626388538,0.1601380749,0.1572784513,0.1540155888,0.1502882878,0.1460092182,0.1410476074,0.1351937822,0.1280762166,0.1189205817,0.105517109,0.05491117875
150360,0.1725232629,0.1724070691,0.1720576938,0.1714726547,0.1706475891,0.1695762322,0.1682499365,0.1666572822,0.1647834263,0.1626090637,0.1601090726,0.1572503388,0.1539884776,0.1502623019,0.1459844997,0.1410243255,0.1351721495,0.1280565219,0.1189032703,0.1055030612,0.05490725945
150420,0.1724902904,0.1723741349,0.1720248749,0.1714400285,0.1706152337,0.1695442271,0.168218363,0.1666262236,0.164752969,0.162579298,0.1600800938,0.1572222491,0.1539613883,0.1502363369,0.1459598009,0.141001062,0.1351505337,0.1280368423,0.118885972,0.1054890238,0.05490334528
150480,0.1724573451,0.172341228,0.1719920832,0.1714074292,0.1705829051,0.1695122485,0.1681868155,0.1665951905,0.1647225367,0.1625495566,0.1600511386,0.1571941822,0.1539343208,0.1502103926,0.1459351217,0.1409778169,0.1351289348,0.128017178,0.1188686869,0.1054749969,0.05489943623
150540,0.1724244272,0.1723083484,0.1719593186,0.1713748569,0.1705506032,0.1694802963,0.1681552939,0.1665641829,0.1646921292,0.1625198394,0.160022207,0.157166138,0.1539072751,0.1501844691,0.1459104622,0.1409545901,0.1351073529,0.1279975289,0.1188514149,0.1054609804,0.05489553228
150600,0.1723915365,0.1722754959,0.1719265811,0.1713423115,0.1705183279,0.1694483703,0.1681237982,0.1665332007,0.1646617467,0.1624901465,0.1599932988,0.1571381165,0.1538802512,0.1501585664,0.1458858223,0.1409313816,0.1350857878,0.127977895,0.1188341561,0.1054469743,0.05489163343
150660,0.172358673,0.1722426707,0.1718938707,0.171309793,0.1704860792,0.1694164707,0.1680923285,0.1665022439,0.164631389,0.1624604778,0.1599644142,0.1571101177,0.153853249,0.1501326844,0.1458612019,0.1409081915,0.1350642395,0.1279582762,0.1188169104,0.1054329787,0.05488773966
150720,0.1723258367,0.1722098725,0.1718611873,0.1712773013,0.1704538572,0.1693845973,0.1680608846,0.1664713125,0.1646010561,0.1624308333,0.1599355529,0.1570821414,0.1538262686,0.1501068231,0.1458366012,0.1408850197,0.1350427081,0.1279386726,0.1187996778,0.1054189935,0.05488385098
150780,0.1722930275,0.1721771015,0.1718285308,0.1712448365,0.1704216617,0.1693527502,0.1680294665,0.1664404065,0.164570748,0.1624012129,0.1599067151,0.1570541878,0.1537993098,0.1500809825,0.1458120199,0.1408618661,0.1350211935,0.1279190841,0.1187824583,0.1054050186,0.05487996737
150840,0.1722602454,0.1721443575,0.1717959014,0.1712123984,0.1703894927,0.1693209292,0.1679980742,0.1664095257,0.1645404646,0.1623716167,0.1598779007,0.1570262568,0.1537723727,0.1500551625,0.1457874582,0.1408387307,0.1349996956,0.1278995107,0.1187652519,0.1053910541,0.05487608882
150900,0.1722274903,0.1721116406,0.1717632988,0.171179987,0.1703573502,0.1692891344,0.1679667077,0.1663786703,0.164510206,0.1623420445,0.1598491097,0.1569983483,0.1537454573,0.1500293631,0.145762916,0.1408156135,0.1349782145,0.1278799524,0.1187480586,0.1053771,0.05487221532
150960,0.1721947623,0.1720789506,0.1717307232,0.1711476024,0.1703252341,0.1692573658,0.1679353669,0.1663478401,0.164479972,0.1623124963,0.159820342,0.1569704623,0.1537185634,0.1500035843,0.1457383932,0.1407925146,0.1349567502,0.1278604092,0.1187308783,0.1053631563,0.05486834686
151020,0.1721620613,0.1720462876,0.1716981743,0.1711152444,0.1702931445,0.1692256232,0.1679040517,0.166317035,0.1644497627,0.1622829722,0.1597915975,0.1569425988,0.1536916912,0.1499778261,0.1457138898,0.1407694337,0.1349353026,0.127840881,0.118713711,0.1053492228,0.05486448344
151080,0.1721293872,0.1720136515,0.1716656523,0.1710829131,0.1702610812,0.1691939066,0.1678727623,0.1662862552,0.164419578,0.1622534721,0.1597628764,0.1569147578,0.1536648404,0.1499520884,0.1456894059,0.1407463711,0.1349138717,0.1278213679,0.1186965568,0.1053352997,0.05486062504
151140,0.1720967401,0.1719810423,0.1716331571,0.1710506083,0.1702290443,0.1691622161,0.1678414984,0.1662555005,0.1643894179,0.1622239959,0.1597341784,0.1568869391,0.1536380112,0.1499263713,0.1456649413,0.1407233265,0.1348924575,0.1278018697,0.1186794155,0.1053213869,0.05485677166
151200,0.1720641198,0.1719484599,0.1716006886,0.1710183301,0.1701970337,0.1691305516,0.1678102601,0.1662247709,0.1643592824,0.1621945436,0.1597055037,0.1568591429,0.1536112035,0.1499006746,0.1456404961,0.1407003001,0.1348710599,0.1277823865,0.1186622872,0.1053074844,0.05485292329
151260,0.1720315264,0.1719159043,0.1715682468,0.1709860784,0.1701650493,0.169098913,0.1677790474,0.1661940664,0.1643291714,0.1621651152,0.1596768521,0.156831369,0.1535844173,0.1498749984,0.1456160703,0.1406772917,0.1348496789,0.1277629184,0.1186451719,0.1052935922,0.05484907991
151320,0.1719989597,0.1718833756,0.1715358316,0.1709538532,0.1701330912,0.1690673003,0.1677478602,0.1661633869,0.1642990849,0.1621357107,0.1596482237,0.1568036175,0.1535576524,0.1498493426,0.1455916637,0.1406543013,0.1348283146,0.1277434651,0.1186280695,0.1052797103,0.05484524153
151380,0.1719664199,0.1718508735,0.1715034431,0.1709216545,0.1701011593,0.1690357135,0.1677166984,0.1661327324,0.1642690228,0.16210633,0.1596196184,0.1567758883,0.153530909,0.1498237072,0.1455672764,0.140631329,0.1348069668,0.1277240268,0.11861098,0.1052658386,0.05484140812
151440,0.1719339068,0.1718183982,0.1714710812,0.1708894821,0.1700692536,0.1690041525,0.1676855621,0.166102103,0.1642389851,0.1620769731,0.1595910362,0.1567481814,0.153504187,0.1497980922,0.1455429084,0.1406083747,0.1347856357,0.1277046034,0.1185939035,0.1052519772,0.05483757969
151500,0.1719014204,0.1717859495,0.1714387459,0.1708573362,0.1700373739,0.1689726174,0.1676544513,0.1660714984,0.1642089719,0.16204764,0.159562477,0.1567204967,0.1534774863,0.1497724976,0.1455185596,0.1405854383,0.1347643211,0.1276851949,0.1185768398,0.105238126,0.05483375622
151560,0.1718689606,0.1717535274,0.171406437,0.1708252166,0.1700055204,0.168941108,0.1676233658,0.1660409188,0.164178983,0.1620183305,0.1595339408,0.1566928342,0.153450807,0.1497469232,0.14549423,0.1405625199,0.134743023,0.1276658013,0.1185597891,0.105224285,0.0548299377
151620,0.1718365275,0.171721132,0.1713741547,0.1707931233,0.169973693,0.1689096244,0.1675923056,0.166010364,0.1641490184,0.1619890448,0.1595054277,0.1566651939,0.1534241489,0.1497213692,0.1454699196,0.1405396195,0.1347217414,0.1276464225,0.1185427512,0.1052104543,0.05482612413
151680,0.171804121,0.1716887631,0.1713418988,0.1707610563,0.1699418916,0.1688781664,0.1675612708,0.1659798341,0.1641190781,0.1619597828,0.1594769375,0.1566375758,0.1533975121,0.1496958354,0.1454456284,0.1405167369,0.1347004763,0.1276270586,0.1185257261,0.1051966337,0.05482231549
151740,0.171771741,0.1716564207,0.1713096693,0.1707290155,0.1699101161,0.1688467342,0.1675302612,0.1659493289,0.1640891621,0.1619305444,0.1594484702,0.1566099798,0.1533708966,0.1496703219,0.1454213563,0.1404938722,0.1346792276,0.1276077095,0.1185087139,0.1051828233,0.05481851178
151800,0.1717393876,0.1716241048,0.1712774663,0.170697001,0.1698783666,0.1688153276,0.1674992769,0.1659188486,0.1640592704,0.1619013296,0.1594200258,0.1565824059,0.1533443023,0.1496448286,0.1453971033,0.1404710254,0.1346579954,0.1275883752,0.1184917145,0.1051690231,0.054814713
151860,0.1717070606,0.1715918154,0.1712452895,0.1706650126,0.1698466431,0.1687839466,0.1674683178,0.165888393,0.1640294028,0.1618721384,0.1593916043,0.1565548541,0.1533177291,0.1496193555,0.1453728694,0.1404481964,0.1346367797,0.1275690557,0.1184747279,0.1051552331,0.05481091912
151920,0.1716747601,0.1715595523,0.1712131391,0.1706330503,0.1698149454,0.1687525911,0.1674373839,0.1658579621,0.1639995594,0.1618429707,0.1593632056,0.1565273244,0.1532911771,0.1495939026,0.1453486545,0.1404253853,0.1346155803,0.1275497509,0.1184577541,0.1051414532,0.05480713014
151980,0.1716424861,0.1715273157,0.171181015,0.1706011142,0.1697832736,0.1687212612,0.1674064751,0.1658275559,0.1639697401,0.1618138266,0.1593348297,0.1564998166,0.1532646463,0.1495684698,0.1453244587,0.1404025919,0.1345943973,0.1275304609,0.1184407931,0.1051276834,0.05480334605
152040,0.1716102384,0.1714951054,0.1711489171,0.1705692041,0.1697516277,0.1686899568,0.1673755914,0.1657971744,0.1639399449,0.1617847059,0.1593064767,0.1564723309,0.1532381365,0.1495430571,0.1453002819,0.1403798163,0.1345732307,0.1275111857,0.1184238448,0.1051139238,0.05479956685
152100,0.171578017,0.1714629215,0.1711168454,0.1705373201,0.1697200075,0.1686586779,0.1673447328,0.1657668174,0.1639101739,0.1617556087,0.1592781463,0.1564448671,0.1532116479,0.1495176645,0.1452761241,0.1403570584,0.1345520804,0.1274919251,0.1184069092,0.1051001742,0.05479579252
152160,0.171545822,0.1714307638,0.1710847998,0.170505462,0.169688413,0.1686274244,0.1673138993,0.165736485,0.1638804268,0.1617265349,0.1592498387,0.1564174252,0.1531851802,0.149492292,0.1452519852,0.1403343183,0.1345309464,0.1274726792,0.1183899864,0.1050864348,0.05479202307
152220,0.1715136532,0.1713986323,0.1710527805,0.1704736299,0.1696568443,0.1685961963,0.1672830908,0.1657061772,0.1638507038,0.1616974845,0.1592215538,0.1563900052,0.1531587336,0.1494669395,0.1452278653,0.1403115959,0.1345098288,0.127453448,0.1183730762,0.1050727054,0.05478825846
152280,0.1714815107,0.1713665271,0.1710207872,0.1704418238,0.1696253013,0.1685649936,0.1672523072,0.1656758939,0.1638210047,0.1616684574,0.1591932915,0.1563626071,0.153132308,0.149441607,0.1452037643,0.1402888911,0.1344887274,0.1274342314,0.1183561788,0.1050589862,0.05478449871
152340,0.1714493944,0.171334448,0.17098882,0.1704100435,0.1695937839,0.1685338162,0.1672215486,0.1656456351,0.1637913296,0.1616394537,0.1591650519,0.1563352309,0.1531059034,0.1494162945,0.1451796821,0.140266204,0.1344676422,0.1274150295,0.118339294,0.1050452769,0.0547807438
152400,0.1714173043,0.1713023951,0.1709568788,0.1703782891,0.1695622921,0.1685026641,0.1671908149,0.1656154008,0.1637616784,0.1616104733,0.1591368349,0.1563078765,0.1530795197,0.149391002,0.1451556189,0.1402435346,0.1344465733,0.1273958422,0.1183224219,0.1050315778,0.05477699372
152460,0.1713852403,0.1712703683,0.1709249637,0.1703465606,0.1695308259,0.1684715373,0.1671601061,0.1655851908,0.1637320511,0.1615815161,0.1591086404,0.1562805438,0.1530531569,0.1493657294,0.1451315745,0.1402208827,0.1344255207,0.1273766695,0.1183055625,0.1050178886,0.05477324847
152520,0.1713532025,0.1712383676,0.1708930745,0.1703148578,0.1694993853,0.1684404357,0.1671294222,0.1655550053,0.1637024476,0.1615525822,0.1590804685,0.156253233,0.153026815,0.1493404767,0.1451075488,0.1401982485,0.1344044842,0.1273575113,0.1182887156,0.1050042095,0.05476950803
152580,0.1713211907,0.1712063929,0.1708612112,0.1702831808,0.1694679702,0.1684093593,0.167098763,0.1655248441,0.1636728679,0.1615236715,0.1590523191,0.1562259438,0.1530004939,0.1493152439,0.145083542,0.1401756318,0.1343834639,0.1273383677,0.1182718814,0.1049905404,0.05476577239
152640,0.1712892049,0.1711744442,0.1708293738,0.1702515295,0.1694365806,0.1683783081,0.1670681287,0.1654947072,0.1636433121,0.161494784,0.1590241922,0.1561986764,0.1529741937,0.1492900309,0.145059554,0.1401530326,0.1343624597,0.1273192387,0.1182550597,0.1049768813,0.05476204156
152700,0.1712572451,0.1711425214,0.1707975623,0.1702199039,0.1694052164,0.168347282,0.167037519,0.1654645946,0.16361378,0.1614659196,0.1589960877,0.1561714306,0.1529479143,0.1492648378,0.1450355847,0.140130451,0.1343414717,0.1273001242,0.1182382507,0.1049632322,0.05475831552
152760,0.1712253113,0.1711106246,0.1707657767,0.170188304,0.1693738776,0.1683162811,0.1670069342,0.1654345063,0.1635842716,0.1614370783,0.1589680057,0.1561442065,0.1529216556,0.1492396645,0.1450116341,0.1401078868,0.1343204998,0.1272810242,0.1182214542,0.104949593,0.05475459425
152820,0.1711934035,0.1710787537,0.1707340168,0.1701567296,0.1693425642,0.1682853052,0.166976374,0.1654044422,0.163554787,0.1614082602,0.158939946,0.156117004,0.1528954177,0.149214511,0.1449877022,0.1400853402,0.1342995439,0.1272619387,0.1182046702,0.1049359638,0.05475087776
152880,0.1711615215,0.1710469087,0.1707022827,0.1701251809,0.1693112762,0.1682543543,0.1669458384,0.1653744023,0.163525326,0.1613794651,0.1589119088,0.1560898231,0.1528692006,0.1491893772,0.144963789,0.140062811,0.1342786042,0.1272428676,0.1181878988,0.1049223446,0.05474716603
152940,0.1711296654,0.1710150895,0.1706705743,0.1700936578,0.1692800135,0.1682234284,0.1669153275,0.1653443866,0.1634958886,0.161350693,0.1588838938,0.1560626637,0.1528430041,0.1491642631,0.1449398944,0.1400402992,0.1342576805,0.127223811,0.1181711399,0.1049087353,0.05474345906
153000,0.1710978352,0.1709832961,0.1706388916,0.1700621601,0.169248776,0.1681925275,0.1668848411,0.165314395,0.1634664748,0.1613219439,0.1588559012,0.1560355259,0.1528168283,0.1491391688,0.1449160185,0.1400178049,0.1342367728,0.1272047689,0.1181543935,0.1048951359,0.05473975684
153060,0.1710660307,0.1709515284,0.1706072346,0.170030688,0.1692175638,0.1681616516,0.1668543794,0.1652844275,0.1634370846,0.1612932178,0.1588279309,0.1560084096,0.1527906732,0.1491140941,0.1448921611,0.1399953279,0.1342158812,0.1271857411,0.1181376596,0.1048815465,0.05473605936
153120,0.171034252,0.1709197865,0.1705756032,0.1699992413,0.1691863769,0.1681308005,0.1668239421,0.1652544841,0.163407718,0.1612645146,0.1587999828,0.1559813148,0.1527645386,0.1490890391,0.1448683224,0.1399728683,0.1341950055,0.1271667278,0.1181209382,0.1048679669,0.05473236661
153180,0.171002499,0.1708880703,0.1705439974,0.16996782,0.1691552151,0.1680999744,0.1667935293,0.1652245647,0.1633783748,0.1612358343,0.1587720569,0.1559542414,0.1527384247,0.1490640037,0.1448445022,0.139950426,0.1341741458,0.1271477288,0.1181042292,0.1048543972,0.05472867858
153240,0.1709707717,0.1708563798,0.1705124171,0.1699364241,0.1691240784,0.168069173,0.166763141,0.1651946694,0.1633490552,0.1612071769,0.1587441532,0.1559271895,0.1527123313,0.1490389879,0.1448207005,0.1399280011,0.1341533021,0.1271287442,0.1180875326,0.1048408375,0.05472499527
153300,0.1709390701,0.1708247148,0.1704808624,0.1699050536,0.1690929669,0.1680383965,0.1667327772,0.165164798,0.163319759,0.1611785423,0.1587162717,0.155900159,0.1526862585,0.1490139917,0.1447969173,0.1399055935,0.1341324743,0.1271097739,0.1180708485,0.1048272875,0.05472131666
153360,0.1709073941,0.1707930755,0.1704493332,0.1698737084,0.1690618805,0.1680076448,0.1667024377,0.1651349505,0.1632904862,0.1611499306,0.1586884123,0.1558731498,0.1526602061,0.1489890151,0.1447731526,0.1398832031,0.1341116624,0.127090818,0.1180541768,0.1048137475,0.05471764275
153420,0.1708757438,0.1707614617,0.1704178294,0.1698423885,0.1690308191,0.1679769178,0.1666721226,0.165105127,0.1632612368,0.1611213417,0.1586605751,0.1558461619,0.1526341743,0.1489640579,0.1447494063,0.13986083,0.1340908663,0.1270718763,0.1180375175,0.1048002172,0.05471397353
153480,0.1708441189,0.1707298735,0.1703863511,0.1698110938,0.1689997827,0.1679462155,0.1666418318,0.1650753274,0.1632320108,0.1610927755,0.1586327599,0.1558191954,0.1526081629,0.1489391203,0.1447256785,0.1398384741,0.1340700862,0.127052949,0.1180208705,0.1047866968,0.05471030899
153540,0.1708125196,0.1706983107,0.1703548981,0.1697798244,0.1689687714,0.1679155379,0.1666115653,0.1650455516,0.1632028081,0.161064232,0.1586049667,0.1557922502,0.1525821719,0.1489142022,0.1447019691,0.1398161355,0.1340493219,0.1270340359,0.1180042359,0.1047731862,0.05470664912
153600,0.1707809458,0.1706667735,0.1703234706,0.1697485801,0.1689377849,0.1678848849,0.1665813231,0.1650157996,0.1631736287,0.1610357113,0.1585771956,0.1557653262,0.1525562014,0.1488893035,0.1446782781,0.139793814,0.1340285735,0.1270151371,0.1179876137,0.1047596855,0.05470299392
153660,0.1707493975,0.1706352616,0.1702920683,0.169717361,0.1689068234,0.1678542566,0.1665511051,0.1649860714,0.1631444725,0.1610072132,0.1585494465,0.1557384235,0.1525302512,0.1488644242,0.1446546055,0.1397715097,0.1340078408,0.1269962525,0.1179710038,0.1047461945,0.05469934338
153720,0.1707178746,0.1706037751,0.1702606913,0.1696861671,0.1688758868,0.1678236528,0.1665209114,0.164956367,0.1631153396,0.1609787377,0.1585217193,0.1557115419,0.1525043214,0.1488395643,0.1446309512,0.1397492226,0.133987124,0.1269773821,0.1179544062,0.1047327133,0.05469569748
153780,0.170686377,0.170572314,0.1702293396,0.1696549982,0.168844975,0.1677930736,0.1664907418,0.1649266863,0.1630862299,0.1609502849,0.1584940141,0.1556846816,0.1524784119,0.1488147239,0.1446073152,0.1397269525,0.1339664229,0.126958526,0.117937821,0.1047192418,0.05469205623
153840,0.1706549049,0.1705408783,0.1701980131,0.1696238544,0.1688140881,0.1677625189,0.1664605963,0.1648970293,0.1630571434,0.1609218546,0.1584663308,0.1556578424,0.1524525227,0.1487899027,0.1445836975,0.1397046996,0.1339457376,0.126939684,0.117921248,0.1047057802,0.0546884196
153900,0.1706234581,0.1705094678,0.1701667119,0.1695927356,0.1687832259,0.1677319887,0.166430475,0.1648673959,0.16302808,0.160893447,0.1584386694,0.1556310243,0.1524266538,0.1487651009,0.1445600981,0.1396824638,0.133925068,0.1269208562,0.1179046872,0.1046923282,0.05468478761
153960,0.1705920365,0.1704780826,0.1701354357,0.1695616418,0.1687523885,0.1677014829,0.1664003777,0.1648377862,0.1629990398,0.1608650618,0.1584110298,0.1556042273,0.1524008051,0.1487403184,0.1445365169,0.139660245,0.1339044141,0.1269020425,0.1178881388,0.104678886,0.05468116023
154020,0.1705606402,0.1704467226,0.1701041847,0.169530573,0.1687215759,0.1676710016,0.1663703045,0.1648082002,0.1629700226,0.1608366991,0.158383412,0.1555774514,0.1523749767,0.1487155552,0.144512954,0.1396380433,0.1338837759,0.126883243,0.1178716025,0.1046654535,0.05467753745
154080,0.1705292692,0.1704153878,0.1700729588,0.1694995291,0.1686907879,0.1676405446,0.1663402553,0.1647786376,0.1629410285,0.1608083589,0.1583558161,0.1555506965,0.1523491684,0.1486908113,0.1444894092,0.1396158585,0.1338631534,0.1268644576,0.1178550785,0.1046520308,0.05467391928
154140,0.1704979234,0.1703840782,0.170041758,0.1694685101,0.1686600246,0.167610112,0.1663102301,0.1647490987,0.1629120575,0.1607800411,0.1583282419,0.1555239626,0.1523233804,0.1486660865,0.1444658826,0.1395936908,0.1338425465,0.1268456862,0.1178385668,0.1046386177,0.0546703057
154200,0.1704666027,0.1703527937,0.1700105822,0.169437516,0.1686292859,0.1675797038,0.1662802289,0.1647195832,0.1628831094,0.1607517458,0.1583006894,0.1554972497,0.1522976124,0.148641381,0.1444423742,0.1395715401,0.1338219553,0.126826929,0.1178220672,0.1046252143,0.0546666967
154260,0.1704353071,0.1703215343,0.1699794314,0.1694065467,0.1685985718,0.1675493198,0.1662502516,0.1646900912,0.1628541843,0.1607234728,0.1582731587,0.1554705578,0.1522718646,0.1486166947,0.144418884,0.1395494063,0.1338013796,0.1268081858,0.1178055798,0.1046118206,0.05466309228
154320,0.1704040367,0.1702902999,0.1699483056,0.1693756021,0.1685678823,0.1675189601,0.1662202982,0.1646606227,0.1628252821,0.1606952221,0.1582456496,0.1554438868,0.1522461369,0.1485920275,0.1443954118,0.1395272894,0.1337808196,0.1267894566,0.1177891045,0.1045984366,0.05465949243
154380,0.1703727913,0.1702590906,0.1699172047,0.1693446824,0.1685372173,0.1674886246,0.1661903686,0.1646311776,0.1627964029,0.1606669938,0.1582181622,0.1554172368,0.1522204293,0.1485673794,0.1443719577,0.1395051895,0.1337602752,0.1267707415,0.1177726414,0.1045850622,0.05465589714
154440,0.1703415709,0.1702279063,0.1698861286,0.1693137874,0.1685065769,0.1674583134,0.1661604629,0.1646017559,0.1627675465,0.1606387878,0.1581906965,0.1553906076,0.1521947417,0.1485427505,0.1443485217,0.1394831064,0.1337397463,0.1267520404,0.1177561905,0.1045716975,0.0546523064
154500,0.1703103756,0.170196747,0.1698550775,0.1692829171,0.1684759608,0.1674280263,0.1661305809,0.1645723576,0.162738713,0.1606106041,0.1581632523,0.1553639992,0.1521690741,0.1485181406,0.1443251037,0.1394610402,0.1337192329,0.1267333533,0.1177397517,0.1045583424,0.05464872021
154560,0.1702792052,0.1701656126,0.1698240512,0.1692520715,0.1684453693,0.1673977633,0.1661007228,0.1645429825,0.1627099023,0.1605824426,0.1581358297,0.1553374117,0.1521434265,0.1484935499,0.1443017037,0.1394389909,0.1336987351,0.1267146801,0.1177233249,0.1045449969,0.05464513855
154620,0.1702480597,0.1701345031,0.1697930497,0.1692212505,0.1684148021,0.1673675245,0.1660708884,0.1645136308,0.1626811144,0.1605543032,0.1581084286,0.155310845,0.1521177989,0.1484689781,0.1442783218,0.1394169583,0.1336782527,0.1266960209,0.1177069103,0.104531661,0.05464156142
154680,0.1702169392,0.1701034184,0.169762073,0.1691904541,0.1683842593,0.1673373097,0.1660410777,0.1644843024,0.1626523492,0.1605261861,0.1580810491,0.155284299,0.1520921912,0.1484444253,0.1442549578,0.1393949426,0.1336577859,0.1266773757,0.1176905077,0.1045183347,0.05463798881
154740,0.1701858435,0.1700723586,0.169731121,0.1691596823,0.1683537409,0.167307119,0.1660112906,0.1644549972,0.1626236068,0.1604980911,0.158053691,0.1552577739,0.1520666035,0.1484198916,0.1442316118,0.1393729437,0.1336373344,0.1266587443,0.1176741173,0.1045050179,0.05463442071
154800,0.1701547727,0.1700413237,0.1697001937,0.169128935,0.1683232467,0.1672769523,0.1659815272,0.1644257152,0.1625948871,0.1604700183,0.1580263545,0.1552312694,0.1520410356,0.1483953768,0.1442082836,0.1393509615,0.1336168985,0.1266401269,0.1176577388,0.1044917108,0.05463085712
154860,0.1701237266,0.1700103135,0.1696692911,0.1690982122,0.1682927769,0.1672468095,0.1659517875,0.1643964564,0.1625661901,0.1604419675,0.1579990393,0.1552047856,0.1520154876,0.1483708809,0.1441849734,0.1393289961,0.1335964779,0.1266215233,0.1176413724,0.1044784132,0.05462729803
154920,0.1700927054,0.169979328,0.1696384131,0.169067514,0.1682623313,0.1672166908,0.1659220713,0.1643672207,0.1625375157,0.1604139388,0.1579717456,0.1551783225,0.1519899594,0.148346404,0.1441616811,0.1393070474,0.1335760728,0.1266029337,0.117625018,0.1044651252,0.05462374342
154980,0.1700617089,0.1699483672,0.1696075598,0.1690368401,0.1682319099,0.1671865959,0.1658923787,0.1643380082,0.1625088639,0.1603859322,0.1579444732,0.15515188,0.1519644511,0.1483219459,0.1441384066,0.1392851154,0.133555683,0.1265843578,0.1176086756,0.1044518467,0.0546201933
155040,0.1700307371,0.1699174311,0.169576731,0.1690061907,0.1682015127,0.1671565249,0.1658627096,0.1643088188,0.1624802347,0.1603579475,0.1579172222,0.1551254582,0.1519389625,0.1482975068,0.14411515,0.1392632001,0.1335353086,0.1265657959,0.1175923452,0.1044385777,0.05461664765
155100,0.1699997899,0.1698865197,0.1695459268,0.1689755657,0.1681711397,0.1671264778,0.165833064,0.1642796524,0.1624516281,0.1603299848,0.1578899925,0.1550990569,0.1519134937,0.1482730864,0.1440919112,0.1392413014,0.1335149496,0.1265472477,0.1175760268,0.1044253182,0.05461310647
155160,0.1699688674,0.1698556329,0.1695151471,0.168944965,0.1681407907,0.1670964545,0.1658034418,0.164250509,0.162423044,0.1603020441,0.1578627841,0.1550726762,0.1518880447,0.1482486849,0.1440686902,0.1392194194,0.1334946058,0.1265287133,0.1175597203,0.1044120683,0.05460956975
155220,0.1699379696,0.1698247706,0.1694843919,0.1689143887,0.1681104659,0.1670664551,0.1657738431,0.1642213887,0.1623944824,0.1602741253,0.157835597,0.155046316,0.1518626153,0.1482243022,0.1440454869,0.139197554,0.1334742774,0.1265101928,0.1175434258,0.1043988278,0.05460603747
155280,0.1699070963,0.1697939329,0.1694536611,0.1688838366,0.1680801651,0.1670364794,0.1657442679,0.1641922913,0.1623659432,0.1602462284,0.1578084311,0.1550199764,0.1518372057,0.1481999383,0.1440223014,0.1391757051,0.1334539643,0.1264916859,0.1175271432,0.1043855968,0.05460250964
155340,0.1698762476,0.1697631198,0.1694229547,0.1688533088,0.1680498884,0.1670065274,0.1657147159,0.1641632169,0.1623374266,0.1602183534,0.1577812865,0.1549936572,0.1518118157,0.1481755931,0.1439991337,0.1391538729,0.1334336664,0.1264731929,0.1175108726,0.1043723753,0.05459898625
155400,0.1698454233,0.1697323311,0.1693922728,0.1688228052,0.1680196357,0.1669765991,0.1656851874,0.1641341654,0.1623089323,0.1601905002,0.157754163,0.1549673585,0.1517864454,0.1481512666,0.1439759836,0.1391320572,0.1334133838,0.1264547136,0.1174946138,0.1043591632,0.05459546728
155460,0.1698146236,0.1697015668,0.1693616152,0.1687923258,0.1679894069,0.1669466945,0.1656556821,0.1641051368,0.1622804604,0.1601626688,0.1577270607,0.1549410802,0.1517610946,0.1481269588,0.1439528512,0.1391102581,0.1333931164,0.1264362479,0.1174783669,0.1043459606,0.05459195274
155520,0.1697838483,0.169670827,0.1693309819,0.1687618706,0.1679592021,0.1669168136,0.1656262001,0.164076131,0.1622520109,0.1601348592,0.1576999796,0.1549148223,0.1517357635,0.1481026697,0.1439297365,0.1390884754,0.1333728642,0.126417796,0.1174621319,0.1043327674,0.0545884426
155580,0.1697530975,0.1696401116,0.1693003729,0.1687314395,0.1679290212,0.1668869562,0.1655967414,0.1640471481,0.1622235837,0.1601070714,0.1576729195,0.1548885849,0.1517104519,0.1480783993,0.1439066394,0.1390667093,0.1333526272,0.1263993578,0.1174459088,0.1043195837,0.05458493687
155640,0.169722371,0.1696094206,0.1692697882,0.1687010325,0.1678988641,0.1668571225,0.1655673059,0.1640181879,0.1621951788,0.1600793053,0.1576458805,0.1548623677,0.1516851599,0.1480541475,0.1438835599,0.1390449596,0.1333324054,0.1263809333,0.1174296975,0.1043064093,0.05458143554
155700,0.1696916689,0.1695787538,0.1692392277,0.1686706496,0.1678687309,0.1668273123,0.1655378936,0.1639892506,0.1621667962,0.1600515609,0.1576188626,0.1548361709,0.1516598874,0.1480299143,0.143860498,0.1390232264,0.1333121987,0.1263625223,0.117413498,0.1042932444,0.0545779386
155760,0.1696609912,0.1695481114,0.1692086915,0.1686402908,0.1678386215,0.1667975256,0.1655085045,0.1639603359,0.1621384358,0.1600238381,0.1575918657,0.1548099944,0.1516346343,0.1480056997,0.1438374537,0.1390015096,0.1332920072,0.1263441251,0.1173973104,0.1042800888,0.05457444604
155820,0.1696303377,0.1695174932,0.1691781793,0.1686099559,0.1678085359,0.1667677624,0.1654791385,0.163931444,0.1621100976,0.1599961371,0.1575648898,0.1547838382,0.1516094008,0.1479815037,0.1438144269,0.1389798092,0.1332718308,0.1263257414,0.1173811345,0.1042669426,0.05457095785
155880,0.1695997085,0.1694868993,0.1691476914,0.168579645,0.1677784741,0.1667380227,0.1654497956,0.1639025748,0.1620817816,0.1599684576,0.1575379349,0.1547577022,0.1515841867,0.1479573261,0.1437914177,0.1389581252,0.1332516695,0.1263073714,0.1173649704,0.1042538058,0.05456747403
155940,0.1695691035,0.1694563296,0.1691172275,0.1685493581,0.167748436,0.1667083064,0.1654204758,0.1638737282,0.1620534878,0.1599407997,0.157511001,0.1547315865,0.151558992,0.1479331672,0.143768426,0.1389364576,0.1332315233,0.1262890149,0.1173488181,0.1042406784,0.05456399457
156000,0.1695385228,0.169425784,0.1690867877,0.1685190951,0.1677184216,0.1666786136,0.165391179,0.1638449042,0.1620252161,0.1599131634,0.1574840879,0.1547054909,0.1515338167,0.1479090267,0.1437454517,0.1389148063,0.1332113921,0.126270672,0.1173326776,0.1042275602,0.05456051946
156060,0.1695079662,0.1693952626,0.169056372,0.168488856,0.1676884308,0.1666489441,0.1653619053,0.1638161028,0.1619969665,0.1598855486,0.1574571958,0.1546794155,0.1515086607,0.1478849046,0.1437224949,0.1388931714,0.133191276,0.1262523426,0.1173165488,0.1042144515,0.0545570487
156120,0.1694774338,0.1693647653,0.1690259803,0.1684586407,0.1676584637,0.1666192979,0.1653326545,0.163787324,0.161968739,0.1598579554,0.1574303245,0.1546533603,0.1514835241,0.147860801,0.1436995556,0.1388715527,0.1331711749,0.1262340268,0.1173004317,0.104201352,0.05455358228
156180,0.1694469254,0.1693342921,0.1689956125,0.1684284493,0.1676285201,0.1665896751,0.1653034267,0.1637585678,0.1619405335,0.1598303836,0.1574034741,0.1546273252,0.1514584069,0.1478367159,0.1436766336,0.1388499504,0.1331510888,0.1262157245,0.1172843264,0.1041882619,0.05455012018
156240,0.1694164412,0.169303843,0.1689652688,0.1683982816,0.1675986002,0.1665600755,0.1652742218,0.163729834,0.16191235,0.1598028332,0.1573766445,0.1546013102,0.1514333089,0.1478126491,0.1436537291,0.1388283643,0.1331310177,0.1261974357,0.1172682328,0.104175181,0.05454666241
156300,0.169385981,0.1692734178,0.1689349489,0.1683681377,0.1675687038,0.1665304992,0.1652450399,0.1637011227,0.1618841886,0.1597753043,0.1573498356,0.1545753153,0.1514082302,0.1477886007,0.1436308419,0.1388067945,0.1331109616,0.1261791604,0.1172521508,0.1041621094,0.05454320895
156360,0.1693555448,0.1692430166,0.1689046529,0.1683380176,0.1675388309,0.1665009461,0.1652158808,0.1636724339,0.1618560491,0.1597477968,0.1573230476,0.1545493404,0.1513831707,0.1477645707,0.1436079721,0.1387852409,0.1330909204,0.1261608985,0.1172360805,0.1041490472,0.05453975979
156420,0.1693251326,0.1692126394,0.1688743808,0.1683079211,0.1675089815,0.1664714162,0.1651867445,0.1636437675,0.1618279315,0.1597203107,0.1572962803,0.1545233856,0.1513581305,0.147740559,0.1435851196,0.1387637035,0.1330708941,0.1261426501,0.1172200219,0.1041359942,0.05453631494
156480,0.1692947444,0.1691822862,0.1688441325,0.1682778484,0.1674791555,0.1664419095,0.1651576311,0.1636151235,0.1617998358,0.1596928459,0.1572695336,0.1544974507,0.1513331095,0.1477165656,0.1435622845,0.1387421823,0.1330508828,0.1261244151,0.1172039749,0.1041229504,0.05453287438
156540,0.1692643801,0.1691519568,0.1688139081,0.1682477993,0.1674493529,0.1664124259,0.1651285404,0.1635865018,0.161771762,0.1596654025,0.1572428077,0.1544715358,0.1513081076,0.1476925905,0.1435394666,0.1387206773,0.1330308863,0.1261061936,0.1171879396,0.1041099159,0.05452943811
156600,0.1692340397,0.1691216513,0.1687837074,0.1682177737,0.1674195738,0.1663829654,0.1650994725,0.1635579025,0.1617437101,0.1596379803,0.1572161024,0.1544456409,0.1512831249,0.1476686336,0.143516666,0.1386991884,0.1330109048,0.1260879854,0.1171719158,0.1040968906,0.05452600611
156660,0.1692037231,0.1690913696,0.1687535304,0.1681877718,0.167389818,0.166353528,0.1650704273,0.1635293255,0.16171568,0.1596105794,0.1571894178,0.1544197659,0.1512581613,0.147644695,0.1434938826,0.1386777156,0.1329909381,0.1260697907,0.1171559037,0.1040838746,0.05452257839
156720,0.1691734304,0.1690611117,0.1687233772,0.1681577934,0.1673600855,0.1663241137,0.1650414048,0.1635007708,0.1616876716,0.1595831997,0.1571627538,0.1543939108,0.1512332169,0.1476207746,0.1434711165,0.138656259,0.1329709862,0.1260516093,0.1171399032,0.1040708677,0.05451915492
156780,0.1691431615,0.1690308776,0.1686932476,0.1681278386,0.1673303764,0.1662947223,0.165012405,0.1634722383,0.1616596851,0.1595558412,0.1571361103,0.1543680755,0.1512082915,0.1475968724,0.1434483675,0.1386348184,0.1329510492,0.1260334412,0.1171239142,0.1040578701,0.05451573572
156840,0.1691129164,0.1690006672,0.1686631417,0.1680979072,0.1673006905,0.166265354,0.1649834279,0.1634437281,0.1616317203,0.159528504,0.1571094874,0.1543422601,0.1511833851,0.1475729884,0.1434256358,0.1386133939,0.1329311269,0.1260152865,0.1171079368,0.1040448816,0.05451232076
156900,0.169082695,0.1689704806,0.1686330594,0.1680679993,0.1672710279,0.1662360086,0.1649544733,0.16341524,0.1616037772,0.1595011878,0.1570828851,0.1543164646,0.1511584978,0.1475491225,0.1434029212,0.1385919855,0.1329112195,0.1259971452,0.117091971,0.1040319024,0.05450891004
156960,0.1690524973,0.1689403176,0.1686030007,0.1680381149,0.1672413884,0.1662066861,0.1649255413,0.1633867741,0.1615758557,0.1594738929,0.1570563032,0.1542906888,0.1511336295,0.1475252747,0.1433802237,0.1385705931,0.1328913268,0.1259790171,0.1170760166,0.1040189323,0.05450550356
157020,0.1690223234,0.1689101783,0.1685729655,0.1680082538,0.1672117722,0.1661773866,0.1648966319,0.1633583304,0.161547956,0.159446619,0.1570297418,0.1542649328,0.1511087802,0.147501445,0.1433575434,0.1385492167,0.1328714489,0.1259609023,0.1170600738,0.1040059713,0.05450210131
157080,0.168992173,0.1688800626,0.1685429539,0.1679784161,0.1671821791,0.1661481099,0.164867745,0.1633299087,0.1615200778,0.1594193662,0.1570032009,0.1542391965,0.1510839498,0.1474776335,0.1433348801,0.1385278563,0.1328515857,0.1259428008,0.1170441425,0.1039930195,0.05449870327
157140,0.1689620463,0.1688499705,0.1685129658,0.1679486018,0.1671526092,0.166118856,0.1648388806,0.1633015092,0.1614922213,0.1593921344,0.1569766804,0.15421348,0.1510591384,0.14745384,0.143312234,0.1385065118,0.1328317372,0.1259247125,0.1170282227,0.1039800769,0.05449530945
157200,0.1689319432,0.168819902,0.1684830011,0.1679188107,0.1671230623,0.166089625,0.1648100386,0.1632731317,0.1614643863,0.1593649237,0.1569501803,0.1541877832,0.1510343459,0.1474300645,0.1432896048,0.1384851833,0.1328119034,0.1259066375,0.1170123144,0.1039671433,0.05449191983
157260,0.1689018637,0.168789857,0.1684530599,0.167889043,0.1670935385,0.1660604168,0.1647812191,0.1632447762,0.1614365729,0.1593377339,0.1569237006,0.154162106,0.1510095723,0.147406307,0.1432669928,0.1384638708,0.1327920843,0.1258885757,0.1169964176,0.1039542189,0.05448853441
157320,0.1688718076,0.1687598355,0.1684231421,0.1678592985,0.1670640377,0.1660312313,0.164752422,0.1632164428,0.161408781,0.1593105652,0.1568972412,0.1541364485,0.1509848176,0.1473825675,0.1432443977,0.1384425741,0.1327722798,0.1258705271,0.1169805322,0.1039413036,0.05448515319
157380,0.1688417751,0.1687298375,0.1683932477,0.1678295772,0.16703456,0.1660020685,0.1647236473,0.1631881313,0.1613810106,0.1592834174,0.1568708021,0.1541108106,0.1509600816,0.147358846,0.1432218196,0.1384212934,0.13275249,0.1258524917,0.1169646582,0.1039283974,0.05448177614
157440,0.1688117661,0.1686998629,0.1683633766,0.1677998792,0.1670051052,0.1659729285,0.164694895,0.1631598417,0.1613532617,0.1592562905,0.1568443834,0.1540851923,0.1509353646,0.1473351424,0.1431992585,0.1384000285,0.1327327148,0.1258344695,0.1169487957,0.1039155002,0.05447840328
157500,0.1687817805,0.1686699117,0.1683335289,0.1677702043,0.1669756734,0.1659438111,0.164666165,0.1631315741,0.1613255342,0.1592291845,0.1568179849,0.1540595936,0.1509106663,0.1473114568,0.1431767143,0.1383787795,0.1327129542,0.1258164604,0.1169329445,0.1039026122,0.05447503458
157560,0.1687518183,0.168639984,0.1683037044,0.1677405525,0.1669462645,0.1659147163,0.1646374572,0.1631033283,0.1612978281,0.1592020993,0.1567916067,0.1540340145,0.1508859867,0.1472877891,0.1431541871,0.1383575463,0.1326932082,0.1257984645,0.1169171048,0.1038897332,0.05447167005
157620,0.1687218795,0.1686100795,0.1682739032,0.1677109238,0.1669168785,0.1658856442,0.1646087718,0.1630751044,0.1612701434,0.159175035,0.1567652487,0.1540084549,0.150861326,0.1472641392,0.1431316768,0.1383363289,0.1326734768,0.1257804817,0.1169012764,0.1038768632,0.05446830967
157680,0.1686919641,0.1685801984,0.1682441252,0.1676813183,0.1668875153,0.1658565946,0.1645801086,0.1630469024,0.1612424801,0.1591479915,0.1567389108,0.1539829147,0.1508366839,0.1472405072,0.1431091833,0.1383151273,0.13265376,0.1257625121,0.1168854594,0.1038640023,0.05446495344
157740,0.168662072,0.1685503406,0.1682143705,0.1676517357,0.166858175,0.1658275676,0.1645514676,0.1630187221,0.1612148381,0.1591209689,0.1567125932,0.1539573941,0.1508120606,0.147216893,0.1430867067,0.1382939415,0.1326340576,0.1257445555,0.1168696538,0.1038511504,0.05446160135
157800,0.1686322031,0.1685205061,0.1681846389,0.1676221762,0.1668288575,0.1657985632,0.1645228487,0.1629905637,0.1611872174,0.1590939669,0.1566862957,0.1539318929,0.1507874559,0.1471932967,0.143064247,0.1382727714,0.1326143698,0.125726612,0.1168538595,0.1038383075,0.05445825339
157860,0.1686023576,0.1684906947,0.1681549304,0.1675926397,0.1667995628,0.1657695812,0.1644942521,0.1629624269,0.161159618,0.1590669857,0.1566600183,0.1539064111,0.1507628699,0.1471697181,0.1430418041,0.1382516171,0.1325946965,0.1257086816,0.1168380766,0.1038254737,0.05445490957
157920,0.1685725353,0.1684609066,0.1681252451,0.1675631262,0.1667702908,0.1657406217,0.1644656775,0.1629343119,0.1611320398,0.1590400252,0.156633761,0.1538809488,0.1507383025,0.1471461573,0.143019378,0.1382304785,0.1325750377,0.1256907642,0.1168223049,0.1038126488,0.05445156986
157980,0.1685427362,0.1684311417,0.1680955828,0.1675336355,0.1667410415,0.1657116846,0.1644371251,0.1629062186,0.1611044829,0.1590130854,0.1566075238,0.1538555058,0.1507137538,0.1471226143,0.1429969687,0.1382093556,0.1325553933,0.1256728598,0.1168065446,0.1037998329,0.05444823427
158040,0.1685129602,0.1684013999,0.1680659437,0.1675041678,0.1667118149,0.16568277,0.1644085948,0.162878147,0.1610769471,0.1589861663,0.1565813066,0.1538300822,0.1506892236,0.1470990889,0.1429745761,0.1381882483,0.1325357634,0.1256549685,0.1167907955,0.103787026,0.05444490278
158100,0.1684832075,0.1683716813,0.1680363275,0.167474723,0.166682611,0.1656538777,0.1643800864,0.162850097,0.1610494325,0.1589592678,0.1565551095,0.1538046779,0.150664712,0.1470755813,0.1429522003,0.1381671568,0.1325161479,0.1256370902,0.1167750577,0.1037742281,0.0544415754
158160,0.1684534778,0.1683419857,0.1680067343,0.167445301,0.1666534297,0.1656250078,0.1643516001,0.1628220687,0.1610219391,0.1589323899,0.1565289324,0.1537792929,0.1506402189,0.1470520914,0.1429298412,0.1381460808,0.1324965468,0.1256192248,0.1167593312,0.1037614391,0.0544382521
158220,0.1684237712,0.1683123132,0.1679771641,0.1674159018,0.166624271,0.1655961602,0.1643231358,0.1627940619,0.1609944668,0.1589055325,0.1565027752,0.1537539272,0.1506157443,0.1470286191,0.1429074988,0.1381250205,0.1324769602,0.1256013725,0.1167436159,0.1037486591,0.05443493289
158280,0.1683940877,0.1682826637,0.1679476169,0.1673865254,0.1665951349,0.165567335,0.1642946935,0.1627660766,0.1609670156,0.1588786958,0.1564766379,0.1537285808,0.1505912882,0.1470051645,0.1428851731,0.1381039758,0.1324573879,0.1255835331,0.1167279119,0.103735888,0.05443161777
158340,0.1683644272,0.1682530372,0.1679180925,0.1673571718,0.1665660214,0.165538532,0.1642662731,0.162738113,0.1609395854,0.1588518795,0.1564505206,0.1537032536,0.1505668507,0.1469817274,0.142862864,0.1380829467,0.1324378299,0.1255657066,0.1167122191,0.1037231258,0.05442830671
158400,0.1683347897,0.1682234337,0.1678885911,0.1673278409,0.1665369303,0.1655097512,0.1642378746,0.1627101708,0.1609121763,0.1588250838,0.1564244232,0.1536779456,0.1505424315,0.146958308,0.1428405716,0.1380619331,0.1324182863,0.125547893,0.1166965375,0.1037103725,0.05442499972
158460,0.1683051752,0.1681938531,0.1678591125,0.1672985327,0.1665078618,0.1654809927,0.164209498,0.1626822501,0.1608847882,0.1587983085,0.1563983457,0.1536526568,0.1505180308,0.1469349062,0.1428182958,0.1380409351,0.132398757,0.1255300924,0.1166808671,0.1036976282,0.05442169678
158520,0.1682755837,0.1681642955,0.1678296567,0.1672692471,0.1664788157,0.1654522563,0.1641811432,0.1626543508,0.1608574211,0.1587715537,0.156372288,0.1536273872,0.1504936485,0.1469115218,0.1427960366,0.1380199526,0.1323792421,0.1255123047,0.1166652078,0.1036848927,0.0544183979
158580,0.168246015,0.1681347607,0.1678002237,0.1672399843,0.166449792,0.1654235421,0.1641528103,0.162626473,0.1608300749,0.1587448193,0.1563462501,0.1536021367,0.1504692845,0.1468881551,0.1427737939,0.1379989857,0.1323597414,0.1254945298,0.1166495598,0.1036721661,0.05441510306
158640,0.1682164693,0.1681052488,0.1677708135,0.167210744,0.1664207908,0.1653948501,0.1641244991,0.1625986166,0.1608027497,0.1587181053,0.156320232,0.1535769053,0.150444939,0.1468648058,0.1427515679,0.1379780342,0.132340255,0.1254767678,0.1166339228,0.1036594484,0.05441181226
158700,0.1681869464,0.1680757597,0.167741426,0.1671815263,0.1663918119,0.1653661801,0.1640962098,0.1625707815,0.1607754454,0.1586914117,0.1562942337,0.1535516931,0.1504206117,0.146841474,0.1427293583,0.1379570982,0.1323207829,0.1254590186,0.1166182971,0.1036467396,0.05440852549
158760,0.1681574463,0.1680462935,0.1677120612,0.1671523312,0.1663628554,0.1653375322,0.1640679422,0.1625429678,0.160748162,0.1586647385,0.1562682552,0.1535264999,0.1503963028,0.1468181597,0.1427071653,0.1379361776,0.1323013249,0.1254412823,0.1166026824,0.1036340396,0.05440524275
158820,0.1681279691,0.16801685,0.1676827191,0.1671231586,0.1663339212,0.1653089064,0.1640396962,0.1625151754,0.1607208994,0.1586380856,0.1562422963,0.1535013257,0.1503720121,0.1467948628,0.1426849888,0.1379152724,0.1322818813,0.1254235588,0.1165870789,0.1036213484,0.05440196402
158880,0.1680985146,0.1679874292,0.1676533997,0.1670940086,0.1663050093,0.1652803026,0.164011472,0.1624874043,0.1606936577,0.1586114529,0.1562163572,0.1534761706,0.1503477398,0.1467715834,0.1426628288,0.1378943827,0.1322624518,0.1254058481,0.1165714865,0.1036086661,0.0543986893
158940,0.1680690828,0.1679580311,0.1676241029,0.1670648809,0.1662761197,0.1652517208,0.1639832695,0.1624596545,0.1606664367,0.1585848406,0.1561904377,0.1534510344,0.1503234856,0.1467483213,0.1426406852,0.1378735084,0.1322430365,0.1253881502,0.1165559051,0.1035959926,0.05439541859
159000,0.1680396738,0.1679286558,0.1675948287,0.1670357758,0.1662472523,0.165223161,0.1639550885,0.1624319259,0.1606392366,0.1585582485,0.1561645379,0.1534259173,0.1502992497,0.1467250767,0.142618558,0.1378526494,0.1322236354,0.125370465,0.1165403349,0.1035833279,0.05439215187
159060,0.1680102874,0.1678993031,0.167565577,0.1670066931,0.1662184071,0.1651946231,0.1639269292,0.1624042185,0.1606120571,0.1585316766,0.1561386578,0.1534008191,0.150275032,0.1467018493,0.1425964473,0.1378318059,0.1322042484,0.1253527926,0.1165247757,0.103570672,0.05438888914
159120,0.1679809237,0.167869973,0.1675363479,0.1669776327,0.1661895841,0.1651661071,0.1638987915,0.1623765323,0.1605848985,0.1585051249,0.1561127972,0.1533757398,0.1502508325,0.1466786394,0.142574353,0.1378109776,0.1321848756,0.1253351329,0.1165092275,0.1035580249,0.0543856304
159180,0.1679515827,0.1678406655,0.1675071413,0.1669485947,0.1661607832,0.165137613,0.1638706753,0.1623488673,0.1605577605,0.1584785934,0.1560869562,0.1533506795,0.1502266511,0.1466554467,0.142552275,0.1377901647,0.1321655169,0.125317486,0.1164936904,0.1035453865,0.05438237564
159240,0.1679222642,0.1678113806,0.1674779572,0.1669195791,0.1661320045,0.1651091407,0.1638425807,0.1623212234,0.1605306432,0.1584520821,0.1560611347,0.153325638,0.1502024879,0.1466322714,0.1425302134,0.137769367,0.1321461723,0.1252998518,0.1164781643,0.103532757,0.05437912484
159300,0.1678929683,0.1677821182,0.1674487955,0.1668905857,0.1661032479,0.1650806903,0.1638145075,0.1622936006,0.1605035465,0.1584255908,0.1560353328,0.1533006154,0.1501783428,0.1466091133,0.1425081682,0.1377485847,0.1321268417,0.1252822303,0.1164626493,0.1035201362,0.05437587801
159360,0.167863695,0.1677528784,0.1674196563,0.1668616147,0.1660745133,0.1650522617,0.1637864558,0.1622659989,0.1604764705,0.1583991197,0.1560095504,0.1532756116,0.1501542157,0.1465859724,0.1424861392,0.1377278176,0.1321075253,0.1252646214,0.1164471452,0.1035075241,0.05437263513
159420,0.1678344442,0.167723661,0.1673905395,0.1668326659,0.1660458008,0.1650238549,0.1637584256,0.1622384182,0.160449415,0.1583726686,0.1559837875,0.1532506266,0.1501301067,0.1465628488,0.1424641266,0.1377070658,0.1320882229,0.1252470252,0.1164316521,0.1034949208,0.05436939621
159480,0.1678052158,0.1676944661,0.167361445,0.1668037393,0.1660171103,0.1649954698,0.1637304168,0.1622108586,0.1604223802,0.1583462376,0.155958044,0.1532256604,0.1501060158,0.1465397424,0.1424421302,0.1376863291,0.1320689345,0.1252294417,0.1164161699,0.1034823262,0.05436616123
159540,0.16777601,0.1676652937,0.1673323729,0.1667748349,0.1659884418,0.1649671064,0.1637024294,0.1621833199,0.1603953659,0.1583198266,0.15593232,0.153200713,0.1500819429,0.1465166532,0.1424201501,0.1376656077,0.1320496602,0.1252118708,0.1164006988,0.1034697404,0.05436293019
159600,0.1677468265,0.1676361436,0.1673033231,0.1667459527,0.1659597952,0.1649387647,0.1636744633,0.1621558023,0.1603683721,0.1582934357,0.1559066153,0.1531757844,0.150057888,0.1464935812,0.1423981862,0.1376449015,0.1320303998,0.1251943125,0.1163852386,0.1034571632,0.05435970307
159660,0.1677176655,0.1676070159,0.1672742955,0.1667170926,0.1659311706,0.1649104447,0.1636465186,0.1621283056,0.1603413988,0.1582670647,0.1558809301,0.1531508744,0.1500338511,0.1464705263,0.1423762385,0.1376242105,0.1320111534,0.1251767668,0.1163697893,0.1034445947,0.05435647988
159720,0.1676885268,0.1675779106,0.1672452903,0.1666882546,0.1659025679,0.1648821464,0.1636185952,0.1621008298,0.1603144459,0.1582407136,0.1558552642,0.1531259832,0.1500098321,0.1464474885,0.1423543071,0.1376035346,0.131991921,0.1251592337,0.1163543509,0.103432035,0.05435326061
159780,0.1676594105,0.1675488275,0.1672163073,0.1666594387,0.1658739871,0.1648538696,0.1635906931,0.1620733749,0.1602875136,0.1582143825,0.1558296177,0.1531011106,0.149985831,0.1464244679,0.1423323918,0.1375828739,0.1319727026,0.1251417132,0.1163389234,0.1034194839,0.05435004525
159840,0.1676303165,0.1675197668,0.1671873464,0.1666306449,0.1658454281,0.1648256145,0.1635628122,0.1620459409,0.1602606016,0.1581880712,0.1558039904,0.1530762567,0.1499618479,0.1464014643,0.1423104927,0.1375622282,0.1319534981,0.1251242053,0.1163235069,0.1034069414,0.0543468338
159900,0.1676012448,0.1674907283,0.1671584078,0.1666018731,0.165816891,0.1647973809,0.1635349526,0.1620185278,0.16023371,0.1581617799,0.1557783825,0.1530514214,0.1499378827,0.1463784778,0.1422886097,0.1375415977,0.1319343075,0.1251067098,0.1163081012,0.1033944077,0.05434362624
159960,0.1675721954,0.1674617121,0.1671294913,0.1665731233,0.1657883756,0.1647691688,0.1635071142,0.1619911354,0.1602068388,0.1581355084,0.1557527938,0.1530266047,0.1499139353,0.1463555083,0.1422667428,0.1375209823,0.1319151308,0.125089227,0.1162927064,0.1033818825,0.05434042257
160020,0.1675431682,0.1674327181,0.1671005969,0.1665443955,0.165759882,0.1647409782,0.163479297,0.1619637639,0.160179988,0.1581092567,0.1557272244,0.1530018066,0.1498900058,0.1463325558,0.142244892,0.1375003819,0.131895968,0.1250717566,0.1162773224,0.1033693661,0.05433722279
160080,0.1675141632,0.1674037462,0.1670717246,0.1665156896,0.1657314102,0.1647128092,0.1634515009,0.1619364131,0.1601531574,0.1580830249,0.1557016742,0.1529770271,0.1498660941,0.1463096204,0.1422230574,0.1374797965,0.131876819,0.1250542987,0.1162619493,0.1033568582,0.05433402689
160140,0.1674851804,0.1673747965,0.1670428744,0.1664870057,0.1657029601,0.1646846615,0.163423726,0.1619090831,0.1601263472,0.1580568128,0.1556761432,0.1529522661,0.1498422002,0.1462867019,0.1422012387,0.1374592262,0.1318576839,0.1250368533,0.116246587,0.103344359,0.05433083485
160200,0.1674562197,0.167345869,0.1670140462,0.1664583436,0.1656745316,0.1646565353,0.1633959721,0.1618817738,0.1600995572,0.1580306204,0.1556506313,0.1529275236,0.1498183241,0.1462638004,0.1421794361,0.1374386709,0.1318385627,0.1250194204,0.1162312355,0.1033318683,0.05432764669
160260,0.1674272812,0.1673169635,0.1669852401,0.1664297034,0.1656461249,0.1646284305,0.1633682394,0.1618544851,0.1600727875,0.1580044478,0.1556251386,0.1529027996,0.1497944657,0.1462409159,0.1421576496,0.1374181306,0.1318194552,0.125002,0.1162158948,0.1033193863,0.05432446238
160320,0.1673983648,0.1672880801,0.1669564559,0.1664010851,0.1656177397,0.1646003471,0.1633405276,0.1618272172,0.160046038,0.1579782949,0.155599665,0.1528780941,0.1497706251,0.1462180482,0.142135879,0.1373976053,0.1318003616,0.1249845919,0.116200565,0.1033069129,0.05432128192
160380,0.1673694704,0.1672592187,0.1669276936,0.1663724885,0.1655893762,0.164572285,0.163312837,0.1617999699,0.1600193087,0.1579521617,0.1555742106,0.152853407,0.1497468022,0.1461951975,0.1421141245,0.1373770949,0.1317812818,0.1249671963,0.1161852459,0.103294448,0.05431810532
160440,0.1673405981,0.1672303794,0.1668989533,0.1663439138,0.1655610343,0.1645442443,0.1632851673,0.1617727432,0.1599925995,0.1579260482,0.1555487752,0.1528287384,0.149722997,0.1461723636,0.1420923859,0.1373565994,0.1317622157,0.1249498132,0.1161699375,0.1032819917,0.05431493255
160500,0.1673117478,0.167201562,0.1668702349,0.1663153608,0.1655327139,0.1645162248,0.1632575186,0.1617455371,0.1599659105,0.1578999543,0.1555233588,0.1528040881,0.1496992095,0.1461495466,0.1420706632,0.1373361189,0.1317431633,0.1249324424,0.11615464,0.103269544,0.05431176361
160560,0.1672829195,0.1671727667,0.1668415384,0.1662868295,0.165504415,0.1644882266,0.1632298908,0.1617183515,0.1599392417,0.1578738799,0.1554979615,0.1527794563,0.1496754396,0.1461267464,0.1420489565,0.1373156533,0.1317241247,0.124915084,0.1161393531,0.1032571048,0.0543085985
160620,0.1672541132,0.1671439932,0.1668128637,0.1662583199,0.1654761377,0.1644602496,0.1632022839,0.1616911865,0.1599125929,0.1578478252,0.1554725832,0.1527548428,0.1496516873,0.1461039631,0.1420272656,0.1372952025,0.1317050999,0.1248977379,0.116124077,0.1032446741,0.05430543722
160680,0.1672253288,0.1671152416,0.1667842109,0.166229832,0.1654478818,0.1644322939,0.163174698,0.161664042,0.1598859642,0.1578217901,0.1554472239,0.1527302476,0.1496279527,0.1460811965,0.1420055907,0.1372747667,0.1316860887,0.1248804042,0.1161088117,0.103232252,0.05430227974
160740,0.1671965663,0.167086512,0.1667555798,0.1662013658,0.1654196474,0.1644043593,0.1631471329,0.161636918,0.1598593555,0.1577957744,0.1554218835,0.1527056707,0.1496042356,0.1460584467,0.1419839316,0.1372543456,0.1316670912,0.1248630829,0.116093557,0.1032198384,0.05429912608
160800,0.1671678257,0.1670578042,0.1667269705,0.1661729212,0.1653914344,0.164376446,0.1631195887,0.1616098145,0.1598327669,0.1577697783,0.1553965621,0.1526811122,0.1495805361,0.1460357137,0.1419622884,0.1372339394,0.1316481074,0.1248457739,0.116078313,0.1032074333,0.05429597621
160860,0.1671391069,0.1670291182,0.166698383,0.1661444982,0.1653632428,0.1643485537,0.1630920652,0.1615827314,0.1598061982,0.1577438017,0.1553712596,0.1526565719,0.1495568542,0.1460129974,0.141940661,0.137213548,0.1316291372,0.1248284772,0.1160630797,0.1031950367,0.05429283014
160920,0.16711041,0.167000454,0.1666698171,0.1661160967,0.1653350725,0.1643206826,0.1630645626,0.1615556687,0.1597796495,0.1577178445,0.155345976,0.1526320498,0.1495331898,0.1459902978,0.1419190494,0.1371931715,0.1316101807,0.1248111927,0.116047857,0.1031826486,0.05428968786
160980,0.1670817348,0.1669718115,0.166641273,0.1660877168,0.1653069236,0.1642928325,0.1630370808,0.1615286264,0.1597531208,0.1576919068,0.1553207113,0.152607546,0.1495095429,0.145967615,0.1418974536,0.1371728096,0.1315912378,0.1247939206,0.116032645,0.103170269,0.05428654937
161040,0.1670530815,0.1669431909,0.1666127505,0.1660593585,0.165278796,0.1642650035,0.1630096196,0.1615016045,0.159726612,0.1576659885,0.1552954654,0.1525830604,0.1494859134,0.1459449488,0.1418758736,0.1371524626,0.1315723085,0.1247766607,0.1160174437,0.1031578978,0.05428341465
161100,0.1670244499,0.1669145919,0.1665842496,0.1660310216,0.1652506898,0.1642371955,0.1629821792,0.1614746029,0.1597001231,0.1576400896,0.1552702383,0.1525585929,0.1494623014,0.1459222992,0.1418543094,0.1371321303,0.1315533928,0.1247594131,0.116002253,0.1031455351,0.0542802837
161160,0.16699584,0.1668860146,0.1665557704,0.1660027061,0.1652226047,0.1642094086,0.1629547595,0.1614476216,0.1596736541,0.1576142101,0.15524503,0.1525341437,0.1494387069,0.1458996663,0.1418327608,0.1371118127,0.1315344906,0.1247421777,0.1159870729,0.1031331809,0.05427715651
161220,0.1669672518,0.166857459,0.1665273127,0.1659744121,0.1651945409,0.1641816426,0.1629273605,0.1614206606,0.1596472049,0.1575883499,0.1552198405,0.1525097125,0.1494151298,0.14587705,0.141811228,0.1370915098,0.1315156021,0.1247249545,0.1159719034,0.1031208351,0.05427403308
161280,0.1669386852,0.1668289251,0.1664988766,0.1659461396,0.1651664984,0.1641538976,0.1628999821,0.1613937199,0.1596207755,0.157562509,0.1551946698,0.1524852995,0.1493915701,0.1458544503,0.1417897109,0.1370712216,0.131496727,0.1247077436,0.1159567445,0.1031084977,0.05427091341
161340,0.1669101403,0.1668004127,0.166470462,0.1659178884,0.165138477,0.1641261735,0.1628726243,0.1613667994,0.159594366,0.1575366875,0.1551695178,0.1524609045,0.1493680277,0.1458318672,0.1417682095,0.1370509481,0.1314778655,0.1246905448,0.1159415962,0.1030961688,0.05426779748
161400,0.166881617,0.1667719219,0.1664420689,0.1658896585,0.1651104768,0.1640984703,0.1628452871,0.1613398991,0.1595679762,0.1575108852,0.1551443845,0.1524365277,0.1493445027,0.1458093006,0.1417467237,0.1370306892,0.1314590175,0.1246733582,0.1159264584,0.1030838483,0.05426468529
161460,0.1668531153,0.1667434527,0.1664136972,0.16586145,0.1650824977,0.164070788,0.1628179704,0.161313019,0.1595416062,0.1574851022,0.1551192699,0.1524121688,0.1493209951,0.1457867505,0.1417252536,0.137010445,0.131440183,0.1246561838,0.1159113312,0.1030715361,0.05426157683
161520,0.1668246352,0.166715005,0.1663853471,0.1658332628,0.1650545397,0.1640431265,0.1627906743,0.1612861591,0.1595152559,0.1574593384,0.1550941739,0.152387828,0.1492975047,0.145764217,0.1417037991,0.1369902154,0.131421362,0.1246390215,0.1158962146,0.1030592324,0.05425847209
161580,0.1667961766,0.1666865788,0.1663570183,0.1658050969,0.1650266028,0.1640154859,0.1627633987,0.1612593193,0.1594889253,0.1574335938,0.1550690966,0.1523635052,0.1492740316,0.1457417,0.1416823602,0.1369700003,0.1314025544,0.1246218714,0.1158811085,0.103046937,0.05425537108
161640,0.1667677395,0.1666581741,0.1663287109,0.1657769522,0.1649986869,0.1639878661,0.1627361436,0.1612324997,0.1594626144,0.1574078684,0.1550440379,0.1523392004,0.1492505759,0.1457191994,0.1416609369,0.1369497999,0.1313837603,0.1246047334,0.1158660128,0.1030346501,0.05425227379
161700,0.1667393238,0.1666297909,0.1663004249,0.1657488288,0.1649707921,0.163960267,0.162708909,0.1612057001,0.1594363231,0.1573821621,0.1550189978,0.1523149136,0.1492271373,0.1456967153,0.1416395291,0.136929614,0.1313649796,0.1245876075,0.1158509278,0.1030223714,0.0542491802
161760,0.1667109297,0.1666014291,0.1662721603,0.1657207266,0.1649429183,0.1639326887,0.1626816948,0.1611789206,0.1594100515,0.157356475,0.1549939763,0.1522906447,0.149203716,0.1456742477,0.1416181369,0.1369094427,0.1313462123,0.1245704937,0.1158358532,0.1030101012,0.05424609031
161820,0.1666825569,0.1665730886,0.1662439169,0.1656926455,0.1649150655,0.1639051311,0.162654501,0.1611521611,0.1593837995,0.157330807,0.1549689733,0.1522663937,0.1491803119,0.1456517964,0.1415967603,0.136889286,0.1313274584,0.124553392,0.115820789,0.1029978393,0.05424300412
161880,0.1666542056,0.1665447696,0.1662156949,0.1656645856,0.1648872336,0.1638775943,0.1626273276,0.1611254217,0.159357567,0.1573051581,0.1549439889,0.1522421606,0.149156925,0.1456293616,0.1415753991,0.1368691437,0.1313087179,0.1245363023,0.1158057354,0.1029855857,0.05423992163
161940,0.1666258756,0.1665164719,0.1661874941,0.1656365468,0.1648594226,0.1638500781,0.1626001746,0.1610987022,0.1593313542,0.1572795282,0.1549190229,0.1522179453,0.1491335553,0.1456069431,0.1415540534,0.1368490159,0.1312899908,0.1245192247,0.1157906922,0.1029733404,0.05423684281
162000,0.166597567,0.1664881955,0.1661593146,0.1656085291,0.1648316326,0.1638225825,0.1625730419,0.1610720027,0.1593051608,0.1572539174,0.1548940755,0.1521937479,0.1491102027,0.145584541,0.1415327232,0.1368289026,0.131271277,0.1245021591,0.1157756595,0.1029611035,0.05423376767
162060,0.1665692797,0.1664599404,0.1661311562,0.1655805325,0.1648038634,0.1637951076,0.1625459295,0.1610453232,0.159278987,0.1572283256,0.1548691465,0.1521695684,0.1490868672,0.1455621552,0.1415114085,0.1368088038,0.1312525765,0.1244851056,0.1157606371,0.1029488749,0.05423069621
162120,0.1665410137,0.1664317066,0.1661030191,0.1655525569,0.1647761151,0.1637676532,0.1625188374,0.1610186635,0.1592528327,0.1572027528,0.1548442359,0.1521454067,0.1490635488,0.1455397857,0.1414901092,0.1367887194,0.1312338894,0.124468064,0.1157456253,0.1029366546,0.05422762841
162180,0.1665127689,0.166403494,0.1660749031,0.1655246023,0.1647483876,0.1637402195,0.1624917656,0.1609920238,0.1592266978,0.157177199,0.1548193438,0.1521212627,0.1490402475,0.1455174326,0.1414688253,0.1367686495,0.1312152156,0.1244510345,0.1157306238,0.1029244425,0.05422456427
162240,0.1664845455,0.1663753026,0.1660468082,0.1654966688,0.1647206809,0.1637128063,0.162464714,0.1609654039,0.1592005824,0.1571516642,0.15479447,0.1520971365,0.1490169633,0.1454950957,0.1414475568,0.136748594,0.131196555,0.1244340169,0.1157156327,0.1029122388,0.05422150378
162300,0.1664563432,0.1663471324,0.1660187344,0.1654687562,0.1646929949,0.1636854136,0.1624376826,0.1609388039,0.1591744864,0.1571261482,0.1547696147,0.1520730281,0.1489936962,0.1454727751,0.1414263037,0.1367285528,0.1311779077,0.1244170113,0.115700652,0.1029000433,0.05421844695
162360,0.1664281621,0.1663189834,0.1659906818,0.1654408645,0.1646653298,0.1636580414,0.1624106714,0.1609122237,0.1591484098,0.1571006512,0.1547447776,0.1520489374,0.148970446,0.1454504707,0.141405066,0.1367085261,0.1311592737,0.1244000177,0.1156856817,0.102887856,0.05421539375
162420,0.1664000022,0.1662908555,0.1659626501,0.1654129938,0.1646376853,0.1636306897,0.1623836804,0.1608856634,0.1591223526,0.157075173,0.1547199589,0.1520248644,0.1489472129,0.1454281825,0.1413838436,0.1366885137,0.131140653,0.1243830359,0.1156707217,0.1028756771,0.05421234419
162480,0.1663718634,0.1662627488,0.1659346395,0.165385144,0.1646100615,0.1636033584,0.1623567095,0.1608591227,0.1590963147,0.1570497138,0.1546951585,0.1520008091,0.1489239967,0.1454059106,0.1413626365,0.1366685156,0.1311220454,0.1243660662,0.1156557721,0.1028635063,0.05420929826
162540,0.1663437457,0.1662346631,0.1659066499,0.165357315,0.1645824585,0.1635760476,0.1623297587,0.1608326019,0.1590702961,0.1570242733,0.1546703764,0.1519767714,0.1489007975,0.1453836548,0.1413414448,0.1366485319,0.1311034511,0.1243491083,0.1156408329,0.1028513438,0.05420625596
162600,0.1663156492,0.1662065985,0.1658786813,0.1653295069,0.164554876,0.1635487571,0.1623028281,0.1608061007,0.1590442969,0.1569988517,0.1546456126,0.1519527514,0.1488776152,0.1453614152,0.1413202683,0.1366285625,0.1310848699,0.1243321623,0.1156259039,0.1028391895,0.05420321727
162660,0.1662875736,0.1661785549,0.1658507337,0.1653017195,0.1645273142,0.1635214871,0.1622759174,0.1607796193,0.1590183169,0.1569734488,0.1546208669,0.1519287489,0.1488544499,0.1453391917,0.1412991071,0.1366086073,0.131066302,0.1243152282,0.1156109853,0.1028270435,0.0542001822
162720,0.1662595192,0.1661505323,0.1658228069,0.165273953,0.164499773,0.1634942373,0.1622490269,0.1607531575,0.1589923562,0.1569480647,0.1545961395,0.1519047641,0.1488313014,0.1453169844,0.1412779612,0.1365886665,0.1310477472,0.124298306,0.115596077,0.1028149056,0.05419715073
162780,0.1662314857,0.1661225307,0.1657949011,0.1652462073,0.1644722524,0.1634670079,0.1622221563,0.1607267154,0.1589664147,0.1569226994,0.1545714303,0.1518807969,0.1488081699,0.1452947931,0.1412568305,0.1365687399,0.1310292055,0.1242813957,0.1155811789,0.1028027759,0.05419412286
162840,0.1662034732,0.1660945501,0.1657670162,0.1652184822,0.1644447523,0.1634397988,0.1621953058,0.160700293,0.1589404924,0.1568973528,0.1545467393,0.1518568472,0.1487850552,0.145272618,0.141235715,0.1365488275,0.131010677,0.1242644971,0.1155662912,0.1027906544,0.05419109859
162900,0.1661754817,0.1660665904,0.1657391521,0.1651907779,0.1644172727,0.16341261,0.1621684752,0.1606738901,0.1589145893,0.1568720249,0.1545220664,0.151832915,0.1487619573,0.1452504589,0.1412146148,0.1365289294,0.1309921616,0.1242476104,0.1155514137,0.1027785411,0.05418807791
162960,0.1661475111,0.1660386516,0.1657113088,0.1651630943,0.1643898136,0.1633854414,0.1621416646,0.1606475068,0.1588887054,0.1568467156,0.1544974117,0.1518090004,0.1487388763,0.1452283158,0.1411935297,0.1365090455,0.1309736593,0.1242307356,0.1155365465,0.102766436,0.0541850608
163020,0.1661195614,0.1660107337,0.1656834863,0.1651354314,0.164362375,0.1633582931,0.1621148739,0.1606211431,0.1588628406,0.1568214251,0.154472775,0.1517851032,0.148715812,0.1452061888,0.1411724597,0.1364891758,0.1309551701,0.1242138725,0.1155216895,0.102754339,0.05418204728
163080,0.1660916326,0.1659828366,0.1656556846,0.165107789,0.1643349569,0.1633311649,0.162088103,0.1605947989,0.1588369949,0.1567961531,0.1544481565,0.1517612236,0.1486927646,0.1451840778,0.141151405,0.1364693202,0.1309366939,0.1241970212,0.1155068427,0.1027422502,0.05417903733
163140,0.1660637247,0.1659549604,0.1656279037,0.1650801673,0.1643075591,0.163304057,0.1620613521,0.1605684742,0.1588111683,0.1567708998,0.154423556,0.1517373613,0.1486697339,0.1451619828,0.1411303653,0.1364494789,0.1309182309,0.1241801817,0.1154920062,0.1027301695,0.05417603094
163200,0.1660358376,0.165927105,0.1656001434,0.1650525662,0.1642801818,0.1632769691,0.162034621,0.1605421691,0.1587853608,0.156745665,0.1543989735,0.1517135165,0.1486467199,0.1451399038,0.1411093408,0.1364296516,0.1308997808,0.1241633539,0.1154771798,0.1027180969,0.05417302811
163260,0.1660079713,0.1658992704,0.1655724039,0.1650249857,0.1642528248,0.1632499014,0.1620079097,0.1605158833,0.1587595723,0.1567204489,0.1543744091,0.1516896891,0.1486237227,0.1451178407,0.1410883313,0.1364098385,0.1308813438,0.1241465379,0.1154623637,0.1027060325,0.05417002884
163320,0.1659801258,0.1658714565,0.1655446851,0.1649974257,0.1642254882,0.1632228539,0.1619812183,0.1604896171,0.1587338028,0.1566952512,0.1543498627,0.1516658791,0.1486007422,0.1450957935,0.1410673369,0.1363900395,0.1308629198,0.1241297337,0.1154475578,0.1026939761,0.05416703311
163380,0.165952301,0.1658436633,0.1655169868,0.1649698862,0.1641981719,0.1631958263,0.1619545466,0.1604633702,0.1587080524,0.1566700721,0.1543253342,0.1516420865,0.1485777783,0.1450737623,0.1410463576,0.1363702546,0.1308445088,0.1241129411,0.115432762,0.1026819279,0.05416404092
163440,0.165924497,0.1658158909,0.1654893093,0.1649423671,0.164170876,0.1631688189,0.1619278947,0.1604371427,0.1586823209,0.1566449115,0.1543008237,0.1516183112,0.1485548311,0.1450517469,0.1410253933,0.1363504838,0.1308261107,0.1240961603,0.1154179764,0.1026698878,0.05416105228
163500,0.1658967137,0.1657881391,0.1654616523,0.1649148686,0.1641436002,0.1631418315,0.1619012625,0.1604109347,0.1586566084,0.1566197693,0.1542763311,0.1515945532,0.1485319006,0.1450297475,0.1410044441,0.136330727,0.1308077257,0.1240793911,0.1154032009,0.1026578557,0.05415806716
163560,0.165868951,0.165760408,0.1654340159,0.1648873905,0.1641163448,0.163114864,0.16187465,0.1603847459,0.1586309148,0.1565946457,0.1542518565,0.1515708125,0.1485089866,0.1450077638,0.1409835098,0.1363109842,0.1307893535,0.1240626336,0.1153884356,0.1026458318,0.05415508556
163620,0.1658412091,0.1657326975,0.1654064,0.1648599328,0.1640891095,0.1630879166,0.1618480571,0.1603585765,0.1586052401,0.1565695404,0.1542273997,0.1515470891,0.1484860893,0.1449857961,0.1409625906,0.1362912555,0.1307709944,0.1240458878,0.1153736804,0.1026338159,0.05415210749
163680,0.1658134877,0.1657050076,0.1653788047,0.1648324955,0.1640618945,0.1630609891,0.161821484,0.1603324264,0.1585795843,0.1565444536,0.1542029608,0.151523383,0.1484632085,0.1449638441,0.1409416863,0.1362715408,0.1307526481,0.1240291537,0.1153589353,0.102621808,0.05414913293
163740,0.165785787,0.1656773383,0.1653512298,0.1648050786,0.1640346996,0.1630340816,0.1617949305,0.1603062956,0.1585539474,0.1565193851,0.1541785398,0.1514996941,0.1484403444,0.144941908,0.1409207969,0.1362518401,0.1307343147,0.1240124311,0.1153442003,0.1026098082,0.05414616188
163800,0.1657581068,0.1656496896,0.1653236755,0.164777682,0.1640075249,0.1630071939,0.1617683965,0.160280184,0.1585283293,0.156494335,0.1541541366,0.1514760224,0.1484174967,0.1449199876,0.1408999225,0.1362321534,0.1307159943,0.1239957202,0.1153294755,0.1025978165,0.05414319433
163860,0.1657304472,0.1656220614,0.1652961416,0.1647503057,0.1639803704,0.1629803262,0.1617418822,0.1602540916,0.15850273,0.1564693033,0.1541297512,0.151452368,0.1483946656,0.144898083,0.140879063,0.1362124806,0.1306976867,0.123979021,0.1153147607,0.1025858327,0.05414023027
163920,0.1657028081,0.1655944537,0.1652686281,0.1647229497,0.1639532359,0.1629534783,0.1617153875,0.1602280185,0.1584771496,0.1564442899,0.1541053835,0.1514287307,0.148371851,0.1448761941,0.1408582184,0.1361928218,0.1306793919,0.1239623333,0.1153000559,0.102573857,0.05413726971
163980,0.1656751895,0.1655668664,0.165241135,0.164695614,0.1639261215,0.1629266503,0.1616889122,0.1602019645,0.1584515879,0.1564192947,0.1540810337,0.1514051106,0.1483490528,0.144854321,0.1408373887,0.1361731769,0.13066111,0.1239456572,0.1152853612,0.1025618893,0.05413431263
164040,0.1656475915,0.1655392996,0.1652136623,0.1646682985,0.1638990271,0.162899842,0.1616624565,0.1601759297,0.1584260449,0.1563943179,0.1540567016,0.1513815076,0.1483262712,0.1448324636,0.1408165738,0.136153546,0.130642841,0.1239289926,0.1152706766,0.1025499296,0.05413135903
164100,0.1656200138,0.1655117533,0.1651862099,0.1646410032,0.1638719528,0.1628730536,0.1616360203,0.1601499141,0.1584005207,0.1563693593,0.1540323872,0.1513579217,0.1483035059,0.1448106219,0.1407957738,0.1361339289,0.1306245847,0.1239123397,0.115256002,0.1025379779,0.05412840891
164160,0.1655924566,0.1654842274,0.1651587779,0.1646137282,0.1638448985,0.1628462849,0.1616096036,0.1601239176,0.1583750152,0.1563444189,0.1540080905,0.1513343529,0.1482807571,0.1447887958,0.1407749886,0.1361143257,0.1306063413,0.1238956982,0.1152413374,0.1025260342,0.05412546225
164220,0.1655649198,0.1654567218,0.1651313662,0.1645864733,0.1638178642,0.1628195359,0.1615832063,0.1600979401,0.1583495284,0.1563194968,0.1539838115,0.1513108013,0.1482580247,0.1447669854,0.1407542183,0.1360947363,0.1305881106,0.1238790684,0.1152266829,0.1025140985,0.05412251906
164280,0.1655374034,0.1654292366,0.1651039747,0.1645592385,0.1637908499,0.1627928067,0.1615568284,0.1600719818,0.1583240602,0.1562945929,0.1539595501,0.1512872666,0.1482353087,0.1447451906,0.1407334627,0.1360751608,0.1305698927,0.12386245,0.1152120383,0.1025021707,0.05411957932
164340,0.1655099074,0.1654017717,0.1650766035,0.1645320239,0.1637638554,0.1627660972,0.1615304699,0.1600460424,0.1582986107,0.1562697071,0.1539353064,0.151263749,0.1482126091,0.1447234115,0.1407127219,0.1360555992,0.1305516876,0.1238458431,0.1151974038,0.1024902509,0.05411664303
164400,0.1654824317,0.1653743272,0.1650492525,0.1645048293,0.1637368809,0.1627394073,0.1615041308,0.1600201221,0.1582731798,0.1562448394,0.1539110803,0.1512402485,0.1481899258,0.1447016479,0.1406919959,0.1360360513,0.1305334952,0.1238292477,0.1151827792,0.102478339,0.05411371019
164460,0.1654549763,0.1653469029,0.1650219218,0.1644776549,0.1637099263,0.1627127371,0.1614778111,0.1599942208,0.1582477674,0.1562199899,0.1538868718,0.1512167649,0.1481672588,0.1446799,0.1406712846,0.1360165173,0.1305153155,0.1238126638,0.1151681645,0.1024664351,0.05411078079
164520,0.1654275411,0.1653194989,0.1649946112,0.1644505005,0.1636829915,0.1626860866,0.1614515107,0.1599683385,0.1582223737,0.1561951585,0.1538626808,0.1511932983,0.1481446081,0.1446581675,0.140650588,0.135996997,0.1304971486,0.1237960914,0.1151535599,0.1024545391,0.05410785483
164580,0.1654001263,0.1652921151,0.1649673207,0.1644233661,0.1636560766,0.1626594556,0.1614252296,0.1599424752,0.1581969985,0.1561703452,0.1538385075,0.1511698486,0.1481219738,0.1446364507,0.1406299061,0.1359774905,0.1304789943,0.1237795304,0.1151389651,0.1024426511,0.05410493229
164640,0.1653727317,0.1652647515,0.1649400504,0.1643962517,0.1636291815,0.1626328442,0.1613989678,0.1599166308,0.1581716418,0.15614555,0.1538143516,0.1511464159,0.1480993557,0.1446147493,0.140609239,0.1359579978,0.1304608527,0.1237629809,0.1151243803,0.1024307709,0.05410201318
164700,0.1653453572,0.1652374081,0.1649128002,0.1643691573,0.1636023062,0.1626062523,0.1613727252,0.1598908053,0.1581463037,0.1561207727,0.1537902133,0.1511230001,0.1480767538,0.1445930635,0.1405885865,0.1359385188,0.1304427238,0.1237464428,0.1151098055,0.1024188987,0.05409909749
164760,0.165318003,0.1652100849,0.1648855701,0.1643420828,0.1635754506,0.16257968,0.1613465019,0.1598649986,0.158120984,0.1560960135,0.1537660924,0.1510996012,0.1480541682,0.1445713931,0.1405679486,0.1359190535,0.1304246076,0.1237299161,0.1150952405,0.1024070343,0.0540961852
164820,0.165290669,0.1651827818,0.1648583601,0.1643150283,0.1635486148,0.1625531272,0.1613202978,0.1598392109,0.1580956828,0.1560712723,0.153741989,0.1510762192,0.1480315988,0.1445497383,0.1405473254,0.1358996019,0.1304065039,0.1237134007,0.1150806855,0.1023951779,0.05409327633
164880,0.165263355,0.1651554988,0.1648311701,0.1642879936,0.1635217987,0.1625265938,0.1612941129,0.159813442,0.1580704,0.1560465491,0.1537179031,0.1510528541,0.1480090456,0.1445280988,0.1405267168,0.135880164,0.130388413,0.1236968968,0.1150661403,0.1023833293,0.05409037085
164940,0.1652360612,0.1651282359,0.164804,0.1642609789,0.1634950024,0.16250008,0.1612679471,0.1597876919,0.1580451356,0.1560218438,0.1536938346,0.1510295057,0.1479865086,0.1445064748,0.1405061228,0.1358607398,0.1303703346,0.1236804043,0.115051605,0.1023714886,0.05408746878
165000,0.1652087875,0.1651009931,0.16477685,0.164233984,0.1634682256,0.1624735855,0.1612418005,0.1597619606,0.1580198897,0.1559971565,0.1536697835,0.1510061742,0.1479639877,0.1444848663,0.1404855434,0.1358413292,0.1303522688,0.1236639231,0.1150370795,0.1023596557,0.05408457009
165060,0.1651815339,0.1650737703,0.16474972,0.1642070089,0.1634414686,0.1624471105,0.161215673,0.1597362481,0.1579946621,0.1559724871,0.1536457498,0.1509828595,0.1479414829,0.1444632731,0.1404649786,0.1358219323,0.1303342156,0.1236474533,0.115022564,0.1023478307,0.05408167479
165120,0.1651543003,0.1650465676,0.1647226098,0.1641800537,0.1634147311,0.1624206549,0.1611895646,0.1597105544,0.1579694528,0.1559478355,0.1536217335,0.1509595616,0.1479189943,0.1444416953,0.1404444284,0.135802549,0.1303161749,0.1236309948,0.1150080582,0.1023360136,0.05407878287
165180,0.1651270867,0.1650193848,0.1646955196,0.1641531182,0.1633880133,0.1623942186,0.1611634753,0.1596848793,0.1579442619,0.1559232019,0.1535977345,0.1509362804,0.1478965218,0.1444201328,0.1404238926,0.1357831792,0.1302981468,0.1236145476,0.1149935623,0.1023242043,0.05407589432
165240,0.1650998931,0.164992222,0.1646684493,0.1641262025,0.163361315,0.1623678017,0.1611374051,0.159659223,0.1579190893,0.1558985861,0.1535737528,0.150913016,0.1478740653,0.1443985857,0.1404033714,0.1357638231,0.1302801313,0.1235981117,0.1149790762,0.1023124028,0.05407300914
165300,0.1650727195,0.1649650791,0.1646413989,0.1640993065,0.1633346363,0.1623414041,0.1611113539,0.1596335854,0.157893935,0.1558739881,0.1535497885,0.1508897683,0.1478516249,0.144377054,0.1403828647,0.1357444806,0.1302621282,0.1235816872,0.1149646,0.1023006091,0.05407012733
165360,0.1650455658,0.1649379562,0.1646143683,0.1640724303,0.1633079772,0.1623150258,0.1610853217,0.1596079664,0.157868799,0.1558494079,0.1535258414,0.1508665373,0.1478292006,0.1443555375,0.1403623725,0.1357251516,0.1302441377,0.1235652739,0.1149501335,0.1022888232,0.05406724887
165420,0.165018432,0.1649108531,0.1645873575,0.1640455737,0.1632813375,0.1622886668,0.1610593085,0.1595823661,0.1578436812,0.1558248455,0.1535019116,0.1508433229,0.1478067923,0.1443340363,0.1403418947,0.1357058362,0.1302261597,0.1235488719,0.1149356768,0.1022770452,0.05406437376
165480,0.1649913182,0.16488377,0.1645603665,0.1640187368,0.1632547173,0.162262327,0.1610333142,0.1595567844,0.1578185816,0.1558003008,0.153477999,0.1508201253,0.1477844,0.1443125504,0.1403214314,0.1356865343,0.1302081941,0.1235324811,0.1149212299,0.1022652749,0.05406150201
165540,0.1649642242,0.1648567067,0.1645333953,0.1639919196,0.1632281166,0.1622360064,0.1610073389,0.1595312213,0.1577935002,0.1557757739,0.1534541037,0.1507969442,0.1477620236,0.1442910798,0.1403009826,0.1356672459,0.130190241,0.1235161016,0.1149067928,0.1022535124,0.05405863359
165600,0.1649371501,0.1648296632,0.1645064438,0.1639651219,0.1632015354,0.1622097051,0.1609813825,0.1595056768,0.157768437,0.1557512648,0.1534302255,0.1507737798,0.1477396633,0.1442696244,0.1402805481,0.135647971,0.1301723004,0.1234997333,0.1148923654,0.1022417577,0.05405576851
165660,0.1649100958,0.1648026395,0.1644795121,0.1639383439,0.1631749735,0.1621834229,0.160955445,0.1594801509,0.1577433919,0.1557267733,0.1534063646,0.150750632,0.1477173188,0.1442481842,0.1402601281,0.1356287096,0.1301543722,0.1234833763,0.1148779477,0.1022300108,0.05405290677
165720,0.1648830613,0.1647756356,0.1644526001,0.1639115854,0.163148431,0.16215716,0.1609295264,0.1594546434,0.157718365,0.1557022995,0.1533825208,0.1507275008,0.1476949904,0.1442267592,0.1402397224,0.1356094617,0.1301364564,0.1234670304,0.1148635398,0.1022182716,0.05405004834
165780,0.1648560466,0.1647486514,0.1644257077,0.1638848465,0.163121908,0.1621309161,0.1609036266,0.1594291545,0.1576933562,0.1556778434,0.1533586941,0.1507043861,0.1476726778,0.1442053494,0.1402193311,0.1355902272,0.130118553,0.1234506957,0.1148491416,0.1022065401,0.05404719324
165840,0.1648290516,0.164721687,0.164398835,0.1638581271,0.1630954042,0.1621046913,0.1608777456,0.1594036841,0.1576683655,0.1556534049,0.1533348846,0.1506812879,0.1476503811,0.1441839547,0.1401989542,0.1355710062,0.130100662,0.1234343723,0.1148347531,0.1021948164,0.05404434146
165900,0.1648020764,0.1646947423,0.1643719819,0.1638314272,0.1630689198,0.1620784857,0.1608518835,0.1593782321,0.1576433929,0.155628984,0.1533110922,0.1506582063,0.1476281003,0.1441625753,0.1401785916,0.1355517985,0.1300827834,0.12341806,0.1148203743,0.1021831005,0.05404149298
165960,0.1647751209,0.1646678172,0.1643451485,0.1638047468,0.1630424547,0.1620522991,0.1608260402,0.1593527986,0.1576184383,0.1556045807,0.1532873168,0.1506351412,0.1476058353,0.1441412109,0.1401582433,0.1355326043,0.1300649172,0.1234017588,0.1148060053,0.1021713922,0.05403864781
166020,0.1647481851,0.1646409119,0.1643183346,0.1637780859,0.1630160088,0.1620261316,0.1608002156,0.1593273835,0.1575935018,0.155580195,0.1532635586,0.1506120926,0.1475835862,0.1441198616,0.1401379093,0.1355134235,0.1300470633,0.1233854688,0.1147916458,0.1021596917,0.05403580594
166080,0.1647212689,0.1646140261,0.1642915403,0.1637514444,0.1629895822,0.1619999831,0.1607744097,0.1593019868,0.1575685832,0.1555558269,0.1532398173,0.1505890605,0.1475613529,0.1440985275,0.1401175896,0.135494256,0.1300292217,0.1233691899,0.1147772961,0.1021479989,0.05403296736
166140,0.1646943724,0.16458716,0.1642647655,0.1637248223,0.1629631749,0.1619738536,0.1607486226,0.1592766085,0.1575436827,0.1555314762,0.1532160931,0.1505660447,0.1475391354,0.1440772084,0.1400972842,0.1354751019,0.1300113925,0.1233529221,0.114762956,0.1021363137,0.05403013207
166200,0.1646674955,0.1645603135,0.1642380102,0.1636982196,0.1629367867,0.161947743,0.1607228541,0.1592512485,0.1575188001,0.1555071431,0.1531923859,0.1505430455,0.1475169337,0.1440559044,0.140076993,0.1354559612,0.1299935756,0.1233366655,0.1147486256,0.1021246363,0.05402730007
166260,0.1646406382,0.1645334865,0.1642112745,0.1636716362,0.1629104178,0.1619216514,0.1606971044,0.1592259069,0.1574939354,0.1554828275,0.1531686957,0.1505200626,0.1474947477,0.1440346154,0.1400567161,0.1354368337,0.129975771,0.1233204199,0.1147343048,0.1021129665,0.05402447134
166320,0.1646138004,0.1645066791,0.1641845582,0.1636450722,0.162884068,0.1618955788,0.1606713733,0.1592005836,0.1574690887,0.1554585294,0.1531450224,0.1504970961,0.1474725775,0.1440133415,0.1400364533,0.1354177196,0.1299579786,0.1233041854,0.1147199936,0.1021013044,0.05402164589
166380,0.1645869822,0.1644798912,0.1641578613,0.1636185275,0.1628577373,0.1618695251,0.1606456608,0.1591752786,0.1574442598,0.1554342487,0.1531213661,0.150474146,0.147450423,0.1439920825,0.1400162048,0.1353986188,0.1299401985,0.123287962,0.114705692,0.10208965,0.0540188237
166440,0.1645601835,0.1644531228,0.1641311839,0.1635920022,0.1628314258,0.1618434902,0.1606199669,0.1591499919,0.1574194489,0.1554099854,0.1530977267,0.1504512122,0.1474282843,0.1439708386,0.1399959705,0.1353795313,0.1299224307,0.1232717497,0.1146914,0.1020780033,0.05401600478
166500,0.1645334044,0.1644263739,0.1641045258,0.163565496,0.1628051334,0.1618174743,0.1605942916,0.1591247234,0.1573946558,0.1553857396,0.1530741042,0.1504282948,0.1474061612,0.1439496096,0.1399757503,0.135360457,0.1299046751,0.1232555483,0.1146771176,0.1020663641,0.05401318912
166560,0.1645066447,0.1643996444,0.1640778872,0.1635390092,0.16277886,0.1617914771,0.1605686349,0.1590994731,0.1573698805,0.1553615112,0.1530504985,0.1504053936,0.1473840538,0.1439283956,0.1399555443,0.135341396,0.1298869318,0.123239358,0.1146628448,0.1020547327,0.0540103767
166620,0.1644799044,0.1643729344,0.1640512679,0.1635125415,0.1627526057,0.1617654988,0.1605429967,0.159074241,0.1573451231,0.1553373001,0.1530269098,0.1503825088,0.147361962,0.1439071965,0.1399353525,0.1353223482,0.1298692006,0.1232231788,0.1146485816,0.1020431088,0.05400756754
166680,0.1644531836,0.1643462438,0.1640246679,0.1634860931,0.1627263704,0.1617395393,0.160517377,0.1590490272,0.1573203835,0.1553131063,0.1530033379,0.1503596402,0.1473398859,0.1438860123,0.1399151747,0.1353033136,0.1298514817,0.1232070105,0.114634328,0.1020314926,0.05400476162
166740,0.1644264822,0.1643195725,0.1639980872,0.1634596639,0.1627001541,0.1617135986,0.1604917759,0.1590238315,0.1572956616,0.1552889299,0.1529797828,0.1503367879,0.1473178254,0.1438648431,0.1398950111,0.1352842923,0.1298337749,0.1231908532,0.1146200838,0.102019884,0.05400195893
166800,0.1643998002,0.1642929206,0.1639715258,0.1634332538,0.1626739568,0.1616876766,0.1604661932,0.1589986539,0.1572709575,0.1552647708,0.1529562445,0.1503139519,0.1472957805,0.1438436887,0.1398748615,0.1352652841,0.1298160803,0.1231747069,0.1146058493,0.1020082829,0.05399915947
166860,0.1643731376,0.1642662881,0.1639449837,0.1634068628,0.1626477785,0.1616617734,0.1604406289,0.1589734945,0.1572462711,0.155240629,0.152932723,0.150291132,0.1472737511,0.1438225492,0.139854726,0.1352462891,0.1297983978,0.1231585716,0.1145916242,0.1019966895,0.05399636325
166920,0.1643464942,0.1642396748,0.1639184608,0.163380491,0.1626216191,0.1616358889,0.1604150831,0.1589483531,0.1572216025,0.1552165045,0.1529092183,0.1502683284,0.1472517374,0.1438014245,0.1398346046,0.1352273073,0.1297807275,0.1231424472,0.1145774087,0.1019851037,0.05399357024
166980,0.1643198702,0.1642130809,0.1638919572,0.1633541382,0.1625954786,0.161610023,0.1603895557,0.1589232299,0.1571969515,0.1551923972,0.1528857303,0.1502455409,0.1472297391,0.1437803147,0.1398144972,0.1352083386,0.1297630694,0.1231263338,0.1145632026,0.1019735254,0.05399078045
167040,0.1642932655,0.1641865062,0.1638654727,0.1633278045,0.162569357,0.1615841758,0.1603640467,0.1588981247,0.1571723182,0.1551683072,0.152862259,0.1502227696,0.1472077564,0.1437592197,0.1397944039,0.1351893831,0.1297454233,0.1231102313,0.1145490061,0.1019619548,0.05398799387
167100,0.1642666801,0.1641599508,0.1638390074,0.1633014899,0.1625432543,0.1615583473,0.1603385561,0.1588730375,0.1571477025,0.1551442343,0.1528388045,0.1502000144,0.1471857892,0.1437381395,0.1397743245,0.1351704407,0.1297277893,0.1230941397,0.1145348191,0.1019503916,0.0539852105
167160,0.1642401139,0.1641334146,0.1638125613,0.1632751943,0.1625171705,0.1615325374,0.1603130838,0.1588479683,0.1571231045,0.1551201786,0.1528153666,0.1501772753,0.1471638375,0.1437170741,0.1397542592,0.1351515113,0.1297101675,0.123078059,0.1145206415,0.1019388361,0.05398243033
167220,0.1642135669,0.1641068976,0.1637861342,0.1632489177,0.1624911054,0.1615067461,0.1602876298,0.1588229172,0.1570985241,0.1550961401,0.1527919454,0.1501545524,0.1471419013,0.1436960235,0.1397342078,0.1351325951,0.1296925577,0.1230619893,0.1145064734,0.1019272881,0.05397965335
167280,0.1641870392,0.1640803997,0.1637597263,0.1632226601,0.1624650592,0.1614809734,0.1602621942,0.158797884,0.1570739613,0.1550721188,0.1527685408,0.1501318455,0.1471199805,0.1436749876,0.1397141703,0.1351136919,0.1296749599,0.1230459304,0.1144923147,0.1019157476,0.05397687957
167340,0.1641605306,0.164053921,0.1637333375,0.1631964214,0.1624390317,0.1614552192,0.1602367768,0.1587728688,0.157049416,0.1550481146,0.1527451529,0.1501091547,0.1470980752,0.1436539664,0.1396941469,0.1350948018,0.1296573742,0.1230298823,0.1144781655,0.1019042147,0.05397410897
167400,0.1641340412,0.1640274615,0.1637069677,0.1631702017,0.162413023,0.1614294836,0.1602113776,0.1587478715,0.1570248883,0.1550241275,0.1527217816,0.15008648,0.1470761853,0.1436329599,0.1396741373,0.1350759247,0.1296398005,0.1230138452,0.1144640257,0.1018926892,0.05397134155
167460,0.1641075709,0.1640010211,0.1636806169,0.1631440008,0.1623870331,0.1614037665,0.1601859968,0.1587228921,0.1570003782,0.1550001574,0.1526984268,0.1500638212,0.1470543108,0.1436119682,0.1396541417,0.1350570607,0.1296222389,0.1229978188,0.1144498954,0.1018811713,0.05396857731
167520,0.1640811197,0.1639745997,0.1636542852,0.1631178189,0.1623610619,0.1613780679,0.1601606341,0.1586979306,0.1569758855,0.1549762045,0.1526750887,0.1500411785,0.1470324516,0.1435909911,0.1396341599,0.1350382096,0.1296046892,0.1229818034,0.1144357744,0.1018696609,0.05396581624
167580,0.1640546876,0.1639481974,0.1636279725,0.1630916558,0.1623351093,0.1613523877,0.1601352896,0.1586729869,0.1569514103,0.1549522686,0.1526517671,0.1500185518,0.1470106079,0.1435700287,0.1396141921,0.1350193716,0.1295871516,0.1229657987,0.1144216629,0.101858158,0.05396305833
167640,0.1640282746,0.1639218142,0.1636016787,0.1630655116,0.1623091755,0.161326726,0.1601099633,0.1586480611,0.1569269526,0.1549283497,0.152628462,0.1499959411,0.1469887795,0.1435490809,0.1395942381,0.1350005465,0.1295696259,0.1229498048,0.1144075607,0.1018466626,0.05396030359
167700,0.1640018806,0.16389545,0.1635754039,0.1630393862,0.1622832602,0.1613010828,0.1600846552,0.1586231532,0.1569025123,0.1549044478,0.1526051734,0.1499733463,0.1469669664,0.1435281478,0.1395742979,0.1349817344,0.1295521122,0.1229338218,0.1143934679,0.1018351747,0.053957552
167760,0.1639755057,0.1638691047,0.1635491479,0.1630132796,0.1622573636,0.1612754579,0.1600593652,0.158598263,0.1568780895,0.1548805629,0.1525819014,0.1499507674,0.1469451686,0.1435072293,0.1395543716,0.1349629353,0.1295346104,0.1229178495,0.1143793845,0.1018236942,0.05395480357
167820,0.1639491497,0.1638427785,0.1635229109,0.1629871918,0.1622314857,0.1612498514,0.1600340933,0.1585733906,0.156853684,0.154856695,0.1525586458,0.1499282045,0.1469233861,0.1434863254,0.1395344591,0.1349441491,0.1295171206,0.122901888,0.1143653105,0.1018122212,0.05395205827
167880,0.1639228127,0.1638164712,0.1634966928,0.1629611228,0.1622056263,0.1612242633,0.1600088394,0.158548536,0.1568292959,0.1548328441,0.1525354066,0.1499056574,0.1469016189,0.1434654361,0.1395145604,0.1349253758,0.1294996427,0.1228859372,0.1143512458,0.1018007556,0.05394931612
167940,0.1638964947,0.1637901828,0.1634704936,0.1629350724,0.1621797854,0.1611986935,0.1599836037,0.1585236992,0.1568049253,0.15480901,0.1525121839,0.1498831263,0.146879867,0.1434445613,0.1394946755,0.1349066154,0.1294821767,0.1228699972,0.1143371904,0.1017892975,0.05394657711
168000,0.1638701956,0.1637639134,0.1634443131,0.1629090408,0.1621539631,0.1611731421,0.159958386,0.15849888,0.1567805719,0.1547851929,0.1524889777,0.149860611,0.1468581303,0.1434237011,0.1394748043,0.1348878679,0.1294647226,0.1228540679,0.1143231444,0.1017778469,0.05394384123
168060,0.1638439154,0.1637376628,0.1634181515,0.1628830279,0.1621281594,0.1611476089,0.1599331863,0.1584740786,0.1567562359,0.1547613927,0.1524657878,0.1498381115,0.1468364088,0.1434028554,0.1394549469,0.1348691333,0.1294472804,0.1228381494,0.1143091077,0.1017664037,0.05394110847
168120,0.1638176542,0.1637114311,0.1633920087,0.1628570336,0.1621023741,0.161122094,0.1599080046,0.1584492948,0.1567319171,0.1547376093,0.1524426143,0.1498156279,0.1468147025,0.1433820242,0.1394351033,0.1348504116,0.12942985,0.1228222416,0.1142950803,0.1017549679,0.05393837883
168180,0.1637914117,0.1636852182,0.1633658846,0.162831058,0.1620766073,0.1610965974,0.159882841,0.1584245287,0.1567076157,0.1547138428,0.1524194571,0.1497931601,0.1467930114,0.1433612075,0.1394152734,0.1348317027,0.1294124315,0.1228063444,0.1142810622,0.1017435395,0.05393565231
168240,0.1637651882,0.1636590242,0.1633397793,0.1628051011,0.162050859,0.161071119,0.1598576952,0.1583997802,0.1566833315,0.1546900931,0.1523963163,0.1497707081,0.1467713355,0.1433404053,0.1393954571,0.1348130067,0.1293950249,0.122790458,0.1142670534,0.1017321185,0.0539329289
168300,0.1637389834,0.163632849,0.1633136928,0.1627791627,0.162025129,0.1610456588,0.1598325675,0.1583750494,0.1566590646,0.1546663602,0.1523731918,0.1497482718,0.1467496747,0.1433196176,0.1393756546,0.1347943235,0.1293776301,0.1227745822,0.1142530538,0.1017207049,0.0539302086
168360,0.1637127974,0.1636066925,0.1632876249,0.1627532429,0.1619994176,0.1610202168,0.1598074576,0.1583503361,0.1566348149,0.1546426441,0.1523500837,0.1497258513,0.1467280291,0.1432988443,0.1393558657,0.134775653,0.1293602471,0.1227587171,0.1142390635,0.1017092987,0.0539274914
168420,0.1636866303,0.1635805548,0.1632615757,0.1627273417,0.1619737244,0.160994793,0.1597823656,0.1583256405,0.1566105824,0.1546189448,0.1523269918,0.1497034466,0.1467063986,0.1432780854,0.1393360905,0.1347569954,0.1293428759,0.1227428627,0.1142250825,0.1016978999,0.0539247773
168480,0.1636604818,0.1635544358,0.1632355451,0.162701459,0.1619480497,0.1609693873,0.1597572916,0.1583009624,0.156586367,0.1545952623,0.1523039161,0.1496810575,0.1466847832,0.143257341,0.139316329,0.1347383505,0.1293255165,0.1227270189,0.1142111107,0.1016865085,0.05392206629
168540,0.1636343522,0.1635283355,0.1632095332,0.1626755948,0.1619223933,0.1609439998,0.1597322353,0.1582763018,0.1565621689,0.1545715965,0.1522808567,0.1496586842,0.1466631829,0.1432366109,0.1392965811,0.1347197185,0.1293081688,0.1227111857,0.1141971482,0.1016751244,0.05391935836
168600,0.1636082412,0.1635022539,0.16318354,0.1626497491,0.1618967553,0.1609186304,0.159707197,0.1582516587,0.1565379878,0.1545479474,0.1522578136,0.1496363265,0.1466415977,0.1432158953,0.1392768468,0.1347010991,0.129290833,0.1226953632,0.1141831949,0.1016637477,0.05391665352
168660,0.1635821489,0.163476191,0.1631575653,0.1626239219,0.1618711355,0.160893279,0.1596821764,0.1582270332,0.1565138239,0.1545243149,0.1522347867,0.1496139845,0.1466200275,0.143195194,0.139257126,0.1346824925,0.1292735088,0.1226795512,0.1141692508,0.1016523784,0.05391395176
168720,0.1635560753,0.1634501468,0.1631316092,0.1625981132,0.161845534,0.1608679457,0.1596571736,0.1582024251,0.1564896772,0.1545006992,0.1522117759,0.1495916582,0.1465984723,0.143174507,0.1392374189,0.1346638986,0.1292561965,0.1226637498,0.1141553159,0.1016410164,0.05391125306
168780,0.1635300203,0.1634241211,0.1631056716,0.1625723229,0.1618199508,0.1608426305,0.1596321886,0.1581778345,0.1564655474,0.1544771001,0.1521887813,0.1495693474,0.1465769322,0.1431538344,0.1392177253,0.1346453174,0.1292388958,0.1226479591,0.1141413902,0.1016296617,0.05390855744
168840,0.163503984,0.1633981141,0.1630797526,0.1625465509,0.1617943858,0.1608173333,0.1596072214,0.1581532613,0.1564414348,0.1544535177,0.1521658029,0.1495470523,0.146555407,0.1431331761,0.1391980453,0.1346267489,0.1292216069,0.1226321788,0.1141274737,0.1016183144,0.05390586488
168900,0.1634779662,0.1633721256,0.163053852,0.1625207974,0.1617688391,0.1607920541,0.1595822719,0.1581287055,0.1564173392,0.1544299519,0.1521428406,0.1495247728,0.1465338969,0.1431125321,0.1391783789,0.1346081931,0.1292043296,0.1226164092,0.1141135664,0.1016069744,0.05390317537
168960,0.1634519671,0.1633461557,0.16302797,0.1624950623,0.1617433105,0.1607667928,0.1595573401,0.1581041671,0.1563932606,0.1544064027,0.1521198944,0.1495025088,0.1465124017,0.1430919024,0.1391587259,0.13458965,0.129187064,0.1226006501,0.1140996682,0.1015956416,0.05390048892
169020,0.1634259865,0.1633202043,0.1630021064,0.1624693454,0.1617178001,0.1607415496,0.159532426,0.1580796461,0.1563691991,0.15438287,0.1520969644,0.1494802604,0.1464909214,0.143071287,0.1391390865,0.1345711195,0.1291698101,0.1225849015,0.1140857792,0.1015843162,0.05389780552
169080,0.1634000244,0.1632942715,0.1629762613,0.162443647,0.1616923079,0.1607163242,0.1595075296,0.1580551425,0.1563451545,0.1543593539,0.1520740504,0.1494580275,0.1464694561,0.1430506858,0.1391194605,0.1345526016,0.1291525679,0.1225691635,0.1140718993,0.1015729981,0.05389512516
169140,0.1633740809,0.1632683571,0.1629504346,0.1624179668,0.1616668338,0.1606911168,0.1594826508,0.1580306562,0.1563211268,0.1543358544,0.1520511524,0.1494358102,0.1464480057,0.1430300988,0.139099848,0.1345340963,0.1291353373,0.1225534359,0.1140580286,0.1015616873,0.05389244785
169200,0.1633481558,0.1632424612,0.1629246263,0.1623923049,0.1616413779,0.1606659273,0.1594577897,0.1580061872,0.1562971162,0.1543123714,0.1520282705,0.1494136084,0.1464265702,0.143009526,0.139080249,0.1345156037,0.1291181184,0.1225377189,0.114044167,0.1015503838,0.05388977356
169260,0.1633222493,0.1632165838,0.1628988363,0.1623666612,0.16161594,0.1606407557,0.1594329461,0.1579817355,0.1562731224,0.1542889049,0.1520054047,0.149391422,0.1464051495,0.1429889675,0.1390606634,0.1344971236,0.129100911,0.1225220123,0.1140303145,0.1015390875,0.05388710231
169320,0.1632963611,0.1631907247,0.1628730648,0.1623410358,0.1615905202,0.1606156019,0.1594081202,0.157957301,0.1562491456,0.1542654548,0.1519825548,0.1493692511,0.1463837438,0.1429684231,0.1390410913,0.1344786561,0.1290837153,0.1225063163,0.1140164711,0.1015277985,0.05388443408
169380,0.1632704914,0.1631648841,0.1628473115,0.1623154286,0.1615651184,0.1605904659,0.1593833118,0.1579328839,0.1562251856,0.1542420213,0.1519597209,0.1493470957,0.1463623528,0.142947893,0.1390215325,0.1344602012,0.1290665311,0.1224906307,0.1140026368,0.1015165167,0.05388176887
169440,0.1632446402,0.1631390619,0.1628215766,0.1622898396,0.1615397347,0.1605653478,0.159358521,0.1579084839,0.1562012425,0.1542186042,0.151936903,0.1493249557,0.1463409767,0.1429273769,0.1390019872,0.1344417589,0.1290493586,0.1224749555,0.1139888116,0.1015052422,0.05387910667
169500,0.1632188073,0.1631132581,0.16279586,0.1622642688,0.161514369,0.1605402474,0.1593337477,0.1578841012,0.1561773163,0.1541952035,0.1519141011,0.1493028311,0.1463196154,0.142906875,0.1389824552,0.134423329,0.1290321976,0.1224592908,0.1139749955,0.101493975,0.05387644749
169560,0.1631929928,0.1630874725,0.1627701616,0.1622387162,0.1614890212,0.1605151649,0.1593089919,0.1578597357,0.1561534069,0.1541718192,0.151891315,0.1492807219,0.146298269,0.1428863873,0.1389629367,0.1344049117,0.1290150481,0.1224436365,0.1139611884,0.101482715,0.05387379131
169620,0.1631671966,0.1630617054,0.1627444815,0.1622131816,0.1614636915,0.1604901001,0.1592842537,0.1578353873,0.1561295143,0.1541484513,0.1518685449,0.149258628,0.1462769372,0.1428659136,0.1389434314,0.1343865069,0.1289979102,0.1224279926,0.1139473904,0.1014714622,0.05387113814
169680,0.1631414187,0.1630359565,0.1627188196,0.1621876652,0.1614383796,0.160465053,0.1592595328,0.1578110561,0.1561056385,0.1541250998,0.1518457907,0.1492365496,0.1462556203,0.142845454,0.1389239395,0.1343681146,0.1289807839,0.1224123592,0.1139336014,0.1014602166,0.05386848796
169740,0.1631156592,0.1630102258,0.162693176,0.1621621669,0.1614130858,0.1604400236,0.1592348295,0.1577867421,0.1560817795,0.1541017646,0.1518230524,0.1492144865,0.1462343181,0.1428250085,0.138904461,0.1343497348,0.128963669,0.1223967361,0.1139198215,0.1014489782,0.05386584077
169800,0.1630899179,0.1629845135,0.1626675505,0.1621366866,0.1613878098,0.1604150119,0.1592101435,0.1577624451,0.1560579372,0.1540784458,0.1518003299,0.1491924387,0.1462130306,0.1428045771,0.1388849957,0.1343313674,0.1289465657,0.1223811234,0.1139060506,0.101437747,0.05386319657
169860,0.1630641949,0.1629588194,0.1626419432,0.1621112244,0.1613625517,0.1603900179,0.159185475,0.1577381653,0.1560341116,0.1540551433,0.1517776233,0.1491704062,0.1461917578,0.1427841597,0.1388655437,0.1343130125,0.1289294738,0.1223655211,0.1138922887,0.101426523,0.05386055535
169920,0.1630384901,0.1629331435,0.162616354,0.1620857802,0.1613373114,0.1603650416,0.1591608238,0.1577139025,0.1560103028,0.1540318571,0.1517549325,0.149148389,0.1461704998,0.1427637563,0.1388461051,0.13429467,0.1289123934,0.1223499292,0.1138785358,0.1014153063,0.05385791711
169980,0.1630128036,0.1629074858,0.162590783,0.1620603541,0.161312089,0.1603400829,0.1591361901,0.1576896568,0.1559865106,0.1540085871,0.1517322575,0.1491263871,0.1461492564,0.142743367,0.1388266796,0.1342763399,0.1288953245,0.1223343476,0.1138647919,0.1014040966,0.05385528185
170040,0.1629871352,0.1628818462,0.16256523,0.1620349459,0.1612868845,0.1603151417,0.1591115736,0.1576654281,0.1559627352,0.1539853335,0.1517095982,0.1491044004,0.1461280276,0.1427229916,0.1388072675,0.1342580223,0.128878267,0.1223187763,0.113851057,0.1013928942,0.05385264955
170100,0.162961485,0.1628562249,0.1625396952,0.1620095557,0.1612616977,0.1602902182,0.1590869745,0.1576412165,0.1559389764,0.153962096,0.1516869548,0.149082429,0.1461068135,0.1427026302,0.1387878685,0.134239717,0.128861221,0.1223032154,0.1138373311,0.1013816989,0.05385002022
170160,0.162935853,0.1628306216,0.1625141784,0.1619841834,0.1612365287,0.1602653123,0.1590623928,0.1576170218,0.1559152342,0.1539388748,0.1516643271,0.1490604728,0.1460856141,0.1426822828,0.1387684828,0.1342214241,0.1288441864,0.1222876648,0.1138236141,0.1013705108,0.05384739384
170220,0.1629102391,0.1628050365,0.1624886796,0.1619588291,0.1612113775,0.1602404239,0.1590378283,0.1575928442,0.1558915086,0.1539156698,0.1516417151,0.1490385318,0.1460644292,0.1426619493,0.1387491103,0.1342031436,0.1288271632,0.1222721244,0.1138099061,0.1013593298,0.05384477043
170280,0.1628846434,0.1627794694,0.1624631989,0.1619334926,0.161186244,0.160215553,0.159013281,0.1575686834,0.1558677997,0.153892481,0.1516191189,0.149016606,0.1460432589,0.1426416298,0.138729751,0.1341848755,0.1288101514,0.1222565944,0.113796207,0.101348156,0.05384214996
170340,0.1628590657,0.1627539205,0.1624377362,0.1619081741,0.1611611282,0.1601906996,0.1589887511,0.1575445397,0.1558441073,0.1538693083,0.1515965383,0.1489946953,0.1460221033,0.1426213241,0.1387104048,0.1341666197,0.128793151,0.1222410747,0.1137825169,0.1013369893,0.05383953244
170400,0.1628335061,0.1627283895,0.1624122914,0.1618828734,0.1611360301,0.1601658637,0.1589642383,0.1575204128,0.1558204315,0.1538461518,0.1515739735,0.1489727998,0.1460009621,0.1426010324,0.1386910718,0.1341483762,0.128776162,0.1222255652,0.1137688357,0.1013258297,0.05383691786
170460,0.1628079645,0.1627028766,0.1623868646,0.1618575905,0.1611109498,0.1601410453,0.1589397428,0.1574963028,0.1557967722,0.1538230114,0.1515514242,0.1489509195,0.1459798356,0.1425807546,0.138671752,0.134130145,0.1287591843,0.122210066,0.1137551634,0.1013146773,0.05383430621
170520,0.162782441,0.1626773818,0.1623614558,0.1618323255,0.161085887,0.1601162444,0.1589152644,0.1574722098,0.1557731294,0.1537998871,0.1515288907,0.1489290542,0.1459587235,0.1425604906,0.1386524453,0.1341119261,0.128742218,0.122194577,0.1137415001,0.1013035319,0.0538316975
170580,0.1627569355,0.1626519049,0.1623360648,0.1618070782,0.1610608419,0.1600914608,0.1588908032,0.1574481336,0.1557495032,0.1537767789,0.1515063727,0.1489072041,0.145937626,0.1425402405,0.1386331517,0.1340937195,0.128725263,0.1221790983,0.1137278456,0.1012923937,0.05382909172
170640,0.1627314479,0.1626264459,0.1623106918,0.1617818488,0.1610358145,0.1600666947,0.1588663592,0.1574240742,0.1557258934,0.1537536868,0.1514838704,0.148885369,0.1459165429,0.1425200042,0.1386138712,0.1340755252,0.1287083194,0.1221636298,0.1137142,0.1012812625,0.05382648886
170700,0.1627059784,0.1626010049,0.1622853366,0.1617566371,0.1610108046,0.160041946,0.1588419323,0.1574000316,0.1557023001,0.1537306108,0.1514613837,0.148863549,0.1458954744,0.1424997817,0.1385946037,0.1340573431,0.1286913871,0.1221481715,0.1137005633,0.1012701385,0.05382388891
170760,0.1626805267,0.1625755818,0.1622599993,0.1617314431,0.1609858123,0.1600172146,0.1588175225,0.1573760059,0.1556787233,0.1537075508,0.1514389125,0.1488417441,0.1458744203,0.1424795731,0.1385753494,0.1340391733,0.128674466,0.1221327234,0.1136869355,0.1012590215,0.05382129189
170820,0.162655093,0.1625501767,0.1622346798,0.1617062669,0.1609608375,0.1599925006,0.1587931298,0.1573519969,0.1556551629,0.1536845068,0.1514164569,0.1488199542,0.1458533806,0.1424593782,0.1385561081,0.1340210157,0.1286575563,0.1221172855,0.1136733165,0.1012479116,0.05381869777
170880,0.1626296773,0.1625247894,0.1622093782,0.1616811084,0.1609358803,0.1599678039,0.1587687542,0.1573280048,0.1556316188,0.1536614788,0.1513940168,0.1487981793,0.1458323554,0.1424391971,0.1385368799,0.1340028703,0.1286406578,0.1221018578,0.1136597064,0.1012368087,0.05381610656
170940,0.1626042794,0.16249942,0.1621840943,0.1616559675,0.1609109406,0.1599431245,0.1587443956,0.1573040293,0.1556080912,0.1536384668,0.1513715923,0.1487764194,0.1458113446,0.1424190298,0.1385176647,0.1339847371,0.1286237706,0.1220864403,0.1136461051,0.1012257129,0.05381351824
171000,0.1625788993,0.1624740684,0.1621588282,0.1616308443,0.1608860185,0.1599184624,0.1587200541,0.1572800706,0.15558458,0.1536154707,0.1513491832,0.1487546745,0.1457903482,0.1423988762,0.1384984625,0.1339666162,0.1286068946,0.1220710329,0.1136325127,0.1012146242,0.05381093283
171060,0.1625535371,0.1624487346,0.1621335799,0.1616057388,0.1608611137,0.1598938176,0.1586957296,0.1572561286,0.1555610851,0.1535924906,0.1513267896,0.1487329446,0.1457693662,0.1423787363,0.1384792733,0.1339485074,0.1285900299,0.1220556357,0.113618929,0.1012035425,0.0538083503
171120,0.1625281928,0.1624234187,0.1621083492,0.1615806508,0.1608362265,0.15986919,0.158671422,0.1572322033,0.1555376065,0.1535695265,0.1513044115,0.1487112296,0.1457483985,0.1423586102,0.138460097,0.1339304107,0.1285731764,0.1220402486,0.1136053542,0.1011924678,0.05380577067
171180,0.1625028662,0.1623981205,0.1620831363,0.1615555805,0.1608113567,0.1598445797,0.1586471315,0.1572082946,0.1555141443,0.1535465782,0.1512820489,0.1486895295,0.1457274452,0.1423384977,0.1384409338,0.1339123262,0.1285563342,0.1220248716,0.1135917882,0.1011814002,0.05380319391
171240,0.1624775574,0.1623728401,0.1620579411,0.1615305277,0.1607865043,0.1598199865,0.1586228579,0.1571844026,0.1554906983,0.1535236458,0.1512597017,0.1486678443,0.1457065062,0.142318399,0.1384217835,0.1338942538,0.1285395031,0.1220095047,0.113578231,0.1011703396,0.05380062004
171300,0.1624522664,0.1623475774,0.1620327636,0.1615054925,0.1607616693,0.1597954106,0.1585986012,0.1571605273,0.1554672687,0.1535007293,0.1512373699,0.1486461741,0.1456855815,0.1422983139,0.1384026461,0.1338761936,0.1285226832,0.1219941479,0.1135646825,0.101159286,0.05379804903
171360,0.1624269931,0.1623223324,0.1620076037,0.1614804748,0.1607368516,0.1597708518,0.1585743614,0.1571366685,0.1554438553,0.1534778287,0.1512150535,0.1486245187,0.1456646712,0.1422782425,0.1383835217,0.1338581455,0.1285058745,0.1219788013,0.1135511429,0.1011482394,0.0537954809
171420,0.1624017376,0.1622971052,0.1619824615,0.1614554747,0.1607120514,0.1597463102,0.1585501386,0.1571128264,0.1554204581,0.1534549439,0.1511927524,0.1486028782,0.1456437751,0.1422581847,0.1383644102,0.1338401094,0.1284890769,0.1219634647,0.113537612,0.1011371997,0.05379291564
171480,0.1623764997,0.1622718956,0.1619573368,0.161430492,0.1606872684,0.1597217857,0.1585259326,0.1570890008,0.1553970772,0.1534320749,0.1511704668,0.1485812525,0.1456228933,0.1422381405,0.1383453116,0.1338220855,0.1284722905,0.1219481382,0.1135240898,0.1011261671,0.05379035323
171540,0.1623512795,0.1622467037,0.1619322298,0.1614055269,0.1606625028,0.1596972783,0.1585017435,0.1570651918,0.1553737124,0.1534092218,0.1511481964,0.1485596417,0.1456020257,0.1422181099,0.1383262258,0.1338040736,0.1284555153,0.1219328217,0.1135105764,0.1011151415,0.05378779368
171600,0.162326077,0.1622215294,0.1619071403,0.1613805791,0.1606377545,0.159672788,0.1584775712,0.1570413993,0.1553503639,0.1533863844,0.1511259415,0.1485380457,0.1455811724,0.1421980929,0.138307153,0.1337860737,0.1284387511,0.1219175153,0.1134970718,0.1011041228,0.05378523698
171660,0.1623008922,0.1621963727,0.1618820684,0.1613556489,0.1606130235,0.1596483148,0.1584534158,0.1570176234,0.1553270315,0.1533635628,0.1511037018,0.1485164644,0.1455603333,0.1421780895,0.138288093,0.133768086,0.1284219981,0.1219022189,0.1134835758,0.1010931111,0.05378268313
171720,0.1622757249,0.1621712336,0.161857014,0.161330736,0.1605883097,0.1596238587,0.1584292771,0.1569938639,0.1553037153,0.1533407569,0.1510814774,0.148494898,0.1455395084,0.1421580997,0.1382690458,0.1337501102,0.1284052562,0.1218869325,0.1134700886,0.1010821064,0.05378013212
171780,0.1622505753,0.1621461122,0.1618319771,0.1613058405,0.1605636132,0.1595994195,0.1584051553,0.1569701209,0.1552804152,0.1533179667,0.1510592683,0.1484733463,0.1455186977,0.1421381234,0.1382500114,0.1337321464,0.1283885254,0.1218716562,0.1134566101,0.1010711086,0.05377758395
171840,0.1622254432,0.1621210082,0.1618069577,0.1612809624,0.1605389339,0.1595749974,0.1583810501,0.1569463944,0.1552571312,0.1532951923,0.1510370744,0.1484518094,0.1454979012,0.1421181606,0.1382309899,0.1337141947,0.1283718056,0.1218563899,0.1134431403,0.1010601178,0.05377503862
171900,0.1622003287,0.1620959218,0.1617819557,0.1612561017,0.1605142717,0.1595505923,0.1583569618,0.1569226843,0.1552338633,0.1532724336,0.1510148958,0.1484302872,0.1454771188,0.1420982114,0.1382119812,0.1336962549,0.1283550969,0.1218411335,0.1134296792,0.1010491339,0.05377249611
171960,0.1621752317,0.162070853,0.1617569712,0.1612312583,0.1604896268,0.1595262042,0.1583328901,0.1568989907,0.1552106115,0.1532496905,0.1509927324,0.1484087797,0.1454563506,0.1420782756,0.1381929852,0.1336783271,0.1283383993,0.1218258872,0.1134162267,0.1010381569,0.05376995644
172020,0.1621501523,0.1620458016,0.1617320042,0.1612064322,0.160464999,0.159501833,0.1583088352,0.1568753135,0.1551873758,0.1532269631,0.1509705842,0.1483872869,0.1454355965,0.1420583534,0.138174002,0.1336604113,0.1283217127,0.1218106508,0.1134027829,0.1010271869,0.05376741958
172080,0.1621250903,0.1620207677,0.1617070546,0.1611816234,0.1604403884,0.1594774788,0.158284797,0.1568516526,0.1551641561,0.1532042514,0.1509484513,0.1483658088,0.1454148565,0.1420384446,0.1381550316,0.1336425074,0.1283050372,0.1217954243,0.1133893478,0.1010162238,0.05376488554
172140,0.1621000459,0.1619957512,0.1616821223,0.1611568319,0.1604157949,0.1594531414,0.1582607754,0.1568280082,0.1551409524,0.1531815553,0.1509263334,0.1483443453,0.1453941305,0.1420185492,0.1381360739,0.1336246155,0.1282883727,0.1217802079,0.1133759214,0.1010052675,0.05376235431
172200,0.1620750188,0.1619707522,0.1616572074,0.1611320577,0.1603912184,0.159428821,0.1582367705,0.15680438,0.1551177647,0.1531588747,0.1509042308,0.1483228965,0.1453734187,0.1419986673,0.138117129,0.1336067355,0.1282717191,0.1217650013,0.1133625035,0.1009943182,0.05375982589
172260,0.1620500093,0.1619457706,0.1616323099,0.1611073007,0.1603666591,0.1594045175,0.1582127822,0.1567807682,0.1550945931,0.1531362098,0.1508821432,0.1483014623,0.145352721,0.1419787989,0.1380981967,0.1335888674,0.1282550766,0.1217498047,0.1133490944,0.1009833758,0.05375730028
172320,0.1620250171,0.1619208065,0.1616074297,0.1610825609,0.1603421168,0.1593802308,0.1581888105,0.1567571728,0.1550714373,0.1531135604,0.1508600708,0.1482800428,0.1453320372,0.1419589438,0.1380792772,0.1335710112,0.128238445,0.121734618,0.1133356938,0.1009724402,0.05375477747
172380,0.1620000424,0.1618958596,0.1615825668,0.1610578383,0.1603175916,0.1593559609,0.1581648554,0.1567335936,0.1550482976,0.1530909266,0.1508380136,0.1482586378,0.1453113675,0.1419391021,0.1380603703,0.1335531668,0.1282218244,0.1217194412,0.1133223018,0.1009615116,0.05375225745
172440,0.161975085,0.1618709302,0.1615577212,0.1610331329,0.1602930834,0.1593317079,0.1581409169,0.1567100307,0.1550251737,0.1530683084,0.1508159713,0.1482372474,0.1452907119,0.1419192739,0.1380414761,0.1335353344,0.1282052148,0.1217042743,0.1133089185,0.1009505898,0.05374974022
172500,0.161950145,0.1618460181,0.1615328929,0.1610084447,0.1602685922,0.1593074717,0.1581169949,0.156686484,0.1550020658,0.1530457056,0.1507939442,0.1482158716,0.1452700702,0.1418994589,0.1380225946,0.1335175138,0.1281886161,0.1216891173,0.1132955437,0.1009396749,0.05374722578
172560,0.1619252224,0.1618211233,0.1615080819,0.1609837736,0.160244118,0.1592832522,0.1580930895,0.1566629536,0.1549789738,0.1530231184,0.1507719321,0.1481945104,0.1452494425,0.1418796574,0.1380037257,0.133499705,0.1281720284,0.1216739702,0.1132821776,0.1009287668,0.05374471412
172620,0.161900317,0.1617962458,0.161483288,0.1609591196,0.1602196608,0.1592590496,0.1580692006,0.1566394395,0.1549558976,0.1530005466,0.1507499351,0.1481731636,0.1452288288,0.1418598691,0.1379848694,0.1334819081,0.1281554516,0.1216588329,0.11326882,0.1009178656,0.05374220524
172680,0.161875429,0.1617713856,0.1614585114,0.1609344828,0.1601952205,0.1592348636,0.1580453281,0.1566159415,0.1549328374,0.1529779903,0.1507279531,0.1481518314,0.145208229,0.1418400942,0.1379660258,0.133464123,0.1281388857,0.1216437055,0.113255471,0.1009069712,0.05373969914
172740,0.1618505582,0.1617465426,0.161433752,0.160909863,0.1601707971,0.1592106945,0.1580214722,0.1565924597,0.1549097929,0.1529554495,0.150705986,0.1481305137,0.1451876432,0.1418203326,0.1379471947,0.1334463497,0.1281223306,0.1216285879,0.1132421305,0.1008960837,0.05373719581
172800,0.1618257047,0.1617217169,0.1614090098,0.1608852603,0.1601463907,0.159186542,0.1579976327,0.1565689941,0.1548867643,0.1529329241,0.150684034,0.1481092105,0.1451670713,0.1418005843,0.1379283762,0.1334285882,0.1281057865,0.1216134801,0.1132287986,0.100885203,0.05373469524
172860,0.1618008685,0.1616969084,0.1613842847,0.1608606746,0.1601220011,0.1591624062,0.1579738097,0.1565455446,0.1548637515,0.1529104141,0.1506620969,0.1480879217,0.1451465133,0.1417808493,0.1379095703,0.1334108384,0.1280892532,0.1215983822,0.1132154753,0.1008743291,0.05373219743
172920,0.1617760495,0.1616721171,0.1613595767,0.1608361059,0.1600976284,0.159138287,0.1579500031,0.1565221113,0.1548407545,0.1528879195,0.1506401748,0.1480666474,0.1451259692,0.1417611275,0.137890777,0.1333931005,0.1280727308,0.1215832941,0.1132021604,0.100863462,0.05372970238
172980,0.1617512476,0.161647343,0.1613348859,0.1608115543,0.1600732726,0.1591141846,0.1579262129,0.156498694,0.1548177732,0.1528654403,0.1506182676,0.1480453876,0.1451054389,0.141741419,0.1378719962,0.1333753742,0.1280562193,0.1215682158,0.1131888541,0.1008526017,0.05372721009
173040,0.161726463,0.1616225861,0.1613102121,0.1607870196,0.1600489335,0.1590900987,0.1579024391,0.1564752929,0.1547948078,0.1528429764,0.1505963754,0.1480241421,0.1450849226,0.1417217237,0.137853228,0.1333576598,0.1280397186,0.1215531472,0.1131755563,0.1008417483,0.05372472054
173100,0.1617016955,0.1615978463,0.1612855555,0.1607625019,0.1600246113,0.1590660295,0.1578786817,0.1564519079,0.154771858,0.1528205279,0.150574498,0.1480029111,0.14506442,0.1417020417,0.1378344722,0.133339957,0.1280232287,0.1215380885,0.113162267,0.1008309016,0.05372223374
173160,0.1616769452,0.1615731236,0.1612609159,0.1607380012,0.1600003059,0.1590419769,0.1578549406,0.1564285389,0.154748924,0.1527980947,0.1505526356,0.1479816944,0.1450439313,0.1416823728,0.137815729,0.133322266,0.1280067497,0.1215230395,0.1131489862,0.1008200617,0.05371974968
173220,0.161652212,0.1615484181,0.1612362933,0.1607135174,0.1599760173,0.1590179408,0.1578312158,0.1564051859,0.1547260056,0.1527756769,0.150530788,0.1479604921,0.1450234564,0.1416627171,0.1377969982,0.1333045867,0.1279902814,0.1215080003,0.1131357139,0.1008092286,0.05371726836
173280,0.1616274959,0.1615237296,0.1612116877,0.1606890505,0.1599517454,0.1589939213,0.1578075074,0.156381849,0.154703103,0.1527532743,0.1505089552,0.1479393042,0.1450029954,0.1416430746,0.13777828,0.133286919,0.1279738239,0.1214929708,0.1131224501,0.1007984023,0.05371478976
173340,0.1616027969,0.1614990582,0.1611870992,0.1606646005,0.1599274903,0.1589699183,0.1577838152,0.1563585281,0.154680216,0.152730887,0.1504871373,0.1479181306,0.1449825481,0.1416234453,0.1377595742,0.133269263,0.1279573772,0.1214779511,0.1131091947,0.1007875827,0.0537123139
173400,0.161578115,0.1614744038,0.1611625276,0.1606401673,0.1599032519,0.1589459319,0.1577601394,0.1563352231,0.1546573447,0.152708515,0.1504653342,0.1478969713,0.1449621145,0.1416038291,0.1377408808,0.1332516187,0.1279409413,0.1214629411,0.1130959478,0.1007767699,0.05370984076
173460,0.1615534501,0.1614497664,0.161137973,0.1606157511,0.1598790302,0.158921962,0.1577364798,0.1563119342,0.154634489,0.1526861582,0.150443546,0.1478758264,0.1449416947,0.141584226,0.1377221999,0.1332339861,0.1279245161,0.1214479408,0.1130827094,0.1007659638,0.05370737034
173520,0.1615288022,0.1614251461,0.1611134354,0.1605913516,0.1598548251,0.1588980085,0.1577128364,0.1562886611,0.1546116489,0.1526638166,0.1504217725,0.1478546957,0.1449212887,0.1415646361,0.1377035314,0.1332163651,0.1279081017,0.1214329502,0.1130694794,0.1007551645,0.05370490264
173580,0.1615041714,0.1614005428,0.1610889146,0.160566969,0.1598306368,0.1588740715,0.1576892093,0.1562654041,0.1545888244,0.1526414902,0.1504000137,0.1478335793,0.1449008964,0.1415450593,0.1376848753,0.1331987557,0.127891698,0.1214179693,0.1130562578,0.1007443719,0.05370243765
173640,0.1614795576,0.1613759564,0.1610644108,0.1605426031,0.159806465,0.158850151,0.1576655983,0.1562421629,0.1545660155,0.1526191791,0.1503782698,0.1478124772,0.1448805177,0.1415254955,0.1376662316,0.1331811579,0.1278753051,0.121402998,0.1130430446,0.100733586,0.05369997537
173700,0.1614549607,0.161351387,0.1610399239,0.1605182541,0.1597823099,0.1588262469,0.1576420036,0.1562189376,0.1545432221,0.1525968831,0.1503565405,0.1477913893,0.1448601528,0.1415059448,0.1376476003,0.1331635717,0.1278589228,0.1213880365,0.1130298399,0.1007228069,0.05369751579
173760,0.1614303808,0.1613268345,0.1610154538,0.1604939218,0.1597581715,0.1588023592,0.157618425,0.1561957282,0.1545204443,0.1525746023,0.150334826,0.1477703157,0.1448398016,0.1414864072,0.1376289813,0.1331459971,0.1278425513,0.1213730846,0.1130166436,0.1007120345,0.0536950589
173820,0.1614058178,0.1613022989,0.1609910006,0.1604696062,0.1597340495,0.1587784879,0.1575948625,0.1561725347,0.154497682,0.1525523366,0.1503131262,0.1477492562,0.144819464,0.1414668826,0.1376103747,0.1331284341,0.1278261904,0.1213581424,0.1130034556,0.1007012687,0.05369260472
173880,0.1613812717,0.1612777802,0.1609665642,0.1604453074,0.1597099442,0.1587546329,0.1575713162,0.156149357,0.1544749353,0.152530086,0.1502914411,0.147728211,0.14479914,0.1414473711,0.1375917805,0.1331108827,0.1278098402,0.1213432098,0.1129902761,0.1006905097,0.05369015323
173940,0.1613567425,0.1612532784,0.1609421446,0.1604210252,0.1596858554,0.1587307944,0.157547786,0.1561261951,0.154452204,0.1525078506,0.1502697706,0.1477071799,0.1447788297,0.1414278726,0.1375731985,0.1330933428,0.1277935007,0.1213282869,0.1129771049,0.1006797574,0.05368770442
174000,0.1613322302,0.1612287934,0.1609177418,0.1603967598,0.1596617832,0.1587069721,0.1575242719,0.1561030491,0.1544294882,0.1524856302,0.1502481148,0.147686163,0.144758533,0.141408387,0.1375546289,0.1330758144,0.1277771718,0.1213133735,0.1129639421,0.1006690118,0.0536852583
174060,0.1613077348,0.1612043253,0.1608933557,0.160372511,0.1596377274,0.1586831662,0.1575007739,0.1560799188,0.1544067878,0.1524634249,0.1502264737,0.1476651603,0.14473825,0.1413889145,0.1375360716,0.1330582976,0.1277608536,0.1212984698,0.1129507876,0.1006582728,0.05368281485
174120,0.1612832562,0.161179874,0.1608689865,0.1603482788,0.1596136882,0.1586593766,0.157477292,0.1560568044,0.1543841029,0.1524412347,0.1502048472,0.1476441717,0.1447179805,0.1413694549,0.1375175266,0.1330407922,0.1277445459,0.1212835757,0.1129376415,0.1006475405,0.05368037408
174180,0.1612587944,0.1611554395,0.1608446339,0.1603240633,0.1595896654,0.1586356032,0.157453826,0.1560337056,0.1543614334,0.1524190595,0.1501832353,0.1476231972,0.1446977245,0.1413500083,0.1374989938,0.1330232984,0.127728249,0.1212686912,0.1129245038,0.1006368149,0.05367793599
174240,0.1612343494,0.1611310218,0.1608202981,0.1602998644,0.1595656591,0.1586118461,0.1574303761,0.1560106226,0.1543387793,0.1523968993,0.1501616379,0.1476022368,0.1446774822,0.1413305747,0.1374804733,0.1330058161,0.1277119626,0.1212538162,0.1129113744,0.1006260959,0.05367550056
174300,0.1612099212,0.1611066208,0.160795979,0.1602756821,0.1595416692,0.1585881053,0.1574069422,0.1559875554,0.1543161406,0.1523747542,0.1501400552,0.1475812905,0.1446572533,0.1413111539,0.1374619651,0.1329883452,0.1276956868,0.1212389508,0.1128982533,0.1006153836,0.05367306779
174360,0.1611855098,0.1610822366,0.1607716765,0.1602515164,0.1595176958,0.1585643807,0.1573835243,0.1559645038,0.1542935173,0.152352624,0.150118487,0.1475603583,0.144637038,0.1412917461,0.137443469,0.1329708858,0.1276794216,0.121224095,0.1128851405,0.100604678,0.05367063768
174420,0.1611611151,0.1610578691,0.1607473907,0.1602273672,0.1594937387,0.1585406723,0.1573601224,0.1559414679,0.1542709094,0.1523305088,0.1500969333,0.1475394401,0.1446168362,0.1412723512,0.1374249852,0.1329534378,0.1276631669,0.1212092488,0.112872036,0.1005939789,0.05366821023
174480,0.1611367371,0.1610335183,0.1607231216,0.1602032345,0.1594697981,0.1585169801,0.1573367364,0.1559184477,0.1542483167,0.1523084086,0.1500753942,0.147518536,0.1445966479,0.1412529692,0.1374065136,0.1329360013,0.1276469229,0.121194412,0.1128589399,0.1005832866,0.05366578542
174540,0.1611123758,0.1610091842,0.1606988691,0.1601791184,0.1594458738,0.158493304,0.1573133664,0.1558954431,0.1542257394,0.1522863233,0.1500538696,0.1474976459,0.1445764731,0.1412336,0.1373880542,0.1329185762,0.1276306893,0.1211795848,0.112845852,0.1005726008,0.05366336327
174600,0.1610880313,0.1609848668,0.1606746332,0.1601550187,0.1594219658,0.1584696441,0.1572900123,0.1558724542,0.1542031774,0.1522642529,0.1500323595,0.1474767698,0.1445563118,0.1412142438,0.137369607,0.1329011625,0.1276144664,0.1211647671,0.1128327724,0.1005619216,0.05366094376
174660,0.1610637034,0.160960566,0.1606504138,0.1601309355,0.1593980742,0.1584460004,0.157266674,0.1558494809,0.1541806307,0.1522421974,0.1500108638,0.1474559077,0.1445361639,0.1411949003,0.1373511719,0.1328837602,0.1275982539,0.121149959,0.1128197011,0.1005512491,0.05365852688
174720,0.1610393921,0.1609362818,0.1606262111,0.1601068688,0.1593741989,0.1584223728,0.1572433517,0.1558265232,0.1541580992,0.1522201569,0.1499893826,0.1474350595,0.1445160294,0.1411755697,0.137332749,0.1328663693,0.1275820519,0.1211351603,0.112806638,0.1005405831,0.05365611264
174780,0.1610150975,0.1609120143,0.1606020248,0.1600828186,0.1593503398,0.1583987612,0.1572200452,0.155803581,0.154135583,0.1521981312,0.1499679159,0.1474142254,0.1444959084,0.1411562519,0.1373143383,0.1328489898,0.1275658605,0.1211203711,0.1127935832,0.1005299238,0.05365370104
174840,0.1609908195,0.1608877634,0.1605778551,0.1600587847,0.1593264971,0.1583751658,0.1571967546,0.1557806545,0.1541130821,0.1521761203,0.1499464636,0.1473934052,0.1444758007,0.1411369469,0.1372959396,0.1328316216,0.1275496796,0.1211055914,0.1127805367,0.1005192711,0.05365129206
174900,0.1609665581,0.160863529,0.160553702,0.1600347673,0.1593026706,0.1583515864,0.1571734797,0.1557577434,0.1540905963,0.1521541243,0.1499250257,0.1473725989,0.1444557065,0.1411176547,0.1372775531,0.1328142648,0.1275335091,0.1210908212,0.1127674984,0.1005086249,0.0536488857
174960,0.1609423133,0.1608393112,0.1605295653,0.1600107662,0.1592788604,0.1583280231,0.1571502207,0.1557348479,0.1540681258,0.1521321432,0.1499036022,0.1473518065,0.1444356257,0.1410983753,0.1372591787,0.1327969194,0.1275173491,0.1210760604,0.1127544683,0.1004979853,0.05364648196
175020,0.160918085,0.1608151099,0.1605054451,0.1599867816,0.1592550663,0.1583044757,0.1571269775,0.155711968,0.1540456704,0.1521101768,0.1498821931,0.1473310281,0.1444155582,0.1410791086,0.1372408163,0.1327795852,0.1275011995,0.1210613091,0.1127414464,0.1004873523,0.05364408084
175080,0.1608938733,0.1607909251,0.1604813413,0.1599628132,0.1592312885,0.1582809444,0.1571037501,0.1556891035,0.1540232302,0.1520882252,0.1498607984,0.1473102635,0.144395504,0.1410598547,0.1372224661,0.1327622624,0.1274850604,0.1210465672,0.1127284327,0.1004767258,0.05364168233
175140,0.1608696781,0.1607667568,0.160457254,0.1599388612,0.1592075269,0.1582574291,0.1570805384,0.1556662545,0.1540008052,0.1520662884,0.149839418,0.1472895128,0.1443754632,0.1410406135,0.1372041279,0.1327449508,0.1274689318,0.1210318347,0.1127154273,0.1004661059,0.05363928643
175200,0.1608454994,0.1607426051,0.1604331831,0.1599149256,0.1591837814,0.1582339298,0.1570573425,0.1556434209,0.1539783953,0.1520443664,0.1498180519,0.147268776,0.1443554357,0.1410213851,0.1371858017,0.1327276506,0.1274528136,0.1210171117,0.11270243,0.1004554925,0.05363689313
175260,0.1608213372,0.1607184697,0.1604091286,0.1598910062,0.1591600521,0.1582104464,0.1570341623,0.1556206028,0.1539560005,0.1520224591,0.1497967002,0.147248053,0.1443354216,0.1410021693,0.1371674876,0.1327103616,0.1274367057,0.1210023981,0.112689441,0.1004448857,0.05363450243
175320,0.1607971914,0.1606943509,0.1603850905,0.1598671031,0.1591363389,0.158186979,0.1570109978,0.1555978001,0.1539336208,0.1520005666,0.1497753627,0.1472273438,0.1443154207,0.1409829663,0.1371491855,0.1326930839,0.1274206083,0.1209876938,0.1126764601,0.1004342854,0.05363211432
175380,0.1607730621,0.1606702484,0.1603610687,0.1598432162,0.1591126418,0.1581635275,0.156987849,0.1555750129,0.1539112562,0.1519786887,0.1497540396,0.1472066485,0.1442954331,0.1409637759,0.1371308954,0.1326758175,0.1274045213,0.120972999,0.1126634873,0.1004236917,0.05362972881
175440,0.1607489492,0.1606461624,0.1603370633,0.1598193456,0.1590889608,0.1581400919,0.1569647158,0.155552241,0.1538889067,0.1519568255,0.1497327307,0.1471859669,0.1442754587,0.1409445982,0.1371126173,0.1326585623,0.1273884447,0.1209583135,0.1126505228,0.1004131045,0.05362734589
175500,0.1607248528,0.1606220927,0.1603130743,0.1597954912,0.1590652959,0.1581166722,0.1569415983,0.1555294845,0.1538665722,0.1519349771,0.1497114361,0.1471652991,0.1442554976,0.1409254331,0.1370943512,0.1326413183,0.1273723784,0.1209436374,0.1126375663,0.1004025237,0.05362496555
175560,0.1607007727,0.1605980395,0.1602891015,0.159771653,0.159041647,0.1580932683,0.1569184965,0.1555067433,0.1538442527,0.1519131433,0.1496901557,0.1471446451,0.1442355498,0.1409062807,0.137076097,0.1326240856,0.1273563225,0.1209289707,0.1126246181,0.1003919495,0.05362258779
175620,0.160676709,0.1605740026,0.160265145,0.159747831,0.1590180142,0.1580698803,0.1568954102,0.1554840175,0.1538219483,0.1518913241,0.1496688896,0.1471240048,0.1442156151,0.1408871409,0.1370578548,0.132606864,0.1273402769,0.1209143133,0.1126116779,0.1003813818,0.0536202126
175680,0.1606526617,0.160549982,0.1602412048,0.1597240252,0.1589943974,0.1580465081,0.1568723396,0.155461307,0.1537996589,0.1518695195,0.1496476376,0.1471033783,0.1441956937,0.1408680137,0.1370396246,0.1325896536,0.1273242417,0.1208996652,0.1125987459,0.1003708206,0.05361783999
175740,0.1606286307,0.1605259777,0.1602172809,0.1597002355,0.1589707966,0.1580231518,0.1568492845,0.1554386119,0.1537773844,0.1518477296,0.1496263999,0.1470827655,0.1441757854,0.1408488991,0.1370214062,0.1325724544,0.1273082168,0.1208850265,0.112585822,0.1003602659,0.05361546995
175800,0.160604616,0.1605019897,0.1601933732,0.159676462,0.1589472118,0.1579998113,0.156826245,0.155415932,0.1537551249,0.1518259543,0.1496051763,0.1470621664,0.1441558903,0.1408297971,0.1370031998,0.1325552664,0.1272922022,0.1208703971,0.1125729062,0.1003497176,0.05361310248
175860,0.1605806176,0.1604780181,0.1601694817,0.1596527046,0.158923643,0.1579764865,0.1568032211,0.1553932674,0.1537328804,0.1518041936,0.1495839669,0.147041581,0.1441360084,0.1408107076,0.1369850054,0.1325380896,0.1272761979,0.120855777,0.1125599986,0.1003391759,0.05361073756
175920,0.1605566355,0.1604540626,0.1601456064,0.1596289633,0.1589000901,0.1579531775,0.1567802127,0.155370618,0.1537106508,0.1517824474,0.1495627717,0.1470210093,0.1441161397,0.1407916307,0.1369668227,0.1325209239,0.1272602039,0.1208411662,0.112547099,0.1003286406,0.0536083752
175980,0.1605326697,0.1604301235,0.1601217473,0.159605238,0.1588765532,0.1579298842,0.1567572198,0.1553479839,0.1536884361,0.1517607157,0.1495415905,0.1470004512,0.144096284,0.1407725664,0.136948652,0.1325037693,0.1272442202,0.1208265647,0.1125342074,0.1003181117,0.0536060154
176040,0.1605087201,0.1604062005,0.1600979043,0.1595815288,0.1588530322,0.1579066067,0.1567342424,0.155325365,0.1536662364,0.1517389987,0.1495204235,0.1469799067,0.1440764415,0.1407535145,0.1369304932,0.1324866258,0.1272282467,0.1208119725,0.112521324,0.1003075894,0.05360365814
176100,0.1604847868,0.1603822938,0.1600740776,0.1595578357,0.158829527,0.1578833449,0.1567112805,0.1553027613,0.1536440515,0.1517172961,0.1494992706,0.1469593759,0.1440566121,0.1407344752,0.1369123462,0.1324694935,0.1272122835,0.1207973895,0.1125084486,0.1002970734,0.05360130343
176160,0.1604608696,0.1603584032,0.1600502669,0.1595341586,0.1588060378,0.1578600987,0.156688334,0.1552801728,0.1536218815,0.151695608,0.1494781318,0.1469388588,0.1440367958,0.1407154484,0.136894211,0.1324523722,0.1271963306,0.1207828158,0.1124955813,0.1002865639,0.05359895126
176220,0.1604369687,0.1603345289,0.1600264723,0.1595104975,0.1587825644,0.1578368683,0.156665403,0.1552575995,0.1535997263,0.1516739344,0.1494570071,0.1469183552,0.1440169925,0.1406964341,0.1368760877,0.132435262,0.1271803879,0.1207682513,0.1124827221,0.1002760609,0.05359660164
176280,0.1604130839,0.1603106706,0.1600026939,0.1594868524,0.1587591069,0.1578136535,0.1566424875,0.1552350413,0.153577586,0.1516522753,0.1494358964,0.1468978652,0.1439972023,0.1406774323,0.1368579761,0.1324181629,0.1271644554,0.1207536961,0.1124698709,0.1002655642,0.05359425454
176340,0.1603892153,0.1602868286,0.1599789315,0.1594632232,0.1587356652,0.1577904544,0.1566195873,0.1552124983,0.1535554605,0.1516306306,0.1494147997,0.1468773888,0.1439774252,0.1406584429,0.1368398764,0.1324010749,0.1271485332,0.1207391501,0.1124570277,0.100255074,0.05359190998
176400,0.1603653628,0.1602630026,0.1599551852,0.15943961,0.1587122393,0.1577672709,0.1565967025,0.1551899704,0.1535333498,0.1516090004,0.1493937171,0.1468569259,0.1439576611,0.1406394659,0.1368217885,0.1323839979,0.1271326211,0.1207246134,0.1124441925,0.1002445902,0.05358956794
176460,0.1603415265,0.1602391927,0.1599314549,0.1594160128,0.1586888292,0.1577441029,0.1565738332,0.1551674576,0.1535112539,0.1515873846,0.1493726484,0.1468364766,0.14393791,0.1406205014,0.1368037123,0.132366932,0.1271167192,0.1207100858,0.1124313654,0.1002341128,0.05358722843
176520,0.1603177063,0.160215399,0.1599077407,0.1593924315,0.1586654349,0.1577209506,0.1565509791,0.1551449599,0.1534891727,0.1515657832,0.1493515938,0.1468160408,0.1439181719,0.1406015494,0.136785648,0.132349877,0.1271008276,0.1206955675,0.1124185462,0.1002236419,0.05358489143
176580,0.1602939021,0.1601916213,0.1598840424,0.159368866,0.1586420563,0.1576978139,0.1565281405,0.1551224773,0.1534671063,0.1515441962,0.1493305531,0.1467956185,0.1438984468,0.1405826097,0.1367675953,0.1323328331,0.1270849461,0.1206810583,0.1124057351,0.1002131773,0.05358255695
176640,0.160270114,0.1601678596,0.1598603601,0.1593453165,0.1586186935,0.1576746927,0.1565053171,0.1551000097,0.1534450547,0.1515226236,0.1493095265,0.1467752097,0.1438787347,0.1405636824,0.1367495544,0.1323158002,0.1270690747,0.1206665584,0.1123929319,0.1002027191,0.05358022499
176700,0.160246342,0.160144114,0.1598366938,0.1593217828,0.1585953464,0.157651587,0.1564825091,0.1550775571,0.1534230177,0.1515010653,0.1492885137,0.1467548144,0.1438590356,0.1405447675,0.1367315253,0.1322987783,0.1270532135,0.1206520676,0.1123801368,0.1001922672,0.05357789553
176760,0.160222586,0.1601203844,0.1598130435,0.159298265,0.158572015,0.1576284969,0.1564597163,0.1550551196,0.1534009955,0.1514795214,0.1492675149,0.1467344326,0.1438393494,0.1405258649,0.1367135078,0.1322817673,0.1270373625,0.1206375859,0.1123673496,0.1001818218,0.05357556858
176820,0.160198846,0.1600966708,0.1597894091,0.159274763,0.1585486993,0.1576054223,0.1564369389,0.1550326971,0.153378988,0.1514579918,0.14924653,0.1467140642,0.1438196761,0.1405069748,0.136695502,0.1322647674,0.1270215215,0.1206231134,0.1123545703,0.1001713827,0.05357324412
176880,0.160175122,0.1600729731,0.1597657906,0.1592512769,0.1585253993,0.1575823631,0.1564141767,0.1550102896,0.1533569951,0.1514364765,0.149225559,0.1466937092,0.1438000157,0.1404880969,0.136677508,0.1322477783,0.1270056907,0.1206086501,0.1123417991,0.10016095,0.05357092217
176940,0.160151414,0.1600492914,0.159742188,0.1592278065,0.1585021149,0.1575593195,0.1563914297,0.154987897,0.153335017,0.1514149755,0.1492046019,0.1466733677,0.1437803683,0.1404692314,0.1366595256,0.1322308003,0.12698987,0.1205941959,0.1123290357,0.1001505237,0.05356860271
177000,0.160127722,0.1600256257,0.1597186013,0.1592043519,0.1584788462,0.1575362913,0.156368698,0.1549655195,0.1533130534,0.1513934888,0.1491836587,0.1466530396,0.1437607338,0.1404503782,0.1366415549,0.1322138331,0.1269740594,0.1205797508,0.1123162804,0.1001401036,0.05356628573
177060,0.1601040459,0.1600019759,0.1596950305,0.1591809131,0.158455593,0.1575132785,0.1563459814,0.1549431568,0.1532911045,0.1513720164,0.1491627293,0.1466327249,0.1437411121,0.1404315373,0.1366235958,0.1321968769,0.1269582589,0.1205653148,0.1123035329,0.10012969,0.05356397125
177120,0.1600803857,0.159978342,0.1596714755,0.15915749,0.1584323555,0.1574902811,0.1563232801,0.1549208091,0.1532691702,0.1513505582,0.1491418138,0.1466124236,0.1437215033,0.1404127087,0.1366056484,0.1321799316,0.1269424685,0.1205508879,0.1122907934,0.1001192827,0.05356165924
177180,0.1600567415,0.159954724,0.1596479363,0.1591340827,0.1584091336,0.1574672992,0.156300594,0.1548984763,0.1532472504,0.1513291143,0.1491209121,0.1465921356,0.1437019073,0.1403938923,0.1365877125,0.1321629972,0.1269266881,0.1205364702,0.1122780618,0.1001088817,0.05355934972
177240,0.1600331131,0.1599311219,0.159624413,0.159110691,0.1583859273,0.1574443326,0.156277923,0.1548761583,0.1532253453,0.1513076845,0.1491000242,0.146571861,0.1436823242,0.1403750882,0.1365697883,0.1321460736,0.1269109178,0.1205220615,0.1122653381,0.100098487,0.05355704267
177300,0.1600095006,0.1599075356,0.1596009054,0.1590873151,0.1583627365,0.1574213814,0.1562552671,0.1548538553,0.1532034547,0.151286269,0.1490791501,0.1465515997,0.1436627539,0.1403562964,0.1365518758,0.132129161,0.1268951575,0.1205076619,0.1122526223,0.1000880986,0.05355473809
177360,0.159985904,0.1598839651,0.1595774136,0.1590639548,0.1583395612,0.1573984456,0.1562326264,0.1548315671,0.1531815787,0.1512648677,0.1490582897,0.1465313518,0.1436431964,0.1403375168,0.1365339748,0.1321122592,0.1268794072,0.1204932713,0.1122399144,0.1000777166,0.05355243598
177420,0.1599623232,0.1598604105,0.1595539376,0.1590406102,0.1583164015,0.1573755251,0.1562100008,0.1548092938,0.1531597172,0.1512434805,0.1490374432,0.1465111171,0.1436236517,0.1403187494,0.1365160853,0.1320953682,0.126863667,0.1204788899,0.1122272144,0.1000673408,0.05355013633
177480,0.1599387582,0.1598368717,0.1595304773,0.1590172812,0.1582932572,0.1573526199,0.1561873903,0.1547870352,0.1531378702,0.1512221075,0.1490166104,0.1464908958,0.1436041198,0.1402999942,0.1364982075,0.1320784881,0.1268479368,0.1204645174,0.1122145222,0.1000569714,0.05354783914
177540,0.1599152091,0.1598133486,0.1595070328,0.1589939679,0.1582701284,0.15732973,0.1561647948,0.1547647915,0.1531160377,0.1512007486,0.1489957913,0.1464706877,0.1435846007,0.1402812512,0.1364803411,0.1320616188,0.1268322166,0.120450154,0.112201838,0.1000466082,0.05354554441
177600,0.1598916757,0.1597898414,0.1594836039,0.1589706702,0.1582470152,0.1573068554,0.1561422145,0.1547425626,0.1530942197,0.1511794039,0.148974986,0.1464504929,0.1435650943,0.1402625204,0.1364624864,0.1320447603,0.1268165064,0.1204357997,0.1121891615,0.1000362514,0.05354325214
177660,0.1598681581,0.1597663499,0.1594601908,0.158947388,0.1582239173,0.1572839961,0.1561196491,0.1547203485,0.1530724162,0.1511580733,0.1489541944,0.1464303114,0.1435456007,0.1402438018,0.1364446431,0.1320279127,0.1268008061,0.1204214543,0.112176493,0.1000259008,0.05354096231
177720,0.1598446563,0.1597428741,0.1594367933,0.1589241214,0.1582008349,0.157261152,0.1560970988,0.1546981491,0.1530506271,0.1511367568,0.1489334164,0.1464101431,0.1435261197,0.1402250953,0.1364268114,0.1320110758,0.1267851158,0.120407118,0.1121638322,0.1000155565,0.05353867493
177780,0.1598211702,0.159719414,0.1594134115,0.1589008704,0.1581777679,0.1572383231,0.1560745636,0.1546759645,0.1530288525,0.1511154543,0.1489126522,0.146389988,0.1435066515,0.140206401,0.1364089912,0.1319942497,0.1267694355,0.1203927906,0.1121511794,0.1000052184,0.05353638999
177840,0.1597976998,0.1596959697,0.1593900453,0.158877635,0.1581547163,0.1572155095,0.1560520433,0.1546537946,0.1530070923,0.1510941659,0.1488919016,0.1463698461,0.143487196,0.1401877188,0.1363911824,0.1319774344,0.1267537652,0.1203784723,0.1121385343,0.0999948866,0.05353410749
177900,0.1597742451,0.159672541,0.1593666948,0.158854415,0.1581316801,0.1571927111,0.156029538,0.1546316394,0.1529853464,0.1510728916,0.1488711646,0.1463497174,0.1434677532,0.1401690487,0.1363733852,0.1319606298,0.1267381047,0.1203641629,0.112125897,0.09998456106,0.05353182742
177960,0.1597508061,0.159649128,0.1593433598,0.1588312106,0.1581086593,0.1571699279,0.1560070476,0.1546094989,0.152963615,0.1510516313,0.1488504413,0.1463296019,0.1434483231,0.1401503907,0.1363555994,0.131943836,0.1267224542,0.1203498625,0.1121132676,0.09997424176,0.05352954979
178020,0.1597273828,0.1596257306,0.1593200404,0.1588080216,0.1580856538,0.1571471598,0.1559845722,0.1545873731,0.152941898,0.151030385,0.1488297316,0.1463094996,0.1434289056,0.1401317448,0.136337825,0.131927053,0.1267068137,0.1203355711,0.112100646,0.09996392871,0.05352727459
178080,0.1597039751,0.1596023488,0.1592967367,0.1587848481,0.1580626636,0.1571244069,0.1559621117,0.154565262,0.1529201953,0.1510091527,0.1488090355,0.1462894104,0.1434095007,0.140113111,0.1363200621,0.1319102806,0.126691183,0.1203212886,0.1120880321,0.09995362189,0.0535250018
178140,0.159680583,0.1595789827,0.1592734484,0.1587616901,0.1580396888,0.1571016691,0.1559396662,0.1545431655,0.1528985069,0.1509879345,0.148788353,0.1462693343,0.1433901085,0.1400944893,0.1363023107,0.131893519,0.1266755622,0.1203070151,0.1120754261,0.09994332129,0.05352273144
178200,0.1596572066,0.1595556322,0.1592501757,0.1587385475,0.1580167292,0.1570789464,0.1559172355,0.1545210837,0.1528768329,0.1509667302,0.148767684,0.1462492714,0.1433707289,0.1400758796,0.1362845706,0.131876768,0.1266599513,0.1202927505,0.1120628278,0.09993302692,0.0535204635
178260,0.1596338458,0.1595322972,0.1592269185,0.1587154204,0.157993785,0.1570562389,0.1558948197,0.1544990165,0.1528551732,0.1509455398,0.1487470287,0.1462292216,0.1433513619,0.1400572819,0.136266842,0.1318600278,0.1266443503,0.1202784948,0.1120502373,0.09992273876,0.05351819797
178320,0.1596105005,0.1595089779,0.1592036769,0.1586923086,0.157970856,0.1570335464,0.1558724188,0.1544769638,0.1528335278,0.1509243634,0.1487263868,0.1462091849,0.1433320075,0.1400386963,0.1362491247,0.1318432982,0.1266287592,0.120264248,0.1120376546,0.09991245681,0.05351593485
178380,0.1595871708,0.159485674,0.1591804507,0.1586692122,0.1579479422,0.157010869,0.1558500328,0.1544549258,0.1528118966,0.1509032009,0.1487057585,0.1461891612,0.1433126657,0.1400201226,0.1362314189,0.1318265793,0.1266131779,0.1202500102,0.1120250796,0.09990218106,0.05351367414
178440,0.1595638567,0.1594623857,0.15915724,0.1586461312,0.1579250437,0.1569882066,0.1558276615,0.1544329023,0.1527902798,0.1508820524,0.1486851438,0.1461691507,0.1432933364,0.140001561,0.1362137244,0.1318098711,0.1265976064,0.1202357812,0.1120125123,0.09989191151,0.05351141583
178500,0.1595405581,0.1594391129,0.1591340447,0.1586230656,0.1579021604,0.1569655593,0.1558053051,0.1544108934,0.1527686772,0.1508609177,0.1486645425,0.1461491531,0.1432740197,0.1399830114,0.1361960412,0.1317931735,0.1265820448,0.1202215612,0.1119999528,0.09988164815,0.05350915992
178560,0.159517275,0.1594158556,0.1591108649,0.1586000153,0.1578792923,0.156942927,0.1557829635,0.154388899,0.1527470888,0.1508397969,0.1486439547,0.1461291687,0.1432547156,0.1399644737,0.1361783694,0.1317764865,0.126566493,0.12020735,0.1119874011,0.09987139097,0.05350690641
178620,0.1594940074,0.1593926138,0.1590877005,0.1585769803,0.1578564394,0.1569203098,0.1557606367,0.1543669192,0.1527255146,0.15081869,0.1486233804,0.1461091972,0.1432354239,0.139945948,0.1361607089,0.1317598102,0.126550951,0.1201931477,0.111974857,0.09986113997,0.05350465529
178680,0.1594707553,0.1593693874,0.1590645515,0.1585539606,0.1578336016,0.1568977075,0.1557383246,0.1543449539,0.1527039546,0.150797597,0.1486028195,0.1460892388,0.1432161448,0.1399274343,0.1361430598,0.1317431444,0.1265354188,0.1201789542,0.1119623207,0.09985089514,0.05350240656
178740,0.1594475186,0.1593461765,0.1590414178,0.1585309562,0.157810779,0.1568751201,0.1557160273,0.154323003,0.1526824089,0.1507765178,0.1485822721,0.1460692933,0.1431968781,0.1399089325,0.1361254219,0.1317264893,0.1265198964,0.1201647696,0.111949792,0.09984065647,0.05350016021
178800,0.1594242974,0.159322981,0.1590182996,0.1585079671,0.1577879716,0.1568525478,0.1556937448,0.1543010666,0.1526608773,0.1507554524,0.1485617381,0.1460493608,0.143177624,0.1398904426,0.1361077954,0.1317098448,0.1265043838,0.1201505939,0.1119372711,0.09983042396,0.05349791625
178860,0.1594010917,0.1592998009,0.1589951967,0.1584849932,0.1577651792,0.1568299903,0.1556714769,0.1542791447,0.1526393598,0.1507344008,0.1485412175,0.1460294413,0.1431583823,0.1398719646,0.1360901801,0.1316932108,0.126488881,0.1201364269,0.1119247579,0.0998201976,0.05349567466
178920,0.1593779013,0.1592766362,0.1589721091,0.1584620346,0.157742402,0.1568074478,0.1556492238,0.1542572373,0.1526178565,0.150713363,0.1485207103,0.1460095348,0.1431391531,0.1398534985,0.1360725762,0.1316765874,0.1264733879,0.1201222688,0.1119122523,0.09980997739,0.05349343545
178980,0.1593547264,0.1592534869,0.1589490369,0.1584390912,0.1577196398,0.1567849202,0.1556269854,0.1542353442,0.1525963673,0.150692339,0.1485002165,0.1459896412,0.1431199363,0.1398350444,0.1360549834,0.1316599746,0.1264579046,0.1201081195,0.1118997544,0.09979976332,0.05349119861
179040,0.1593315668,0.159230353,0.1589259799,0.158416163,0.1576968927,0.1567624075,0.1556047616,0.1542134656,0.1525748923,0.1506713288,0.1484797361,0.1459697605,0.1431007319,0.139816602,0.136037402,0.1316433723,0.1264424311,0.1200939791,0.1118872642,0.09978955538,0.05348896414
179100,0.1593084226,0.1592072344,0.1589029383,0.15839325,0.1576741607,0.1567399097,0.1555825525,0.1541916014,0.1525534313,0.1506503323,0.1484592691,0.1459498928,0.14308154,0.1397981716,0.1360198317,0.1316267805,0.1264269672,0.1200798474,0.1118747817,0.09977935357,0.05348673204
179160,0.1592852937,0.1591841311,0.1588799119,0.1583703521,0.1576514437,0.1567174267,0.155560358,0.1541697515,0.1525319844,0.1506293495,0.1484388153,0.1459300379,0.1430623604,0.139779753,0.1360022727,0.1316101993,0.1264115131,0.1200657245,0.1118623068,0.09976915789,0.0534845023
179220,0.1592621801,0.1591610431,0.1588569007,0.1583474694,0.1576287417,0.1566949586,0.1555381781,0.1541479161,0.1525105516,0.1506083805,0.1484183749,0.145910196,0.1430431933,0.1397613462,0.1359847249,0.1315936286,0.1263960687,0.1200516104,0.1118498395,0.09975896831,0.05348227491
179280,0.1592390819,0.1591379705,0.1588339048,0.1583246019,0.1576060547,0.1566725053,0.1555160129,0.1541260949,0.1524891329,0.1505874252,0.1483979479,0.1458903669,0.1430240385,0.1397429513,0.1359671883,0.1315770683,0.126380634,0.120037505,0.1118373799,0.09974878485,0.05348004988
179340,0.159215999,0.1591149131,0.1588109242,0.1583017495,0.1575833827,0.1566500668,0.1554938623,0.1541042882,0.1524677281,0.1505664835,0.1483775341,0.1458705506,0.1430048961,0.1397245681,0.1359496629,0.1315605186,0.126365209,0.1200234084,0.1118249279,0.09973860748,0.0534778272
179400,0.1591929313,0.1590918709,0.1587879587,0.1582789121,0.1575607256,0.1566276431,0.1554717262,0.1540824957,0.1524463374,0.1505455556,0.1483571336,0.1458507472,0.1429857661,0.1397061968,0.1359321487,0.1315439793,0.1263497936,0.1200093206,0.1118124835,0.09972843622,0.05347560686
179460,0.159169879,0.159068844,0.1587650084,0.1582560899,0.1575380836,0.1566052342,0.1554496047,0.1540607175,0.1524249607,0.1505246413,0.1483367464,0.1458309567,0.1429666484,0.1396878372,0.1359146456,0.1315274506,0.126334388,0.1199952415,0.1118000467,0.09971827104,0.05347338887
179520,0.1591468418,0.1590458324,0.1587420733,0.1582332827,0.1575154564,0.15658284,0.1554274977,0.1540389537,0.152403598,0.1505037406,0.1483163724,0.1458111789,0.142947543,0.1396694894,0.1358971537,0.1315109322,0.126318992,0.1199811711,0.1117876176,0.09970811195,0.05347117322
179580,0.1591238199,0.1590228359,0.1587191533,0.1582104906,0.1574928442,0.1565604606,0.1554054053,0.1540172041,0.1523822493,0.1504828536,0.1482960117,0.145791414,0.1429284499,0.1396511534,0.1358796729,0.1314944243,0.1263036056,0.1199671095,0.111775196,0.09969795893,0.05346895991
179640,0.1591008132,0.1589998547,0.1586962485,0.1581877136,0.1574702469,0.1565380959,0.1553833274,0.1539954688,0.1523609145,0.1504619802,0.1482756642,0.1457716618,0.1429093691,0.1396328291,0.1358622033,0.1314779269,0.1262882289,0.1199530566,0.111762782,0.09968781199,0.05346674894
179700,0.1590778217,0.1589768886,0.1586733588,0.1581649515,0.1574476645,0.156515746,0.155361264,0.1539737477,0.1523395937,0.1504411204,0.1482553299,0.1457519224,0.1428903006,0.1396145166,0.1358447448,0.1314614399,0.1262728618,0.1199390123,0.1117503756,0.09967767111,0.05346454029
179760,0.1590548454,0.1589539377,0.1586504842,0.1581422045,0.1574250969,0.1564934107,0.1553392151,0.1539520408,0.1523182868,0.1504202742,0.1482350088,0.1457321958,0.1428712444,0.1395962158,0.1358272974,0.1314449632,0.1262575044,0.1199249768,0.1117379768,0.0996675363,0.05346233397
179820,0.1590318842,0.1589310019,0.1586276246,0.1581194725,0.1574025442,0.1564710901,0.1553171806,0.1539303482,0.1522969938,0.1503994416,0.1482147009,0.145712482,0.1428522004,0.1395779267,0.135809861,0.131428497,0.1262421565,0.11991095,0.1117255855,0.09965740753,0.05346012997
179880,0.1590089382,0.1589080813,0.1586047802,0.1580967554,0.1573800064,0.1564487842,0.1552951606,0.1539086697,0.1522757147,0.1503786225,0.1481944062,0.1456927809,0.1428331687,0.1395596493,0.1357924358,0.1314120412,0.1262268183,0.1198969318,0.1117132018,0.09964728482,0.0534579283
179940,0.1589860074,0.1588851757,0.1585819508,0.1580740533,0.1573574834,0.1564264929,0.155273155,0.1538870055,0.1522544495,0.150357817,0.1481741247,0.1456730925,0.1428141492,0.1395413836,0.1357750216,0.1313955958,0.1262114896,0.1198829223,0.1117008257,0.09963716814,0.05345572894
180000,0.1589630916,0.1588622853,0.1585591365,0.1580513662,0.1573349752,0.1564042163,0.1552511639,0.1538653554,0.1522331982,0.150337025,0.1481538563,0.1456534168,0.142795142,0.1395231295,0.1357576185,0.1313791607,0.1261961705,0.1198689215,0.1116884571,0.0996270575,0.05345353189
180060,0.158940191,0.1588394099,0.1585363371,0.1580286939,0.1573124817,0.1563819543,0.1552291872,0.1538437194,0.1522119607,0.1503162465,0.148133601,0.1456337538,0.1427761469,0.1395048871,0.1357402265,0.131362736,0.126180861,0.1198549294,0.111676096,0.09961695289,0.05345133716
180120,0.1589173054,0.1588165497,0.1585135528,0.1580060366,0.1572900031,0.1563597069,0.1552072248,0.1538220976,0.1521907371,0.1502954815,0.1481133588,0.1456141034,0.1427571641,0.1394866564,0.1357228455,0.1313463216,0.1261655611,0.1198409458,0.1116637425,0.09960685431,0.05344914473
180180,0.1588944349,0.1587937044,0.1584907835,0.1579833942,0.1572675392,0.1563374741,0.1551852769,0.1538004899,0.1521695273,0.1502747301,0.1480931297,0.1455944658,0.1427381934,0.1394684373,0.1357054755,0.1313299176,0.1261502707,0.1198269709,0.1116513964,0.09959676174,0.05344695461
180240,0.1588715794,0.1587708742,0.1584680291,0.1579607667,0.1572450901,0.1563152558,0.1551633433,0.1537788964,0.1521483313,0.150253992,0.1480729138,0.1455748408,0.1427192349,0.1394502298,0.1356881165,0.1313135239,0.1261349898,0.1198130047,0.1116390579,0.09958667518,0.05344476678
180300,0.158848739,0.158748059,0.1584452897,0.157938154,0.1572226557,0.1562930522,0.155141424,0.1537573169,0.1521271491,0.1502332675,0.1480527109,0.1455552285,0.1427002885,0.139432034,0.1356707686,0.1312971405,0.1261197185,0.119799047,0.1116267269,0.09957659462,0.05344258125
180360,0.1588259136,0.1587252588,0.1584225653,0.1579155562,0.157200236,0.156270863,0.1551195191,0.1537357515,0.1521059807,0.1502125564,0.148032521,0.1455356287,0.1426813543,0.1394138497,0.1356534316,0.1312807674,0.1261044567,0.119785098,0.1116144034,0.09956652007,0.05344039802
180420,0.1588031032,0.1587024736,0.1583998558,0.1578929732,0.157177831,0.1562486884,0.1550976284,0.1537142001,0.1520848261,0.1501918587,0.1480123442,0.1455160416,0.1426624322,0.139395677,0.1356361056,0.1312644046,0.1260892044,0.1197711575,0.1116020874,0.09955645151,0.05343821708
180480,0.1587803078,0.1586797034,0.1583771611,0.157870405,0.1571554407,0.1562265283,0.1550757521,0.1536926628,0.1520636852,0.1501711744,0.1479921805,0.1454964671,0.1426435223,0.1393775159,0.1356187906,0.1312480521,0.1260739616,0.1197572257,0.1115897788,0.09954638894,0.05343603842
180540,0.1587575273,0.1586569481,0.1583544814,0.1578478516,0.157133065,0.1562043827,0.1550538901,0.1536711396,0.152042558,0.1501505036,0.1479720297,0.1454769052,0.1426246244,0.1393593664,0.1356014865,0.1312317099,0.1260587283,0.1197433024,0.1115774778,0.09953633234,0.05343386205
180600,0.1587347619,0.1586342077,0.1583318166,0.157825313,0.157110704,0.1561822515,0.1550320423,0.1536496303,0.1520214446,0.1501298461,0.147951892,0.1454573559,0.1426057387,0.1393412284,0.1355841934,0.1312153779,0.1260435045,0.1197293877,0.1115651842,0.09952628173,0.05343168795
180660,0.1587120113,0.1586114823,0.1583091666,0.1578027892,0.1570883577,0.1561601349,0.1550102088,0.1536281351,0.1520003449,0.150109202,0.1479317672,0.1454378191,0.142586865,0.139323102,0.1355669112,0.1311990562,0.1260282902,0.1197154816,0.111552898,0.09951623708,0.05342951614
180720,0.1586892757,0.1585887718,0.1582865315,0.1577802801,0.1570660259,0.1561380327,0.1549883895,0.1536066538,0.1519792589,0.1500885712,0.1479116554,0.1454182948,0.1425680034,0.1393049871,0.1355496399,0.1311827447,0.1260130853,0.119701584,0.1115406193,0.09950619839,0.0534273466
180780,0.1586665549,0.1585660761,0.1582639111,0.1577577858,0.1570437088,0.1561159449,0.1549665845,0.1535851865,0.1519581865,0.1500679538,0.1478915566,0.1453987831,0.1425491538,0.1392868837,0.1355323795,0.1311664435,0.1259978898,0.119687695,0.1115283481,0.09949616566,0.05342517933
180840,0.1586438491,0.1585433953,0.1582413057,0.1577353061,0.1570214063,0.1560938715,0.1549447936,0.1535637332,0.1519371279,0.1500473497,0.1478714708,0.145379284,0.1425303163,0.1392687918,0.1355151301,0.1311501524,0.1259827039,0.1196738145,0.1115160843,0.09948613889,0.05342301432
180900,0.1586211581,0.1585207294,0.158218715,0.1577128412,0.1569991183,0.1560718125,0.154923017,0.1535422938,0.1519160828,0.150026759,0.1478513979,0.1453597973,0.1425114908,0.1392507114,0.1354978915,0.1311338716,0.1259675273,0.1196599425,0.1115038279,0.09947611806,0.05342085158
180960,0.158598482,0.1584980783,0.1581961391,0.157690391,0.1569768449,0.156049768,0.1549012545,0.1535208683,0.1518950515,0.1500061815,0.1478313379,0.1453403231,0.1424926773,0.1392326424,0.1354806638,0.131117601,0.1259523602,0.1196460791,0.1114915789,0.09946610316,0.0534186911
181020,0.1585758208,0.1584754421,0.1581735779,0.1576679554,0.156954586,0.1560277378,0.1548795062,0.1534994568,0.1518740337,0.1499856174,0.1478112908,0.1453208614,0.1424738758,0.139214585,0.135463447,0.1311013406,0.1259372025,0.1196322241,0.1114793374,0.09945609421,0.05341653288
181080,0.1585531743,0.1584528206,0.1581510315,0.1576455345,0.1569323417,0.1560057219,0.154857772,0.1534780592,0.1518530295,0.1499650665,0.1477912566,0.1453014122,0.1424550863,0.139196539,0.135446241,0.1310850903,0.1259220541,0.1196183777,0.1114671032,0.09944609118,0.05341437691
181140,0.1585305427,0.1584302139,0.1581284999,0.1576231283,0.1569101118,0.1559837204,0.154836052,0.1534566754,0.151832039,0.1499445288,0.1477712353,0.1452819754,0.1424363088,0.1391785044,0.1354290459,0.1310688502,0.1259069152,0.1196045398,0.1114548765,0.09943609407,0.05341222319
181200,0.1585079259,0.1584076221,0.1581059829,0.1576007366,0.1568878965,0.1559617332,0.1548143461,0.1534353055,0.151811062,0.1499240045,0.1477512268,0.1452625511,0.1424175433,0.1391604813,0.1354118616,0.1310526203,0.1258917857,0.1195907103,0.1114426571,0.09942610287,0.05341007172
181260,0.1584853238,0.1583850449,0.1580834807,0.1575783596,0.1568656956,0.1559397603,0.1547926543,0.1534139494,0.1517900986,0.1499034933,0.1477312312,0.1452431392,0.1423987897,0.1391424696,0.1353946881,0.1310364005,0.1258766655,0.1195768893,0.1114304451,0.09941611759,0.0534079225
181320,0.1584627365,0.1583624825,0.1580609932,0.1575559972,0.1568435092,0.1559178017,0.1547709765,0.1533926072,0.1517691487,0.1498829954,0.1477112485,0.1452237397,0.142380048,0.1391244693,0.1353775254,0.1310201908,0.1258615547,0.1195630768,0.1114182405,0.09940613821,0.05340577551
181380,0.158440164,0.1583399349,0.1580385203,0.1575336494,0.1568213373,0.1558958574,0.1547493129,0.1533712788,0.1517482123,0.1498625106,0.1476912786,0.1452043527,0.1423613183,0.1391064804,0.1353603735,0.1310039913,0.1258464533,0.1195492728,0.1114060433,0.09939616473,0.05340363076
181440,0.1584176062,0.1583174019,0.1580160621,0.1575113161,0.1567991797,0.1558739274,0.1547276633,0.1533499643,0.1517272895,0.1498420391,0.1476713215,0.145184978,0.1423426005,0.1390885028,0.1353432325,0.1309878019,0.1258313612,0.1195354772,0.1113938534,0.09938619714,0.05340148825
181500,0.1583950631,0.1582948837,0.1579936185,0.1574889973,0.1567770366,0.1558520116,0.1547060277,0.1533286635,0.1517063802,0.1498215807,0.1476513772,0.1451656157,0.1423238946,0.1390705367,0.1353261021,0.1309716225,0.1258162785,0.11952169,0.1113816709,0.09937623544,0.05339934797
181560,0.1583725347,0.1582723801,0.1579711895,0.1574666931,0.1567549079,0.1558301101,0.1546844062,0.1533073765,0.1516854844,0.1498011355,0.1476314456,0.1451462657,0.1423052006,0.1390525819,0.1353089826,0.1309554533,0.125801205,0.1195079113,0.1113694957,0.09936627962,0.05339720992
181620,0.1583500209,0.1582498912,0.1579487752,0.1574444035,0.1567327936,0.1558082227,0.1546627986,0.1532861033,0.151664602,0.1497807035,0.1476115269,0.1451269281,0.1422865185,0.1390346384,0.1352918738,0.1309392942,0.1257861409,0.119494141,0.1113573279,0.09935632967,0.05339507409
181680,0.1583275219,0.158227417,0.1579263755,0.1574221283,0.1567106937,0.1557863496,0.1546412051,0.1532648438,0.1516437332,0.1497602845,0.1475916209,0.1451076029,0.1422678482,0.1390167063,0.1352747758,0.1309231451,0.1257710861,0.1194803791,0.1113451674,0.09934638559,0.05339294049
181740,0.1583050375,0.1582049574,0.1579039903,0.1573998676,0.1566886081,0.1557644907,0.1546196256,0.153243598,0.1516228777,0.1497398787,0.1475717277,0.1450882899,0.1422491898,0.1389987855,0.1352576884,0.1309070061,0.1257560406,0.1194666257,0.1113330142,0.09933644738,0.0533908091
181800,0.1582825677,0.1581825124,0.1578816197,0.1573776214,0.1566665369,0.1557426459,0.15459806,0.153222366,0.1516020357,0.149719486,0.1475518472,0.1450689893,0.1422305432,0.1389808761,0.1352406118,0.1308908771,0.1257410044,0.1194528806,0.1113208684,0.09932651502,0.05338867993
181860,0.1582601126,0.158160082,0.1578592636,0.1573553896,0.1566444799,0.1557208153,0.1545765084,0.1532011477,0.1515812072,0.1496991064,0.1475319794,0.145049701,0.1422119085,0.1389629779,0.1352235459,0.1308747582,0.1257259775,0.1194391439,0.1113087298,0.09931658851,0.05338655297
181920,0.1582376721,0.1581376662,0.1578369221,0.1573331723,0.1566224373,0.1556989988,0.1545549707,0.1531799431,0.151560392,0.1496787399,0.1475121243,0.145030425,0.1421932855,0.138945091,0.1352064907,0.1308586493,0.1257109598,0.1194254156,0.1112965986,0.09930666785,0.05338442822
181980,0.1582152461,0.1581152649,0.1578145951,0.1573109693,0.156600409,0.1556771965,0.1545334469,0.1531587521,0.1515395902,0.1496583864,0.1474922819,0.1450111612,0.1421746744,0.1389272154,0.1351894462,0.1308425505,0.1256959514,0.1194116957,0.1112844746,0.09929675303,0.05338230568
182040,0.1581928347,0.1580928782,0.1577922826,0.1572887809,0.156578395,0.1556554082,0.1545119371,0.1531375748,0.1515188018,0.149638046,0.1474724522,0.1449919097,0.142156075,0.138909351,0.1351724124,0.1308264616,0.1256809522,0.1193979841,0.1112723579,0.09928684405,0.05338018534
182100,0.1581704379,0.1580705061,0.1577699846,0.1572666068,0.1565563952,0.1556336341,0.1544904411,0.1531164112,0.1514980268,0.1496177186,0.1474526351,0.1449726705,0.1421374875,0.1388914979,0.1351553892,0.1308103828,0.1256659623,0.1193842809,0.1112602486,0.09927694089,0.0533780672
182160,0.1581480557,0.1580481485,0.157747701,0.157244447,0.1565344097,0.1556118741,0.154468959,0.1530952612,0.1514772651,0.1495974043,0.1474328308,0.1449534434,0.1421189117,0.1388736561,0.1351383767,0.1307943139,0.1256509816,0.1193705861,0.1112481464,0.09926704355,0.05337595125
182220,0.1581256879,0.1580258054,0.1577254319,0.1572223017,0.1565124384,0.1555901281,0.1544474908,0.1530741248,0.1514565168,0.1495771029,0.147413039,0.1449342287,0.1421003477,0.1388558255,0.1351213748,0.130778255,0.1256360102,0.1193568995,0.1112360516,0.09925715203,0.0533738375
182280,0.1581033347,0.1580034768,0.1577031773,0.1572001707,0.1564904814,0.1555683962,0.1544260364,0.153053002,0.1514357817,0.1495568146,0.1473932599,0.1449150261,0.1420817954,0.1388380061,0.1351043836,0.1307622061,0.1256210479,0.1193432213,0.111223964,0.09924726632,0.05337172594
182340,0.158080996,0.1579811626,0.157680937,0.157178054,0.1564685385,0.1555466783,0.1544045959,0.1530318928,0.15141506,0.1495365392,0.1473734934,0.1448958357,0.1420632548,0.1388201979,0.1350874029,0.1307461671,0.1256060949,0.1193295515,0.1112118837,0.09923738642,0.05336961657
182400,0.1580586717,0.157958863,0.1576587112,0.1571559516,0.1564466098,0.1555249744,0.1543831692,0.1530107972,0.1513943516,0.1495162768,0.1473537394,0.1448766575,0.1420447259,0.1388024009,0.1350704329,0.1307301381,0.125591151,0.1193158899,0.1111998106,0.09922751232,0.05336750938
182460,0.1580363619,0.1579365777,0.1576364998,0.1571338635,0.1564246953,0.1555032846,0.1543617563,0.1529897152,0.1513736565,0.1494960274,0.1473339981,0.1448574914,0.1420262088,0.1387846151,0.1350534735,0.130714119,0.1255762163,0.1193022367,0.1111877447,0.09921764401,0.05336540437
182520,0.1580140666,0.1579143069,0.1576143027,0.1571117898,0.156402795,0.1554816087,0.1543403572,0.1529686467,0.1513529746,0.1494757909,0.1473142694,0.1448383376,0.1420077033,0.1387668404,0.1350365247,0.1306981099,0.1255612909,0.1192885917,0.1111756861,0.09920778149,0.05336330154
182580,0.1579917857,0.1578920506,0.15759212,0.1570897303,0.1563809088,0.1554599468,0.1543189718,0.1529475917,0.151332306,0.1494555673,0.1472945532,0.1448191958,0.1419892096,0.1387490769,0.1350195864,0.1306821106,0.1255463745,0.1192749551,0.1111636346,0.09919792475,0.05336120088
182640,0.1579695192,0.1578698086,0.1575699517,0.157067685,0.1563590368,0.1554382989,0.1542976002,0.1529265503,0.1513116506,0.1494353567,0.1472748495,0.1448000662,0.1419707275,0.1387313246,0.1350026587,0.1306661213,0.1255314674,0.1192613267,0.1111515904,0.09918807378,0.05335910239
182700,0.1579472672,0.157847581,0.1575477977,0.157045654,0.1563371788,0.1554166649,0.1542762424,0.1529055223,0.1512910084,0.1494151589,0.1472551584,0.1447809488,0.141952257,0.1387135834,0.1349857416,0.1306501419,0.1255165693,0.1192477066,0.1111395535,0.09917822859,0.05335700608
182760,0.1579250295,0.1578253678,0.157525658,0.1570236373,0.156315335,0.1553950449,0.1542548983,0.1528845079,0.1512703794,0.149394974,0.1472354798,0.1447618434,0.1419337982,0.1386958533,0.134968835,0.1306341724,0.1255016804,0.1192340948,0.1111275237,0.09916838917,0.05335491193
182820,0.1579028062,0.157803169,0.1575035326,0.1570016347,0.1562935052,0.1553734388,0.1542335679,0.1528635069,0.1512497637,0.149374802,0.1472158137,0.1447427501,0.141915351,0.1386781343,0.1349519389,0.1306182127,0.1254868007,0.1192204912,0.1111155011,0.0991585555,0.05335281994
182880,0.1578805972,0.1577809844,0.1574814215,0.1569796463,0.1562716895,0.1553518466,0.1542122512,0.1528425194,0.1512291611,0.1493546429,0.1471961601,0.1447236689,0.1418969155,0.1386604265,0.1349350534,0.1306022629,0.12547193,0.1192068958,0.1111034857,0.09914872759,0.05335073011
182940,0.1578584026,0.1577588142,0.1574593247,0.1569576721,0.1562498879,0.1553302683,0.1541909482,0.1528215454,0.1512085717,0.1493344966,0.147176519,0.1447045998,0.1418784915,0.1386427297,0.1349181784,0.130586323,0.1254570685,0.1191933087,0.1110914774,0.09913890542,0.05334864243
183000,0.1578362223,0.1577366584,0.1574372421,0.1569357121,0.1562281003,0.1553087038,0.1541696589,0.1528005847,0.1511879954,0.1493143632,0.1471568904,0.1446855427,0.1418600792,0.138625044,0.1349013138,0.1305703929,0.1254422161,0.1191797299,0.1110794764,0.099129089,0.05334655691
183060,0.1578140564,0.1577145168,0.1574151738,0.1569137663,0.1562063267,0.1552871533,0.1541483833,0.1527796375,0.1511674323,0.1492942425,0.1471372742,0.1446664977,0.1418416784,0.1386073694,0.1348844598,0.1305544726,0.1254273727,0.1191661592,0.1110674824,0.09911927831,0.05334447354
183120,0.1577919047,0.1576923895,0.1573931197,0.1568918345,0.1561845671,0.1552656165,0.1541271213,0.1527587037,0.1511468824,0.1492741347,0.1471176705,0.1446474647,0.1418232892,0.1385897058,0.1348676162,0.1305385622,0.1254125385,0.1191525968,0.1110554957,0.09910947336,0.05334239232
183180,0.1577697673,0.1576702765,0.1573710798,0.1568699169,0.1561628216,0.1552440936,0.1541058729,0.1527377833,0.1511263455,0.1492540397,0.1470980791,0.1446284438,0.1418049116,0.1385720533,0.1348507831,0.1305226615,0.1253977133,0.1191390425,0.1110435161,0.09909967413,0.05334031324
183240,0.1577476442,0.1576481777,0.1573490541,0.1568480134,0.15614109,0.1552225846,0.1540846381,0.1527168763,0.1511058217,0.1492339574,0.1470785002,0.1446094348,0.1417865455,0.1385544118,0.1348339605,0.1305067707,0.1253828972,0.1191254965,0.1110315437,0.09908988062,0.0533382363
183300,0.1577255354,0.1576260931,0.1573270426,0.156826124,0.1561193724,0.1552010893,0.1540634169,0.1526959826,0.151085311,0.1492138879,0.1470589338,0.1445904378,0.141768191,0.1385367814,0.1348171483,0.1304908897,0.1253680901,0.1191119587,0.1110195783,0.09908009283,0.05333616149
183360,0.1577034407,0.1576040228,0.1573050452,0.1568042487,0.1560976687,0.1551796078,0.1540422094,0.1526751023,0.1510648134,0.1491938312,0.1470393796,0.1445714529,0.1417498479,0.1385191619,0.1348003466,0.1304750185,0.1253532921,0.119098429,0.1110076201,0.09907031075,0.05333408883
183420,0.1576813603,0.1575819667,0.157283062,0.1567823874,0.1560759789,0.1551581401,0.1540210154,0.1526542353,0.1510443288,0.1491737872,0.1470198379,0.1445524798,0.1417315164,0.1385015534,0.1347835552,0.130459157,0.1253385031,0.1190849075,0.1109956691,0.09906053436,0.05333201829
183480,0.1576592942,0.1575599247,0.157261093,0.1567605402,0.1560543031,0.1551366861,0.1539998349,0.1526333817,0.1510238573,0.1491537559,0.1470003086,0.1445335188,0.1417131964,0.138483956,0.1347667743,0.1304433054,0.1253237232,0.1190713942,0.1109837251,0.09905076368,0.05332994988
183540,0.1576372422,0.157537897,0.157239138,0.156738707,0.1560326412,0.1551152459,0.1539786681,0.1526125413,0.1510033989,0.1491337374,0.1469807915,0.1445145697,0.1416948879,0.1384663695,0.1347500038,0.1304274634,0.1253089522,0.119057889,0.1109717883,0.09904099869,0.0533278836
183600,0.1576152043,0.1575158834,0.1572171972,0.1567168878,0.1560109932,0.1550938194,0.1539575147,0.1525917143,0.1509829534,0.1491137315,0.1469612869,0.1444956325,0.1416765908,0.138448794,0.1347332437,0.1304116312,0.1252941903,0.119044392,0.1109598585,0.09903123938,0.05332581945
183660,0.1575931807,0.1574938839,0.1571952705,0.1566950826,0.1559893591,0.1550724067,0.1539363748,0.1525709005,0.1509625209,0.1490937383,0.1469417945,0.1444767072,0.1416583052,0.1384312294,0.1347164939,0.1303958088,0.1252794373,0.1190309031,0.1109479359,0.09902148576,0.05332375741
183720,0.1575711712,0.1574718986,0.1571733578,0.1566732915,0.1559677388,0.1550510076,0.1539152485,0.1525501,0.1509421015,0.1490737578,0.1469223145,0.1444577939,0.1416400311,0.1384136758,0.1346997546,0.1303799961,0.1252646934,0.1190174224,0.1109360203,0.09901173781,0.05332169748
183780,0.1575491758,0.1574499274,0.1571514592,0.1566515143,0.1559461324,0.1550296222,0.1538941357,0.1525293128,0.150921695,0.14905379,0.1469028468,0.1444388924,0.1416217684,0.1383961331,0.1346830256,0.1303641931,0.1252499584,0.1190039497,0.1109241118,0.09900199553,0.05331963967
183840,0.1575271946,0.1574279703,0.1571295746,0.156629751,0.1559245398,0.1550082505,0.1538730363,0.1525085387,0.1509013014,0.1490338348,0.1468833913,0.1444200028,0.1416035172,0.1383786013,0.1346663069,0.1303483998,0.1252352325,0.1189904852,0.1109122104,0.09899225891,0.05331758398
183900,0.1575052274,0.1574060273,0.1571077041,0.1566080017,0.155902961,0.1549868925,0.1538519504,0.152487778,0.1508809209,0.1490138922,0.1468639482,0.1444011251,0.1415852773,0.1383610804,0.1346495986,0.1303326162,0.1252205154,0.1189770288,0.110900316,0.09898252795,0.05331553039
183960,0.1574832743,0.1573840983,0.1570858476,0.1565862663,0.1558813961,0.1549655481,0.1538308779,0.1524670304,0.1508605532,0.1489939623,0.1468445172,0.1443822593,0.1415670489,0.1383435705,0.1346329006,0.1303168423,0.1252058074,0.1189635805,0.1108884287,0.09897280265,0.0533134789
184020,0.1574613354,0.1573621834,0.1570640051,0.1565645449,0.1558598449,0.1549442173,0.1538098189,0.152446296,0.1508401985,0.148974045,0.1468250986,0.1443634053,0.1415488318,0.1383260714,0.1346162129,0.130301078,0.1251911082,0.1189501403,0.1108765485,0.09896308299,0.05331142952
184080,0.1574394104,0.1573402826,0.1570421766,0.1565428373,0.1558383075,0.1549229002,0.1537887732,0.1524255748,0.1508198567,0.1489541402,0.1468056922,0.1443445631,0.1415306262,0.1383085832,0.1345995356,0.1302853235,0.125176418,0.1189367082,0.1108646753,0.09895336898,0.05330938223
184140,0.1574174995,0.1573183958,0.1570203621,0.1565211436,0.1558167839,0.1549015966,0.153767741,0.1524048668,0.1507995278,0.1489342481,0.146786298,0.1443257328,0.1415124319,0.1382911058,0.1345828685,0.1302695785,0.1251617368,0.1189232841,0.1108528091,0.0989436606,0.05330733704
184200,0.1573956027,0.157296523,0.1569985615,0.1564994638,0.155795274,0.1548803067,0.1537467222,0.1523841719,0.1507792117,0.1489143685,0.146766916,0.1443069142,0.1414942489,0.1382736394,0.1345662117,0.1302538433,0.1251470644,0.1189098681,0.11084095,0.09893395785,0.05330529394
184260,0.1573737199,0.1572746641,0.1569767749,0.1564777979,0.1557737778,0.1548590303,0.1537257168,0.1523634902,0.1507589086,0.1488945014,0.1467475462,0.1442881075,0.1414760773,0.1382561837,0.1345495652,0.1302381176,0.125132401,0.1188964602,0.1108290979,0.09892426073,0.05330325294
184320,0.157351851,0.1572528193,0.1569550022,0.1564561458,0.1557522954,0.1548377675,0.1537047247,0.1523428216,0.1507386182,0.1488746469,0.1467281886,0.1442693126,0.1414579171,0.1382387389,0.134532929,0.1302224016,0.1251177464,0.1188830603,0.1108172528,0.09891456923,0.05330121402
184380,0.1573299962,0.1572309885,0.1569332434,0.1564345075,0.1557308267,0.1548165182,0.1536837459,0.1523221661,0.1507183408,0.148854805,0.1467088432,0.1442505294,0.1414397682,0.1382213049,0.134516303,0.1302066953,0.1251031008,0.1188696685,0.1108054147,0.09890488334,0.05329917718
184440,0.1573081553,0.1572091715,0.1569114985,0.1564128831,0.1557093716,0.1547952824,0.1536627805,0.1523015237,0.1506980761,0.1488349755,0.1466895099,0.144231758,0.1414216305,0.1382038817,0.1344996873,0.1301909985,0.125088464,0.1188562847,0.1107935836,0.09889520306,0.05329714242
184500,0.1572863284,0.1571873686,0.1568897675,0.1563912724,0.1556879303,0.1547740602,0.1536418285,0.1522808944,0.1506778243,0.1488151586,0.1466701888,0.1442129983,0.1414035042,0.1381864693,0.1344830817,0.1301753113,0.1250738361,0.1188429089,0.1107817595,0.09888552839,0.05329510975
184560,0.1572645154,0.1571655795,0.1568680504,0.1563696755,0.1556665026,0.1547528515,0.1536208897,0.1522602782,0.1506575853,0.1487953541,0.1466508798,0.1441942503,0.1413853892,0.1381690677,0.1344664865,0.1301596337,0.1250592171,0.1188295411,0.1107699424,0.09887585931,0.05329307914
184620,0.1572427163,0.1571438044,0.1568463472,0.1563480924,0.1556450885,0.1547316562,0.1535999642,0.152239675,0.1506373591,0.1487755622,0.1466315829,0.1441755141,0.1413672854,0.1381516769,0.1344499014,0.1301439657,0.1250446069,0.1188161814,0.1107581323,0.09886619583,0.05329105061
184680,0.1572209312,0.1571220432,0.1568246577,0.1563265231,0.1556236881,0.1547104744,0.153579052,0.1522190849,0.1506171456,0.1487557826,0.1466122982,0.1441567896,0.1413491929,0.1381342968,0.1344333265,0.1301283073,0.1250300056,0.1188028296,0.1107463291,0.09885653793,0.05328902415
184740,0.1571991599,0.1571002958,0.1568029821,0.1563049675,0.1556023013,0.1546893061,0.1535581531,0.1521985078,0.1505969449,0.1487360156,0.1465930255,0.1441380768,0.1413311117,0.1381169275,0.1344167619,0.1301126584,0.1250154131,0.1187894859,0.1107345329,0.09884688562,0.05328699976
184800,0.1571774026,0.1570785623,0.1567813204,0.1562834256,0.1555809281,0.1546681513,0.1535372674,0.1521779437,0.1505767569,0.148716261,0.146573765,0.1441193757,0.1413130417,0.138099569,0.1344002074,0.1300970191,0.1250008294,0.1187761501,0.1107227437,0.09883723888,0.05328497742
184860,0.1571556591,0.1570568427,0.1567596724,0.1562618974,0.1555595685,0.1546470098,0.1535163949,0.1521573926,0.1505565817,0.1486965188,0.1465545165,0.1441006863,0.141294983,0.1380822211,0.1343836631,0.1300813893,0.1249862546,0.1187628223,0.1107109614,0.09882759771,0.05328295715
184920,0.1571339294,0.1570351369,0.1567380382,0.1562403829,0.1555382224,0.1546258818,0.1534955357,0.1521368546,0.1505364192,0.148676789,0.14653528,0.1440820085,0.1412769354,0.138064884,0.1343671289,0.130065769,0.1249716886,0.1187495025,0.1106991861,0.09881796211,0.05328093894
184980,0.1571122136,0.1570134449,0.1567164178,0.1562188821,0.15551689,0.1546047672,0.1534746897,0.1521163295,0.1505162695,0.1486570716,0.1465160557,0.1440633424,0.1412588991,0.1380475576,0.1343506049,0.1300501583,0.1249571313,0.1187361906,0.1106874177,0.09880833206,0.05327892278
185040,0.1570905117,0.1569917667,0.1566948111,0.156197395,0.1554955711,0.154583666,0.1534538569,0.1520958174,0.1504961324,0.1486373666,0.1464968433,0.1440446879,0.1412408739,0.1380302419,0.134334091,0.130034557,0.1249425829,0.1187228867,0.1106756563,0.09879870758,0.05327690867
185100,0.1570688235,0.1569701023,0.1566732182,0.1561759216,0.1554742657,0.1545625781,0.1534330373,0.1520753182,0.150476008,0.148617674,0.146477643,0.1440260451,0.14122286,0.1380129369,0.1343175873,0.1300189653,0.1249280432,0.1187095907,0.1106639018,0.09878908864,0.05327489662
185160,0.1570471491,0.1569484517,0.156651639,0.1561544617,0.1554529738,0.1545415037,0.1534122308,0.152054832,0.1504558962,0.1485979937,0.1464584547,0.1440074138,0.1412048572,0.1379956425,0.1343010937,0.1300033831,0.1249135123,0.1186963027,0.1106521541,0.09877947524,0.05327288661
185220,0.1570254886,0.1569268149,0.1566300735,0.1561330155,0.1554316954,0.1545204425,0.1533914375,0.1520343586,0.1504357972,0.1485783258,0.1464392783,0.1439887942,0.1411868656,0.1379783589,0.1342846102,0.1299878103,0.1248989902,0.1186830226,0.1106404135,0.09876986739,0.05327087864
185280,0.1570038417,0.1569051918,0.1566085217,0.1561115829,0.1554104305,0.1544993947,0.1533706573,0.1520138982,0.1504157107,0.1485586702,0.146420114,0.1439701862,0.1411688851,0.1379610858,0.1342681368,0.1299722471,0.1248844769,0.1186697505,0.1106286797,0.09876026507,0.05326887271
185340,0.1569822087,0.1568835825,0.1565869836,0.156090164,0.1553891792,0.1544783602,0.1533498903,0.1519934507,0.1503956369,0.1485390269,0.1464009617,0.1439515897,0.1411509158,0.1379438235,0.1342516735,0.1299566932,0.1248699723,0.1186564862,0.1106169528,0.09875066827,0.05326686882
185400,0.1569605894,0.1568619868,0.1565654592,0.1560687586,0.1553679412,0.1544573391,0.1533291364,0.1519730161,0.1503755757,0.148519396,0.1463818213,0.1439330048,0.1411329576,0.1379265717,0.1342352202,0.1299411489,0.1248554764,0.1186432299,0.1106052328,0.098741077,0.05326486696
185460,0.1569389838,0.1568404049,0.1565439484,0.1560473667,0.1553467167,0.1544363312,0.1533083955,0.1519525944,0.1503555272,0.1484997773,0.1463626928,0.1439144315,0.1411150105,0.1379093306,0.1342187771,0.129925614,0.1248409893,0.1186299814,0.1105935197,0.09873149124,0.05326286714
185520,0.1569173919,0.1568188367,0.1565224512,0.1560259885,0.1553255057,0.1544153366,0.1532876678,0.1519321855,0.1503354912,0.148480171,0.1463435763,0.1438958697,0.1410970745,0.1378921001,0.1342023439,0.1299100885,0.1248265108,0.1186167409,0.1105818134,0.098721911,0.05326086934
185580,0.1568958137,0.1567972821,0.1565009677,0.1560046237,0.1553043081,0.1543943553,0.1532669531,0.1519117895,0.1503154678,0.1484605769,0.1463244717,0.1438773194,0.1410791496,0.1378748802,0.1341859209,0.1298945724,0.1248120411,0.1186035082,0.1105701141,0.09871233626,0.05325887357
185640,0.1568742492,0.1567757413,0.1564794978,0.1559832725,0.1552831238,0.1543733872,0.1532462515,0.1518914063,0.1502954569,0.148440995,0.1463053791,0.1438587807,0.1410612358,0.1378576709,0.1341695079,0.1298790658,0.1247975801,0.1185902834,0.1105584216,0.09870276703,0.05325687983
185700,0.1568526983,0.156754214,0.1564580416,0.1559619348,0.155261953,0.1543524323,0.153225563,0.1518710359,0.1502754586,0.1484214255,0.1462862983,0.1438402535,0.1410433331,0.1378404721,0.1341531049,0.1298635686,0.1247831278,0.1185770664,0.1105467359,0.09869320329,0.0532548881
185760,0.1568311612,0.1567327004,0.1564365988,0.1559406106,0.1552407956,0.1543314907,0.1532048874,0.1518506783,0.1502554729,0.1484018681,0.1462672294,0.1438217378,0.1410254414,0.137823284,0.1341367119,0.1298480807,0.1247686842,0.1185638574,0.1105350571,0.09868364504,0.05325289839
185820,0.1568096376,0.1567112005,0.1564151697,0.1559192999,0.1552196515,0.1543105623,0.1531842249,0.1518303335,0.1502354996,0.148382323,0.1462481724,0.1438032335,0.1410075607,0.1378061064,0.1341203289,0.1298326023,0.1247542493,0.1185506562,0.1105233852,0.09867409227,0.0532509107
185880,0.1567881277,0.1566897141,0.1563937541,0.1558980027,0.1551985208,0.1542896471,0.1531635754,0.1518100015,0.1502155389,0.1483627901,0.1462291272,0.1437847407,0.1409896912,0.1377889393,0.134103956,0.1298171332,0.124739823,0.1185374628,0.1105117201,0.09866454499,0.05324892502
185940,0.1567666314,0.1566682413,0.1563723521,0.1558767189,0.1551774034,0.154268745,0.1531429389,0.1517896822,0.1501955907,0.1483432693,0.146210094,0.1437662594,0.1409718326,0.1377717828,0.134087593,0.1298016735,0.1247254054,0.1185242772,0.1105000618,0.09865500318,0.05324694134
186000,0.1567451487,0.1566467822,0.1563509636,0.1558554486,0.1551562993,0.1542478562,0.1531223154,0.1517693757,0.150175655,0.1483237608,0.1461910725,0.1437477896,0.140953985,0.1377546368,0.13407124,0.1297862231,0.1247109965,0.1185110995,0.1104884104,0.09864546683,0.05324495968
186060,0.1567236795,0.1566253365,0.1563295886,0.1558341917,0.1551352085,0.1542269805,0.1531017048,0.151749082,0.1501557317,0.1483042644,0.1461720629,0.1437293312,0.1409361485,0.1377375013,0.1340548969,0.1297707821,0.1246965962,0.1184979296,0.1104767657,0.09863593596,0.05324298001
186120,0.156702224,0.1566039045,0.1563082271,0.1558129482,0.1551141311,0.1542061179,0.1530811072,0.1517288009,0.1501358209,0.1482847802,0.1461530651,0.1437108842,0.1409183229,0.1377203763,0.1340385639,0.1297553505,0.1246822045,0.1184847676,0.1104651279,0.09862641054,0.05324100235
186180,0.156680782,0.1565824859,0.1562868791,0.1557917181,0.1550930669,0.1541852685,0.1530605226,0.1517085326,0.1501159226,0.1482653082,0.1461340791,0.1436924486,0.1409005083,0.1377032618,0.1340222407,0.1297399282,0.1246678215,0.1184716133,0.1104534969,0.09861689057,0.05323902669
186240,0.1566593535,0.1565610809,0.1562655446,0.1557705014,0.155072016,0.1541644322,0.1530399508,0.151688277,0.1500960367,0.1482458482,0.1461151048,0.1436740244,0.1408827047,0.1376861578,0.1340059275,0.1297245152,0.124653447,0.1184584668,0.1104418727,0.09860737606,0.05323705302
186300,0.1566379386,0.1565396894,0.1562442235,0.1557492981,0.1550509783,0.154143609,0.153019392,0.1516680341,0.1500761632,0.1482264004,0.1460961424,0.1436556117,0.1408649121,0.1376690643,0.1339896243,0.1297091115,0.1246390812,0.1184453282,0.1104302552,0.09859786698,0.05323508134
186360,0.1566165371,0.1565183114,0.1562229159,0.1557281082,0.1550299539,0.1541227988,0.1529988461,0.1516478038,0.1500563022,0.1482069647,0.1460771917,0.1436372103,0.1408471304,0.1376519812,0.1339733309,0.1296937171,0.124624724,0.1184321973,0.1104186446,0.09858836334,0.05323311166
186420,0.1565951492,0.1564969469,0.1562016217,0.1557069315,0.1550089427,0.1541020018,0.152978313,0.1516275862,0.1500364535,0.1481875411,0.1460582528,0.1436188202,0.1408293596,0.1376349086,0.1339570475,0.129678332,0.1246103754,0.1184190741,0.1104070407,0.09857886514,0.05323114396
186480,0.1565737748,0.1564755959,0.1561803409,0.1556857683,0.1549879448,0.1540812178,0.1529577928,0.1516073813,0.1500166172,0.1481681296,0.1460393256,0.1436004416,0.1408115998,0.1376178464,0.1339407739,0.1296629562,0.1245960353,0.1184059588,0.1103954436,0.09856937236,0.05322917824
186540,0.1565524138,0.1564542583,0.1561590736,0.1556646183,0.15496696,0.1540604468,0.1529372855,0.1515871889,0.1499967933,0.1481487302,0.1460204102,0.1435820742,0.1407938509,0.1376007947,0.1339245103,0.1296475897,0.1245817039,0.1183928512,0.1103838533,0.09855988501,0.0532272145
186600,0.1565310663,0.1564329341,0.1561378196,0.1556434816,0.1549459884,0.1540396889,0.1529167911,0.1515670092,0.1499769817,0.1481293428,0.1460015065,0.1435637182,0.1407761128,0.1375837534,0.1339082565,0.1296322324,0.124567381,0.1183797513,0.1103722697,0.09855040307,0.05322525275
186660,0.1565097322,0.1564116234,0.156116579,0.1556223583,0.15492503,0.154018944,0.1528963094,0.1515468422,0.1499571825,0.1481099674,0.1459826144,0.1435453736,0.1407583857,0.1375667224,0.1338920126,0.1296168844,0.1245530666,0.1183666592,0.1103606929,0.09854092654,0.05322329297
186720,0.1564884116,0.1563903261,0.1560953517,0.1556012482,0.1549040848,0.1539982121,0.1528758406,0.1515266877,0.1499373957,0.1480906041,0.1459637341,0.1435270402,0.1407406694,0.1375497019,0.1338757785,0.1296015456,0.1245387609,0.1183535749,0.1103491228,0.09853145542,0.05322133516
186780,0.1564671044,0.1563690421,0.1560741378,0.1555801514,0.1548831527,0.1539774933,0.1528553846,0.1515065458,0.1499176211,0.1480712529,0.1459448655,0.1435087182,0.1407229641,0.1375326918,0.1338595543,0.1295862161,0.1245244636,0.1183404982,0.1103375595,0.0985219897,0.05321937932
186840,0.1564458105,0.1563477716,0.1560529373,0.1555590678,0.1548622337,0.1539567874,0.1528349414,0.1514864164,0.1498978589,0.1480519136,0.1459260085,0.1434904074,0.1407052695,0.137515692,0.13384334,0.1295708958,0.1245101749,0.1183274293,0.1103260029,0.09851252938,0.05321742545
186900,0.1564245301,0.1563265144,0.15603175,0.1555379975,0.1548413279,0.1539360944,0.1528145109,0.1514662996,0.1498781089,0.1480325863,0.1459071632,0.1434721079,0.1406875859,0.1374987026,0.1338271354,0.1295555847,0.1244958947,0.1183143681,0.110314453,0.09850307445,0.05321547355
186960,0.156403263,0.1563052706,0.1560105761,0.1555169404,0.1548204351,0.1539154144,0.1527940933,0.1514461954,0.1498583713,0.148013271,0.1458883295,0.1434538197,0.140669913,0.1374817236,0.1338109407,0.1295402828,0.1244816231,0.1183013146,0.1103029098,0.0984936249,0.0532135236
187020,0.1563820093,0.1562840402,0.1559894155,0.1554958965,0.1547995555,0.1538947474,0.1527736884,0.1514261037,0.1498386459,0.1479939677,0.1458695075,0.1434355427,0.140652251,0.1374647549,0.1337947558,0.1295249902,0.1244673599,0.1182882688,0.1102913734,0.09848418073,0.05321157562
187080,0.156360769,0.156262823,0.1559682681,0.1554748658,0.1547786889,0.1538740933,0.1527532962,0.1514060245,0.1498189328,0.1479746764,0.1458506971,0.143417277,0.1406345998,0.1374477966,0.1337785807,0.1295097067,0.1244531052,0.1182752307,0.1102798436,0.09847474194,0.05320962959
187140,0.1563395419,0.1562416192,0.155947134,0.1554538482,0.1547578354,0.1538534521,0.1527329167,0.1513859578,0.1497992319,0.147955397,0.1458318983,0.1433990225,0.1406169594,0.1374308486,0.1337624154,0.1294944324,0.1244388591,0.1182622003,0.1102683206,0.09846530852,0.05320768552
187200,0.1563183282,0.1562204287,0.1559260132,0.1554328439,0.1547369949,0.1538328237,0.15271255,0.1513659037,0.1497795433,0.1479361295,0.1458131111,0.1433807792,0.1405993298,0.1374139109,0.1337462598,0.1294791673,0.1244246214,0.1182491775,0.1102568042,0.09845588046,0.0532057434
187260,0.1562971278,0.1561992515,0.1559049056,0.1554118527,0.1547161675,0.1538122083,0.152692196,0.1513458619,0.1497598668,0.147916874,0.1457943355,0.1433625471,0.140581711,0.1373969835,0.133730114,0.1294639113,0.1244103921,0.1182361624,0.1102452946,0.09844645777,0.05320380322
187320,0.1562759407,0.1561780875,0.1558838112,0.1553908746,0.1546953531,0.1537916058,0.1526718546,0.1513258327,0.1497402026,0.1478976303,0.1457755715,0.1433443262,0.140564103,0.1373800664,0.133713978,0.1294486645,0.1243961714,0.118223155,0.1102337916,0.09843704042,0.053201865
187380,0.1562547669,0.1561569368,0.15586273,0.1553699097,0.1546745518,0.1537710161,0.152651526,0.1513058159,0.1497205506,0.1478783986,0.145756819,0.1433261165,0.1405465057,0.1373631595,0.1336978517,0.1294334269,0.1243819591,0.1182101552,0.1102222953,0.09842762843,0.05319992871
187440,0.1562336063,0.1561357994,0.155841662,0.1553489579,0.1546537634,0.1537504393,0.1526312099,0.1512858116,0.1497009108,0.1478591788,0.1457380781,0.143307918,0.1405289191,0.137346263,0.1336817352,0.1294181983,0.1243677553,0.1181971631,0.1102108056,0.09841822178,0.05319799437
187500,0.156212459,0.1561146752,0.1558206073,0.1553280192,0.154632988,0.1537298753,0.1526109066,0.1512658197,0.1496812831,0.1478399708,0.1457193487,0.1432897307,0.1405113433,0.1373293767,0.1336656284,0.129402979,0.1243535598,0.1181841786,0.1101993226,0.09840882047,0.05319606196
187560,0.1561913249,0.1560935642,0.1557995656,0.1553070936,0.1546122256,0.1537093241,0.1525906159,0.1512458402,0.1496616676,0.1478207747,0.1457006309,0.1432715545,0.1404937783,0.1373125007,0.1336495313,0.1293877687,0.1243393729,0.1181712018,0.1101878463,0.0983994245,0.05319413149
187620,0.1561702041,0.1560724664,0.1557785372,0.155286181,0.1545914761,0.1536887857,0.1525703378,0.1512258731,0.1496420642,0.1478015905,0.1456819246,0.1432533894,0.1404762239,0.1372956349,0.133633444,0.1293725675,0.1243251943,0.1181582326,0.1101763766,0.09839003385,0.05319220295
187680,0.1561490964,0.1560513818,0.1557575219,0.1552652815,0.1545707396,0.1536682602,0.1525500723,0.1512059184,0.149622473,0.1477824181,0.1456632297,0.1432352355,0.1404586803,0.1372787793,0.1336173663,0.1293573755,0.1243110242,0.1181452709,0.1101649135,0.09838064853,0.05319027634
187740,0.156128002,0.1560303104,0.1557365197,0.1552443951,0.154550016,0.1536477474,0.1525298194,0.151185976,0.1496028939,0.1477632575,0.1456445464,0.1432170927,0.1404411473,0.137261934,0.1336012983,0.1293421925,0.1242968625,0.1181323169,0.1101534571,0.09837126853,0.05318835166
187800,0.1561069207,0.1560092522,0.1557155306,0.1552235217,0.1545293053,0.1536272473,0.1525095791,0.1511660461,0.1495833269,0.1477441087,0.1456258746,0.143198961,0.140423625,0.1372450989,0.13358524,0.1293270186,0.1242827091,0.1181193705,0.1101420073,0.09836189384,0.0531864289
187860,0.1560858526,0.1559882071,0.1556945547,0.1552026613,0.1545086076,0.1536067601,0.1524893514,0.1511461285,0.1495637721,0.1477249718,0.1456072142,0.1431808404,0.1404061135,0.1372282739,0.1335691914,0.1293118538,0.1242685642,0.1181064317,0.1101305642,0.09835252446,0.05318450806
187920,0.1560647977,0.1559671751,0.1556735918,0.155181814,0.1544879227,0.1535862855,0.1524691362,0.1511262232,0.1495442292,0.1477058466,0.1455885653,0.1431627308,0.1403886125,0.1372114592,0.1335531524,0.129296698,0.1242544276,0.1180935005,0.1101191276,0.09834316039,0.05318258914
187980,0.1560437559,0.1559461563,0.155652642,0.1551609796,0.1544672507,0.1535658238,0.1524489336,0.1511063303,0.1495246985,0.1476867333,0.1455699278,0.1431446324,0.1403711222,0.1371946546,0.1335371231,0.1292815514,0.1242402995,0.1180805768,0.1101076977,0.09833380161,0.05318067214
188040,0.1560227272,0.1559251506,0.1556317053,0.1551401582,0.1544465916,0.1535453747,0.1524287435,0.1510864496,0.1495051798,0.1476676316,0.1455513018,0.143126545,0.1403536426,0.1371778603,0.1335211035,0.1292664137,0.1242261796,0.1180676607,0.1100962743,0.09832444812,0.05317875706
188100,0.1560017116,0.155904158,0.1556107816,0.1551193497,0.1544259453,0.1535249383,0.1524085659,0.1510665813,0.1494856732,0.1476485418,0.1455326872,0.1431084686,0.1403361736,0.1371610761,0.1335050934,0.1292512851,0.1242120682,0.1180547522,0.1100848576,0.09831509993,0.05317684388
188160,0.1559807092,0.1558831784,0.1555898709,0.1550985543,0.1544053119,0.1535045146,0.1523884009,0.1510467253,0.1494661786,0.1476294637,0.145514084,0.1430904033,0.1403187152,0.137144302,0.133489093,0.1292361655,0.1241979651,0.1180418513,0.1100734474,0.09830575702,0.05317493261
188220,0.1559597198,0.155862212,0.1555689733,0.1550777717,0.1543846913,0.1534841036,0.1523682483,0.1510268815,0.1494466961,0.1476103973,0.1454954922,0.1430723491,0.1403012674,0.1371275381,0.1334731022,0.129221055,0.1241838703,0.1180289579,0.1100620439,0.09829641938,0.05317302325
188280,0.1559387435,0.1558412586,0.1555480887,0.1550570021,0.1543640835,0.1534637053,0.1523481082,0.1510070501,0.1494272255,0.1475913426,0.1454769118,0.1430543058,0.1402838303,0.1371107843,0.133457121,0.1292059534,0.1241697839,0.118016072,0.1100506469,0.09828708702,0.05317111579
188340,0.1559177803,0.1558203182,0.1555272171,0.1550362454,0.1543434885,0.1534433196,0.1523279806,0.1509872308,0.149407767,0.1475722997,0.1454583428,0.1430362736,0.1402664037,0.1370940406,0.1334411494,0.1291908609,0.1241557058,0.1180031937,0.1100392564,0.09827775993,0.05316921023
188400,0.1558968301,0.1557993909,0.1555063585,0.1550155017,0.1543229063,0.1534229466,0.1523078655,0.1509674238,0.1493883204,0.1475532684,0.1454397851,0.1430182523,0.1402489877,0.137077307,0.1334251874,0.1291757773,0.124141636,0.1179903229,0.1100278726,0.0982684381,0.05316730657
188460,0.155875893,0.1557784766,0.1554855128,0.1549947708,0.1543023369,0.1534025861,0.1522877628,0.1509476291,0.1493688858,0.1475342489,0.1454212388,0.143000242,0.1402315822,0.1370605836,0.133409235,0.1291607027,0.1241275745,0.1179774596,0.1100164953,0.09825912153,0.05316540481
188520,0.1558549688,0.1557575753,0.1554646801,0.1549740527,0.1542817802,0.1533822383,0.1522676725,0.1509278465,0.1493494632,0.147515241,0.1454027039,0.1429822427,0.1402141873,0.1370438702,0.1333932921,0.1291456371,0.1241135213,0.1179646038,0.1100051245,0.09824981022,0.05316350494
188580,0.1558340577,0.155736687,0.1554438603,0.1549533476,0.1542612363,0.1533619031,0.1522475946,0.1509080762,0.1493300525,0.1474962447,0.1453841803,0.1429642544,0.140196803,0.1370271669,0.1333773588,0.1291305805,0.1240994764,0.1179517555,0.1099937603,0.09824050415,0.05316160695
188640,0.1558131596,0.1557158117,0.1554230535,0.1549326553,0.1542407051,0.1533415805,0.1522275292,0.150888318,0.1493106538,0.1474772601,0.145365668,0.142946277,0.1401794292,0.1370104737,0.133361435,0.1291155328,0.1240854398,0.1179389147,0.1099824026,0.09823120333,0.05315971086
188700,0.1557922745,0.1556949493,0.1554022596,0.1549119758,0.1542201866,0.1533212705,0.1522074761,0.150868572,0.149291267,0.1474582872,0.145347167,0.1429283106,0.1401620659,0.1369937905,0.1333455208,0.1291004941,0.1240714115,0.1179260814,0.1099710515,0.09822190774,0.05315781665
188760,0.1557714023,0.1556740999,0.1553814786,0.1548913091,0.1541996809,0.153300973,0.1521874354,0.1508488382,0.1492718921,0.1474393259,0.1453286773,0.1429103551,0.1401447132,0.1369771174,0.1333296161,0.1290854643,0.1240573914,0.1179132556,0.1099597069,0.09821261739,0.05315592432
188820,0.1557505431,0.1556532634,0.1553607104,0.1548706553,0.1541791878,0.1532806881,0.1521674071,0.1508291166,0.1492525291,0.1474203762,0.1453101989,0.1428924105,0.1401273709,0.1369604543,0.1333137209,0.1290704435,0.1240433796,0.1179004373,0.1099483688,0.09820333226,0.05315403388
188880,0.1557296968,0.1556324399,0.1553399552,0.1548500142,0.1541587074,0.1532604157,0.1521473912,0.1508094071,0.149233178,0.1474014381,0.1452917318,0.1428744768,0.1401100391,0.1369438012,0.1332978352,0.1290554316,0.124029376,0.1178876265,0.1099370372,0.09819405236,0.05315214531
188940,0.1557088634,0.1556116293,0.1553192128,0.154829386,0.1541382397,0.1532401558,0.1521273876,0.1507897097,0.1492138388,0.1473825116,0.1452732759,0.142856554,0.1400927178,0.1369271582,0.1332819591,0.1290404285,0.1240153807,0.1178748231,0.1099257121,0.09818477768,0.05315025861
189000,0.155688043,0.1555908315,0.1552984833,0.1548087705,0.1541177847,0.1532199084,0.1521073963,0.1507700244,0.1491945114,0.1473635966,0.1452548313,0.1428386421,0.140075407,0.1369105252,0.1332660924,0.1290254344,0.1240013937,0.1178620271,0.1099143936,0.09817550822,0.05314837379
189060,0.1556672355,0.1555700467,0.1552777666,0.1547881677,0.1540973423,0.1531996736,0.1520874174,0.1507503512,0.1491751959,0.1473446933,0.1452363979,0.142820741,0.1400581067,0.1368939022,0.1332502352,0.1290104492,0.1239874148,0.1178492386,0.1099030815,0.09816624396,0.05314649083
189120,0.1556464408,0.1555492747,0.1552570628,0.1547675778,0.1540769125,0.1531794512,0.1520674507,0.1507306902,0.1491558923,0.1473258015,0.1452179758,0.1428028509,0.1400408168,0.1368772892,0.1332343875,0.1289954729,0.1239734442,0.1178364576,0.1098917759,0.0981569849,0.05314460975
189180,0.1556256591,0.1555285156,0.1552363717,0.1547470005,0.1540564954,0.1531592413,0.1520474964,0.1507110412,0.1491366004,0.1473069212,0.1451995649,0.1427849715,0.1400235373,0.1368606861,0.1332185492,0.1289805054,0.1239594818,0.1178236839,0.1098804768,0.09814773104,0.05314273052
189240,0.1556048902,0.1555077693,0.1552156935,0.154726436,0.1540360908,0.1531390439,0.1520275543,0.1506914043,0.1491173204,0.1472880525,0.1451811651,0.1427671031,0.1400062683,0.136844093,0.1332027204,0.1289655469,0.1239455275,0.1178109177,0.1098691841,0.09813848238,0.05314085316
189300,0.1555841341,0.1554870359,0.155195028,0.1547058841,0.1540156989,0.1531188589,0.1520076245,0.1506717794,0.1490980522,0.1472691953,0.1451627766,0.1427492454,0.1399890097,0.1368275099,0.133186901,0.1289505971,0.1239315815,0.1177981589,0.109857898,0.09812923891,0.05313897766
189360,0.1555633909,0.1554663153,0.1551743753,0.154685345,0.1539953195,0.1530986863,0.1519877069,0.1506521666,0.1490787958,0.1472503496,0.1451443993,0.1427313986,0.1399717615,0.1368109367,0.1331710911,0.1289356563,0.1239176437,0.1177854076,0.1098466183,0.09812000062,0.05313710402
189420,0.1555426605,0.1554456075,0.1551537354,0.1546648185,0.1539749527,0.1530785262,0.1519678016,0.1506325658,0.1490595512,0.1472315153,0.1451260331,0.1427135626,0.1399545237,0.1367943735,0.1331552906,0.1289207242,0.123903714,0.1177726636,0.109835345,0.09811076751,0.05313523223
189480,0.155521943,0.1554249125,0.1551331082,0.1546443048,0.1539545985,0.1530583785,0.1519479086,0.150612977,0.1490403183,0.1472126926,0.1451076782,0.1426957373,0.1399372963,0.1367778202,0.1331394995,0.128905801,0.1238897925,0.117759927,0.1098240783,0.09810153957,0.05313336229
189540,0.1555012382,0.1554042303,0.1551124937,0.1546238036,0.1539342568,0.1530382432,0.1519280277,0.1505934002,0.1490210973,0.1471938814,0.1450893343,0.1426779229,0.1399200792,0.1367612768,0.1331237178,0.1288908867,0.1238758792,0.1177471978,0.1098128179,0.09809231681,0.0531314942
189600,0.1554805462,0.1553835608,0.155091892,0.1546033151,0.1539139276,0.1530181202,0.1519081591,0.1505738355,0.1490018879,0.1471750816,0.1450710016,0.1426601193,0.1399028726,0.1367447434,0.1331079455,0.1288759811,0.123861974,0.117734476,0.109801564,0.09808309921,0.05312962795
189660,0.155459867,0.1553629041,0.155071303,0.1545828393,0.153893611,0.1529980097,0.1518883026,0.1505542827,0.1489826903,0.1471562933,0.14505268,0.1426423264,0.1398856763,0.1367282198,0.1330921826,0.1288610844,0.123848077,0.1177217616,0.1097903165,0.09807388676,0.05312776356
189720,0.1554392005,0.1553422602,0.1550507267,0.154562376,0.1538733068,0.1529779115,0.1518684584,0.1505347419,0.1489635044,0.1471375164,0.1450343696,0.1426245442,0.1398684903,0.1367117061,0.1330764291,0.1288461965,0.1238341881,0.1177090545,0.1097790755,0.09806467948,0.053125901
189780,0.1554185468,0.155321629,0.155030163,0.1545419254,0.1538530151,0.1529578256,0.1518486263,0.150515213,0.1489443302,0.1471187509,0.1450160702,0.1426067728,0.1398513147,0.1366952023,0.1330606849,0.1288313173,0.1238203074,0.1176963548,0.1097678408,0.09805547734,0.05312404028
189840,0.1553979058,0.1553010105,0.1550096121,0.1545214873,0.153832736,0.1529377521,0.1518288063,0.1504956961,0.1489251678,0.1470999969,0.144997782,0.1425890122,0.1398341494,0.1366787084,0.1330449501,0.1288164469,0.1238064348,0.1176836625,0.1097566126,0.09804628035,0.0531221814
189900,0.1553772776,0.1552804047,0.1549890738,0.1545010618,0.1538124693,0.1529176909,0.1518089985,0.1504761911,0.148906017,0.1470812543,0.1449795048,0.1425712623,0.1398169944,0.1366622244,0.1330292247,0.1288015854,0.1237925703,0.1176709775,0.1097453908,0.09803708849,0.05312032435
189960,0.155356662,0.1552598116,0.1549685481,0.1544806489,0.153792215,0.152897642,0.1517892029,0.1504566981,0.1488868779,0.147062523,0.1449612387,0.142553523,0.1397998498,0.1366457502,0.1330135086,0.1287867325,0.1237787139,0.1176582998,0.1097341754,0.09802790178,0.05311846913
190020,0.1553360592,0.1552392311,0.1549480351,0.1544602486,0.1537719732,0.1528776054,0.1517694194,0.1504372169,0.1488677504,0.1470438032,0.1449429837,0.1425357945,0.1397827154,0.1366292858,0.1329978018,0.1287718885,0.1237648656,0.1176456295,0.1097229664,0.09801872019,0.05311661575
190080,0.155315469,0.1552186634,0.1549275346,0.1544398608,0.1537517438,0.1528575811,0.1517496479,0.1504177477,0.1488486347,0.1470250947,0.1449247397,0.1425180767,0.1397655913,0.1366128313,0.1329821043,0.1287570531,0.1237510253,0.1176329665,0.1097117638,0.09800954373,0.05311476419
190140,0.1552948915,0.1551981083,0.1549070468,0.1544194855,0.1537315268,0.1528375691,0.1517298886,0.1503982903,0.1488295305,0.1470063976,0.1449065068,0.1425003695,0.1397484775,0.1365963865,0.1329664162,0.1287422266,0.1237371932,0.1176203108,0.1097005676,0.09800037239,0.05311291445
190200,0.1552743266,0.1551775658,0.1548865716,0.1543991227,0.1537113223,0.1528175693,0.1517101414,0.1503788448,0.148810438,0.1469877118,0.1448882849,0.1424826731,0.1397313739,0.1365799516,0.1329507374,0.1287274087,0.1237233692,0.1176076624,0.1096893777,0.09799120617,0.05311106653
190260,0.1552537744,0.155157036,0.154866109,0.1543787724,0.1536911301,0.1527975818,0.1516904062,0.1503594112,0.1487913571,0.1469690374,0.144870074,0.1424649872,0.1397142807,0.1365635266,0.1329350679,0.1287125996,0.1237095532,0.1175950213,0.1096781942,0.09798204506,0.05310922044
190320,0.1552332348,0.1551365187,0.1548456589,0.1543584346,0.1536709503,0.1527776065,0.1516706831,0.1503399894,0.1487722878,0.1469503743,0.1448518741,0.1424473121,0.1396971976,0.1365471113,0.1329194076,0.1286977992,0.1236957452,0.1175823875,0.1096670171,0.09797288905,0.05310737616
190380,0.1552127079,0.1551160141,0.1548252214,0.1543381093,0.1536507829,0.1527576435,0.151650972,0.1503205795,0.1487532301,0.1469317225,0.1448336853,0.1424296475,0.1396801248,0.1365307057,0.1329037566,0.1286830075,0.1236819454,0.1175697611,0.1096558463,0.09796373815,0.05310553369
190440,0.1551921935,0.1550955221,0.1548047964,0.1543177965,0.1536306278,0.1527376926,0.151631273,0.1503011814,0.148734184,0.146913082,0.1448155074,0.1424119936,0.1396630622,0.13651431,0.1328881149,0.1286682245,0.1236681535,0.1175571418,0.1096446819,0.09795459234,0.05310369304
190500,0.1551716918,0.1550750426,0.154784384,0.1542974961,0.1536104851,0.152717754,0.151611586,0.1502817951,0.1487151495,0.1468944528,0.1447973404,0.1423943503,0.1396460099,0.136497924,0.1328724825,0.1286534501,0.1236543698,0.1175445299,0.1096335238,0.09794545163,0.0531018542
190560,0.1551512026,0.1550545757,0.1547639841,0.1542772082,0.1535903547,0.1526978275,0.151591911,0.1502624206,0.1486961265,0.1468758349,0.1447791845,0.1423767177,0.1396289677,0.1364815478,0.1328568593,0.1286386845,0.123640594,0.1175319252,0.1096223721,0.097936316,0.05310001716
190620,0.155130726,0.1550341214,0.1547435967,0.1542569326,0.1535702366,0.1526779132,0.151572248,0.150243058,0.1486771151,0.1468572282,0.1447610395,0.1423590956,0.1396119357,0.1364651813,0.1328412454,0.1286239275,0.1236268263,0.1175193278,0.1096112267,0.09792718546,0.05309818192
190680,0.1551102619,0.1550136796,0.1547232217,0.1542366695,0.1535501308,0.1526580111,0.151552597,0.150223707,0.1486581152,0.1468386328,0.1447429054,0.1423414841,0.1395949139,0.1364488246,0.1328256406,0.1286091792,0.1236130665,0.1175067377,0.1096000877,0.09791805999,0.05309634849
190740,0.1550898104,0.1549932503,0.1547028593,0.1542164188,0.1535300373,0.1526381211,0.151532958,0.1502043679,0.1486391268,0.1468200487,0.1447247823,0.1423238832,0.1395779023,0.1364324776,0.1328100452,0.1285944396,0.1235993148,0.1174941548,0.1095889549,0.0979089396,0.05309451686
190800,0.1550693714,0.1549728336,0.1546825093,0.1541961805,0.1535099561,0.1526182433,0.1515133309,0.1501850405,0.14862015,0.1468014758,0.1447066701,0.1423062928,0.1395609009,0.1364161403,0.1327944589,0.1285797086,0.1235855711,0.1174815791,0.1095778285,0.09789982427,0.05309268703
190860,0.155048945,0.1549524293,0.1546621718,0.1541759546,0.1534898872,0.1525983776,0.1514937158,0.1501657249,0.1486011846,0.1467829141,0.1446885688,0.142288713,0.1395439096,0.1363998127,0.1327788818,0.1285649862,0.1235718353,0.1174690107,0.1095667084,0.09789071401,0.05309085899
190920,0.155028531,0.1549320376,0.1546418467,0.154155741,0.1534698305,0.152578524,0.1514741126,0.150146421,0.1485822307,0.1467643636,0.1446704784,0.1422711437,0.1395269285,0.1363834948,0.1327633139,0.1285502725,0.1235581076,0.1174564495,0.1095555946,0.0978816088,0.05308903274
190980,0.1550081295,0.1549116583,0.1546215341,0.1541355398,0.153449786,0.1525586825,0.1514545214,0.1501271288,0.1485632884,0.1467458244,0.1446523989,0.142253585,0.1395099574,0.1363671866,0.1327477552,0.1285355673,0.1235443878,0.1174438955,0.1095444871,0.09787250866,0.05308720828
191040,0.1549877405,0.1548912914,0.1546012338,0.1541153509,0.1534297538,0.1525388531,0.1514349421,0.1501078483,0.1485443575,0.1467272963,0.1446343302,0.1422360368,0.1394929966,0.1363508881,0.1327322057,0.1285208708,0.123530676,0.1174313488,0.1095333859,0.09786341356,0.05308538561
191100,0.154967364,0.1548709371,0.154580946,0.1540951743,0.1534097338,0.1525190358,0.1514153746,0.1500885795,0.148525438,0.1467087794,0.1446162725,0.1422184991,0.1394760458,0.1363345992,0.1327166654,0.1285061829,0.1235169722,0.1174188092,0.109522291,0.0978543235,0.05308356472
191160,0.1549469999,0.1548505951,0.1545606706,0.1540750101,0.153389726,0.1524992305,0.1513958191,0.1500693224,0.14850653,0.1466902737,0.1445982256,0.1422009719,0.1394591051,0.13631832,0.1327011342,0.1284915036,0.1235032763,0.1174062768,0.1095112023,0.09784523849,0.05308174562
191220,0.1549266483,0.1548302656,0.1545404075,0.1540548581,0.1533697304,0.1524794373,0.1513762755,0.150050077,0.1484876334,0.1466717791,0.1445801895,0.1421834552,0.1394421745,0.1363020505,0.1326856122,0.1284768329,0.1234895883,0.1173937517,0.1095001199,0.09783615851,0.05307992829
191280,0.1549063091,0.1548099485,0.1545201568,0.1540347185,0.153349747,0.1524596561,0.1513567437,0.1500308433,0.1484687483,0.1466532957,0.1445621642,0.142165949,0.1394252541,0.1362857906,0.1326700993,0.1284621708,0.1234759083,0.1173812337,0.1094890438,0.09782708356,0.05307811275
191340,0.1548859823,0.1547896438,0.1544999185,0.1540145911,0.1533297758,0.152439887,0.1513372238,0.1500116212,0.1484498745,0.1466348234,0.1445441498,0.1421484532,0.1394083436,0.1362695403,0.1326545955,0.1284475172,0.1234622362,0.1173687229,0.109477974,0.09781801363,0.05307629897
191400,0.1548656679,0.1547693515,0.1544796925,0.153994476,0.1533098167,0.1524201299,0.1513177157,0.1499924107,0.1484310122,0.1466163623,0.1445261462,0.1421309679,0.1393914433,0.1362532996,0.1326391009,0.1284328722,0.123448572,0.1173562192,0.1094669104,0.09780894873,0.05307448698
191460,0.1548453659,0.1547490716,0.1544594788,0.1539743732,0.1532898697,0.1524003847,0.1512982194,0.1499732119,0.1484121612,0.1465979122,0.1445081534,0.1421134931,0.139374553,0.1362370686,0.1326236153,0.1284182358,0.1234349158,0.1173437228,0.1094558531,0.09779988884,0.05307267675
191520,0.1548250763,0.154728804,0.1544392775,0.1539542825,0.1532699349,0.1523806516,0.151278735,0.1499540246,0.1483933217,0.1465794733,0.1444901714,0.1420960287,0.1393576728,0.1362208472,0.1326081389,0.1284036079,0.1234212674,0.1173312334,0.109444802,0.09779083397,0.05307086829
191580,0.1548047991,0.1547085488,0.1544190884,0.1539342042,0.1532500123,0.1523609305,0.1512592624,0.149934849,0.1483744935,0.1465610455,0.1444722002,0.1420785747,0.1393408025,0.1362046353,0.1325926716,0.1283889885,0.123407627,0.1173187513,0.1094337571,0.0977817841,0.05306906159
191640,0.1547845342,0.1546883059,0.1543989117,0.153914138,0.1532301017,0.1523412213,0.1512398016,0.149915685,0.1483556766,0.1465426287,0.1444542397,0.1420611312,0.1393239424,0.136188433,0.1325772134,0.1283743777,0.1233939944,0.1173062763,0.1094227185,0.09777273923,0.05306725666
191700,0.1547642816,0.1546680753,0.1543787472,0.153894084,0.1532102032,0.1523215241,0.1512203526,0.1498965325,0.1483368711,0.146524223,0.14443629,0.142043698,0.1393070922,0.1361722404,0.1325617642,0.1283597754,0.1233803697,0.1172938084,0.1094116861,0.09776369937,0.05306545349
191760,0.1547440414,0.1546478571,0.154358595,0.1538740423,0.1531903168,0.1523018388,0.1512009153,0.1498773917,0.1483180769,0.1465058284,0.1444183511,0.1420262753,0.139290252,0.1361560572,0.1325463242,0.1283451815,0.1233667529,0.1172813476,0.10940066,0.09775466449,0.05306365208
191820,0.1547238135,0.1546276512,0.1543384551,0.1538540127,0.1531704425,0.1522821655,0.1511814898,0.1498582624,0.1482992941,0.1464874448,0.1444004229,0.1420088629,0.1392734219,0.1361398837,0.1325308932,0.1283305963,0.123353144,0.117268894,0.10938964,0.09774563461,0.05306185242
191880,0.1547035979,0.1546074575,0.1543183274,0.1538339952,0.1531505802,0.1522625041,0.1511620761,0.1498391446,0.1482805225,0.1464690722,0.1443825054,0.1419914609,0.1392566017,0.1361237197,0.1325154712,0.1283160195,0.1233395429,0.1172564475,0.1093786263,0.0977366097,0.05306005452
191940,0.1546833946,0.1545872762,0.154298212,0.15381399,0.15313073,0.1522428546,0.1511426741,0.1498200384,0.1482617623,0.1464507107,0.1443645986,0.1419740693,0.1392397915,0.1361075652,0.1325000583,0.1283014511,0.1233259497,0.1172440081,0.1093676188,0.09772758978,0.05305825837
192000,0.1546632036,0.1545671071,0.1542781087,0.1537939969,0.1531108918,0.152223217,0.1511232838,0.1498009437,0.1482430133,0.1464323602,0.1443467026,0.1419566881,0.1392229912,0.1360914202,0.1324846544,0.1282868913,0.1233123643,0.1172315758,0.1093566174,0.09771857483,0.05305646397
192060,0.1546430248,0.1545469502,0.1542580177,0.1537740159,0.1530910656,0.1522035913,0.1511039052,0.1497818605,0.1482242756,0.1464140207,0.1443288172,0.1419393172,0.1392062009,0.1360752848,0.1324692596,0.1282723399,0.1232987868,0.1172191506,0.1093456223,0.09770956485,0.05305467131
192120,0.1546228583,0.1545268056,0.1542379388,0.153754047,0.1530712515,0.1521839774,0.1510845384,0.1497627888,0.1482055492,0.1463956922,0.1443109425,0.1419219566,0.1391894206,0.1360591589,0.1324538737,0.128257797,0.123285217,0.1172067325,0.1093346333,0.09770055984,0.0530528804
192180,0.1546027041,0.1545066732,0.1542178722,0.1537340902,0.1530514494,0.1521643754,0.1510651832,0.1497437286,0.1481868341,0.1463773746,0.1442930785,0.1419046064,0.1391726502,0.1360430424,0.1324384969,0.1282432626,0.1232716551,0.1171943214,0.1093236505,0.09769155979,0.05305109123
192240,0.1545825621,0.1544865531,0.1541978177,0.1537141456,0.1530316592,0.1521447853,0.1510458397,0.1497246799,0.1481681301,0.1463590681,0.1442752252,0.1418872664,0.1391558897,0.1360269355,0.1324231291,0.1282287366,0.1232581011,0.1171819175,0.1093126739,0.09768256469,0.0530493038
192300,0.1545624323,0.1544664451,0.1541777754,0.153694213,0.153011881,0.152125207,0.1510265079,0.1497056426,0.1481494374,0.1463407725,0.1442573825,0.1418699368,0.1391391392,0.1360108381,0.1324077702,0.1282142191,0.1232445548,0.1171695206,0.1093017035,0.09767357454,0.05304751811
192360,0.1545423147,0.1544463493,0.1541577452,0.1536742924,0.1529921148,0.1521056405,0.1510071878,0.1496866168,0.148130756,0.1463224878,0.1442395505,0.1418526175,0.1391223985,0.1359947501,0.1323924204,0.1281997099,0.1232310163,0.1171571308,0.1092907392,0.09766458934,0.05304573416
192420,0.1545222093,0.1544262657,0.1541377271,0.153654384,0.1529723605,0.1520860859,0.1509878793,0.1496676025,0.1481120857,0.1463042141,0.144221729,0.1418353085,0.1391056678,0.1359786716,0.1323770795,0.1281852092,0.1232174857,0.117144748,0.1092797811,0.09765560909,0.05304395193
192480,0.1545021161,0.1544061943,0.1541177212,0.1536344876,0.1529526182,0.152066543,0.1509685824,0.1496485995,0.1480934267,0.1462859513,0.1442039182,0.1418180097,0.1390889469,0.1359626025,0.1323617476,0.1281707169,0.1232039628,0.1171323723,0.1092688292,0.09764663377,0.05304217144
192540,0.154482035,0.1543861351,0.1540977274,0.1536146032,0.1529328878,0.152047012,0.1509492971,0.149629608,0.1480747788,0.1462676995,0.1441861181,0.1418007212,0.1390722359,0.1359465429,0.1323464246,0.1281562331,0.1231904477,0.1171200036,0.1092578833,0.09763766338,0.05304039267
192600,0.1544619661,0.1543660879,0.1540777457,0.1535947309,0.1529131694,0.1520274927,0.1509300235,0.1496106279,0.1480561421,0.1462494585,0.1441683285,0.141783443,0.1390555348,0.1359304927,0.1323311106,0.1281417576,0.1231769403,0.117107642,0.1092469437,0.09762869792,0.05303861563
192660,0.1544419094,0.154346053,0.1540577761,0.1535748705,0.1528934628,0.1520079852,0.1509107615,0.1495916593,0.1480375166,0.1462312285,0.1441505495,0.141766175,0.1390388436,0.1359144519,0.1323158056,0.1281272905,0.1231634407,0.1170952873,0.1092360101,0.09761973739,0.05303684032
192720,0.1544218648,0.1543260301,0.1540378185,0.1535550222,0.1528737681,0.1519884895,0.150891511,0.149572702,0.1480189022,0.1462130093,0.1441327811,0.1417489172,0.1390221622,0.1358984206,0.1323005094,0.1281128318,0.1231499489,0.1170829397,0.1092250827,0.09761078178,0.05303506672
192780,0.1544018323,0.1543060193,0.154017873,0.1535351858,0.1528540853,0.1519690054,0.1508722721,0.149553756,0.1480002989,0.146194801,0.1441150233,0.1417316697,0.1390054906,0.1358823987,0.1322852222,0.1280983814,0.1231364648,0.1170705992,0.1092141614,0.09760183108,0.05303329484
192840,0.1543818119,0.1542860207,0.1539979396,0.1535153614,0.1528344144,0.1519495332,0.1508530448,0.1495348215,0.1479817068,0.1461766036,0.144097276,0.1417144324,0.1389888289,0.1358663861,0.1322699439,0.1280839395,0.1231229885,0.1170582656,0.1092032462,0.09759288529,0.05303152468
192900,0.1543618036,0.1542660341,0.1539780182,0.153495549,0.1528147553,0.1519300726,0.1508338291,0.1495158983,0.1479631258,0.146158417,0.1440795393,0.1416972053,0.138972177,0.135850383,0.1322546745,0.1280695059,0.1231095199,0.117045939,0.1091923372,0.0975839444,0.05302975624
192960,0.1543418075,0.1542460596,0.1539581088,0.1534757486,0.1527951081,0.1519106238,0.1508146249,0.1494969864,0.147944556,0.1461402412,0.1440618131,0.1416799884,0.1389555349,0.1358343892,0.1322394141,0.1280550806,0.123096059,0.1170336195,0.1091814342,0.09757500842,0.0530279895
193020,0.1543218233,0.1542260971,0.1539382115,0.15345596,0.1527754727,0.1518911866,0.1507954322,0.1494780859,0.1479259972,0.1461220763,0.1440440974,0.1416627816,0.1389389026,0.1358184048,0.1322241624,0.1280406637,0.1230826058,0.1170213069,0.1091705374,0.09756607734,0.05302622448
193080,0.1543018513,0.1542061467,0.1539183261,0.1534361834,0.1527558492,0.1518717612,0.150776251,0.1494591967,0.1479074495,0.1461039223,0.1440263923,0.1416455851,0.1389222801,0.1358024298,0.1322089197,0.1280262551,0.1230691604,0.1170090013,0.1091596466,0.09755715114,0.05302446116
193140,0.1542818913,0.1541862084,0.1538984527,0.1534164188,0.1527362374,0.1518523474,0.1507570814,0.1494403188,0.1478889129,0.146085779,0.1440086976,0.1416283987,0.1389056673,0.1357864641,0.1321936859,0.1280118548,0.1230557226,0.1169967027,0.1091487619,0.09754822984,0.05302269955
193200,0.1542619433,0.154166282,0.1538785914,0.153396666,0.1527166375,0.1518329453,0.1507379232,0.1494214522,0.1478703874,0.1460676465,0.1439910135,0.1416112225,0.1388890644,0.1357705078,0.1321784609,0.1279974629,0.1230422926,0.116984411,0.1091378833,0.09753931341,0.05302093964
193260,0.1542420074,0.1541463677,0.1538587419,0.1533769251,0.1526970493,0.1518135548,0.1507187765,0.1494025968,0.1478518729,0.1460495248,0.1439733398,0.1415940564,0.1388724712,0.1357545608,0.1321632447,0.1279830793,0.1230288702,0.1169721263,0.1091270108,0.09753040187,0.05301918143
193320,0.1542220835,0.1541264653,0.1538389045,0.1533571961,0.1526774729,0.151794176,0.1506996414,0.1493837528,0.1478333694,0.1460314139,0.1439556767,0.1415769005,0.1388558878,0.1357386231,0.1321480374,0.1279687039,0.1230154555,0.1169598486,0.1091161443,0.0975214952,0.05301742491
193380,0.1542021715,0.154106575,0.1538190789,0.153337479,0.1526579083,0.1517748088,0.1506805176,0.14936492,0.147814877,0.1460133138,0.143938024,0.1415597547,0.1388393141,0.1357226948,0.132132839,0.1279543369,0.1230020485,0.1169475778,0.109105284,0.0975125934,0.0530156701
193440,0.1541822716,0.1540866966,0.1537992654,0.1533177737,0.1526383554,0.1517554533,0.1506614053,0.1493460985,0.1477963957,0.1459952244,0.1439203817,0.141542619,0.1388227501,0.1357067757,0.1321176493,0.1279399781,0.1229886492,0.116935314,0.1090944296,0.09750369646,0.05301391698
193500,0.1541623837,0.1540668302,0.1537794637,0.1532980803,0.1526188143,0.1517361093,0.1506423045,0.1493272882,0.1477779253,0.1459771458,0.1439027499,0.1415254934,0.1388061959,0.135690866,0.1321024685,0.1279256277,0.1229752575,0.1169230571,0.1090835814,0.09749480439,0.05301216555
193560,0.1541425077,0.1540469758,0.1537596739,0.1532783987,0.1525992849,0.1517167769,0.1506232151,0.1493084892,0.1477594659,0.1459590779,0.1438851285,0.1415083779,0.1387896514,0.1356749655,0.1320872965,0.1279112855,0.1229618735,0.1169108071,0.1090727392,0.09748591717,0.0530104158
193620,0.1541226437,0.1540271333,0.1537398961,0.1532587289,0.1525797672,0.1516974561,0.1506041371,0.1492897014,0.1477410175,0.1459410207,0.1438675176,0.1414912725,0.1387731166,0.1356590744,0.1320721333,0.1278969515,0.1229484971,0.1168985641,0.109061903,0.0974770348,0.05300866775
193680,0.1541027916,0.1540073027,0.1537201301,0.1532390709,0.1525602612,0.1516781469,0.1505850705,0.1492709248,0.1477225801,0.1459229743,0.1438499171,0.1414741772,0.1387565915,0.1356431925,0.1320569789,0.1278826258,0.1229351283,0.1168863279,0.1090510728,0.09746815728,0.05300692138
193740,0.1540829514,0.153987484,0.153700376,0.1532194248,0.152540767,0.1516588493,0.1505660153,0.1492521593,0.1477041537,0.1459049385,0.143832327,0.1414570919,0.1387400761,0.1356273198,0.1320418333,0.1278683084,0.1229217672,0.1168740987,0.1090402487,0.09745928461,0.05300517669
193800,0.1540631232,0.1539676773,0.1536806337,0.1531997904,0.1525212844,0.1516395632,0.1505469715,0.1492334051,0.1476857382,0.1458869135,0.1438147472,0.1414400167,0.1387235704,0.1356114564,0.1320266965,0.1278539992,0.1229084137,0.1168618764,0.1090294306,0.09745041677,0.05300343368
193860,0.1540433069,0.1539478824,0.1536609033,0.1531801678,0.1525018134,0.1516202886,0.1505279391,0.1492146621,0.1476673337,0.1458688991,0.1437971779,0.1414229515,0.1387070743,0.1355956023,0.1320115684,0.1278396982,0.1228950678,0.116849661,0.1090186186,0.09744155376,0.05300169236
193920,0.1540235024,0.1539280994,0.1536411848,0.1531605569,0.1524823542,0.1516010255,0.150508918,0.1491959302,0.1476489401,0.1458508954,0.1437796189,0.1414058964,0.1386905879,0.1355797574,0.1319964491,0.1278254055,0.1228817296,0.1168374524,0.1090078125,0.09743269559,0.0529999527
193980,0.1540037099,0.1539083283,0.153621478,0.1531409579,0.1524629066,0.151581774,0.1504899083,0.1491772095,0.1476305575,0.1458329024,0.1437620703,0.1413888513,0.1386741111,0.1355639217,0.1319813385,0.127811121,0.1228683989,0.1168252508,0.1089970125,0.09742384224,0.05299821472
194040,0.1539839292,0.153888569,0.1536017831,0.1531213705,0.1524434706,0.151562534,0.1504709099,0.1491584999,0.1476121857,0.14581492,0.1437445321,0.1413718163,0.138657644,0.1355480953,0.1319662367,0.1277968446,0.1228550758,0.116813056,0.1089862185,0.09741499371,0.05299647841
194100,0.1539641604,0.1538688216,0.1535821,0.1531017949,0.1524240462,0.1515433055,0.1504519229,0.1491398014,0.1475938249,0.1457969482,0.1437270042,0.1413547912,0.1386411866,0.135532278,0.1319511436,0.1277825765,0.1228417603,0.1168008681,0.1089754304,0.09740614999,0.05299474377
194160,0.1539444035,0.1538490861,0.1535624287,0.153082231,0.1524046335,0.1515240884,0.1504329472,0.1491211141,0.1475754749,0.1457789871,0.1437094866,0.1413377762,0.1386247387,0.13551647,0.1319360593,0.1277683166,0.1228284524,0.1167886871,0.1089646484,0.09739731109,0.0529930108
194220,0.1539246583,0.1538293623,0.1535427691,0.1530626788,0.1523852324,0.1515048828,0.1504139827,0.1491024379,0.1475571359,0.1457610367,0.1436919794,0.1413207711,0.1386083005,0.1355006711,0.1319209836,0.1277540648,0.1228151521,0.1167765129,0.1089538723,0.09738847699,0.05299127949
194280,0.153904925,0.1538096504,0.1535231214,0.1530431383,0.1523658428,0.1514856887,0.1503950296,0.1490837727,0.1475388077,0.1457430968,0.1436744825,0.141303776,0.1385918718,0.1354848814,0.1319059167,0.1277398212,0.1228018593,0.1167643456,0.1089431022,0.0973796477,0.05298954984
194340,0.1538852036,0.1537899502,0.1535034853,0.1530236095,0.1523464649,0.1514665061,0.1503760878,0.1490651187,0.1475204903,0.1457251675,0.1436569958,0.1412867909,0.1385754528,0.1354691009,0.1318908585,0.1277255858,0.1227885741,0.1167521851,0.1089323381,0.09737082321,0.05298782185
194400,0.1538654939,0.1537702619,0.1534838611,0.1530040924,0.1523270985,0.1514473348,0.1503571572,0.1490464758,0.1475021839,0.1457072488,0.1436395195,0.1412698157,0.1385590433,0.1354533296,0.131875809,0.1277113586,0.1227752964,0.1167400315,0.10892158,0.09736200351,0.05298609553
194460,0.153845796,0.1537505853,0.1534642485,0.1529845869,0.1523077436,0.151428175,0.1503382379,0.1490278439,0.1474838882,0.1456893408,0.1436220535,0.1412528505,0.1385426434,0.1354375674,0.1318607681,0.1276971395,0.1227620263,0.1167278847,0.1089108278,0.0973531886,0.05298437085
194520,0.1538261099,0.1537309205,0.1534446477,0.152965093,0.1522884004,0.1514090266,0.1503193298,0.1490092231,0.1474656034,0.1456714432,0.1436045977,0.1412358952,0.1385262531,0.1354218144,0.1318457359,0.1276829285,0.1227487637,0.1167157447,0.1089000816,0.09734437847,0.05298264783
194580,0.1538064356,0.1537112674,0.1534250586,0.1529456108,0.1522690686,0.1513898896,0.150300433,0.1489906133,0.1474473294,0.1456535563,0.1435871522,0.1412189499,0.1385098724,0.1354060705,0.1318307124,0.1276687257,0.1227355087,0.1167036115,0.1088893413,0.09733557313,0.05298092647
194640,0.153786773,0.1536916261,0.1534054812,0.1529261403,0.1522497484,0.151370764,0.1502815474,0.1489720145,0.1474290662,0.1456356798,0.143569717,0.1412020145,0.1384935011,0.1353903357,0.1318156976,0.1276545311,0.1227222611,0.1166914852,0.108878607,0.09732677256,0.05297920675
194700,0.1537671221,0.1536719965,0.1533859154,0.1529066813,0.1522304397,0.1513516498,0.150262673,0.1489534268,0.1474108139,0.145617814,0.143552292,0.141185089,0.1384771395,0.1353746101,0.1318006914,0.1276403445,0.1227090211,0.1166793656,0.1088678787,0.09731797676,0.05297748867
194760,0.153747483,0.1536523787,0.1533663614,0.152887234,0.1522111425,0.151332547,0.1502438099,0.1489348501,0.1473925723,0.1455999586,0.1435348772,0.1411681734,0.1384607873,0.1353588936,0.1317856939,0.127626166,0.1226957886,0.1166672529,0.1088571562,0.09730918573,0.05297577225
194820,0.1537278557,0.1536327725,0.153346819,0.1528677982,0.1521918567,0.1513134555,0.1502249579,0.1489162844,0.1473743415,0.1455821138,0.1435174726,0.1411512677,0.1384444447,0.1353431862,0.131770705,0.1276119957,0.1226825636,0.1166551469,0.1088464397,0.09730039947,0.05297405746
194880,0.15370824,0.153613178,0.1533272883,0.152848374,0.1521725825,0.1512943753,0.1502061171,0.1488977297,0.1473561214,0.1455642795,0.1435000783,0.1411343719,0.1384281116,0.1353274878,0.1317557247,0.1275978335,0.1226693461,0.1166430478,0.1088357292,0.09729161796,0.05297234432
194940,0.153688636,0.1535935953,0.1533077692,0.1528289614,0.1521533197,0.1512753065,0.1501872875,0.1488791859,0.1473379121,0.1455464556,0.1434826942,0.1411174859,0.138411788,0.1353117986,0.131740753,0.1275836793,0.1226561361,0.1166309554,0.1088250245,0.09728284121,0.05297063281
195000,0.1536690437,0.1535740242,0.1532882617,0.1528095604,0.1521340684,0.151256249,0.1501684691,0.1488606532,0.1473197136,0.1455286423,0.1434653203,0.1411006099,0.1383954739,0.1352961184,0.1317257899,0.1275695332,0.1226429335,0.1166188698,0.1088143258,0.09727406921,0.05296892294
195060,0.1536494631,0.1535544647,0.1532687659,0.1527901709,0.1521148285,0.1512372028,0.1501496618,0.1488421314,0.1473015258,0.1455108394,0.1434479565,0.1410837436,0.1383791693,0.1352804473,0.1317108355,0.1275553952,0.1226297384,0.1166067909,0.1088036329,0.09726530196,0.05296721471
195120,0.1536298942,0.1535349169,0.1532492816,0.1527707929,0.1520956001,0.151218168,0.1501308656,0.1488236205,0.1472833487,0.1454930471,0.143430603,0.1410668872,0.1383628741,0.1352647853,0.1316958896,0.1275412653,0.1226165508,0.1165947189,0.108792946,0.09725653944,0.0529655081
195180,0.1536103369,0.1535153808,0.153229809,0.1527514264,0.152076383,0.1511991444,0.1501120806,0.1488051206,0.1472651823,0.1454752651,0.1434132596,0.1410500407,0.1383465884,0.1352491323,0.1316809524,0.1275271434,0.1226033707,0.1165826536,0.108782265,0.09724778167,0.05296380313
195240,0.1535907912,0.1534958563,0.1532103479,0.1527320715,0.1520571774,0.1511801321,0.1500933067,0.1487866316,0.1472470267,0.1454574936,0.1433959263,0.141033204,0.1383303122,0.1352334884,0.1316660237,0.1275130296,0.122590198,0.116570595,0.1087715898,0.09723902863,0.05296209978
195300,0.1535712572,0.1534763433,0.1531908984,0.1527127281,0.1520379832,0.1511611311,0.1500745439,0.1487681536,0.1472288817,0.1454397326,0.1433786032,0.1410163771,0.1383140454,0.1352178535,0.1316511035,0.1274989238,0.1225770327,0.1165585432,0.1087609206,0.09723028031,0.05296039806
195360,0.1535517348,0.153456842,0.1531714605,0.1526933961,0.1520188004,0.1511421413,0.1500557922,0.1487496864,0.1472107474,0.145421982,0.1433612903,0.14099956,0.1382977881,0.1352022276,0.131636192,0.1274848261,0.1225638749,0.1165464981,0.1087502572,0.09722153672,0.05295869796
195420,0.153532224,0.1534373523,0.1531520341,0.1526740757,0.1519996289,0.1511231628,0.1500370516,0.1487312302,0.1471926238,0.1454042418,0.1433439874,0.1409827527,0.1382815402,0.1351866107,0.131621289,0.1274707364,0.1225507245,0.1165344597,0.1087395997,0.09721279785,0.05295699948
195480,0.1535127248,0.1534178742,0.1531326193,0.1526547667,0.1519804689,0.1511041955,0.1500183221,0.1487127848,0.1471745109,0.145386512,0.1433266947,0.1409659552,0.1382653017,0.1351710029,0.1316063945,0.1274566547,0.1225375816,0.1165224281,0.1087289481,0.0972040637,0.05295530263
195540,0.1534932372,0.1533984076,0.153113216,0.1526354691,0.1519613202,0.1510852395,0.1499996036,0.1486943503,0.1471564086,0.1453687926,0.1433094121,0.1409491675,0.1382490726,0.135155404,0.1315915086,0.1274425811,0.122524446,0.1165104032,0.1087183023,0.09719533426,0.05295360738
195600,0.1534737612,0.1533789527,0.1530938242,0.152616183,0.1519421828,0.1510662946,0.1499808962,0.1486759266,0.1471383169,0.1453510836,0.1432921396,0.1409323895,0.138232853,0.1351398142,0.1315766312,0.1274285154,0.1225113179,0.116498385,0.1087076624,0.09718660952,0.05295191376
195660,0.1534542967,0.1533595092,0.1530744439,0.1525969084,0.1519230567,0.151047361,0.1499621998,0.1486575139,0.1471202359,0.145333385,0.1432748771,0.1409156213,0.1382166427,0.1351242333,0.1315617623,0.1274144577,0.1224981972,0.1164863735,0.1086970284,0.09717788949,0.05295022174
195720,0.1534348438,0.1533400773,0.1530550752,0.1525776451,0.151903942,0.1510284385,0.1499435145,0.1486391119,0.1471021655,0.1453156967,0.1432576248,0.1408988629,0.1382004418,0.1351086614,0.1315469019,0.1274004081,0.1224850838,0.1164743687,0.1086864002,0.09716917415,0.05294853134
195780,0.1534154024,0.1533206569,0.1530357178,0.1525583933,0.1518848386,0.1510095273,0.1499248402,0.1486207208,0.1470841057,0.1452980188,0.1432403825,0.1408821142,0.1381842503,0.1350930984,0.1315320501,0.1273863664,0.1224719779,0.1164623706,0.1086757779,0.09716046352,0.05294684254
195840,0.1533959726,0.153301248,0.153016372,0.1525391529,0.1518657465,0.1509906272,0.1499061769,0.1486023405,0.1470660565,0.1452803512,0.1432231503,0.1408653752,0.1381680681,0.1350775444,0.1315172067,0.1273723327,0.1224588793,0.1164503791,0.1086651614,0.09715175757,0.05294515535
195900,0.1533765542,0.1532818507,0.1529970376,0.1525199238,0.1518466657,0.1509717382,0.1498875246,0.1485839711,0.1470480179,0.145262694,0.1432059281,0.1408486459,0.1381518953,0.1350619994,0.1315023718,0.1273583069,0.1224457881,0.1164383944,0.1086545507,0.0971430563,0.05294346977
195960,0.1533571474,0.1532624648,0.1529777147,0.1525007062,0.1518275961,0.1509528605,0.1498688833,0.1485656124,0.1470299899,0.1452450471,0.143188716,0.1408319264,0.1381357319,0.1350464633,0.1314875454,0.1273442891,0.1224327043,0.1164264163,0.1086439458,0.09713435972,0.05294178578
196020,0.1533377521,0.1532430904,0.1529584032,0.1524814999,0.1518085379,0.1509339938,0.149850253,0.1485472645,0.1470119725,0.1452274105,0.1431715139,0.1408152166,0.1381195778,0.1350309361,0.1314727275,0.1273302793,0.1224196278,0.1164144449,0.1086333468,0.09712566782,0.0529401034
196080,0.1533183682,0.1532237275,0.1529391032,0.1524623049,0.1517894909,0.1509151383,0.1498316336,0.1485289274,0.1469939656,0.1452097842,0.1431543218,0.1407985165,0.138103433,0.1350154179,0.131457918,0.1273162774,0.1224065587,0.1164024802,0.1086227536,0.09711698059,0.05293842261
196140,0.1532989958,0.153204376,0.1529198145,0.1524431213,0.1517704551,0.1508962939,0.1498130252,0.1485106011,0.1469759692,0.1451921683,0.1431371397,0.140781826,0.1380872975,0.1349999086,0.131443117,0.1273022835,0.1223934969,0.1163905221,0.1086121662,0.09710829802,0.05293674342
196200,0.1532796349,0.153185036,0.1529005373,0.1524239491,0.1517514306,0.1508774606,0.1497944278,0.1484922855,0.1469579835,0.1451745626,0.1431199676,0.1407651452,0.1380711714,0.1349844081,0.1314283245,0.1272882975,0.1223804425,0.1163785707,0.1086015846,0.09709962012,0.05293506582
196260,0.1532602854,0.1531657074,0.1528812714,0.1524047882,0.1517324172,0.1508586384,0.1497758413,0.1484739807,0.1469400082,0.1451569672,0.1431028055,0.1407484741,0.1380550546,0.1349689166,0.1314135404,0.1272743194,0.1223673954,0.1163666259,0.1085910088,0.09709094689,0.05293338982
196320,0.1532409474,0.1531463902,0.152862017,0.1523856385,0.1517134151,0.1508398273,0.1497572657,0.1484556866,0.1469220434,0.145139382,0.1430856534,0.1407318127,0.138038947,0.134953434,0.1313987647,0.1272603492,0.1223543557,0.1163546878,0.1085804388,0.09708227831,0.0529317154
196380,0.1532216208,0.1531270845,0.1528427739,0.1523665002,0.1516944243,0.1508210273,0.149738701,0.1484374033,0.1469040892,0.1451218071,0.1430685113,0.1407151609,0.1380228488,0.1349379602,0.1313839974,0.1272463869,0.1223413232,0.1163427563,0.1085698746,0.09707361438,0.05293004257
196440,0.1532023056,0.1531077901,0.1528235422,0.1523473732,0.1516754445,0.1508022383,0.1497201473,0.1484191306,0.1468861455,0.1451042425,0.1430513791,0.1406985187,0.1380067598,0.1349224953,0.1313692386,0.1272324326,0.1223282981,0.1163308314,0.1085593162,0.09706495509,0.05292837133
196500,0.1531830019,0.1530885072,0.1528043218,0.1523282574,0.151656476,0.1507834604,0.1497016044,0.1484008687,0.1468682122,0.1450866881,0.1430342569,0.1406818862,0.1379906801,0.1349070393,0.1313544881,0.1272184861,0.1223152803,0.1163189131,0.1085487635,0.09705630046,0.05292670167
196560,0.1531637095,0.1530692356,0.1527851128,0.1523091529,0.1516375187,0.1507646935,0.1496830724,0.1483826175,0.1468502894,0.1450691439,0.1430171446,0.1406652633,0.1379746096,0.1348915921,0.1313397461,0.1272045475,0.1223022698,0.1163070014,0.1085382167,0.09704765046,0.05292503359
196620,0.1531444285,0.1530499754,0.152765915,0.1522900597,0.1516185725,0.1507459377,0.1496645513,0.1483643769,0.1468323771,0.14505161,0.1430000423,0.14064865,0.1379585484,0.1348761538,0.1313250125,0.1271906168,0.1222892665,0.1162950964,0.1085276756,0.09703900509,0.05292336709
196680,0.1531251588,0.1530307266,0.1527467286,0.1522709777,0.1515996374,0.1507271928,0.1496460411,0.1483461471,0.1468144753,0.1450340862,0.1429829498,0.1406320463,0.1379424965,0.1348607243,0.1313102872,0.127176694,0.1222762706,0.1162831979,0.1085171402,0.09703036436,0.05292170216
196740,0.1531059006,0.1530114891,0.1527275536,0.152251907,0.1515807135,0.150708459,0.1496275417,0.1483279279,0.1467965839,0.1450165727,0.1429658673,0.1406154522,0.1379264538,0.1348453037,0.1312955703,0.127162779,0.1222632819,0.1162713061,0.1085066107,0.09702172825,0.05292003881
196800,0.1530866537,0.1529922629,0.1527083898,0.1522328475,0.1515618007,0.1506897362,0.1496090531,0.1483097193,0.146778703,0.1449990693,0.1429487947,0.1405988677,0.1379104203,0.1348298919,0.1312808618,0.1271488719,0.1222503005,0.1162594208,0.1084960868,0.09701309677,0.05291837704
196860,0.1530674181,0.1529730481,0.1526892372,0.1522137992,0.1515428991,0.1506710244,0.1495905754,0.1482915214,0.1467608324,0.1449815761,0.142931732,0.1405822928,0.137894396,0.1348144888,0.1312661616,0.1271349726,0.1222373264,0.1162475421,0.1084855688,0.09700446991,0.05291671683
196920,0.1530481938,0.1529538445,0.152670096,0.1521947621,0.1515240085,0.1506523235,0.1495721085,0.1482733342,0.1467429723,0.1449640931,0.1429146792,0.1405657274,0.1378783809,0.1347990946,0.1312514698,0.1271210812,0.1222243595,0.11623567,0.1084750564,0.09699584766,0.05291505819
196980,0.1530289809,0.1529346523,0.152650966,0.1521757362,0.151505129,0.1506336336,0.1495536525,0.1482551575,0.1467251226,0.1449466203,0.1428976363,0.1405491716,0.137862375,0.1347837092,0.1312367864,0.1271071976,0.1222113999,0.1162238045,0.1084645498,0.09698723001,0.05291340112
197040,0.1530097793,0.1529154714,0.1526318473,0.1521567214,0.1514862606,0.1506149547,0.1495352072,0.1482369915,0.1467072833,0.1449291576,0.1428806032,0.1405326253,0.1378463784,0.1347683326,0.1312221113,0.1270933219,0.1221984475,0.1162119455,0.108454049,0.09697861698,0.05291174562
197100,0.152990589,0.1528963018,0.1526127398,0.1521377179,0.1514674033,0.1505962867,0.1495167727,0.1482188361,0.1466894544,0.144911705,0.14286358,0.1405160886,0.1378303908,0.1347529647,0.1312074445,0.1270794539,0.1221855024,0.1162000931,0.1084435538,0.09697000855,0.05291009167
197160,0.1529714099,0.1528771434,0.1525936436,0.1521187255,0.1514485571,0.1505776297,0.149498349,0.1482006913,0.1466716359,0.1448942626,0.1428465666,0.1404995614,0.1378144125,0.1347376057,0.131192786,0.1270655938,0.1221725645,0.1161882472,0.1084330644,0.09696140471,0.05290843929
197220,0.1529522421,0.1528579963,0.1525745585,0.1520997442,0.1514297219,0.1505589835,0.149479936,0.148182557,0.1466538277,0.1448768302,0.142829563,0.1404830437,0.1377984433,0.1347222553,0.1311781359,0.1270517415,0.1221596338,0.1161764079,0.1084225807,0.09695280547,0.05290678847
197280,0.1529330856,0.1528388604,0.1525554847,0.1520807741,0.1514108977,0.1505403483,0.1494615339,0.1481644334,0.1466360299,0.144859408,0.1428125693,0.1404665355,0.1377824833,0.1347069138,0.131163494,0.127037897,0.1221467103,0.1161645751,0.1084121027,0.09694421081,0.0529051392
197340,0.1529139404,0.1528197358,0.1525364221,0.1520618151,0.1513920846,0.150521724,0.1494431424,0.1481463203,0.1466182425,0.1448419959,0.1427955855,0.1404500369,0.1377665325,0.134691581,0.1311488605,0.1270240603,0.1221337941,0.1161527488,0.1084016305,0.09693562075,0.05290349148
197400,0.1528948064,0.1528006224,0.1525173706,0.1520428673,0.1513732825,0.1505031106,0.1494247617,0.1481282177,0.1466004653,0.1448245939,0.1427786114,0.1404335477,0.1377505907,0.1346762569,0.1311342352,0.1270102313,0.122120885,0.1161409291,0.1083911639,0.09692703526,0.05290184532
197460,0.1528756836,0.1527815202,0.1524983303,0.1520239305,0.1513544914,0.1504845081,0.1494063918,0.1481101257,0.1465826986,0.144807202,0.1427616471,0.140417068,0.1377346581,0.1346609415,0.1311196182,0.1269964101,0.1221079832,0.1161291159,0.108380703,0.09691845435,0.05290020071
197520,0.152856572,0.1527624292,0.1524793012,0.1520050049,0.1513357113,0.1504659165,0.1493880325,0.1480920443,0.1465649421,0.1447898202,0.1427446926,0.1404005978,0.1377187347,0.1346456349,0.1311050095,0.1269825967,0.1220950885,0.1161173092,0.1083702478,0.09690987801,0.05289855765
197580,0.1528374717,0.1527433495,0.1524602833,0.1519860903,0.1513169422,0.1504473357,0.149369684,0.1480739733,0.1465471959,0.1447724484,0.1427277479,0.140384137,0.1377028203,0.134630337,0.1310904091,0.1269687911,0.122082201,0.116105509,0.1083597983,0.09690130624,0.05289691613
197640,0.1528183825,0.1527242809,0.1524412765,0.1519671868,0.151298184,0.1504287657,0.1493513462,0.1480559129,0.1465294601,0.1447550866,0.142710813,0.1403676858,0.137686915,0.1346150478,0.1310758169,0.1269549932,0.1220693207,0.1160937154,0.1083493544,0.09689273904,0.05289527616
197700,0.1527993045,0.1527052235,0.1524222808,0.1519482943,0.1512794369,0.1504102066,0.149333019,0.148037863,0.1465117345,0.1447377349,0.1426938878,0.1403512439,0.1376710188,0.1345997673,0.131061233,0.1269412031,0.1220564476,0.1160819282,0.1083389163,0.0968841764,0.05289363773
197760,0.1527802377,0.1526861772,0.1524032962,0.1519294129,0.1512607006,0.1503916584,0.1493147025,0.1480198235,0.1464940192,0.1447203933,0.1426769724,0.1403348115,0.1376551318,0.1345844955,0.1310466573,0.1269274207,0.1220435816,0.1160701475,0.1083284838,0.09687561831,0.05289200084
197820,0.1527611821,0.1526671421,0.1523843228,0.1519105426,0.1512419754,0.1503731209,0.1492963967,0.1480017946,0.1464763142,0.1447030616,0.1426600667,0.1403183885,0.1376392537,0.1345692323,0.1310320898,0.126913646,0.1220307228,0.1160583733,0.108318057,0.09686706478,0.05289036549
197880,0.1527421376,0.1526481181,0.1523653604,0.1518916833,0.151223261,0.1503545943,0.1492781016,0.1479837761,0.1464586194,0.14468574,0.1426431708,0.140301975,0.1376233848,0.1345539779,0.1310175306,0.1268998791,0.1220178712,0.1160466056,0.1083076358,0.09685851579,0.05288873167
197940,0.1527231043,0.1526291053,0.1523464092,0.151872835,0.1512045576,0.1503360784,0.1492598171,0.1479657681,0.1464409349,0.1446684284,0.1426262846,0.1402855709,0.1376075249,0.1345387321,0.1310029796,0.1268861199,0.1220050267,0.1160348443,0.1082972203,0.09684997135,0.05288709939
198000,0.1527040821,0.1526101036,0.152327469,0.1518539977,0.1511858651,0.1503175734,0.1492415432,0.1479477706,0.1464232606,0.1446511268,0.1426094081,0.1402691761,0.1375916741,0.1345234949,0.1309884368,0.1268723683,0.1219921893,0.1160230895,0.1082868104,0.09684143144,0.05288546864
198060,0.152685071,0.152591113,0.1523085399,0.1518351714,0.1511671835,0.1502990791,0.14922328,0.1479297834,0.1464055966,0.1446338351,0.1425925414,0.1402527908,0.1375758323,0.1345082664,0.1309739022,0.1268586245,0.1219793591,0.1160113412,0.1082764062,0.09683289608,0.05288383943
198120,0.1526660711,0.1525721334,0.1522896218,0.1518163561,0.1511485128,0.1502805956,0.1492050273,0.1479118068,0.1463879428,0.1446165535,0.1425756843,0.1402364148,0.1375599995,0.1344930466,0.1309593758,0.1268448884,0.1219665359,0.1159995994,0.1082660076,0.09682436524,0.05288221174
198180,0.1526470822,0.152553165,0.1522707148,0.1517975518,0.151129853,0.1502621229,0.1491867853,0.1478938405,0.1463702991,0.1445992818,0.1425588369,0.1402200483,0.1375441758,0.1344778354,0.1309448576,0.12683116,0.1219537199,0.1159878639,0.1082556147,0.09681583894,0.05288058557
198240,0.1526281044,0.1525342077,0.1522518188,0.1517787584,0.1511112041,0.1502436609,0.1491685539,0.1478758847,0.1463526657,0.14458202,0.1425419992,0.140203691,0.1375283611,0.1344626328,0.1309303476,0.1268174393,0.121940911,0.115976135,0.1082452274,0.09680731715,0.05287896093
198300,0.1526091378,0.1525152614,0.1522329339,0.151759976,0.151092566,0.1502252096,0.149150333,0.1478579392,0.1463350425,0.1445647682,0.1425251711,0.1401873432,0.1375125554,0.1344474388,0.1309158458,0.1268037262,0.1219281093,0.1159644124,0.1082348457,0.09679879989,0.05287733782
198360,0.1525901821,0.1524963262,0.1522140599,0.1517412046,0.1510739387,0.1502067691,0.1491321228,0.1478400042,0.1463174295,0.1445475264,0.1425083528,0.1401710047,0.1374967587,0.1344322534,0.1309013521,0.1267900208,0.1219153146,0.1159526963,0.1082244696,0.09679028714,0.05287571622
198420,0.1525712376,0.152477402,0.152195197,0.1517224441,0.1510553223,0.1501883393,0.1491139231,0.1478220795,0.1462998266,0.1445302945,0.142491544,0.1401546755,0.137480971,0.1344170766,0.1308868666,0.1267763231,0.121902527,0.1159409867,0.1082140991,0.09678177891,0.05287409614
198480,0.1525523041,0.1524584889,0.1521763451,0.1517036945,0.1510367168,0.1501699202,0.1490957339,0.1478041652,0.1462822339,0.1445130725,0.142474745,0.1401383557,0.1374651923,0.1344019084,0.1308723892,0.126762633,0.1218897465,0.1159292834,0.1082037343,0.09677327518,0.05287247758
198540,0.1525333816,0.1524395867,0.1521575041,0.1516849558,0.151018122,0.1501515118,0.1490775553,0.1477862613,0.1462646514,0.1444958604,0.1424579555,0.1401220452,0.1374494225,0.1343867488,0.13085792,0.1267489506,0.1218769731,0.1159175866,0.108193375,0.09676477595,0.05287086053
198600,0.1525144701,0.1524206956,0.1521386741,0.151666228,0.1509995381,0.1501331141,0.1490593872,0.1477683677,0.146247079,0.1444786582,0.1424411757,0.140105744,0.1374336617,0.1343715978,0.1308434589,0.1267352758,0.1218642067,0.1159058961,0.1081830214,0.09675628123,0.052869245
198660,0.1524955697,0.1524018155,0.1521198551,0.1516475112,0.150980965,0.150114727,0.1490412297,0.1477504845,0.1462295167,0.1444614659,0.1424244055,0.1400894522,0.1374179099,0.1343564553,0.130829006,0.1267216086,0.1218514474,0.1158942121,0.1081726733,0.096747791,0.05286763097
198720,0.1524766803,0.1523829464,0.1521010471,0.1516288052,0.1509624026,0.1500963506,0.1490230827,0.1477326116,0.1462119645,0.1444442835,0.1424076449,0.1400731696,0.137402167,0.1343413214,0.1308145611,0.1267079491,0.1218386952,0.1158825345,0.1081623308,0.09673930526,0.05286601846
198780,0.1524578018,0.1523640883,0.1520822499,0.1516101101,0.150943851,0.1500779849,0.1490049461,0.147714749,0.1461944225,0.1444271109,0.1423908939,0.1400568963,0.1373864331,0.1343261961,0.1308001244,0.1266942972,0.12182595,0.1158708632,0.1081519939,0.09673082401,0.05286440745
198840,0.1524389344,0.1523452411,0.1520634637,0.1515914258,0.1509253102,0.1500596298,0.1489868201,0.1476968968,0.1461768906,0.1444099482,0.1423741525,0.1400406323,0.1373707081,0.1343110793,0.1307856958,0.1266806529,0.1218132119,0.1158591984,0.1081416626,0.09672234724,0.05286279794
198900,0.1524200779,0.1523264049,0.1520446885,0.1515727524,0.1509067802,0.1500412854,0.1489687046,0.1476790548,0.1461593687,0.1443927954,0.1423574207,0.1400243775,0.137354992,0.134295971,0.1307712753,0.1266670162,0.1218004808,0.1158475399,0.1081313369,0.09671387495,0.05286118994
198960,0.1524012324,0.1523075797,0.1520259241,0.1515540898,0.1508882609,0.1500229516,0.1489505995,0.1476612232,0.146141857,0.1443756524,0.1423406984,0.140008132,0.1373392848,0.1342808712,0.1307568628,0.126653387,0.1217877567,0.1158358878,0.1081210167,0.09670540714,0.05285958344
199020,0.1523823978,0.1522887654,0.1520071706,0.1515354381,0.1508697523,0.1500046284,0.1489325049,0.1476434018,0.1461243553,0.1443585193,0.1423239857,0.1399918958,0.1373235866,0.13426578,0.1307424585,0.1266397655,0.1217750397,0.115824242,0.1081107021,0.0966969438,0.05285797844
199080,0.1523635742,0.152269962,0.1519884281,0.1515167972,0.1508512545,0.1499863158,0.1489144207,0.1476255907,0.1461068637,0.1443413959,0.1423072826,0.1399756688,0.1373078972,0.1342506973,0.1307280622,0.1266261516,0.1217623296,0.1158126027,0.108100393,0.09668848492,0.05285637494
199140,0.1523447615,0.1522511695,0.1519696964,0.1514981671,0.1508327674,0.1499680138,0.148896347,0.1476077899,0.1460893821,0.1443242824,0.142290589,0.1399594511,0.1372922167,0.1342356231,0.130713674,0.1266125452,0.1217496266,0.1158009696,0.1080900895,0.09668003051,0.05285477293
199200,0.1523259598,0.152232388,0.1519509755,0.1514795478,0.150814291,0.1499497223,0.1488782838,0.1475899993,0.1460719106,0.1443071787,0.1422739049,0.1399432426,0.1372765451,0.1342205574,0.1306992939,0.1265989465,0.1217369306,0.115789343,0.1080797916,0.09667158056,0.05285317241
199260,0.1523071689,0.1522136173,0.1519322656,0.1514609393,0.1507958253,0.1499314415,0.1488602309,0.147572219,0.1460544492,0.1442900848,0.1422572304,0.1399270433,0.1372608824,0.1342055001,0.1306849218,0.1265853552,0.1217242417,0.1157777227,0.1080694992,0.09666313507,0.05285157338
199320,0.152288389,0.1521948575,0.1519135664,0.1514423416,0.1507773702,0.1499131712,0.1488421885,0.1475544489,0.1460369977,0.1442730007,0.1422405653,0.1399108532,0.1372452286,0.1341904514,0.1306705577,0.1265717716,0.1217115597,0.1157661087,0.1080592123,0.09665469403,0.05284997585
199380,0.1522696199,0.1521761086,0.1518948782,0.1514237547,0.1507589259,0.1498949115,0.1488241564,0.147536689,0.1460195563,0.1442559264,0.1422239098,0.1398946723,0.1372295836,0.1341754111,0.1306562017,0.1265581954,0.1216988846,0.115754501,0.1080489309,0.09664625743,0.0528483798
199440,0.1522508617,0.1521573706,0.1518762007,0.1514051785,0.1507404922,0.1498766623,0.1488061348,0.1475189394,0.1460021249,0.1442388618,0.1422072638,0.1398785006,0.1372139474,0.1341603793,0.1306418537,0.1265446269,0.1216862166,0.1157428997,0.1080386551,0.09663782528,0.05284678523
199500,0.1522321144,0.1521386435,0.1518575341,0.151386613,0.1507220692,0.1498584237,0.1487881236,0.1475011999,0.1459847035,0.144221807,0.1421906273,0.1398623381,0.1371983201,0.1341453559,0.1306275138,0.1265310658,0.1216735556,0.1157313047,0.1080283848,0.09662939757,0.05284519215
199560,0.1522133779,0.1521199271,0.1518388782,0.1513680583,0.1507036568,0.1498401955,0.1487701227,0.1474834707,0.1459672921,0.144204762,0.1421740002,0.1398461847,0.1371827017,0.134130341,0.1306131818,0.1265175123,0.1216609015,0.115719716,0.10801812,0.09662097429,0.05284360056
199620,0.1521946523,0.1521012216,0.1518202332,0.1513495144,0.1506852551,0.1498219779,0.1487521322,0.1474657516,0.1459498906,0.1441877267,0.1421573827,0.1398300406,0.137167092,0.1341153345,0.1305988579,0.1265039663,0.1216482543,0.1157081336,0.1080078608,0.09661255544,0.05284201044
199680,0.1521759376,0.152082527,0.1518015989,0.1513309811,0.1506668639,0.1498037708,0.148734152,0.1474480428,0.1459324991,0.1441707011,0.1421407746,0.1398139056,0.1371514912,0.1341003365,0.130584542,0.1264904278,0.1216356142,0.1156965575,0.107997607,0.09660414103,0.0528404218
199740,0.1521572336,0.1520638431,0.1517829754,0.1513124586,0.1506484834,0.1497855742,0.1487161822,0.1474303441,0.1459151176,0.1441536852,0.1421241759,0.1397977797,0.1371358992,0.1340853469,0.130570234,0.1264768968,0.1216229809,0.1156849877,0.1079873588,0.09659573103,0.05283883463
199800,0.1521385405,0.1520451701,0.1517643627,0.1512939467,0.1506301135,0.1497673881,0.1486982228,0.1474126555,0.1458977461,0.1441366791,0.1421075867,0.139781663,0.1371203159,0.1340703657,0.1305559341,0.1264633733,0.1216103547,0.1156734242,0.107977116,0.09658732546,0.05283724894
199860,0.1521198582,0.1520265078,0.1517457608,0.1512754456,0.1506117542,0.1497492124,0.1486802736,0.1473949771,0.1458803845,0.1441196827,0.1420910069,0.1397655554,0.1371047415,0.1340553929,0.1305416421,0.1264498573,0.1215977353,0.115661867,0.1079668787,0.0965789243,0.05283566472
199920,0.1521011867,0.1520078564,0.1517271695,0.1512569551,0.1505934055,0.1497310473,0.1486623348,0.1473773088,0.1458630328,0.1441026959,0.1420744366,0.1397494569,0.1370891759,0.1340404285,0.1305273581,0.1264363488,0.1215851229,0.1156503161,0.1079566469,0.09657052756,0.05283408197
199980,0.152082526,0.1519892157,0.151708589,0.1512384753,0.1505750674,0.1497128925,0.1486444063,0.1473596507,0.145845691,0.1440857189,0.1420578757,0.1397333676,0.137073619,0.1340254725,0.1305130821,0.1264228478,0.1215725174,0.1156387715,0.1079464206,0.09656213522,0.05283250069
200040,0.152063876,0.1519705858,0.1516900193,0.1512200061,0.1505567398,0.1496947482,0.148626488,0.1473420027,0.1458283592,0.1440687515,0.1420413241,0.1397172873,0.1370580709,0.1340105249,0.130498814,0.1264093543,0.1215599189,0.1156272331,0.1079361998,0.09655374729,0.05283092088
200100,0.1520452368,0.1519519666,0.1516714602,0.1512015476,0.1505384228,0.1496766144,0.1486085801,0.1473243648,0.1458110372,0.1440517938,0.142024782,0.1397012162,0.1370425315,0.1339955856,0.1304845539,0.1263958682,0.1215473272,0.115615701,0.1079259845,0.09654536376,0.05282934253
200160,0.1520266084,0.1519333582,0.1516529119,0.1511830997,0.1505201163,0.149658491,0.1485906825,0.147306737,0.1457937252,0.1440348458,0.1420082493,0.1396851541,0.1370270009,0.1339806548,0.1304703017,0.1263823895,0.1215347424,0.1156041751,0.1079157746,0.09653698463,0.05282776564
200220,0.1520079907,0.1519147605,0.1516343743,0.1511646625,0.1505018203,0.149640378,0.1485727951,0.1472891193,0.145776423,0.1440179074,0.141991726,0.1396691011,0.1370114791,0.1339657322,0.1304560574,0.1263689184,0.1215221646,0.1155926555,0.1079055702,0.09652860988,0.05282619021
200280,0.1519893838,0.1518961735,0.1516158473,0.1511462359,0.1504835349,0.1496222753,0.1485549179,0.1472715117,0.1457591308,0.1440009787,0.141975212,0.1396530572,0.136995966,0.1339508181,0.1304418211,0.1263554546,0.1215095936,0.1155811422,0.1078953712,0.09652023953,0.05282461625
200340,0.1519707876,0.1518775972,0.151597331,0.1511278199,0.15046526,0.1496041831,0.148537051,0.1472539141,0.1457418484,0.1439840596,0.1419587074,0.1396370224,0.1369804616,0.1339359123,0.1304275927,0.1263419983,0.1214970295,0.115569635,0.1078851777,0.09651187356,0.05282304374
200400,0.151952202,0.1518590317,0.1515788254,0.1511094144,0.1504469956,0.1495861013,0.1485191944,0.1472363266,0.1457245758,0.1439671501,0.1419422121,0.1396209966,0.1369649659,0.1339210148,0.1304133722,0.1263285495,0.1214844723,0.1155581342,0.1078749896,0.09650351197,0.05282147268
200460,0.1519336273,0.1518404768,0.1515603304,0.1510910196,0.1504287417,0.1495680299,0.148501348,0.1472187492,0.1457073131,0.1439502502,0.1419257262,0.1396049799,0.1369494789,0.1339061257,0.1303991596,0.126315108,0.121471922,0.1155466395,0.107864807,0.09649515476,0.05281990308
200520,0.1519150631,0.1518219326,0.1515418461,0.1510726353,0.1504104983,0.1495499688,0.1484835118,0.1472011818,0.1456900603,0.1439333599,0.1419092497,0.1395889722,0.1369340006,0.1338912449,0.1303849549,0.126301674,0.1214593786,0.1155351511,0.1078546298,0.09648680193,0.05281833493
200580,0.1518965097,0.1518033991,0.1515233724,0.1510542617,0.1503922653,0.1495319181,0.1484656858,0.1471836245,0.1456728172,0.1439164793,0.1418927825,0.1395729735,0.1369185311,0.1338763724,0.1303707581,0.1262882474,0.121446842,0.1155236689,0.1078444581,0.09647845346,0.05281676823
200640,0.151877967,0.1517848762,0.1515049093,0.1510358985,0.1503740429,0.1495138777,0.14844787,0.1471660771,0.145655584,0.1438996082,0.1418763246,0.1395569839,0.1369030702,0.1338615082,0.1303565691,0.1262748282,0.1214343122,0.1155121929,0.1078342918,0.09647010936,0.05281520298
200700,0.1518594349,0.151766364,0.1514864568,0.1510175459,0.1503558308,0.1494958476,0.1484300644,0.1471485398,0.1456383606,0.1438827467,0.141859876,0.1395410033,0.136887618,0.1338466523,0.1303423881,0.1262614163,0.1214217893,0.1155007231,0.1078241309,0.09646176962,0.05281363917
200760,0.1518409135,0.1517478625,0.1514680149,0.1509992039,0.1503376292,0.1494778279,0.148412269,0.1471310125,0.145621147,0.1438658947,0.1418434367,0.1395250316,0.1368721744,0.1338318047,0.1303282149,0.1262480119,0.1214092733,0.1154892595,0.1078139754,0.09645343423,0.05281207681
200820,0.1518224027,0.1517293716,0.1514495837,0.1509808724,0.1503194381,0.1494598185,0.1483944837,0.1471134952,0.1456039432,0.1438490524,0.1418270067,0.139509069,0.1368567395,0.1338169653,0.1303140496,0.1262346149,0.1213967641,0.1154778021,0.1078038253,0.09644510321,0.05281051589
200880,0.1518039026,0.1517108913,0.151431163,0.1509625514,0.1503012574,0.1494418194,0.1483767087,0.1470959879,0.1455867492,0.1438322195,0.141810586,0.1394931154,0.1368413133,0.1338021343,0.1302998921,0.1262212252,0.1213842617,0.1154663509,0.1077936807,0.09643677653,0.0528089564
200940,0.151785413,0.1516924216,0.1514127529,0.1509442409,0.1502830871,0.1494238306,0.1483589437,0.1470784905,0.145569565,0.1438153963,0.1417941746,0.1394771707,0.1368258957,0.1337873115,0.1302857425,0.1262078429,0.1213717661,0.1154549059,0.1077835414,0.0964284542,0.05280739836
201000,0.1517669341,0.1516739625,0.1513943533,0.1509259409,0.1502649272,0.1494058521,0.1483411889,0.1470610032,0.1455523905,0.1437985825,0.1417777724,0.139461235,0.1368104868,0.133772497,0.1302716007,0.126194468,0.1213592774,0.115443467,0.1077734076,0.09642013621,0.05280584176
201060,0.1517484658,0.151655514,0.1513759643,0.1509076514,0.1502467777,0.1493878839,0.1483234443,0.1470435258,0.1455352258,0.1437817783,0.1417613795,0.1394453083,0.1367950864,0.1337576908,0.1302574668,0.1261811004,0.1213467954,0.1154320344,0.1077632791,0.09641182256,0.05280428659
201120,0.1517300081,0.1516370761,0.1513575859,0.1508893724,0.1502286386,0.1493699259,0.1483057097,0.1470260583,0.1455180708,0.1437649836,0.1417449959,0.1394293905,0.1367796947,0.1337428928,0.1302433406,0.1261677401,0.1213343203,0.1154206079,0.1077531561,0.09640351324,0.05280273285
201180,0.151711561,0.1516186487,0.1513392179,0.1508711038,0.1502105098,0.1493519782,0.1482879853,0.1470086008,0.1455009256,0.1437481984,0.1417286215,0.1394134817,0.1367643117,0.133728103,0.1302292223,0.1261543873,0.121321852,0.1154091875,0.1077430384,0.09639520825,0.05280118054
201240,0.1516931244,0.1516002319,0.1513208605,0.1508528457,0.1501923915,0.1493340408,0.148270271,0.1469911532,0.1454837901,0.1437314227,0.1417122563,0.1393975818,0.1367489372,0.1337133214,0.1302151118,0.1261410417,0.1213093904,0.1153977734,0.1077329261,0.0963869076,0.05279962967
201300,0.1516746985,0.1515818257,0.1513025136,0.150834598,0.1501742835,0.1493161136,0.1482525668,0.1469737155,0.1454666643,0.1437146565,0.1416959004,0.1393816909,0.1367335713,0.1336985481,0.1302010092,0.1261277035,0.1212969357,0.1153863653,0.1077228192,0.09637861126,0.05279808022
201360,0.151656283,0.15156343,0.1512841773,0.1508163608,0.1501561858,0.1492981966,0.1482348726,0.1469562877,0.1454495483,0.1436978998,0.1416795537,0.1393658089,0.136718214,0.133683783,0.1301869143,0.1261143726,0.1212844877,0.1153749635,0.1077127176,0.09637031925,0.05279653219
201420,0.1516378781,0.1515450448,0.1512658514,0.150798134,0.1501380985,0.1492802898,0.1482171886,0.1469388699,0.1454324419,0.1436811525,0.1416632161,0.1393499357,0.1367028653,0.1336690261,0.1301728271,0.126101049,0.1212720465,0.1153635677,0.1077026214,0.09636203155,0.05279498559
201480,0.1516194838,0.1515266702,0.1512475359,0.1507799176,0.1501200215,0.1492623933,0.1481995146,0.1469214619,0.1454153453,0.1436644147,0.1416468878,0.1393340715,0.1366875251,0.1336542774,0.1301587478,0.1260877327,0.1212596121,0.1153521781,0.1076925306,0.09635374816,0.05279344042
201540,0.1516011,0.1515083061,0.151229231,0.1507617117,0.1501019548,0.1492445069,0.1481818506,0.1469040639,0.1453982583,0.1436476864,0.1416305687,0.1393182162,0.1366721936,0.1336395369,0.1301446763,0.1260744237,0.1212471844,0.1153407946,0.1076824451,0.09634546908,0.05279189666
201600,0.1515827266,0.1514899524,0.1512109365,0.1507435161,0.1500838984,0.1492266307,0.1481641968,0.1468866757,0.145381181,0.1436309675,0.1416142588,0.1393023698,0.1366568705,0.1336248046,0.1301306125,0.126061122,0.1212347635,0.1153294173,0.107672365,0.09633719431,0.05279035432
201660,0.1515643638,0.1514716093,0.1511926525,0.1507253309,0.1500658523,0.1492087648,0.1481465529,0.1468692973,0.1453641133,0.143614258,0.141597958,0.1392865322,0.1366415561,0.1336100805,0.1301165565,0.1260478276,0.1212223493,0.115318046,0.1076622902,0.09632892383,0.0527888134
201720,0.1515460115,0.1514532767,0.1511743789,0.1507071562,0.1500478165,0.149190909,0.1481289191,0.1468519289,0.1453470553,0.143597558,0.1415816664,0.1392707036,0.1366262501,0.1335953645,0.1301025082,0.1260345405,0.1212099419,0.1153066809,0.1076522208,0.09632065766,0.05278727389
201780,0.1515276697,0.1514349545,0.1511561158,0.1506889917,0.150029791,0.1491730633,0.1481112953,0.1468345702,0.145330007,0.1435808674,0.141565384,0.1392548837,0.1366109527,0.1335806567,0.1300884677,0.1260212607,0.1211975412,0.1152953219,0.1076421567,0.09631239577,0.0527857358
201840,0.1515093383,0.1514166428,0.1511378631,0.1506708377,0.1500117758,0.1491552278,0.1480936815,0.1468172214,0.1453129683,0.1435641862,0.1415491107,0.1392390728,0.1365956639,0.133565957,0.1300744349,0.1260079881,0.1211851472,0.115283969,0.1076320979,0.09630413818,0.05278419911
201900,0.1514910175,0.1513983415,0.1511196208,0.1506526939,0.1499937708,0.1491374025,0.1480760777,0.1467998825,0.1452959393,0.1435475144,0.1415328466,0.1392232707,0.1365803835,0.1335512655,0.1300604098,0.1259947228,0.12117276,0.1152726222,0.1076220445,0.09629588487,0.05278266384
201960,0.151472707,0.1513800507,0.1511013889,0.1506345606,0.1499757761,0.1491195873,0.1480584839,0.1467825533,0.1452789198,0.143530852,0.1415165916,0.1392074774,0.1365651117,0.1335365822,0.1300463925,0.1259814648,0.1211603795,0.1152612814,0.1076119964,0.09628763584,0.05278112998
202020,0.151454407,0.1513617703,0.1510831674,0.1506164375,0.1499577916,0.1491017822,0.1480409001,0.146765234,0.14526191,0.143514199,0.1415003457,0.139191693,0.1365498483,0.1335219069,0.1300323829,0.125968214,0.1211480057,0.1152499468,0.1076019536,0.0962793911,0.05277959752
202080,0.1514361175,0.1513435003,0.1510649562,0.1505983248,0.1499398174,0.1490839872,0.1480233262,0.1467479245,0.1452449098,0.1434975553,0.1414841089,0.1391759174,0.1365345935,0.1335072398,0.130018381,0.1259549704,0.1211356386,0.1152386182,0.1075919161,0.09627115062,0.05277806646
202140,0.1514178384,0.1513252408,0.1510467555,0.1505802224,0.1499218533,0.1490662024,0.1480057623,0.1467306248,0.1452279191,0.143480921,0.1414678813,0.1391601506,0.1365193471,0.1334925808,0.1300043868,0.1259417341,0.1211232782,0.1152272957,0.1075818839,0.09626291442,0.05277653681
202200,0.1513995697,0.1513069916,0.1510285651,0.1505621303,0.1499038995,0.1490484276,0.1479882084,0.1467133348,0.1452109381,0.1434642961,0.1414516627,0.1391443926,0.1365041092,0.13347793,0.1299904003,0.125928505,0.1211109245,0.1152159793,0.1075718571,0.09625468248,0.05277500855
202260,0.1513813114,0.1512887529,0.1510103851,0.1505440485,0.1498859559,0.1490306629,0.1479706644,0.1466960546,0.1451939666,0.1434476805,0.1414354532,0.1391286434,0.1364888798,0.1334632872,0.1299764215,0.1259152831,0.1210985775,0.115204669,0.1075618355,0.09624645481,0.0527734817
202320,0.1513630635,0.1512705245,0.1509922154,0.1505259769,0.1498680225,0.1490129083,0.1479531304,0.1466787842,0.1451770047,0.1434310743,0.1414192528,0.139112903,0.1364736589,0.1334486525,0.1299624504,0.1259020685,0.1210862372,0.1151933647,0.1075518192,0.09623823139,0.05277195624
202380,0.1513448259,0.1512523065,0.1509740561,0.1505079157,0.1498500992,0.1489951638,0.1479356062,0.1466615236,0.1451600523,0.1434144774,0.1414030615,0.1390971713,0.1364584464,0.1334340259,0.1299484869,0.125888861,0.1210739035,0.1151820664,0.1075418082,0.09623001223,0.05277043218
202440,0.1513265988,0.1512340989,0.1509559071,0.1504898647,0.1498321862,0.1489774293,0.147918092,0.1466442727,0.1451431096,0.1433978898,0.1413868793,0.1390814485,0.1364432423,0.1334194074,0.1299345312,0.1258756608,0.1210615765,0.1151707742,0.1075318025,0.09622179732,0.05276890951
202500,0.151308382,0.1512159016,0.1509377684,0.1504718239,0.1498142833,0.1489597048,0.1479005877,0.1466270315,0.1451261763,0.1433813116,0.1413707061,0.1390657344,0.1364280467,0.133404797,0.129920583,0.1258624677,0.1210492562,0.1151594881,0.1075218021,0.09621358667,0.05276738824
202560,0.1512901756,0.1511977146,0.15091964,0.1504537934,0.1497963905,0.1489419905,0.1478830933,0.1466098001,0.1451092526,0.1433647426,0.1413545419,0.1390500291,0.1364128595,0.1333901946,0.1299066426,0.1258492819,0.1210369426,0.1151482079,0.107511807,0.09620538025,0.05276586835
202620,0.1512719795,0.1511795381,0.1509015219,0.1504357731,0.1497785079,0.1489242861,0.1478656088,0.1465925784,0.1450923384,0.1433481829,0.1413383868,0.1390343325,0.1363976808,0.1333756003,0.1298927098,0.1258361032,0.1210246356,0.1151369338,0.1075018171,0.09619717808,0.05276434985
202680,0.1512537938,0.1511613718,0.1508834141,0.1504177631,0.1497606354,0.1489065918,0.1478481342,0.1465753664,0.1450754337,0.1433316326,0.1413222407,0.1390186447,0.1363825105,0.133361014,0.1298787846,0.1258229317,0.1210123352,0.1151256658,0.1074918325,0.09618898014,0.05276283274
202740,0.1512356184,0.1511432158,0.1508653165,0.1503997633,0.1497427731,0.1488889074,0.1478306694,0.1465581641,0.1450585385,0.1433150915,0.1413061037,0.1390029656,0.1363673485,0.1333464358,0.129864867,0.1258097674,0.1210000415,0.1151144037,0.1074818532,0.09618078644,0.05276131701
202800,0.1512174533,0.1511250702,0.1508472293,0.1503817736,0.1497249209,0.1488712331,0.1478132145,0.1465409714,0.1450416528,0.1432985596,0.1412899756,0.1389872952,0.136352195,0.1333318656,0.1298509571,0.1257966102,0.1209877544,0.1151031477,0.1074718791,0.09617259696,0.05275980267
202860,0.1511992986,0.1511069348,0.1508291523,0.1503637942,0.1497070788,0.1488535688,0.1477957694,0.1465237885,0.1450247766,0.1432820371,0.1412738566,0.1389716335,0.1363370499,0.1333173035,0.1298370548,0.1257834602,0.1209754739,0.1150918977,0.1074619102,0.09616441172,0.05275828971
202920,0.1511811541,0.1510888098,0.1508110855,0.150345825,0.1496892467,0.1488359144,0.1477783342,0.1465066153,0.1450079099,0.1432655238,0.1412577466,0.1389559806,0.1363219131,0.1333027493,0.1298231602,0.1257703174,0.1209632001,0.1150806537,0.1074519466,0.09615623069,0.05275677812
202980,0.1511630199,0.151070695,0.150793029,0.1503278659,0.1496714248,0.1488182701,0.1477609089,0.1464894517,0.1449910527,0.1432490197,0.1412416455,0.1389403363,0.1363067847,0.1332882032,0.1298092731,0.1257571817,0.1209509329,0.1150694156,0.1074419883,0.09614805389,0.05275526792
203040,0.151144896,0.1510525905,0.1507749827,0.150309917,0.149653613,0.1488006357,0.1477434933,0.1464722978,0.1449742049,0.1432325249,0.1412255535,0.1389247008,0.1362916647,0.1332736651,0.1297953936,0.1257440531,0.1209386723,0.1150581836,0.1074320352,0.09613988129,0.05275375909
203100,0.1511267824,0.1510344962,0.1507569467,0.1502919783,0.1496358112,0.1487830112,0.1477260876,0.1464551535,0.1449573666,0.1432160393,0.1412094704,0.1389090739,0.1362765531,0.133259135,0.1297815217,0.1257309317,0.1209264183,0.1150469576,0.1074220873,0.09613171291,0.05275225163
203160,0.151108679,0.1510164122,0.1507389208,0.1502740497,0.1496180195,0.1487653967,0.1477086916,0.1464380188,0.1449405377,0.1431995629,0.1411933962,0.1388934557,0.1362614498,0.1332446129,0.1297676574,0.1257178173,0.1209141709,0.1150357375,0.1074121447,0.09612354874,0.05275074555
203220,0.1510905859,0.1509983384,0.1507209052,0.1502561312,0.1496002378,0.1487477921,0.1476913055,0.1464208938,0.1449237182,0.1431830958,0.1411773311,0.1388778462,0.1362463549,0.1332300987,0.1297538007,0.1257047102,0.12090193,0.1150245234,0.1074022072,0.09611538877,0.05274924084
203280,0.151072503,0.1509802749,0.1507028997,0.1502382229,0.1495824662,0.1487301975,0.1476739292,0.1464037784,0.1449069082,0.1431666378,0.1411612749,0.1388622453,0.1362312683,0.1332155926,0.1297399515,0.1256916101,0.1208896958,0.1150133153,0.107392275,0.096107233,0.05274773749
203340,0.1510544304,0.1509622215,0.1506849045,0.1502203247,0.1495647046,0.1487126128,0.1476565626,0.1463866727,0.1448901076,0.143150189,0.1411452276,0.1388466531,0.13621619,0.1332010944,0.12972611,0.1256785171,0.1208774682,0.1150021132,0.1073823481,0.09609908143,0.05274623552
203400,0.151036368,0.1509441784,0.1506669194,0.1502024366,0.149546953,0.148695038,0.1476392058,0.1463695765,0.1448733164,0.1431337494,0.1411291892,0.1388310696,0.1362011201,0.1331866042,0.1297122759,0.1256654312,0.1208652471,0.114990917,0.1073724263,0.09609093405,0.05274473491
203460,0.1510183157,0.1509261455,0.1506489444,0.1501845587,0.1495292114,0.148677473,0.1476218588,0.1463524899,0.1448565346,0.143117319,0.1411131598,0.1388154947,0.1361860584,0.1331721219,0.1296984494,0.1256523524,0.1208530326,0.1149797268,0.1073625097,0.09608279086,0.05274323566
203520,0.1510002737,0.1509081228,0.1506309796,0.1501666908,0.1495114799,0.148659918,0.1476045215,0.1463354129,0.1448397622,0.1431008978,0.1410971393,0.1387999284,0.1361710051,0.1331576476,0.1296846305,0.1256392807,0.1208408246,0.1149685425,0.1073525984,0.09607465186,0.05274173778
203580,0.1509822419,0.1508901103,0.150613025,0.1501488329,0.1494937583,0.1486423729,0.147587194,0.1463183455,0.1448229992,0.1430844857,0.1410811277,0.1387843707,0.1361559601,0.1331431812,0.1296708191,0.1256262161,0.1208286233,0.1149573642,0.1073426922,0.09606651704,0.05274024125
203640,0.1509642203,0.1508721079,0.1505950805,0.1501309852,0.1494760468,0.1486248376,0.1475698762,0.1463012876,0.1448062455,0.1430680828,0.141065125,0.1387688216,0.1361409234,0.1331287228,0.1296570152,0.1256131586,0.1208164284,0.1149461918,0.1073327912,0.0960583864,0.05273874609
203700,0.1509462089,0.1508541157,0.1505771461,0.1501131475,0.1494583452,0.1486073122,0.1475525681,0.1462842393,0.1447895012,0.143051689,0.1410491312,0.1387532812,0.1361258949,0.1331142723,0.1296432189,0.1256001081,0.1208042401,0.1149350253,0.1073228954,0.09605025993,0.05273725228
203760,0.1509282076,0.1508361337,0.1505592219,0.1500953199,0.1494406535,0.1485897967,0.1475352697,0.1462672006,0.1447727663,0.1430353044,0.1410331463,0.1387377493,0.1361108748,0.1330998297,0.1296294301,0.1255870647,0.1207920584,0.1149238648,0.1073130048,0.09604213763,0.05273575983
203820,0.1509102165,0.1508181618,0.1505413077,0.1500775023,0.1494229719,0.148572291,0.147517981,0.1462501714,0.1447560407,0.1430189289,0.1410171702,0.1387222261,0.1360958629,0.133085395,0.1296156488,0.1255740283,0.1207798832,0.1149127102,0.1073031194,0.0960340195,0.05273426873
203880,0.1508922355,0.1508002,0.1505234037,0.1500596948,0.1494053002,0.1485547951,0.1475007021,0.1462331517,0.1447393245,0.1430025625,0.141001203,0.1387067114,0.1360808593,0.1330709682,0.1296018749,0.125560999,0.1207677145,0.1149015615,0.1072932391,0.09602590554,0.05273277898
203940,0.1508742647,0.1507822483,0.1505055097,0.1500418973,0.1493876384,0.1485373091,0.1474834328,0.1462161416,0.1447226176,0.1429862052,0.1409852447,0.1386912053,0.1360658639,0.1330565493,0.1295881086,0.1255479767,0.1207555523,0.1148904187,0.107283364,0.09601779573,0.05273129059
204000,0.1508563039,0.1507643068,0.1504876258,0.1500241098,0.1493699865,0.1485198328,0.1474661732,0.146199141,0.14470592,0.142969857,0.1409692952,0.1386757077,0.1360508768,0.1330421383,0.1295743498,0.1255349615,0.1207433967,0.1148792819,0.1072734941,0.09600969008,0.05272980354
204060,0.1508383534,0.1507463754,0.150469752,0.1500063323,0.1493523446,0.1485023664,0.1474489233,0.1461821499,0.1446892317,0.1429535179,0.1409533546,0.1386602188,0.1360358979,0.1330277352,0.1295605985,0.1255219533,0.1207312475,0.1148681509,0.1072636294,0.09600158859,0.05272831784
204120,0.1508204129,0.1507284541,0.1504518883,0.1499885648,0.1493347126,0.1484849098,0.147431683,0.1461651682,0.1446725528,0.1429371879,0.1409374228,0.1386447383,0.1360209272,0.13301334,0.1295468546,0.1255089521,0.1207191049,0.1148570258,0.1072537698,0.09599349124,0.05272683348
204180,0.1508024825,0.1507105428,0.1504340346,0.1499708073,0.1493170905,0.148467463,0.1474144524,0.1461481961,0.1446558831,0.1429208669,0.1409214998,0.1386292665,0.1360059648,0.1329989526,0.1295331182,0.1254959579,0.1207069688,0.1148459067,0.1072439153,0.09598539804,0.05272535047
204240,0.1507845622,0.1506926417,0.1504161909,0.1499530598,0.1492994782,0.148450026,0.1473972315,0.1461312334,0.1446392227,0.1429045551,0.1409055856,0.1386138031,0.1359910106,0.1329845731,0.1295193892,0.1254829707,0.1206948391,0.1148347934,0.107234066,0.09597730898,0.0527238688
204300,0.150766652,0.1506747506,0.1503983573,0.1499353222,0.1492818759,0.1484325987,0.1473800202,0.1461142803,0.1446225716,0.1428882522,0.1408896803,0.1385983483,0.1359760646,0.1329702015,0.1295056678,0.1254699906,0.120682716,0.114823686,0.1072242218,0.09596922407,0.05272238847
204360,0.1507487519,0.1506568696,0.1503805337,0.1499175947,0.1492642834,0.1484151812,0.1473628184,0.1460973365,0.1446059298,0.1428719585,0.1408737837,0.138582902,0.1359611268,0.1329558377,0.1294919537,0.1254570174,0.1206705993,0.1148125845,0.1072143828,0.09596114328,0.05272090947
204420,0.1507308618,0.1506389986,0.1503627201,0.149899877,0.1492467008,0.1483977734,0.1473456264,0.1460804023,0.1445892972,0.1428556738,0.140857896,0.1385674642,0.1359461972,0.1329414817,0.1294782471,0.1254440513,0.1206584891,0.1148014888,0.1072045489,0.09595306663,0.05271943182
204480,0.1507129818,0.1506211377,0.1503449165,0.1498821693,0.1492291281,0.1483803754,0.1473284439,0.1460634774,0.1445726739,0.1428393981,0.140842017,0.1385520349,0.1359312758,0.1329271336,0.129464548,0.1254310921,0.1206463854,0.114790399,0.1071947202,0.09594499411,0.0527179555
204540,0.1506951118,0.1506032868,0.1503271229,0.1498644716,0.1492115652,0.1483629872,0.147311271,0.146046562,0.1445560598,0.1428231314,0.1408261468,0.1385366141,0.1359163626,0.1329127933,0.1294508562,0.1254181399,0.1206342881,0.1147793151,0.1071848965,0.09593692571,0.05271648051
204600,0.1506772518,0.1505854459,0.1503093393,0.1498467837,0.1491940122,0.1483456086,0.1472941077,0.1460296561,0.144539455,0.1428068738,0.1408102854,0.1385212018,0.1359014576,0.1328984609,0.1294371719,0.1254051946,0.1206221973,0.114768237,0.107175078,0.09592886143,0.05271500685
204660,0.1506594019,0.150567615,0.1502915657,0.1498291058,0.1491764689,0.1483282398,0.147276954,0.1460127595,0.1445228594,0.1427906252,0.1407944327,0.138505798,0.1358865607,0.1328841362,0.1294234951,0.1253922564,0.1206101129,0.1147571648,0.1071652646,0.09592080127,0.05271353453
204720,0.150641562,0.1505497942,0.150273802,0.1498114378,0.1491589355,0.1483108807,0.1472598099,0.1459958724,0.144506273,0.1427743856,0.1407785888,0.1384904026,0.1358716719,0.1328698193,0.1294098256,0.1253793251,0.120598035,0.1147460984,0.1071554563,0.09591274522,0.05271206353
204780,0.1506237321,0.1505319833,0.1502560483,0.1497937797,0.149141412,0.1482935313,0.1472426753,0.1459789947,0.1444896958,0.1427581549,0.1407627537,0.1384750157,0.1358567914,0.1328555103,0.1293961635,0.1253664007,0.1205859636,0.1147350379,0.1071456531,0.09590469329,0.05271059386
204840,0.1506059122,0.1505141824,0.1502383045,0.1497761315,0.1491238982,0.1482761916,0.1472255503,0.1459621264,0.1444731279,0.1427419333,0.1407469272,0.1384596373,0.1358419189,0.132841209,0.1293825088,0.1253534833,0.1205738985,0.1147239832,0.107135855,0.09589664546,0.05270912552
204900,0.1505881023,0.1504963915,0.1502205707,0.1497584931,0.1491063942,0.1482588616,0.1472084349,0.1459452674,0.1444565691,0.1427257206,0.1407311095,0.1384442674,0.1358270546,0.1328269155,0.1293688615,0.1253405729,0.1205618399,0.1147129343,0.107126062,0.09588860173,0.0527076585
204960,0.1505703024,0.1504786106,0.1502028468,0.1497408647,0.1490889,0.1482415412,0.1471913289,0.1459284178,0.1444400195,0.1427095169,0.1407153006,0.1384289058,0.1358121985,0.1328126298,0.1293552216,0.1253276693,0.1205497878,0.1147018913,0.1071162742,0.0958805621,0.0527061928
205020,0.1505525124,0.1504608396,0.1501851329,0.149723246,0.1490714155,0.1482242305,0.1471742325,0.1459115776,0.1444234791,0.1426933222,0.1406995003,0.1384135527,0.1357973504,0.1327983519,0.1293415891,0.1253147727,0.120537742,0.1146908541,0.1071064913,0.09587252657,0.05270472842
205080,0.1505347325,0.1504430785,0.1501674288,0.1497056373,0.1490539409,0.1482069295,0.1471571457,0.1458947468,0.1444069479,0.1426771364,0.1406837088,0.1383982081,0.1357825105,0.1327840817,0.1293279639,0.1253018831,0.1205257026,0.1146798227,0.1070967136,0.09586449513,0.05270326536
205140,0.1505169624,0.1504253275,0.1501497347,0.1496880384,0.149036476,0.1481896381,0.1471400683,0.1458779253,0.1443904258,0.1426609596,0.1406679259,0.1383828718,0.1357676787,0.1327698193,0.1293143461,0.1252890003,0.1205136697,0.1146687971,0.107086941,0.09585646779,0.05270180361
205200,0.1504992023,0.1504075863,0.1501320504,0.1496704493,0.1490190208,0.1481723563,0.1471230004,0.1458611131,0.1443739129,0.1426447917,0.1406521517,0.138367544,0.1357528549,0.1327555646,0.1293007356,0.1252761245,0.1205016432,0.1146577773,0.1070771734,0.09584844452,0.05270034318
205260,0.1504814521,0.1503898551,0.1501143761,0.14965287,0.1490015754,0.1481550842,0.1471059421,0.1458443103,0.1443574091,0.1426286327,0.1406363862,0.1383522245,0.1357380393,0.1327413177,0.1292871325,0.1252632555,0.120489623,0.1146467633,0.1070674109,0.09584042534,0.05269888407
205320,0.1504637119,0.1503721337,0.1500967116,0.1496353006,0.1489841397,0.1481378217,0.1470888932,0.1458275168,0.1443409144,0.1426124826,0.1406206294,0.1383369135,0.1357232318,0.1327270785,0.1292735368,0.1252503935,0.1204776092,0.1146357551,0.1070576535,0.09583241024,0.05269742626
205380,0.1504459816,0.1503544223,0.150079057,0.1496177409,0.1489667137,0.1481205688,0.1470718538,0.1458107326,0.1443244289,0.1425963415,0.1406048813,0.1383216108,0.1357084323,0.1327128471,0.1292599483,0.1252375383,0.1204656019,0.1146247527,0.1070479011,0.09582439921,0.05269596977
205440,0.1504282611,0.1503367208,0.1500614122,0.1496001911,0.1489492975,0.1481033255,0.1470548239,0.1457939577,0.1443079525,0.1425802092,0.1405891418,0.1383063166,0.1356936409,0.1326986233,0.1292463672,0.12522469,0.1204536009,0.1146137561,0.1070381538,0.09581639225,0.05269451459
205500,0.1504105506,0.1503190291,0.1500437773,0.149582651,0.1489318909,0.1480860918,0.1470378034,0.1457771921,0.1442914852,0.1425640859,0.140573411,0.1382910307,0.1356788575,0.1326844073,0.1292327935,0.1252118486,0.1204416062,0.1146027652,0.1070284116,0.09580838937,0.05269306071
205560,0.15039285,0.1503013474,0.1500261522,0.1495651208,0.148914494,0.1480688677,0.1470207923,0.1457604358,0.1442750271,0.1425479714,0.1405576888,0.1382757531,0.1356640823,0.132670199,0.129219227,0.1251990141,0.120429618,0.1145917801,0.1070186743,0.09580039054,0.05269160814
205620,0.1503751592,0.1502836754,0.150008537,0.1495476002,0.1488971069,0.1480516532,0.1470037908,0.1457436888,0.144258578,0.1425318658,0.1405419752,0.138260484,0.135649315,0.1326559984,0.1292056678,0.1251861865,0.1204176361,0.1145808008,0.1070089422,0.09579239578,0.05269015687
205680,0.1503574783,0.1502660134,0.1499909315,0.1495300895,0.1488797294,0.1480344482,0.1469867986,0.1457269511,0.144242138,0.1425157691,0.1405262703,0.1382452232,0.1356345558,0.1326418055,0.129192116,0.1251733657,0.1204056606,0.1145698273,0.1069992151,0.09578440507,0.0526887069
205740,0.1503398073,0.1502483612,0.1499733359,0.1495125885,0.1488623616,0.1480172528,0.1469698159,0.1457102226,0.144225707,0.1424996813,0.1405105739,0.1382299707,0.1356198047,0.1326276202,0.1291785714,0.1251605518,0.1203936914,0.1145588595,0.106989493,0.09577641842,0.05268725824
205800,0.1503221461,0.1502307188,0.1499557501,0.1494950973,0.1488450034,0.148000067,0.1469528426,0.1456935034,0.1442092852,0.1424836023,0.1404948862,0.1382147265,0.1356050615,0.1326134427,0.1291650342,0.1251477447,0.1203817285,0.1145478975,0.1069797759,0.09576843582,0.05268581087
205860,0.1503044948,0.1502130863,0.1499381741,0.1494776158,0.1488276549,0.1479828906,0.1469358787,0.1456767934,0.1441928724,0.1424675321,0.1404792071,0.1381994907,0.1355903264,0.1325992728,0.1291515042,0.1251349444,0.120369772,0.1145369412,0.1069700639,0.09576045727,0.0526843648
205920,0.1502868533,0.1501954636,0.1499206079,0.149460144,0.148810316,0.1479657239,0.1469189242,0.1456600927,0.1441764686,0.1424514708,0.1404635366,0.1381842632,0.1355755993,0.1325851106,0.1291379815,0.125122151,0.1203578218,0.1145259907,0.1069603569,0.09575248276,0.05268292003
205980,0.1502692216,0.1501778507,0.1499030514,0.1494426819,0.1487929867,0.1479485666,0.1469019791,0.1456434012,0.1441600739,0.1424354184,0.1404478747,0.1381690441,0.1355608802,0.132570956,0.1291244661,0.1251093644,0.120345878,0.1145150459,0.1069506549,0.09574451229,0.05268147655
206040,0.1502515997,0.1501602476,0.1498855047,0.1494252295,0.1487756671,0.1479314189,0.1468850433,0.1456267189,0.1441436883,0.1424193747,0.1404322214,0.1381538332,0.1355461691,0.1325568091,0.1291109579,0.1250965847,0.1203339405,0.1145041068,0.1069409579,0.09573654586,0.05268003436
206100,0.1502339877,0.1501426543,0.1498679678,0.1494077869,0.1487583571,0.1479142806,0.146868117,0.1456100459,0.1441273116,0.1424033399,0.1404165766,0.1381386306,0.135531466,0.1325426698,0.129097457,0.1250838118,0.1203220092,0.1144931735,0.1069312659,0.09572858346,0.05267859347
206160,0.1502163854,0.1501250708,0.1498504406,0.1493903539,0.1487410567,0.1478971519,0.1468512,0.145593382,0.144110944,0.1423873138,0.1404009404,0.1381234363,0.1355167709,0.1325285382,0.1290839633,0.1250710456,0.1203100843,0.1144822458,0.106921579,0.09572062509,0.05267715386
206220,0.150198793,0.1501074971,0.1498329232,0.1493729306,0.1487237659,0.1478800327,0.1468342923,0.1455767273,0.1440945854,0.1423712966,0.1403853128,0.1381082503,0.1355020837,0.1325144142,0.1290704769,0.1250582863,0.1202981657,0.1144713239,0.106911897,0.09571267075,0.05267571554
206280,0.1501812103,0.1500899331,0.1498154155,0.149355517,0.1487064847,0.1478629229,0.146817394,0.1455600819,0.1440782358,0.1423552882,0.1403696937,0.1380930726,0.1354874046,0.1325002978,0.1290569977,0.1250455338,0.1202862535,0.1144604078,0.10690222,0.09570472043,0.05267427851
206340,0.1501636373,0.1500723789,0.1497979175,0.149338113,0.1486892131,0.1478458226,0.1468005051,0.1455434456,0.1440618952,0.1423392885,0.1403540831,0.1380779031,0.1354727333,0.1324861891,0.1290435258,0.1250327881,0.1202743475,0.1144494973,0.1068925481,0.09569677412,0.05267284276
206400,0.1501460742,0.1500548344,0.1497804292,0.1493207187,0.148671951,0.1478287318,0.1467836255,0.1455268185,0.1440455636,0.1423232976,0.1403384811,0.1380627419,0.1354580701,0.1324720879,0.1290300611,0.1250200492,0.1202624477,0.1144385925,0.1068828811,0.09568883184,0.0526714083
206460,0.1501285208,0.1500372997,0.1497629507,0.1493033341,0.1486546985,0.1478116504,0.1467667552,0.1455102005,0.144029241,0.1423073155,0.1403228876,0.138047589,0.1354434148,0.1324579944,0.1290166036,0.125007317,0.1202505543,0.1144276934,0.1068732191,0.09568089357,0.05266997511
206520,0.1501109771,0.1500197747,0.1497454818,0.1492859591,0.1486374556,0.1477945785,0.1467498942,0.1454935917,0.1440129273,0.1422913421,0.1403073026,0.1380324443,0.1354287674,0.1324439085,0.1290031533,0.1249945916,0.1202386672,0.1144168001,0.106863562,0.0956729593,0.05266854321
206580,0.1500934432,0.1500022595,0.1497280226,0.1492685937,0.1486202222,0.147777516,0.1467330425,0.145476992,0.1439966226,0.1422753775,0.1402917261,0.1380173078,0.1354141279,0.1324298301,0.1289897102,0.124981873,0.1202267863,0.1144059124,0.10685391,0.09566502905,0.05266711258
206640,0.150075919,0.1499847539,0.1497105731,0.1492512379,0.1486029983,0.1477604629,0.1467162001,0.1454604015,0.1439803268,0.1422594217,0.1402761582,0.1380021796,0.1353994964,0.1324157594,0.1289762743,0.1249691612,0.1202149117,0.1143950304,0.1068442629,0.09565710279,0.05266568323
206700,0.1500584045,0.1499672581,0.1496931333,0.1492338917,0.148585784,0.1477434193,0.146699367,0.1454438201,0.14396404,0.1422434745,0.1402605987,0.1379870596,0.1353848728,0.1324016962,0.1289628456,0.1249564561,0.1202030433,0.114384154,0.1068346208,0.09564918054,0.05266425516
206760,0.1500408997,0.1499497719,0.1496757031,0.1492165552,0.1485685792,0.147726385,0.1466825432,0.1454272479,0.1439477622,0.1422275361,0.1402450477,0.1379719478,0.1353702571,0.1323876406,0.1289494241,0.1249437578,0.1201911812,0.1143732834,0.1068249836,0.09564126228,0.05266282836
206820,0.1500234046,0.1499322955,0.1496582826,0.1491992282,0.1485513839,0.1477093602,0.1466657287,0.1454106847,0.1439314932,0.1422116064,0.1402295052,0.1379568442,0.1353556493,0.1323735925,0.1289360098,0.1249310662,0.1201793254,0.1143624184,0.1068153514,0.09563334801,0.05266140283
206880,0.1500059192,0.1499148287,0.1496408717,0.1491819108,0.1485341981,0.1476923448,0.1466489234,0.1453941307,0.1439152332,0.1421956855,0.1402139712,0.1379417488,0.1353410495,0.132359552,0.1289226026,0.1249183814,0.1201674757,0.1143515591,0.1068057242,0.09562543773,0.05265997857
206901,0.1499998016,0.1499087176,0.1496347802,0.149175852,0.1485281853,0.1476863916,0.1466430437,0.1453883389,0.1439095443,0.1421901152,0.1402085362,0.1379364674,0.1353359414,0.1323546396,0.1289179118,0.1249139432,0.1201633299,0.1143477596,0.1068023558,0.09562267007,0.05265948038
