time_s,0,0.1,0.2,0.3,0.4,0.5,0.6,0.7,0.8,0.9,1,1.1,1.2,1.3,1.4,1.5,1.6,1.7,1.8,1.9,surface
60,2.55,2.55,2.55,2.55,2.55,2.55,2.55,2.55,2.55,2.55,2.55,2.55,2.55,2.55,2.55,2.55,2.55,2.55,2.549999996,2.548633123,2.079450831
120,2.55,2.55,2.55,2.55,2.55,2.55,2.55,2.55,2.55,2.55,2.55,2.55,2.55,2.55,2.55,2.55,2.55,2.549999999,2.549971152,2.526857993,1.923018051
180,2.55,2.55,2.55,2.55,2.55,2.55,2.55,2.55,2.55,2.55,2.55,2.55,2.55,2.55,2.55,2.55,2.55,2.549999346,2.549300309,2.479194501,1.81584774
240,2.55,2.55,2.55,2.55,2.55,2.55,2.55,2.55,2.55,2.55,2.55,2.55,2.55,2.55,2.55,2.55,2.549999985,2.54998087,2.546192722,2.416229505,1.733199514
300,2.55,2.55,2.55,2.55,2.55,2.55,2.55,2.55,2.55,2.55,2.55,2.55,2.55,2.55,2.55,2.55,2.549999498,2.549845083,2.538882425,2.345507113,1.666123694
360,2.55,2.55,2.55,2.55,2.55,2.55,2.55,2.55,2.55,2.55,2.55,2.55,2.55,2.55,2.55,2.549999987,2.549994593,2.549348519,2.526458576,2.271209156,1.609831123
420,2.55,2.55,2.55,2.55,2.55,2.55,2.55,2.55,2.55,2.55,2.55,2.55,2.55,2.55,2.55,2.549999828,2.549969423,2.548129523,2.508790873,2.195796511,1.561350376
480,2.55,2.55,2.55,2.55,2.55,2.55,2.55,2.55,2.55,2.55,2.55,2.55,2.55,2.55,2.549999995,2.549998762,2.549885327,2.545788877,2.486216776,2.120708641,1.518786176
540,2.55,2.55,2.55,2.55,2.55,2.55,2.55,2.55,2.55,2.55,2.55,2.55,2.55,2.55,2.549999955,2.549994156,2.549673517,2.541963484,2.45926382,2.046762485,1.481100033
600,2.55,2.55,2.55,2.55,2.55,2.55,2.55,2.55,2.55,2.55,2.55,2.55,2.55,2.549999998,2.549999739,2.549979419,2.54923579,2.536364464,2.42854895,1.97436098,1.447497518
660,2.55,2.55,2.55,2.55,2.55,2.55,2.55,2.55,2.55,2.55,2.55,2.55,2.55,2.54999999,2.549998893,2.549941702,2.54845154,2.52878877,2.3946405,1.903823426,1.417358428
720,2.55,2.55,2.55,2.55,2.55,2.55,2.55,2.55,2.55,2.55,2.55,2.55,2.55,2.549999947,2.549996257,2.549859683,2.547184947,2.519115384,2.358076462,1.835343455,1.390048048
780,2.55,2.55,2.55,2.55,2.55,2.55,2.55,2.55,2.55,2.55,2.55,2.55,2.549999998,2.549999791,2.549989405,2.549702552,2.545298524,2.507298088,2.319358664,1.769029314,1.365124679
840,2.55,2.55,2.55,2.55,2.55,2.55,2.55,2.55,2.55,2.55,2.55,2.55,2.54999999,2.549999311,2.549973958,2.549429691,2.542660928,2.493347606,2.278938037,1.704901917,1.342242203
900,2.55,2.55,2.55,2.55,2.55,2.55,2.55,2.55,2.55,2.55,2.55,2.55,2.54999996,2.549998051,2.549942859,2.548991602,2.539150853,2.4773258,2.23720305,1.642939318,1.321057734
960,2.55,2.55,2.55,2.55,2.55,2.55,2.55,2.55,2.55,2.55,2.55,2.549999998,2.549999872,2.549995123,2.549885616,2.548331995,2.534663903,2.459328215,2.194506762,1.583060053,1.301546944
1020,2.55,2.55,2.55,2.55,2.55,2.55,2.55,2.55,2.55,2.55,2.55,2.549999992,2.549999637,2.549988986,2.54978808,2.547388747,2.529117459,2.43946536,2.151098674,1.525274011,1.283420927
1080,2.55,2.55,2.55,2.55,2.55,2.55,2.55,2.55,2.55,2.55,2.55,2.549999976,2.549999079,2.549977176,2.549632021,2.546097977,2.522446996,2.417871207,2.107236058,1.469491104,1.266731412
1140,2.55,2.55,2.55,2.55,2.55,2.55,2.55,2.55,2.55,2.55,2.549999999,2.549999932,2.549997871,2.549956021,2.549394712,2.544393489,2.514600092,2.394669054,2.063095097,1.415799807,1.251276573
1200,2.55,2.55,2.55,2.55,2.55,2.55,2.55,2.55,2.55,2.55,2.549999995,2.549999824,2.549995454,2.549920359,2.549049905,2.54221137,2.505544781,2.370002179,2.018881745,1.364049138,1.236840156
1260,2.55,2.55,2.55,2.55,2.55,2.55,2.55,2.55,2.55,2.55,2.549999987,2.549999586,2.549990939,2.549863288,2.54856794,2.539490193,2.495272265,2.344015102,1.974759699,1.314129655,1.223218769
1320,2.55,2.55,2.55,2.55,2.55,2.55,2.55,2.55,2.55,2.549999999,2.549999966,2.549999093,2.549982979,2.549775912,2.547915095,2.536172858,2.483786868,2.316854494,1.930869063,1.265974883,1.21053122
1380,2.55,2.55,2.55,2.55,2.55,2.55,2.55,2.55,2.55,2.549999997,2.549999919,2.549998138,2.549969647,2.54964725,2.547056708,2.532210174,2.471099477,2.288631006,1.887286088,1.219707297,1.198750306
1440,2.55,2.55,2.55,2.55,2.55,2.55,2.55,2.55,2.55,2.549999993,2.549999818,2.549996388,2.54994829,2.549464253,2.545956435,2.527551489,2.457234233,2.25949315,1.844139425,nan,1.187557057
1500,2.55,2.55,2.55,2.55,2.55,2.55,2.55,2.55,2.55,2.549999984,2.549999617,2.549993336,2.549915393,2.549211712,2.54457421,2.522165884,2.442223896,2.22958011,1.801536577,nan,1.176818351
1560,2.55,2.55,2.55,2.55,2.55,2.55,2.55,2.55,2.549999999,2.549999963,2.549999235,2.549988247,2.549866461,2.548872452,2.542875118,2.516016801,2.426126469,2.199024296,1.759537565,nan,1.166652586
1620,2.55,2.55,2.55,2.55,2.55,2.55,2.55,2.55,2.549999997,2.549999921,2.549998545,2.549980084,2.549795914,2.548427252,2.540821765,2.509087873,2.408991334,2.167918512,1.718148,nan,1.157005532
1680,2.55,2.55,2.55,2.55,2.55,2.55,2.55,2.55,2.549999992,2.549999838,2.549997352,2.549967446,2.549697004,2.547855235,2.538377631,2.50136336,2.39087752,2.136390019,1.677424959,nan,1.14782572
1740,2.55,2.55,2.55,2.55,2.55,2.55,2.55,2.549999999,2.549999983,2.549999683,2.549995369,2.549948489,2.549561766,2.547134843,2.535512785,2.492828773,2.371841176,2.104511094,1.637358447,nan,1.139311561
1800,2.55,2.55,2.55,2.55,2.55,2.55,2.55,2.549999998,2.549999965,2.549999406,2.549992187,2.549920852,2.54938098,2.546243083,2.532190453,2.48348605,2.35193159,2.072339503,1.597984969,nan,1.131343618
1860,2.55,2.55,2.55,2.55,2.55,2.55,2.55,2.549999997,2.549999932,2.549998952,2.549987489,2.549883958,2.549160453,2.545242227,2.528742758,2.474465012,2.334033585,2.045539638,1.56821429,nan,1.123702124
1920,2.55,2.55,2.55,2.55,2.55,2.55,2.55,2.549999993,2.549999872,2.549998215,2.549980545,2.549833736,2.548882456,2.544060594,2.524896104,2.464866464,2.31570848,2.018884232,1.5392578,nan,1.116228503
1980,2.55,2.55,2.55,2.55,2.55,2.55,2.549999999,2.549999986,2.549999767,2.549997051,2.549970511,2.549766801,2.548536775,2.542681997,2.520640958,2.454713789,2.297013303,1.992457221,1.51107719,nan,1.108946211
2040,2.55,2.55,2.55,2.55,2.55,2.55,2.549999998,2.549999972,2.549999592,2.549995269,2.549956373,2.549679283,2.548113884,2.541090271,2.515970026,2.444030876,2.27799481,1.966261146,1.483589368,nan,1.102007825
2100,2.55,2.55,2.55,2.55,2.55,2.55,2.549999997,2.549999948,2.549999306,2.549992607,2.549936841,2.549566571,2.547603463,2.539270473,2.510878133,2.43283981,2.258700401,1.940324496,1.456791367,nan,1.095303051
2160,2.55,2.55,2.55,2.55,2.55,2.55,2.549999994,2.549999906,2.549998854,2.549988725,2.549910408,2.54942399,2.546993913,2.537209969,2.505364445,2.421167021,2.239177799,1.914670181,1.430661502,nan,1.088814254
2220,2.55,2.55,2.55,2.55,2.55,2.549999999,2.549999988,2.549999836,2.549998158,2.549983188,2.549875244,2.549245877,2.546274787,2.534896544,2.499429733,2.409039204,2.219459376,1.889304247,1.405158205,nan,1.082692204
2280,2.55,2.55,2.55,2.55,2.55,2.549999999,2.549999978,2.549999722,2.54999711,2.549975443,2.549829251,2.549026498,2.545435472,2.532318858,2.493075293,2.396478973,2.199571825,1.864231417,1.38029788,nan,1.076802771
2340,2.55,2.55,2.55,2.55,2.55,2.549999997,2.549999961,2.549999541,2.549995568,2.549964822,2.549770009,2.548759726,2.544464191,2.52946463,2.48630479,2.383512987,2.179558704,1.83946116,1.356048451,nan,1.071152535
2400,2.55,2.55,2.55,2.55,2.55,2.549999995,2.549999932,2.54999926,2.549993348,2.549950478,2.549694732,2.548438321,2.543349931,2.526325856,2.47912314,2.370164386,2.159442473,1.815002078,1.332406713,nan,1.065739596
2460,2.55,2.55,2.55,2.55,2.549999999,2.54999999,2.549999885,2.549998835,2.549990204,2.549931463,2.549600413,2.548055937,2.542082938,2.522895554,2.471537094,2.356459717,2.139246456,1.790868842,1.309348316,nan,1.060563966
2520,2.55,2.55,2.55,2.55,2.549999999,2.549999983,2.549999809,2.549998204,2.549985844,2.549906551,2.549483492,2.547604814,2.540652717,2.51916742,2.463554602,2.342422141,2.118999323,1.767057207,1.286877579,nan,1.055595306
2580,2.55,2.55,2.55,2.55,2.549999998,2.54999997,2.549999692,2.549997288,2.549979881,2.549874466,2.549340453,2.547077427,2.539047562,2.515136292,2.455185218,2.328078533,2.098736687,1.74360173,1.264965424,nan,1.050656131
2640,2.55,2.55,2.55,2.55,2.549999996,2.54999995,2.549999514,2.54999598,2.549971863,2.549833536,2.549166886,2.546466755,2.537260292,2.510797438,2.446442598,2.313457117,2.078484469,1.720504577,1.243526716,nan,1.045925821
2700,2.55,2.55,2.55,2.549999999,2.549999992,2.549999918,2.549999247,2.549994142,2.54996124,2.549782111,2.548958925,2.545763799,2.535282575,2.506149091,2.437337925,2.298578575,2.058250003,1.697737726,1.222614692,nan,1.041415287
2760,2.55,2.55,2.55,2.549999999,2.549999987,2.549999867,2.549998857,2.549991605,2.549947331,2.549718063,2.548711335,2.544961983,2.533104153,2.501191121,2.427882451,2.283466763,2.038064434,1.675327105,1.202196888,nan,1.036922357
2820,2.55,2.55,2.55,2.549999998,2.549999977,2.549999789,2.549998295,2.549988154,2.549929395,2.549639304,2.548419875,2.544053415,2.530718864,2.495924606,2.41809283,2.26815314,2.017955178,1.653290099,1.182183405,nan,1.032460902
2880,2.55,2.55,2.55,2.549999996,2.549999963,2.549999672,2.549997498,2.54998352,2.549906484,2.549543256,2.548078914,2.543029623,2.528121787,2.490352473,2.407984865,2.252662313,1.997935512,1.631598344,1.162575386,nan,1.028198089
2940,2.55,2.55,2.549999999,2.549999994,2.54999994,2.5499995,2.549996389,2.549977392,2.5498776,2.549427384,2.547683677,2.541884885,2.525307125,2.484477159,2.397571993,2.237009735,1.978015361,1.610240909,1.143423812,nan,1.024022594
3000,2.55,2.55,2.549999999,2.549999989,2.549999904,2.549999249,2.549994862,2.549969381,2.549841559,2.549288702,2.547228504,2.540610907,2.522267195,2.478299151,2.386871545,2.221223144,1.958216561,1.589242369,1.124594556,nan,1.019826812
3060,2.55,2.55,2.549999998,2.549999982,2.54999985,2.549998892,2.549992793,2.549959028,2.549796999,2.549124217,2.546707978,2.539201175,2.519001804,2.471827315,2.375901078,2.205323525,1.938550202,1.568579427,1.106126748,nan,1.015760826
3120,2.55,2.55,2.549999997,2.549999971,2.549999771,2.54999839,2.549990027,2.549945819,2.549742537,2.548930614,2.546116907,2.537650706,2.515508333,2.465068128,2.36467609,2.189325973,1.919024198,1.548225468,1.088058416,nan,1.011919822
3180,2.55,2.549999999,2.549999994,2.549999954,2.549999654,2.549997694,2.549986373,2.549929117,2.549676392,2.548704472,2.545449086,2.535951203,2.511782517,2.458026073,2.353205933,2.17323274,1.899611342,1.528156273,1.070494898,nan,1.008306804
3240,2.55,2.549999999,2.54999999,2.549999927,2.549999487,2.549996742,2.549981598,2.549908224,2.549596933,2.548442204,2.5447001,2.534098339,2.507820855,2.450705623,2.341502821,2.157063871,1.880341919,1.508411869,1.053278313,nan,1.004725441
3300,2.549999999,2.549999998,2.549999985,2.549999889,2.549999251,2.549995456,2.549975436,2.549882363,2.549502121,2.548139935,2.54386257,2.532087504,2.503624736,2.443114171,2.329582893,2.140837577,1.861220947,1.488990921,1.036398057,nan,1.001224892
3360,2.549999999,2.549999996,2.549999975,2.549999831,2.549998921,2.549993741,2.549967569,2.549850571,2.549389855,2.547793917,2.54293296,2.529910364,2.499194002,2.435257829,2.317461011,2.124569301,1.842259946,1.46989333,1.019769995,nan,0.9977030162
3420,2.549999998,2.549999994,2.549999961,2.549999749,2.549998465,2.549991482,2.549957603,2.549811877,2.549258003,2.547399918,2.541904394,2.527566034,2.494526941,2.427145604,2.305154864,2.108279845,1.823479846,1.451115877,1.003379046,nan,0.994208681
3480,2.549999996,2.54999999,2.549999941,2.549999631,2.549997845,2.549988535,2.54994512,2.549765193,2.549103898,2.546954188,2.540772847,2.525050686,2.489625849,2.418789491,2.29267991,2.091981055,1.804875953,1.432637168,nan,nan,0.9906967177
3540,2.549999994,2.549999984,2.54999991,2.549999466,2.549997011,2.549984729,2.549929629,2.549709163,2.54892538,2.546452246,2.53953314,2.522358285,2.484495426,2.410200116,2.28005359,2.075690027,1.786471922,1.414456173,nan,nan,0.9871795595
3600,2.54999999,2.549999975,2.549999865,2.549999236,2.549995902,2.549979868,2.549910548,2.549642568,2.548719457,2.545890492,2.538180287,2.519490157,2.479139383,2.401388502,2.267290602,2.059419493,1.768246913,1.396524801,nan,nan,0.9838408642
3660,2.549999984,2.549999961,2.549999801,2.54999892,2.549994436,2.549973674,2.549887025,2.549563031,2.548480415,2.545253879,2.536682044,2.516370962,2.473399363,2.39205007,2.253857482,2.042321449,1.748995252,1.377289573,nan,nan,0.9806510825
3720,2.549999975,2.549999941,2.549999711,2.549998491,2.549992522,2.549965886,2.549858489,2.549469427,2.548207345,2.544546246,2.535054937,2.513056449,2.467416166,2.382477245,2.240272564,2.025225937,1.72990677,1.358337169,nan,nan,0.9774930396
3780,2.549999962,2.549999911,2.549999584,2.549997914,2.54999005,2.549956177,2.54982408,2.549360178,2.547897305,2.543763307,2.533296164,2.509547006,2.461195734,2.37268021,2.226552439,2.008142879,1.710982113,1.339650023,nan,nan,0.9744593821
3840,2.549999942,2.549999868,2.549999409,2.54999715,2.549986889,2.549944186,2.549782903,2.549233136,2.547546864,2.542899897,2.531402044,2.505841571,2.454741636,2.36266769,2.212708626,1.991083414,1.69222445,1.321229816,nan,nan,0.9714414469
3900,2.549999912,2.549999808,2.549999169,2.549996145,2.549982883,2.549929493,2.549734006,2.549086571,2.54715292,2.541953033,2.529366183,2.501939127,2.448058054,2.352449706,2.198754888,1.974051527,1.67364706,1.303082778,nan,nan,0.9684061698
3960,2.54999987,2.549999722,2.549998846,2.549994837,2.549977842,2.549911588,2.54967622,2.548918226,2.546711892,2.54091667,2.527187071,2.497837642,2.441150453,2.342037673,2.184705452,1.957069231,1.655250617,1.285183562,nan,nan,0.9654137288
4020,2.549999809,2.549999603,2.549998413,2.549993151,2.549971557,2.549889965,2.549608424,2.548725928,2.546220627,2.539788474,2.524862236,2.493537698,2.434024595,2.331442284,2.170569266,1.940138426,1.637039572,1.26752762,nan,nan,0.9623829483
4080,2.549999723,2.549999439,2.549997841,2.549990994,2.549963785,2.549864033,2.549529408,2.548507539,2.545675467,2.538563704,2.522386541,2.489041897,2.426686898,2.320675266,2.156361338,1.923276695,1.619023586,1.250102474,nan,nan,0.9592832371
4140,2.549999604,2.549999216,2.54999709,2.549988262,2.549954246,2.54983311,2.549437649,2.548260352,2.545073345,2.537238687,2.519759622,2.484352167,2.419144911,2.309749231,2.142098204,1.906491737,1.601195196,1.232867019,nan,nan,0.9563061956
4200,2.549999439,2.549998917,2.549996115,2.549984828,2.549942619,2.549796466,2.549331875,2.547982447,2.544410585,2.535811244,2.516980672,2.47947051,2.411404828,2.298672096,2.127783713,1.889775105,1.58353205,1.215834085,nan,nan,0.9533896183
4260,2.549999215,2.549998517,2.54999486,2.549980546,2.549928536,2.549753349,2.549210581,2.547670773,2.543684326,2.534275673,2.51404589,2.474395302,2.403471016,2.287452161,2.113426792,1.873138657,1.566040426,1.199013809,nan,nan,0.9504916375
4320,2.549998912,2.54999799,2.549993259,2.54997525,2.549911609,2.549702911,2.549071965,2.547323324,2.542890766,2.532631511,2.510954675,2.46913156,2.395350053,2.276097982,2.099028262,1.856574525,1.548706355,1.182384356,nan,nan,0.9477666286
4380,2.549998508,2.549997301,2.549991231,2.549968744,2.549891395,2.549644138,2.54891461,2.546937213,2.542027357,2.530874177,2.507707357,2.463681475,2.387047317,2.264614484,2.084595714,1.840085407,1.531531174,1.165995838,nan,nan,0.9449856938
4440,2.549997974,2.549996407,2.549988683,2.549960801,2.549867405,2.549576132,2.548736671,2.546509902,2.541090087,2.529001252,2.504301696,2.458047465,2.378569643,2.253013603,2.070146981,1.823691017,1.514550538,1.149800839,nan,nan,0.9420671935
4500,2.549997275,2.549995259,2.549985506,2.549951176,2.549839062,2.549497851,2.54853622,2.54603897,2.540076928,2.527011642,2.50073656,2.452234093,2.369926867,2.241308159,2.055693984,1.80740063,1.497748998,1.133740859,nan,nan,0.9392193628
4560,2.549996367,2.549993796,2.549981573,2.549939589,2.549805802,2.54940808,2.548311667,2.545521304,2.538983814,2.524900447,2.497015121,2.446242482,2.361126021,2.229504497,2.041233085,1.79120157,1.48110283,1.117851523,nan,nan,0.9364609202
4620,2.549995199,2.549991945,2.54997674,2.549925727,2.549766991,2.549305675,2.548060839,2.544955208,2.537809518,2.522669039,2.493137796,2.440078337,2.352172586,2.217609318,2.02677299,1.77509634,1.464606265,1.102140459,nan,nan,0.9337805357
4680,2.549993708,2.549989621,2.54997084,2.549909241,2.549721942,2.549189464,2.547781893,2.544336854,2.536549556,2.520313948,2.489100919,2.433745238,2.343071439,2.205626911,2.012314158,1.759076532,1.448253705,1.086632505,nan,nan,0.9311781962
4740,2.549991819,2.549986726,2.549963683,2.549889743,2.549669872,2.549058096,2.547473075,2.543664992,2.535203504,2.517833456,2.484908732,2.427246182,2.33382787,2.193563879,1.997860109,1.743150479,1.432058174,1.071309798,nan,nan,0.9286000043
4800,2.549989447,2.549983143,2.549955055,2.549866794,2.549609987,2.548910107,2.547131791,2.542936021,2.533766284,2.515228106,2.480562241,2.420584896,2.324448003,2.181426806,1.983415477,1.727318293,1.416017166,1.056160974,nan,nan,0.9260073291
4860,2.549986487,2.549978739,2.549944717,2.549839945,2.54954147,2.548744253,2.546756505,2.542148183,2.532238371,2.512493216,2.476060504,2.413764386,2.314938176,2.169223491,1.968991584,1.711587943,1.400143951,1.041140623,nan,nan,0.9233357073
4920,2.549982822,2.549973362,2.549932398,2.549808693,2.549463423,2.548559091,2.54634508,2.541298622,2.530614791,2.509631147,2.471405111,2.406788194,2.305306658,2.156964075,1.954596105,1.695969361,1.384428195,1.026231426,nan,nan,0.9207413774
4980,2.549978314,2.549966836,2.549917792,2.549772492,2.549374859,2.548352803,2.545895004,2.54038504,2.528896311,2.506640966,2.466600381,2.3996635,2.295559435,2.144652746,1.940225458,1.680449841,1.368856104,1.0114893,nan,nan,0.9181044434
5040,2.549972804,2.549958964,2.549900574,2.549730753,2.549274729,2.548124151,2.545404863,2.539405537,2.527078886,2.503520254,2.461648372,2.392395076,2.285704072,2.132300045,1.925899834,1.6650552,1.353455121,0.996773518,nan,nan,0.915326925
5100,2.549966114,2.549949523,2.549880381,2.54968283,2.549162066,2.547871596,2.544872111,2.538357173,2.525162907,2.500272538,2.456548717,2.384989794,2.27575049,2.119914133,1.911624057,1.649779896,1.338193502,0.9821293835,nan,nan,0.9125882472
5160,2.549958038,2.549938263,2.549856816,2.549628031,2.549035789,2.547593262,2.544294888,2.537239252,2.523145925,2.496896147,2.451307656,2.377453083,2.265704472,2.107500444,1.897390976,1.634605667,1.323037826,0.9676554009,nan,nan,0.9100141718
5220,2.549948349,2.549924908,2.549829446,2.549565671,2.548894755,2.547287719,2.543671724,2.53604815,2.52102758,2.493391931,2.445927967,2.369787813,2.255567314,2.095055595,1.883194798,1.619518272,1.307985776,0.953387013,nan,nan,0.9074980324
5280,2.549936789,2.54990915,2.549797805,2.549494999,2.54873767,2.5469535,2.542999605,2.534784086,2.518806599,2.489761909,2.44041085,2.361994147,2.245342655,2.082585151,1.869042607,1.604534031,1.293081554,0.9391381282,nan,nan,0.904850503
5340,2.549923073,2.549890652,2.549761389,2.549415221,2.548563482,2.546588721,2.542277622,2.533442906,2.516481243,2.486003027,2.434755492,2.354080042,2.235039123,2.070099629,1.854943341,1.589657574,1.278309048,0.9249907264,nan,nan,0.9022696697
5400,2.549906887,2.549869042,2.549719656,2.549325502,2.548370966,2.546191692,2.541503575,2.532025259,2.514052443,2.48211917,2.428969262,2.346050969,2.22466178,2.057600816,1.840895541,1.57487982,1.263649474,0.9109283379,nan,nan,0.8996609693
5460,2.549887886,2.549843946,2.54967217,2.549225449,2.548160507,2.545765555,2.540686295,2.530552721,2.511568998,2.478210956,2.423231618,2.338201792,2.214663329,2.045734761,1.827769096,1.561313678,1.250460061,0.898616754,nan,nan,0.8971219893
5520,2.549865698,2.549814918,2.549618218,2.549113821,2.547929427,2.545305232,2.539815861,2.529004005,2.508987932,2.47418709,2.417379526,2.330263474,2.204616206,2.033876475,1.814702329,1.547842364,1.237372096,nan,nan,nan,0.8946219202
5580,2.549839913,2.549781492,2.549557179,2.548989732,2.547676658,2.544808615,2.53889027,2.527378049,2.506306775,2.470053443,2.411417269,2.322235917,2.19452398,2.022029752,1.80170338,1.534478152,1.224415168,nan,nan,nan,0.8920118023
5640,2.549810088,2.549743166,2.54948838,2.548852241,2.547400977,2.544274804,2.53790774,2.525672546,2.503527489,2.465805929,2.40535027,2.314125434,2.184394006,2.010200746,1.788776421,1.521223674,1.211567913,nan,nan,nan,0.8894093329
5700,2.549775742,2.549699401,2.549411111,2.548700379,2.547101129,2.543702362,2.536867753,2.523888735,2.5006489,2.461451896,2.399177335,2.305938651,2.174231001,1.998392172,1.775921109,1.508070933,1.198813172,nan,nan,nan,0.8868495381
5760,2.549736361,2.549649626,2.54932463,2.548533151,2.546775803,2.543089647,2.535768423,2.522023717,2.497672598,2.456989516,2.392905318,2.297678851,2.164036746,1.986602452,1.763128797,1.49501155,1.186152872,nan,nan,nan,0.8843206661
5820,2.549691394,2.54959323,2.549228162,2.548349513,2.546423495,2.542434978,2.534608247,2.520078527,2.494598226,2.452422456,2.386538014,2.289347087,2.153815093,1.974836949,1.750409982,1.482057508,1.173609753,nan,nan,nan,0.8816598375
5880,2.549640255,2.549529565,2.549120903,2.548148336,2.546043208,2.541737512,2.533387021,2.518052327,2.49142685,2.447752781,2.380074146,2.28094924,2.14357307,1.963103048,1.737770843,1.469211613,1.16115408,nan,nan,nan,0.8790238512
5940,2.549582321,2.549457949,2.549002017,2.547928667,2.545633694,2.54099598,2.532102939,2.515943834,2.48815945,2.442981462,2.37352263,2.272492254,2.133314178,1.951400147,1.725202915,1.456451178,1.148754195,nan,nan,nan,0.8765451781
6000,2.549516936,2.549377678,2.548870641,2.547689443,2.545193731,2.540208528,2.53075498,2.513755052,2.484796697,2.438114115,2.366885976,2.263976296,2.123033989,1.939716641,1.712684396,1.443751158,1.136435258,nan,nan,nan,0.874219453
6060,2.549443409,2.549288008,2.548725862,2.547429588,2.544721872,2.539374254,2.529343166,2.511482554,2.481339368,2.433145625,2.360159257,2.25540024,2.112730045,1.928053861,1.700224187,1.431136076,1.12425308,nan,nan,nan,0.8718017851
6120,2.549361015,2.549188163,2.548566747,2.547148007,2.544216848,2.538492218,2.527865435,2.509128658,2.477787094,2.428083405,2.353350157,2.246765756,2.102410854,1.916421311,1.687835746,1.418623567,1.112185488,nan,nan,nan,0.8692381289
6180,2.549268992,2.54907733,2.548392384,2.546843582,2.543677641,2.537561138,2.526321126,2.506691851,2.474141916,2.422925933,2.346463518,2.23808267,2.09208421,1.904826811,1.675524678,1.406213596,1.100173772,nan,nan,nan,0.866773766
6240,2.549166542,2.548954665,2.548201801,2.546514991,2.543103051,2.536579028,2.524710513,2.504172328,2.470404163,2.417678168,2.339497931,2.229353615,2.081748963,1.893261782,1.663270129,1.393872775,1.088234464,nan,nan,nan,0.8643891241
6300,2.549052837,2.548819295,2.547994011,2.546161271,2.54249192,2.53554583,2.523031563,2.501571678,2.466576047,2.412341818,2.332459129,2.22057913,2.071405115,1.881727984,1.651082326,1.381619964,1.076399987,nan,nan,nan,0.8619507919
6360,2.548927021,2.548670322,2.547768012,2.545781327,2.54184255,2.534460553,2.521284383,2.498887006,2.462657191,2.406916275,2.325350699,2.211761288,2.061057649,1.870231079,1.638966608,1.369460433,1.064644576,nan,nan,nan,0.8594147957
6420,2.548788207,2.54850682,2.54752278,2.545374039,2.541154261,2.533321562,2.519469254,2.496122072,2.458650434,2.40140857,2.318172294,2.202905104,2.050711875,1.858776772,1.626927261,1.357396381,1.052942033,nan,nan,nan,0.8568364279
6480,2.54863548,2.54832784,2.547257281,2.544938296,2.540426019,2.532128091,2.517583951,2.493274545,2.454556125,2.395816433,2.310931118,2.194017198,2.040372593,1.847368712,1.614965489,1.345423039,1.041283694,nan,nan,nan,0.8542012406
6540,2.548467904,2.548132415,2.546970477,2.544473011,2.539656805,2.53087998,2.515629796,2.490347145,2.450377621,2.390147539,2.30363222,2.185101391,2.030042387,1.836006486,1.603076373,1.333519261,1.029646848,nan,nan,nan,0.8517533901
6600,2.548284525,2.547919566,2.546661333,2.5439769,2.538845376,2.529576547,2.513607248,2.48734016,2.446115324,2.384402285,2.296274255,2.176156814,2.019715568,1.824677063,1.591238516,1.321661899,1.018113291,nan,nan,nan,0.8493246158
6660,2.548084377,2.547688303,2.546328694,2.543449017,2.537990619,2.52821582,2.511513631,2.484253088,2.441771272,2.378580619,2.28885847,2.167182012,2.009393986,1.813387015,1.579467714,1.309890353,1.006654936,nan,nan,nan,0.8467854584
6720,2.547866473,2.547437623,2.545971608,2.542888414,2.537092014,2.526798488,2.50935123,2.481088812,2.437345907,2.372688581,2.281391004,2.158183018,1.999084982,1.80214457,1.567770027,1.298201581,0.9952280835,nan,nan,nan,0.8442485889
6780,2.547629809,2.547166505,2.545589042,2.542294062,2.53614868,2.525324029,2.507119736,2.477844461,2.432842003,2.366723532,2.273874013,2.14916431,1.988789255,1.790945844,1.556134336,1.2865731,0.9838462968,nan,nan,nan,0.8417922516
6840,2.547373368,2.546873921,2.545179957,2.541664967,2.535159804,2.523791093,2.504817509,2.474525101,2.428260733,2.360692693,2.266306801,2.140125778,1.978504201,1.779785961,1.544555073,1.275005575,0.9725433383,nan,nan,nan,0.8393065099
6900,2.547096127,2.546558843,2.544743324,2.541000158,2.534123773,2.522199456,2.502446938,2.471128117,2.423603544,2.354595592,2.258694771,2.131069638,1.9682326,1.76866989,1.533040294,1.263506132,0.961276508,nan,nan,nan,0.8369105754
6960,2.546797058,2.546220238,2.544278117,2.540298418,2.533040558,2.520549412,2.500007058,2.467656627,2.418872253,2.348433334,2.25103969,2.121995989,1.957971473,1.757587505,1.521569445,1.252051113,0.9501206817,nan,nan,nan,0.8346000168
7020,2.546475122,2.545857059,2.543783317,2.53955887,2.531909479,2.518840341,2.497497357,2.464110289,2.414067048,2.34220997,2.243337458,2.112901395,1.947719828,1.746540533,1.510152786,1.2406654,0.9390329299,nan,nan,nan,0.8322306757
7080,2.546129273,2.545468209,2.543257903,2.538780745,2.530729797,2.517070565,2.494919651,2.460489248,2.409190189,2.335922062,2.235593715,2.103791485,1.937481702,1.735533093,1.498797163,1.22935731,0.9279808982,nan,nan,nan,0.8298059149
7140,2.545758453,2.545052687,2.54270085,2.537963116,2.529500234,2.515241222,2.492272156,2.456796074,2.404241591,2.329576301,2.227812265,2.09467025,1.927261723,1.724570304,1.487505597,1.21812282,0.916949543,nan,nan,nan,0.827402384
7200,2.545361599,2.544609441,2.542111006,2.537105088,2.528220226,2.513352112,2.489556148,2.453028899,2.399225578,2.323174534,2.219994377,2.085539731,1.91705979,1.713649324,1.476272542,1.206944174,0.9059673492,nan,nan,nan,0.824988287
7260,2.544938032,2.54413927,2.541494533,2.536224579,2.526932002,2.511487517,2.486931839,2.449469126,2.394595978,2.317420584,2.213175628,2.077848848,1.908812219,1.705253312,1.46816144,1.199505715,0.8993830305,nan,nan,nan,0.8225246864
7320,2.544487182,2.543640412,2.540845365,2.53530544,2.525598469,2.509571549,2.484254326,2.445859377,2.389925106,2.311643145,2.206356719,2.070183123,1.90061218,1.696918733,1.460122171,1.192131927,0.8927842087,nan,nan,nan,0.8199324988
7380,2.544008168,2.543112019,2.540162768,2.534347141,2.524219453,2.507604939,2.481523404,2.442199415,2.385216353,2.305845859,2.199541748,2.062543642,1.892464822,1.688657517,1.452162045,1.184820592,0.8861474247,nan,nan,nan,0.8173452599
7440,2.543500127,2.542553267,2.539446042,2.533348965,2.52279485,2.505588087,2.478740564,2.438491729,2.380472023,2.300030801,2.192729643,2.054935734,1.8843674,1.680457858,1.444265494,1.177546665,0.8795463888,nan,nan,nan,0.8147283175
7500,2.542962231,2.541963369,2.538694535,2.53231076,2.521324646,2.503521488,2.475907367,2.434738581,2.375692578,2.294196548,2.185923444,2.047355536,1.876322065,1.672325331,1.436436145,1.170316785,0.872944423,nan,nan,nan,0.8121585214
7560,2.542393688,2.541341577,2.537907643,2.531232172,2.519808861,2.501405638,2.473024818,2.430941413,2.370878991,2.288348156,2.179125294,2.039804548,1.868321726,1.664247434,1.428657042,1.163114125,0.8664184472,nan,nan,nan,0.8096218358
7620,2.541793736,2.540687177,2.537084794,2.530112886,2.518246967,2.499241011,2.470093798,2.427101336,2.366034207,2.282486021,2.172331028,2.032282105,1.860369521,1.6562282,1.420935295,1.15596305,0.8598724364,nan,nan,nan,0.8069989058
7680,2.541161639,2.539999479,2.536225439,2.528952592,2.516639541,2.497027782,2.467115109,2.423217493,2.36115954,2.276608842,2.165544867,2.024787125,1.852463768,1.648269473,1.413275122,1.148860201,0.8533277225,nan,nan,nan,0.8043823195
7740,2.540496678,2.53927781,2.535329049,2.527751011,2.514986651,2.494765899,2.46408839,2.419292852,2.356255695,2.270720038,2.158769831,2.017325139,1.844608984,1.6403678,1.405667344,1.141786949,0.8468456687,nan,nan,nan,0.8018566779
7800,2.539798165,2.53852153,2.534395137,2.526507912,2.513288431,2.4924567,2.461015657,2.415329122,2.351322857,2.264821667,2.152001523,2.00988973,1.836793938,1.632514317,1.398100951,1.134744968,0.8404062405,nan,nan,nan,0.7992950936
7860,2.539065447,2.537730036,2.533423249,2.525223094,2.511545009,2.490100664,2.457897966,2.411327143,2.346363822,2.258912911,2.145242418,2.002482399,1.829024644,1.624712247,1.390585745,1.12774563,0.8340002208,nan,nan,nan,0.7968207486
7920,2.53829789,2.536902744,2.532412945,2.523896348,2.509756482,2.487698227,2.45473606,2.407287808,2.341379573,2.252992346,2.138493401,1.995102197,1.821291472,1.616952179,1.383104154,1.12077165,0.8277021065,nan,nan,nan,0.7943918424
7980,2.537494877,2.536039083,2.531363795,2.522527474,2.507922938,2.485249772,2.451530524,2.403209393,2.336369399,2.247062629,2.131749386,1.987744381,1.81359884,1.609238854,1.375674902,1.113863627,0.8213424796,nan,nan,nan,0.7918471985
8040,2.536655799,2.535138489,2.530275367,2.521116249,2.506044421,2.482755627,2.448281914,2.399095097,2.331333135,2.241125561,2.125016484,1.980417663,1.80595001,1.601580776,1.368301827,1.107002598,0.8149950261,nan,nan,nan,0.7893270791
8100,2.535780058,2.534200409,2.529147249,2.519662493,2.504121066,2.480216232,2.444989555,2.394946293,2.326274794,2.235179727,2.118296777,1.973118969,1.798344027,1.593970197,1.360978943,1.100181167,0.8086708717,nan,nan,nan,0.7867892533
8160,2.534867095,2.533224338,2.527979086,2.518165948,2.502152559,2.477631211,2.441656052,2.39076421,2.321195722,2.229228938,2.111587412,1.965851368,1.790783535,1.586414784,1.353709155,1.093397398,0.8023908774,nan,nan,nan,0.7843219667
8220,2.533916404,2.532209818,2.526770573,2.516626462,2.500139541,2.475002256,2.438282448,2.38654957,2.316096462,2.223274982,2.104891891,1.958612575,1.783259249,1.578896101,1.346469133,1.086629877,0.7962032719,nan,nan,nan,0.7819019812
8280,2.532927525,2.531156443,2.525521458,2.515044254,2.498082444,2.472329924,2.434869441,2.382301723,2.310975543,2.217315236,2.098208544,1.95139713,1.775773166,1.571422896,1.339277636,1.079917186,0.7900189967,nan,nan,nan,0.7794777428
8340,2.531900022,2.530063823,2.52423131,2.513419272,2.495981457,2.469614628,2.431417614,2.378023176,2.305836099,2.211349988,2.091534312,1.944210865,1.768324978,1.563994873,1.332130579,1.073251337,0.7837819862,nan,nan,nan,0.7769633697
8400,2.530833464,2.528931573,2.522900005,2.511751475,2.4938368,2.466856873,2.427927231,2.373714921,2.300679304,2.20538301,2.08487568,1.937054075,1.760922615,1.556620445,1.325043516,1.066635454,0.7775443522,nan,nan,nan,0.7744521037
8460,2.529727445,2.527759336,2.521527365,2.510040877,2.49164879,2.464057336,2.424398617,2.36937848,2.295506184,2.199416455,2.078234082,1.929928557,1.75356028,1.549291905,1.317996367,1.060034484,nan,nan,nan,nan,0.7720109874
8520,2.528581616,2.526546815,2.520113249,2.508287586,2.489417854,2.461216783,2.420834063,2.365013671,2.290316214,2.193446531,2.071604634,1.922831999,1.746236466,1.542002025,1.310984667,1.053460081,nan,nan,nan,nan,0.7696363159
8580,2.527395689,2.52529377,2.51865756,2.506491722,2.487144363,2.458334613,2.41723426,2.360621191,2.285111809,2.18747645,2.064989568,1.915758342,1.738943567,1.534748352,1.304004087,1.046920774,nan,nan,nan,nan,0.767253176
8640,2.52616939,2.523999974,2.517160196,2.504653366,2.484828593,2.4554124,2.413599654,2.356202498,2.279892943,2.181505881,2.058387624,1.908712515,1.731689372,1.527538268,1.297072506,1.040437883,nan,nan,nan,nan,0.7648318392
8700,2.524902438,2.522665186,2.51562103,2.502772561,2.482470254,2.452450608,2.409930879,2.351758447,2.274659749,2.17553408,2.051799148,1.901694572,1.72447349,1.5203752,1.290190321,1.033996177,nan,nan,nan,nan,0.7623573787
8760,2.523594563,2.521289177,2.514039964,2.50084941,2.480069967,2.449449899,2.406227823,2.347290334,2.269412781,2.169564017,2.045229198,1.894708139,1.717301429,1.513260213,1.283355788,1.027585321,nan,nan,nan,nan,0.7598926424
8820,2.522245547,2.519871781,2.512416968,2.498884107,2.477628466,2.446411067,2.402491952,2.342797444,2.264155552,2.16359825,2.03867686,1.887752869,1.710166468,1.506187062,1.276560394,1.021192339,nan,nan,nan,nan,0.7574487824
8880,2.520855245,2.5184129,2.510752088,2.496876914,2.475146277,2.443334897,2.398724947,2.338282381,2.258888741,2.157635605,2.032140067,1.880824224,1.703069111,1.499153164,1.269798753,1.014822943,nan,nan,nan,nan,0.7550691503
8940,2.519423564,2.516912485,2.509045403,2.494827616,2.472623873,2.440222027,2.394927498,2.333746119,2.253611307,2.151674506,2.025620886,1.873925119,1.696006268,1.492159207,1.263077909,1.008498492,nan,nan,nan,nan,0.752601817
9000,2.517950427,2.5153705,2.507296989,2.492736904,2.470061677,2.437071792,2.391100307,2.329189451,2.24832362,2.145718767,2.019118994,1.867054758,1.688985362,1.485210636,1.256397586,1.002193858,nan,nan,nan,nan,0.7502566278
9060,2.516435736,2.513786776,2.505506426,2.490603843,2.467457791,2.433881893,2.38723744,2.324602341,2.243012884,2.139746717,2.012603636,1.860172497,1.68194316,1.478227162,1.249659724,0.9958125545,nan,nan,nan,nan,0.7480806444
9120,2.514879427,2.512161394,2.503674253,2.488429804,2.464814854,2.43065684,2.383343898,2.319993283,2.237693017,2.133773423,2.006101634,1.853310475,1.674928975,1.471273598,1.242956122,0.9895040755,nan,nan,nan,nan,0.7457552794
9180,2.513281458,2.510494307,2.501800528,2.486214932,2.462133065,2.427396808,2.379421632,2.315364255,2.232362288,2.127803532,1.999612828,1.846475175,1.667951344,1.464367517,1.236305671,0.9832451034,nan,nan,nan,nan,0.743364377
9240,2.511641726,2.508785368,2.49988526,2.483959361,2.459412012,2.424102318,2.375471482,2.310716574,2.227023137,2.12183959,1.993142084,1.839669542,1.661010629,1.457497236,1.229693193,0.9770008519,nan,nan,nan,nan,0.7410003167
9300,2.509960169,2.507034655,2.497928541,2.481663364,2.45665271,2.420774121,2.37149441,2.306051282,2.221677818,2.11587914,1.986690311,1.832890406,1.654104903,1.450669708,1.223122794,0.9707810628,nan,nan,nan,nan,0.7387063643
9360,2.508236808,2.505242224,2.495930539,2.479327279,2.453855879,2.417412662,2.367491293,2.301367547,2.216327184,2.109924973,1.980253243,1.82613915,1.64723168,1.443873185,1.216578578,0.9645855313,nan,nan,nan,nan,0.7363990746
9420,2.506471717,2.503408189,2.49389144,2.476951465,2.451022032,2.414017741,2.363461612,2.296666755,2.21096862,2.103977115,1.973833862,1.81941208,1.640389834,1.437114047,1.210071359,0.9584245062,nan,nan,nan,nan,0.7341143953
9480,2.504664991,2.501532671,2.491811175,2.474536241,2.448151599,2.410590956,2.3594062,2.291950209,2.205604583,2.098033803,1.967431077,1.812710837,1.633579513,1.430385878,1.203589568,0.9522832845,nan,nan,nan,nan,0.7319049124
9540,2.502816721,2.499615794,2.489690239,2.472081922,2.44524501,2.407132805,2.355326338,2.287218159,2.200235481,2.092094984,1.961041633,1.80603199,1.626795174,1.423686116,1.197137217,0.9461818508,nan,nan,nan,nan,0.7296987339
9600,2.500926997,2.497657671,2.487528812,2.469588738,2.442302596,2.403643629,2.35122229,2.28247009,2.194861026,2.086161848,1.954668255,1.799375961,1.620042473,1.417021556,1.190724758,0.9401302924,nan,nan,nan,nan,0.7274149664
9660,2.498995886,2.495658389,2.485327042,2.467056379,2.439324672,2.400123818,2.347094522,2.277705328,2.189479445,2.080234463,1.948311557,1.79274928,1.613325037,1.410400253,1.184357486,0.9340988616,nan,nan,nan,nan,0.7251853785
9720,2.497023458,2.49361805,2.483085109,2.464485716,2.43631154,2.396574077,2.342943628,2.272927036,2.184095086,2.074313595,1.941972196,1.786145855,1.606637727,1.403805648,1.178013249,0.9280879132,nan,nan,nan,nan,0.7229214703
9780,2.49500986,2.49153683,2.480803284,2.461877152,2.43326313,2.392994264,2.338769001,2.268135507,2.178707724,2.068400487,1.935651067,1.779570338,1.599983273,1.397254894,1.171718808,0.922118007,nan,nan,nan,nan,0.720585858
9840,2.492955281,2.489414944,2.478481847,2.459231061,2.430180702,2.389385082,2.334572953,2.263331797,2.173317961,2.062496731,1.929348438,1.773023679,1.593368469,1.390744319,1.16546074,0.9161482157,nan,nan,nan,nan,0.7183383932
9900,2.490859943,2.487252644,2.476121143,2.456547937,2.427064942,2.385748092,2.330356614,2.258515102,2.167925902,2.056601081,1.923065857,1.766504055,1.586780959,1.384261388,1.159221097,0.9101961379,nan,nan,nan,nan,0.7161058839
9960,2.488724156,2.485050273,2.473721598,2.453828321,2.423916495,2.382083959,2.326120493,2.253687124,2.162532937,2.050714546,1.916800621,1.760007696,1.580223434,1.377809146,1.153006548,0.9042687298,nan,nan,nan,nan,0.7139642279
10020,2.48654824,2.482808167,2.471283598,2.451072646,2.420735809,2.378393079,2.321864843,2.248848326,2.157138761,2.044835889,1.910549372,1.753532827,1.573688704,1.371378011,1.146809223,0.89837603,nan,nan,nan,nan,0.7118458824
10080,2.484332464,2.480526609,2.468807454,2.448281253,2.41752322,2.374675701,2.317588015,2.243998391,2.151740621,2.038961402,1.904313503,1.747078994,1.567180532,1.364976365,1.140646064,0.89253438,nan,nan,nan,nan,0.7096805602
10140,2.482077027,2.478205807,2.466293393,2.445454383,2.414278954,2.370932007,2.313291577,2.239136424,2.146339898,2.033095284,1.898093634,1.740649563,1.560703736,1.358611102,1.134522602,0.8867127648,nan,nan,nan,nan,0.7075498607
10200,2.479782085,2.475845929,2.463741629,2.442592318,2.411003392,2.367161133,2.308976496,2.234263028,2.140938738,2.027238309,1.891890135,1.73424436,1.554253196,1.352270477,1.128423111,0.8809213407,nan,nan,nan,nan,0.7053947765
10260,2.477447842,2.473447204,2.461152448,2.439695427,2.407696261,2.363364874,2.304643203,2.229379848,2.135537065,2.02138707,1.885704826,1.727862165,1.547834203,1.345969354,1.122367486,0.8751536767,nan,nan,nan,nan,0.7031682029
10320,2.475074541,2.47100989,2.458526153,2.436763789,2.404358417,2.359543843,2.300292388,2.22448783,2.13013334,2.015546704,1.879536441,1.721507937,1.541446606,1.33970027,1.116342056,0.8693926051,nan,nan,nan,nan,0.7009982477
10380,2.472662471,2.468534298,2.45586312,2.433797767,2.400990762,2.355698765,2.295923711,2.219587591,2.124731061,2.009717485,1.873387842,1.715178134,1.53508926,1.333463436,1.110342784,0.8636440057,nan,nan,nan,nan,0.6988775782
10440,2.470211992,2.466020808,2.453163787,2.43079827,2.397593892,2.35183028,2.291538133,2.214677494,2.119330321,2.003895522,1.867256073,1.708870453,1.528754922,1.327249123,1.104360903,0.8579320766,nan,nan,nan,nan,0.6967355726
10500,2.467723493,2.463469823,2.450428503,2.427765761,2.39416826,2.347938741,2.28713658,2.209759591,2.113929565,1.998083214,1.861140188,1.702587426,1.522453708,1.321074039,1.098425702,0.8522466929,nan,nan,nan,nan,0.6944791266
10560,2.465197318,2.460881694,2.44765738,2.424700635,2.390714294,2.344024014,2.282719756,2.204835017,2.108529773,1.992283784,1.855046834,1.696333647,1.516186805,1.31493515,1.092519688,0.8465490561,nan,nan,nan,nan,0.692341303
10620,2.462633832,2.458256809,2.444851205,2.421603458,2.387232721,2.34008681,2.278288759,2.199904928,2.103133757,1.986494343,1.848971603,1.690104144,1.50994519,1.308817137,1.086620473,0.8408729399,nan,nan,nan,nan,0.6903304025
10680,2.46003351,2.455595662,2.442010527,2.418474841,2.383724175,2.336128523,2.273843139,2.194967084,2.097739988,1.980714091,1.84291048,1.683890608,1.50371935,1.302711185,1.080728962,0.8352541082,nan,nan,nan,nan,0.6884006456
10740,2.457396804,2.452898702,2.439135779,2.415315156,2.380188513,2.332149072,2.269381779,2.190021536,2.092344562,1.974941321,1.836862794,1.677695294,1.497515131,1.296628743,1.074868181,0.829695296,nan,nan,nan,nan,0.6864020944
10800,2.454723992,2.450166197,2.436227188,2.412124547,2.376625391,2.328148316,2.264905672,2.185068649,2.086948852,1.969174358,1.830827589,1.671519018,1.491334815,1.290574201,1.069043269,0.8241523971,nan,nan,nan,nan,0.684372607
10860,2.452014939,2.447397016,2.433280483,2.408893225,2.373017188,2.324096038,2.260368495,2.180041482,2.081460984,1.963291416,1.824648281,1.665163577,1.484933132,1.284249257,1.062896852,0.8182073394,nan,nan,nan,nan,0.6823803266
10920,2.449269509,2.444591991,2.430299559,2.405630489,2.369381615,2.320021334,2.255815772,2.175004401,2.075971771,1.957416032,1.818481336,1.658825225,1.478553745,1.277952581,1.056783142,0.8122944974,nan,nan,nan,nan,0.6803443084
10980,2.446487903,2.441751333,2.427284651,2.402336293,2.36571898,2.315923604,2.251246763,2.169958733,2.070480995,1.951546059,1.812330186,1.652511307,1.472204284,1.271692592,1.050710724,0.8063914259,nan,nan,nan,nan,0.6782710384
11040,2.443670367,2.438875301,2.424236058,2.399010776,2.362029761,2.311804815,2.246662416,2.164906714,2.064992527,1.945687328,1.806197397,1.646221012,1.465885592,1.265465295,1.044665924,0.8004881839,nan,nan,nan,nan,0.6762791303
11100,2.44081726,2.435964276,2.421154228,2.39565503,2.358314661,2.307665836,2.242064816,2.15984933,2.059506385,1.939838319,1.800079974,1.639952385,1.459587864,1.259258521,1.038633848,0.794620172,nan,nan,nan,nan,0.6743048388
11160,2.437929065,2.433018757,2.418039701,2.392269636,2.354574271,2.30350717,2.237454217,2.154783918,2.054019788,1.933996434,1.793978007,1.63370186,1.453314645,1.253079025,1.032630967,0.7887775611,nan,nan,nan,nan,0.6723034558
11220,2.435006255,2.430039215,2.41489294,2.388855035,2.350807809,2.2993291,2.232830807,2.149712848,2.048535693,1.928164998,1.787890787,1.62747555,1.447070341,1.24693377,1.02666511,0.7829384289,nan,nan,nan,nan,0.6701945804
11280,2.43204924,2.427026067,2.411714376,2.385411682,2.347016819,2.29513118,2.228193184,2.144637478,2.043055378,1.922343566,1.781824097,1.621273924,1.440856034,1.240819295,1.020722486,0.7770784854,nan,nan,nan,nan,0.6682259118
11340,2.429058483,2.423979527,2.408504537,2.381940187,2.343202133,2.290914613,2.223544417,2.139558149,2.037576578,1.916532911,1.775771953,1.615092383,1.434662479,1.234721681,1.014787519,0.7712850164,nan,nan,nan,nan,0.6662821285
11400,2.426034534,2.420900411,2.405264004,2.378441141,2.3393643,2.286680474,2.218884609,2.134472695,2.03210115,1.910732325,1.769735949,1.608930606,1.428492149,1.228650336,1.00887774,0.7654998286,nan,nan,nan,nan,0.6643735625
11460,2.422977891,2.417789214,2.401993098,2.374914969,2.335503669,2.282429013,2.214213904,2.129383397,2.026629059,1.904938569,1.763713189,1.602786262,1.42234038,1.222595173,1.002984078,0.7597664971,nan,nan,nan,nan,0.6624385081
11520,2.41988897,2.414646349,2.398691946,2.371362032,2.331620523,2.27816037,2.209531114,2.124289904,2.021156737,1.899154555,1.757705607,1.596663281,1.416216958,1.216574677,0.9971349754,0.7540147098,nan,nan,nan,nan,0.6604073738
11580,2.416768113,2.411472151,2.395361286,2.367782188,2.327715183,2.273874852,2.204836872,2.119192018,2.015689074,1.893381686,1.751716849,1.590564782,1.410120594,1.210581031,0.9913044993,0.7482494095,nan,nan,nan,nan,0.658465488
11640,2.413615696,2.408267014,2.392001557,2.364175952,2.323787323,2.269571676,2.200133159,2.11409044,2.010226301,1.887618404,1.745742407,1.584483869,1.404041869,1.204602336,0.9854819136,0.7425385163,nan,nan,nan,nan,0.6565283893
11700,2.410432209,2.405031435,2.388613268,2.360544281,2.319838001,2.265252741,2.195419863,2.108985935,2.004764619,1.881865539,1.739784023,1.578423364,1.397989874,1.198656458,0.9796966544,0.7368100366,nan,nan,nan,nan,0.6545183817
11760,2.407218089,2.40176584,2.385196823,2.356887539,2.315867884,2.260918387,2.190697339,2.103879359,1.999307971,1.87612259,1.733842389,1.572386812,1.391963319,1.192735016,0.9739263935,0.7310960098,nan,nan,nan,nan,0.6526286494
11820,2.403973757,2.398470662,2.381752682,2.35320624,2.311877557,2.256569272,2.1859643,2.098769028,1.993856658,1.870390732,1.727917157,1.566366315,1.38595395,1.186825261,0.9681590752,0.7254585377,nan,nan,nan,nan,0.6508542721
11880,2.400699705,2.395146394,2.378281336,2.349500845,2.30786739,2.252205552,2.181222594,2.093655798,1.988406407,1.864666863,1.722001477,1.560361077,1.379959353,1.180931895,0.9624173482,0.719864363,nan,nan,nan,nan,0.648983017
11940,2.397396328,2.391793413,2.374783103,2.345771562,2.303837415,2.247826051,2.176471803,2.088539647,1.982959088,1.858950444,1.716102151,1.554375445,1.373992254,1.175071999,0.9567204968,0.7142245997,nan,nan,nan,nan,0.6470589994
12000,2.394063876,2.38841196,2.371258207,2.342018603,2.29978788,2.243431356,2.171712641,2.083421344,1.97751723,1.853246553,1.710218957,1.548412981,1.36804929,1.169234643,0.9510373407,0.7086021501,nan,nan,nan,nan,0.6452104372
12060,2.390702663,2.385002367,2.367707025,2.338242425,2.295718441,2.2390229,2.166944311,2.07829965,1.97207814,1.847551157,1.704350005,1.542464283,1.362119306,1.163408691,0.9453578339,0.7030555971,nan,nan,nan,nan,0.6434895734
12120,2.387313117,2.381565059,2.364129977,2.33444341,2.291629826,2.234600708,2.162167085,2.073175647,1.966641664,1.841862879,1.698490862,1.536529315,1.356204453,1.157598945,0.9397043287,0.6975423988,nan,nan,nan,nan,0.6416791388
12180,2.38389556,2.378100339,2.3605273,2.330620891,2.287522413,2.230164503,2.157381262,2.068048838,1.961208325,1.836183243,1.692645461,1.530612954,1.350315641,1.151822115,0.9340970814,0.6919654475,nan,nan,nan,nan,0.6397599058
12240,2.380450167,2.374608374,2.35689914,2.326775598,2.283396373,2.225714393,2.152587518,2.06291903,1.955778185,1.830513484,1.686818372,1.524721723,1.344456159,1.14608106,0.928521704,0.6863584553,nan,nan,nan,nan,0.6378290916
12300,2.376977199,2.371089445,2.353245843,2.322908185,2.279252388,2.221250014,2.147786593,2.05778845,1.950354904,1.824858469,1.681010729,1.51885512,1.338625151,1.1403688,0.9229590539,0.6807694425,nan,nan,nan,nan,0.6359572649
12360,2.373477173,2.367544094,2.349567794,2.319019391,2.275091339,2.216773936,2.142978597,2.052659072,1.944939566,1.819215695,1.675221255,1.513008944,1.332816277,1.134676442,0.9174038969,0.6752061447,nan,nan,nan,nan,0.6340894185
12420,2.36995078,2.36397302,2.345865546,2.315109939,2.27091391,2.212286712,2.138165392,2.047530752,1.939529248,1.813584523,1.669447011,1.507182419,1.327027111,1.1290012,0.9118580254,0.6696612004,nan,nan,nan,nan,0.6322785473
12480,2.366398684,2.360376878,2.342140113,2.311180381,2.266719578,2.207788587,2.133346944,2.042400482,1.934124497,1.807964231,1.663686832,1.50136968,1.32125288,1.12333748,0.9063227973,0.6641745285,nan,nan,nan,nan,0.6304901459
12540,2.362821418,2.356756183,2.338391949,2.307231061,2.262509041,2.203279453,2.128522807,2.037270086,1.928725117,1.802351615,1.657939527,1.49557684,1.315501705,1.11769893,0.9008180149,0.6586567911,nan,nan,nan,nan,0.6286683518
12600,2.35921934,2.353111276,2.334621347,2.303262202,2.258282874,2.198758138,2.123691124,2.032140054,1.923329669,1.796750605,1.652208165,1.489799449,1.309766219,1.112073328,0.8953202078,0.6532366478,nan,nan,nan,nan,0.6269829727
12660,2.355593487,2.349445631,2.330839315,2.2992976,2.254083784,2.194293632,2.118954371,2.027149587,1.918127017,1.791401412,1.646792967,1.484412268,1.304496414,1.106996406,0.890476455,0.6486177019,nan,nan,nan,nan,0.6252741764
12720,2.351944891,2.345757873,2.327037022,2.295315729,2.249871382,2.189820517,2.114214163,2.022159521,1.912931262,1.786062362,1.6413934,1.479041731,1.299246841,1.101943574,0.8856700617,0.6439178489,nan,nan,nan,nan,0.623446841
12780,2.348273769,2.342048202,2.323214631,2.291316032,2.245645728,2.185338853,2.109470675,2.017171773,1.907743017,1.780736888,1.636011781,1.473694366,1.294022818,1.096918337,0.8808839883,0.639234582,nan,nan,nan,nan,0.6216795856
12840,2.34458034,2.338316845,2.319372386,2.28729933,2.241407195,2.180849144,2.104724562,2.012187071,1.902561518,1.775424004,1.630644894,1.468362655,1.288813126,1.091904819,0.876098495,0.6346425252,nan,nan,nan,nan,0.619990602
12900,2.340864947,2.334564148,2.315510637,2.283266085,2.237156052,2.176351487,2.099974263,2.0072046,1.897387004,1.770120347,1.62529222,1.463046742,1.283621072,1.086909981,0.8713378704,0.6300826163,nan,nan,nan,nan,0.6183276071
12960,2.337127899,2.330790399,2.311629618,2.279216433,2.232891554,2.171845476,2.0952204,2.002222453,1.892219407,1.764828217,1.619953517,1.457748872,1.278450125,1.081940378,0.8666123258,0.6254285739,nan,nan,nan,nan,0.6165351279
13020,2.3333694,2.326995795,2.307729498,2.275150514,2.228614219,2.167330368,2.090463718,1.997242577,1.887059069,1.759549905,1.614633732,1.452475166,1.27330923,1.077006218,0.8619202447,0.6207110686,nan,nan,nan,nan,0.6146936277
13080,2.329589705,2.323180602,2.303810582,2.271068719,2.224324952,2.162808156,2.085705454,1.992267113,1.881908112,1.754285854,1.609335346,1.447225699,1.268192487,1.072092255,0.8572222429,0.6161290818,nan,nan,nan,nan,0.6129974439
13140,2.325789303,2.319345329,2.299873448,2.266971725,2.220024533,2.158279659,2.08094628,1.987296185,1.87676664,1.749035041,1.60404969,1.441988957,1.263086651,1.06718509,0.8525264029,0.6115730885,nan,nan,nan,nan,0.6113121578
13200,2.321968807,2.315490582,2.295918656,2.262859984,2.21571319,2.153744708,2.076184832,1.982327641,1.871632676,1.74379572,1.598779188,1.436771403,1.258003899,1.062303829,0.8478686332,nan,nan,nan,nan,nan,0.6095192208
13260,2.318128628,2.311616603,2.291946502,2.258733669,2.211390966,2.14920329,2.071420741,1.977361487,1.866506024,1.738568252,1.593526686,1.431574236,1.252944068,1.057445254,0.8432234063,nan,nan,nan,nan,nan,0.6078097106
13320,2.31426908,2.307723717,2.287957314,2.254593135,2.207058288,2.144655942,2.066655763,1.972399695,1.861388255,1.733354571,1.588289858,1.426396131,1.247902806,1.052601777,0.8385847728,nan,nan,nan,nan,nan,0.6061237671
13380,2.310390577,2.303812467,2.283951439,2.2504388,2.20271553,2.14010226,2.061889921,1.967441883,1.856278952,1.728153083,1.583067862,1.421232438,1.242874902,1.047769088,0.8339571884,nan,nan,nan,nan,nan,0.6045170858
13440,2.306493521,2.29988324,2.279928822,2.246270905,2.198362736,2.135542021,2.057122749,1.962487183,1.851176706,1.722960185,1.577857202,1.416082543,1.237862162,1.042951667,0.8293583397,nan,nan,nan,nan,nan,0.6028443449
13500,2.302578167,2.295936267,2.275890086,2.242088714,2.193998777,2.130975706,2.052353893,1.957533543,1.846079855,1.717778921,1.57266246,1.410952893,1.232872776,1.038162178,0.8247878274,nan,nan,nan,nan,nan,0.6011864418
13560,2.298644656,2.291971685,2.271835358,2.237893106,2.18962492,2.126403677,2.047582324,1.952583637,1.840991661,1.712610531,1.567483617,1.405839488,1.227900202,1.033388853,0.8202316939,nan,nan,nan,nan,nan,0.5994914356
13620,2.294693235,2.287989749,2.267764916,2.233684423,2.185241486,2.121826233,2.042809923,1.947637717,1.835912301,1.707454211,1.562321215,1.400749395,1.222955237,1.028648106,0.8157029206,nan,nan,nan,nan,nan,0.5977334738
13680,2.290724234,2.283990792,2.26367911,2.229463057,2.180848959,2.11724404,2.03803768,1.942697159,1.830842668,1.702312363,1.557177248,1.395677145,1.218027355,1.023919228,0.8111635317,nan,nan,nan,nan,nan,0.5960986532
13740,2.286738136,2.279975309,2.259578464,2.225229567,2.176447903,2.112657563,2.033265747,1.937760444,1.825780752,1.697182986,1.552047241,1.390621433,1.213116369,1.019207623,0.8066472663,nan,nan,nan,nan,nan,0.5943917121
13800,2.282735445,2.275943789,2.255463417,2.220984292,2.172038501,2.10806561,2.028493962,1.932827602,1.820728212,1.692066132,1.546934362,1.38558654,1.208231382,1.014523656,0.8021554239,nan,nan,nan,nan,nan,0.5926430848
13860,2.27871656,2.271896623,2.251334344,2.216727607,2.167621177,2.103469721,2.023722055,1.927900807,1.815686777,1.686964284,1.541841273,1.380573988,1.203367946,1.009857259,0.7976612391,nan,nan,nan,nan,nan,0.5909475471
13920,2.27468197,2.267834314,2.247191783,2.212460105,2.163196583,2.098870784,2.018951183,1.922980272,1.810654403,1.681876477,1.536762423,1.375575755,1.198516608,1.005196263,0.7931621454,nan,nan,nan,nan,nan,0.5893833443
13980,2.270632253,2.263757428,2.243036267,2.208182234,2.158764417,2.094268756,2.014181323,1.918064294,1.805629611,1.676797806,1.531694382,1.370587841,1.193673414,1.000538324,0.7886844616,nan,nan,nan,nan,nan,0.5878302675
14040,2.266567798,2.259666318,2.238868033,2.203894023,2.154324432,2.089662956,2.009411358,1.913150224,1.800611577,1.671727884,1.526638342,1.365613613,1.188845494,0.9958989589,0.7842406601,nan,nan,nan,nan,nan,0.5862758578
14100,2.262488677,2.255561027,2.234687039,2.199595318,2.149876915,2.0850531,2.004641121,1.908239753,1.795600652,1.666668529,1.521593605,1.36065292,1.184030888,0.9912730054,0.7798157663,nan,nan,nan,nan,nan,0.5847470949
14160,2.258394873,2.251441532,2.230493249,2.195285831,2.145421799,2.080438704,1.999869808,1.903332675,1.790594862,1.661618428,1.516562198,1.355707045,1.179233093,0.9866696453,0.7754242184,nan,nan,nan,nan,nan,0.583155672
14220,2.254286387,2.247307832,2.226286656,2.190965182,2.140959092,2.075819246,1.995097377,1.898429633,1.78559739,1.656579802,1.511545953,1.35078023,1.174457675,0.9820919784,0.7710481133,nan,nan,nan,nan,nan,0.5815788772
14280,2.250163314,2.243160033,2.222067408,2.186634203,2.136489157,2.071196283,1.990325596,1.893529964,1.780609147,1.651554182,1.506544862,1.345870383,1.169700154,0.9775351641,0.7666888392,nan,nan,nan,nan,nan,0.5799186112
14340,2.246025944,2.238998437,2.217835837,2.182293273,2.132012412,2.066570259,1.985554921,1.888635547,1.775629953,1.646542238,1.501563006,1.34098361,1.164971725,0.9730117735,0.7623448276,nan,nan,nan,nan,nan,0.5781981813
14400,2.241874692,2.23482347,2.213592408,2.177942931,2.127529545,2.061942109,1.980786668,1.883748451,1.770661982,1.641545971,1.496599503,1.33611847,1.160263593,0.9685007538,0.7579783346,nan,nan,nan,nan,nan,0.5766216612
14460,2.237710477,2.23063703,2.209341888,2.173593015,2.123057357,2.057337763,1.97605765,1.878918519,1.765770586,1.636646595,1.491753656,1.331390448,1.155714867,0.9641712773,0.7538363599,nan,nan,nan,nan,nan,0.5750602945
14520,2.233534287,2.226439133,2.205080973,2.169235559,2.118579719,2.052732521,1.971330092,1.874094252,1.760888761,1.631758911,1.486921457,1.326678772,1.151183225,0.9598559604,0.7497177359,nan,nan,nan,nan,nan,0.5734917117
14580,2.229346557,2.22223018,2.200810418,2.164870713,2.114097619,2.048125489,1.966605123,1.869275253,1.756015337,1.626882537,1.482103206,1.321982303,1.146667182,0.955555709,0.7456151108,nan,nan,nan,nan,nan,0.5719261923
14640,2.225147538,2.218010409,2.196530426,2.160498633,2.109611161,2.043516927,1.961882803,1.864462569,1.75115113,1.622018967,1.477300207,1.317302484,1.142168034,0.9512717393,0.7415268555,nan,nan,nan,nan,nan,0.5703651498
14700,2.220937457,2.213780041,2.192241201,2.1561195,2.105120503,2.038907504,1.957163232,1.859656282,1.746296755,1.617168241,1.472511284,1.312638465,1.137684341,0.9470034009,0.7374522738,nan,nan,nan,nan,nan,0.5688091977
14760,2.216716548,2.209539306,2.187942962,2.151733512,2.100625816,2.034297365,1.952446522,1.854856464,1.741452254,1.612328495,1.467736818,1.307990235,1.13321768,0.9427508062,0.7333908383,nan,nan,nan,nan,nan,0.5672586558
14820,2.212485057,2.205288446,2.183635939,2.14734088,2.096127283,2.029686657,1.947732186,1.850061961,1.736616242,1.607501567,1.462977518,1.303358262,1.128766288,0.9385142567,0.7293424656,nan,nan,nan,nan,nan,0.5657137194
14880,2.20824324,2.201027713,2.179320368,2.14294174,2.091625089,2.02507553,1.943020043,1.845273622,1.731789765,1.602687467,1.458231712,1.298741248,1.124331853,0.9342928091,0.7253069868,nan,nan,nan,nan,nan,0.5641745117
14940,2.203991358,2.196757361,2.174996491,2.138535686,2.08711942,2.02046413,1.938311088,1.840491953,1.726973234,1.597884849,1.453500598,1.294140671,1.119912562,0.9300867341,0.7212842588,nan,nan,nan,nan,nan,0.5626411131
15000,2.199729674,2.19247765,2.170664551,2.134123637,2.082610461,2.015851963,1.933605423,1.835717009,1.722166656,1.593094427,1.448784301,1.289554761,1.115509916,0.9258962267,0.7172741547,nan,nan,nan,nan,nan,0.5611135768
15060,2.19545845,2.188188836,2.166324791,2.129705812,2.078097489,2.011239194,1.928903147,1.830948712,1.717368447,1.588316731,1.444081087,1.284984842,1.111122382,0.9217203483,0.7132765562,nan,nan,nan,nan,nan,0.5595919355
15120,2.19117795,2.183891178,2.161977452,2.125282427,2.073581478,2.006626589,1.924204357,1.826185723,1.712580015,1.583550917,1.439392666,1.280430001,1.106751076,0.9175594683,0.709291351,nan,nan,nan,nan,nan,0.5580762049
15180,2.186888434,2.17958493,2.157622775,2.120853697,2.069062727,2.00201429,1.919508043,1.821429618,1.707801555,1.578796691,1.434718357,1.275890366,1.102394856,0.9134137508,0.7053184283,nan,nan,nan,nan,nan,0.5565663888
15240,2.182590161,2.175270347,2.153260998,2.116419835,2.064541416,1.997402434,1.914815045,1.816680442,1.703033023,1.57405507,1.4300574,1.271366185,1.09805443,0.9092823166,0.701357677,nan,nan,nan,nan,nan,0.5550624822
15300,2.178283386,2.170947678,2.148892354,2.111981051,2.060017721,1.992791158,1.910125821,1.811938242,1.698272743,1.569325673,1.425411006,1.266856455,1.09372908,0.9051655014,0.6974089854,nan,nan,nan,nan,nan,0.553564473
15360,2.173968362,2.16661717,2.144517077,2.107537552,2.055491817,1.988180597,1.90544046,1.807202311,1.693522441,1.564607298,1.420778012,1.262362474,1.089419083,0.9010634903,0.6934722406,nan,nan,nan,nan,nan,0.5520723436
15420,2.169645338,2.162279068,2.140135395,2.103089541,2.050963874,1.983570234,1.90075905,1.802472563,1.688782114,1.559901406,1.416158658,1.25788233,1.085124174,0.8969755157,0.6895473283,nan,nan,nan,nan,nan,0.5505860703
15480,2.165314561,2.157933615,2.135747535,2.098637222,2.046434063,1.97896024,1.896081456,1.797749926,1.684051438,1.555207951,1.411553643,1.253417692,1.080844171,0.8929017484,0.6856341349,nan,nan,nan,nan,nan,0.5491056304
15540,2.160976275,2.153580929,2.131353721,2.094180794,2.041902549,1.974351355,1.891406753,1.793034439,1.679329311,1.550525168,1.406961309,1.24896723,1.076579289,0.8888424507,0.6817325444,nan,nan,nan,nan,nan,0.5476309946
15600,2.156630721,2.149221212,2.126954172,2.089720453,2.037368601,1.969743704,1.886736262,1.78832614,1.674617157,1.545854661,1.40238292,1.244531574,1.072328861,0.8847970208,0.6778424396,nan,nan,nan,nan,nan,0.5461621323
15660,2.152278138,2.14485485,2.122548616,2.085255837,2.032833148,1.965137412,1.882070066,1.783623665,1.669914971,1.541196471,1.397818375,1.240110412,1.068093607,0.8807653427,0.6739637037,nan,nan,nan,nan,nan,0.5446990118
15720,2.147918755,2.140482069,2.118137714,2.080787461,2.02829648,1.960532599,1.877408245,1.778928255,1.665222117,1.536549233,1.393266349,1.235703389,1.063872348,0.8767478137,0.6700962167,nan,nan,nan,nan,nan,0.5432415972
15780,2.143552806,2.136103097,2.113721721,2.076315744,2.023758754,1.955929386,1.872750876,1.774240153,1.660538138,1.531913776,1.388728315,1.231311159,1.059666333,0.872744056,0.6662398601,nan,nan,nan,nan,nan,0.541789854
15840,2.139180513,2.131718151,2.10930084,2.071840868,2.019220122,1.951327147,1.868097174,1.769559396,1.655864122,1.527290522,1.384203373,1.226932436,1.055473864,0.8687535449,0.6623944837,nan,nan,nan,nan,nan,0.5403437442
15900,2.134802112,2.127327461,2.104875286,2.067363025,2.014680742,1.946726241,1.863447506,1.764885511,1.651200062,1.52267846,1.379691316,1.222568643,1.051296425,0.8647768694,0.6585598373,nan,nan,nan,nan,nan,0.5389032343
15960,2.130417815,2.122931238,2.100445257,2.062882388,2.010140762,1.942127286,1.858802526,1.760217954,1.646544978,1.518077726,1.375193051,1.218218025,1.047132651,0.8608139235,0.6547359405,nan,nan,nan,nan,nan,0.5374682849
16020,2.126027844,2.118529695,2.096010952,2.058399135,2.005600328,1.937530395,1.854162306,1.755557852,1.641899122,1.513489083,1.370707117,1.213882038,1.042983416,0.8568636896,0.6509226725,nan,nan,nan,nan,nan,0.5360388576
16080,2.121632425,2.114123056,2.09157258,2.053913453,2.001059595,1.932935685,1.849526922,1.750905235,1.637263213,1.508911835,1.366234454,1.209559491,1.03884798,0.8529269715,0.6471199144,nan,nan,nan,nan,nan,0.5346149168
16140,2.117231766,2.109711523,2.087130331,2.049425507,1.996517696,1.928343261,1.84489631,1.746260134,1.632637244,1.504345503,1.361775184,1.20525099,1.034726577,0.849003678,0.6433275437,nan,nan,nan,nan,nan,0.5331964218
16200,2.112826077,2.105295302,2.082684396,2.044935471,1.991975761,1.923753233,1.840269382,1.741621331,1.628019865,1.499791155,1.357327895,1.200956189,1.030619135,0.8450931666,0.6395454387,nan,nan,nan,nan,nan,0.5317832046
16260,2.108416262,2.100877738,2.078245398,2.040466106,1.987473811,1.91922681,1.835736417,1.737110384,1.623568819,1.495445607,1.35313542,1.196964782,1.026869071,0.8416027333,0.636268522,nan,nan,nan,nan,nan,0.5303674878
16320,2.104003253,2.096457318,2.073804533,2.035996438,1.98297358,1.914704114,1.831209947,1.732608322,1.619128812,1.49111156,1.348956969,1.192988036,1.023133089,0.8381257417,0.6329991765,nan,nan,nan,nan,nan,0.5289513367
16380,2.099587251,2.092034238,2.069361981,2.031526624,1.978475194,1.910185551,1.82669002,1.728115156,1.614699814,1.486790214,1.344791131,1.189024884,1.019411344,0.8346609531,0.6297374399,nan,nan,nan,nan,nan,0.5275373812
16440,2.095168457,2.087608694,2.064917926,2.027056348,1.97397878,1.905671213,1.82217669,1.723630899,1.610281597,1.482481552,1.340639159,1.185075828,1.015702936,0.8312091066,0.6264836114,nan,nan,nan,nan,nan,0.5261264899
16500,2.090747069,2.08318088,2.060472545,2.02258611,1.969484464,1.90116119,1.817670008,1.719155344,1.605873285,1.478185518,1.336500981,1.181141155,1.012008806,0.8277685895,0.6232376968,nan,nan,nan,nan,nan,0.5247191285
16560,2.086323284,2.078750987,2.056026015,2.018116193,1.964992369,1.89665557,1.813169694,1.714687755,1.601475922,1.473900919,1.332375793,1.177219635,1.008327544,0.8243405011,0.6200000053,nan,nan,nan,nan,nan,0.5233156061
16620,2.081897293,2.074319201,2.051578509,2.013646749,1.960502617,1.89215444,1.808675379,1.710229119,1.597089486,1.469628689,1.328263662,1.173312087,1.004660061,0.8209237257,0.6167707019,nan,nan,nan,nan,nan,0.5219161171
16680,2.077469285,2.069885707,2.047130197,2.009177927,1.956015325,1.887657883,1.804187865,1.705779447,1.592713952,1.465368939,1.324165102,1.169418609,1.001005613,0.8175188138,0.6135498363,nan,nan,nan,nan,nan,0.5205208048
16740,2.073039447,2.065450687,2.042681248,2.004709871,1.951530511,1.883165985,1.799707198,1.701338749,1.588348914,1.461121615,1.32007987,1.165537789,0.997364175,0.8141253435,0.6103374338,nan,nan,nan,nan,nan,0.5191297798
16800,2.068607962,2.061014319,2.038231826,2.000242726,1.947047709,1.878678051,1.795233425,1.696907037,1.583993873,1.456885637,1.316006916,1.161670798,0.9937359631,0.8107432257,0.6071335021,nan,nan,nan,nan,nan,0.5177431284
16860,2.064175011,2.05657678,2.033782093,1.995776632,1.942567714,1.874194776,1.79076659,1.692483884,1.579649673,1.452661734,1.3119473,1.15781737,0.990120051,0.8073727429,0.6039380263,nan,nan,nan,nan,nan,0.5163609093
16920,2.05974077,2.052138242,2.029331979,1.991311729,1.938090639,1.869716402,1.786306739,1.688069002,1.575316293,1.448450108,1.307900941,1.15397644,0.9865174337,0.8040131232,0.600750975,nan,nan,nan,nan,nan,0.514983161
16980,2.055305416,2.047698876,2.024881687,1.986848152,1.933616592,1.865243007,1.781853654,1.683663141,1.570993708,1.444250706,1.303866835,1.150149041,0.9829267534,0.8006653064,0.5975723158,nan,nan,nan,nan,nan,0.5136099215
17040,2.050869119,2.04325885,2.020431557,1.982386035,1.92914568,1.860774668,1.777406834,1.679266307,1.566681302,1.440062526,1.299845466,1.146334681,0.9793490191,0.7973279805,0.5944019986,nan,nan,nan,nan,nan,0.5122412076
17100,2.046432049,2.038818327,2.015981741,1.977925511,1.92467801,1.856311458,1.772967129,1.674878511,1.562379012,1.435886154,1.295837118,1.142532742,0.9757834627,0.7940022615,0.591239974,nan,nan,nan,nan,nan,0.5108770383
17160,2.041994372,2.03437747,2.011532387,1.973466709,1.920213684,1.851853451,1.768534578,1.670499758,1.558087455,1.431721853,1.291841293,1.138744042,0.972230244,0.7906873002,0.5880861814,nan,nan,nan,nan,nan,0.5095174192
17220,2.037556252,2.029936439,2.007083645,1.969009756,1.915752803,1.847400719,1.764109222,1.666129364,1.553806604,1.42756957,1.287857478,1.134967871,0.9686894439,0.7873834248,0.5849405611,nan,nan,nan,nan,nan,0.5081623573
17280,2.03311785,2.02549539,2.002635658,1.964554778,1.911295469,1.842953266,1.759691099,1.66176757,1.549536436,1.423428351,1.283886455,1.131204085,0.9651604028,0.7840905906,0.5818030232,nan,nan,nan,nan,nan,0.5068118523
17340,2.028679325,2.021054478,1.998188568,1.96010179,1.906841779,1.838510364,1.755280247,1.657414845,1.545276094,1.419298701,1.279928146,1.127453273,0.9616440163,0.7808083049,0.5786735024,nan,nan,nan,nan,nan,0.5054659013
17400,2.024240832,2.016613856,1.993742516,1.955650524,1.902391829,1.834072947,1.750876448,1.653071194,1.541026011,1.415180916,1.275981281,1.123714492,0.9581388364,0.7775373523,0.5755519687,nan,nan,nan,nan,nan,0.5041244982
17460,2.019802526,2.012173671,1.989297639,1.951201597,1.897945077,1.829641082,1.746479198,1.648736623,1.536786541,1.411074944,1.27204693,1.119988097,0.9546461663,0.774276413,0.5724383473,nan,nan,nan,nan,nan,0.5027876335
17520,2.015364557,2.007734073,1.984854073,1.946755126,1.893502117,1.825214832,1.74208933,1.644411136,1.532557661,1.406979855,1.268125081,1.116274431,0.9511649218,0.7710266648,0.5693325644,nan,nan,nan,nan,nan,0.5014552979
17580,2.010927073,2.003295204,1.980411952,1.942311227,1.88906318,1.820794263,1.737706879,1.640093747,1.528339344,1.402896129,1.264214923,1.112572305,0.9476956684,0.7677872604,0.5662345391,nan,nan,nan,nan,nan,0.5001274753
17640,2.006490221,1.998857207,1.975971405,1.937870011,1.884628354,1.816379437,1.733331878,1.635785305,1.524130466,1.398824068,1.260316628,1.108882598,0.9442380685,0.7645584622,0.56314415,nan,nan,nan,nan,nan,0.4988041483
17700,2.002054145,1.994420223,1.971532563,1.933431592,1.880197728,1.811970415,1.728964359,1.631485962,1.519932011,1.394763624,1.256430632,1.105205278,0.9407919531,0.761340355,0.5600613134,nan,nan,nan,nan,nan,0.497485306
17760,1.997618985,1.989984389,1.967095551,1.928996077,1.875771389,1.807567257,1.724604353,1.627195721,1.51574405,1.390713861,1.252556559,1.101539242,0.9373577059,0.7581322519,0.556985968,nan,nan,nan,nan,nan,0.4961709258
17820,1.99318488,1.98554984,1.962660494,1.924563575,1.871349421,1.80316965,1.720251584,1.622914582,1.511566557,1.386675289,1.248693737,1.09788557,0.9339344614,0.7549350099,0.5539180288,nan,nan,nan,nan,nan,0.4948609866
17880,1.988751969,1.981116709,1.958227515,1.92013419,1.866931908,1.79877748,1.715905662,1.618642346,1.507399289,1.382648194,1.244843025,1.094243786,0.9305232382,0.7517475379,0.5508574184,nan,nan,nan,nan,nan,0.4935554747
17940,1.984320384,1.976685127,1.953796734,1.915708027,1.862518932,1.794391351,1.711567348,1.614378297,1.503241479,1.378632527,1.241004361,1.090613378,0.9271226486,0.7485706,0.5478040486,nan,nan,nan,nan,nan,0.4922543656
18000,1.979890253,1.972255218,1.949368265,1.911285183,1.858110569,1.790011313,1.707236664,1.610123355,1.499094063,1.37462732,1.237176549,1.086995128,0.9237339019,0.7454038225,0.544757843,nan,nan,nan,nan,nan,0.4909577218
18060,1.975461306,1.967825294,1.944936135,1.906852565,1.853683843,1.785601701,1.702862734,1.605808939,1.4948685,1.370522502,1.233225748,1.083226813,0.9201646034,0.7420186824,0.5414341575,nan,nan,nan,nan,nan,0.4896696982
18120,1.971033238,1.963396462,1.940505721,1.902422652,1.849260323,1.781197536,1.698495792,1.601503014,1.490652768,1.366428589,1.229286569,1.079469896,0.9166067678,0.7386437597,0.5381197124,nan,nan,nan,nan,nan,0.4883891428
18180,1.96660619,1.958968861,1.936077154,1.897995558,1.844840752,1.776798889,1.694135886,1.597205544,1.486445699,1.362345144,1.225357592,1.075724444,0.9130593185,0.7352790235,0.5348129825,nan,nan,nan,nan,nan,0.4871145818
18240,1.962180282,1.954542575,1.931650538,1.893571052,1.84042533,1.772405809,1.689781909,1.592915341,1.482248234,1.358271549,1.221440109,1.071989792,0.9095234333,0.731924129,0.5315141354,nan,nan,nan,nan,nan,0.4858455132
18300,1.957755635,1.950117536,1.927225704,1.88914917,1.836014133,1.768017719,1.68543496,1.588633663,1.478060563,1.354208762,1.21753387,1.068266924,0.905997716,0.7285797494,0.528222582,nan,nan,nan,nan,nan,0.4845816192
18360,1.953332372,1.945694081,1.922802837,1.88473039,1.831607239,1.763634876,1.681095137,1.584360514,1.473882668,1.350156745,1.213637897,1.064554391,0.9024835532,0.7252458494,0.5249377148,nan,nan,nan,nan,nan,0.4833226915
18420,1.94891061,1.941272326,1.91838225,1.880314807,1.827204722,1.759257768,1.676762471,1.5800959,1.469713362,1.346114145,1.209753318,1.060853506,0.8989797008,0.7219216384,0.5216598786,nan,nan,nan,nan,nan,0.482068582
18480,1.944490468,1.936852386,1.913964048,1.875902512,1.822806655,1.754886444,1.672436989,1.575839486,1.465553622,1.342082187,1.205879556,1.057163342,0.8954871823,0.718607645,0.5183881253,nan,nan,nan,nan,nan,0.4808191655
18540,1.94007206,1.932434372,1.909548335,1.871493593,1.81841311,1.750520957,1.668118572,1.571590673,1.461403616,1.338060904,1.202016235,1.0534843,0.8920051383,0.7153039061,0.5151229316,nan,nan,nan,nan,nan,0.4795743383
18600,1.9356555,1.928018397,1.905135213,1.867088141,1.814024158,1.746161356,1.663806355,1.567350416,1.457263325,1.334049394,1.198164185,1.049816353,0.8885341468,0.7120100409,0.5118635319,nan,nan,nan,nan,nan,0.4783340039
18660,1.9312409,1.923604567,1.900724784,1.862686242,1.809639447,1.74180769,1.65950141,1.563118718,1.453131525,1.330047993,1.194322528,1.046159021,0.8850737847,0.7087257368,0.5086102751,nan,nan,nan,nan,nan,0.4770980857
18720,1.926828369,1.919192991,1.896317144,1.858287981,1.805258997,1.737459627,1.655203762,1.558895585,1.449009286,1.326057176,1.190491518,1.04251314,0.881624156,0.7054514279,0.5053623699,nan,nan,nan,nan,nan,0.4758665176
18780,1.922418015,1.914783773,1.891912393,1.853893443,1.800883347,1.733116922,1.650913437,1.554680358,1.444896723,1.322076466,1.18667167,1.038877384,0.8781853075,0.7021870248,0.5021202395,nan,nan,nan,nan,nan,0.4746392308
18840,1.918009945,1.910377018,1.887510624,1.849502711,1.796512564,1.728780297,1.64663046,1.550473094,1.440793819,1.31810537,1.18286179,1.035253079,0.8747568498,0.6989318524,0.4988832856,nan,nan,nan,nan,nan,0.4734161727
18900,1.913604264,1.905972828,1.883111933,1.845115866,1.792146712,1.724449797,1.642354437,1.546274411,1.43669928,1.314144777,1.179062785,1.031639091,0.8713393256,0.6956862153,0.495651454,nan,nan,nan,nan,nan,0.472197285
18960,1.909201074,1.901571301,1.878716412,1.840732988,1.787785854,1.720125466,1.638085054,1.542084312,1.432614333,1.310194603,1.175274717,1.028036143,0.8679318286,0.6924502255,0.4924247174,nan,nan,nan,nan,nan,0.4709825215
19020,1.904800477,1.897172538,1.874324151,1.836353726,1.783430053,1.715807349,1.633823095,1.5379028,1.428539008,1.306253586,1.171496432,1.024443827,0.8645353931,0.6892237966,0.4892028292,nan,nan,nan,nan,nan,0.4697718311
19080,1.900402573,1.892776636,1.869935241,1.831978318,1.779079371,1.711495487,1.629568583,1.533728864,1.424473222,1.302322996,1.167729143,1.020862083,0.8611486716,0.6860060968,0.4859855002,nan,nan,nan,nan,nan,0.4685651701
19140,1.896007459,1.888383689,1.865549768,1.827607111,1.774733868,1.707189716,1.625321539,1.529563282,1.42041579,1.298402808,1.163972332,1.017291264,0.85777286,0.6827977914,0.4827726002,nan,nan,nan,nan,nan,0.4673624938
19200,1.891615232,1.883993792,1.861167821,1.823240178,1.770393423,1.702889449,1.621081987,1.525406304,1.416367947,1.294491961,1.160225573,1.013730564,0.8544069486,0.6795988002,0.4795640398,nan,nan,nan,nan,nan,0.4661637611
19260,1.887225988,1.879607038,1.856789483,1.818877595,1.766057569,1.698595564,1.61684921,1.521257931,1.412329678,1.290591167,1.15648971,1.010181032,0.8510515375,0.6764089779,0.4763595496,nan,nan,nan,nan,nan,0.464968932
19320,1.882839819,1.875223517,1.852414838,1.814519431,1.761727071,1.694308102,1.612623542,1.517118008,1.408300758,1.286700704,1.152763853,1.006641247,0.847706225,0.6732276498,0.473158965,nan,nan,nan,nan,nan,0.4637779687
19380,1.878456817,1.870843318,1.84804397,1.81016576,1.757401985,1.690027101,1.608405433,1.51298561,1.404280303,1.282819851,1.149048331,1.003112514,0.8443709897,0.6700553953,0.4699622664,nan,nan,nan,nan,nan,0.4625908333
19440,1.874077073,1.86646653,1.843676958,1.805816649,1.753082365,1.685752599,1.604194902,1.508861831,1.400269391,1.278948651,1.145343606,0.9995937879,0.8410460648,0.6668921331,0.4667690677,nan,nan,nan,nan,nan,0.4614074909
19500,1.869700675,1.86209324,1.839313464,1.801472168,1.748768267,1.681484633,1.59999197,1.504746676,1.396268009,1.275087712,1.1416484,0.9960856881,0.8377307797,0.6637377828,0.4635793326,nan,nan,nan,nan,nan,0.4602279086
19560,1.865327712,1.857723532,1.834953921,1.797132385,1.744459742,1.677223131,1.595796656,1.500640145,1.392275761,1.271236628,1.137963826,0.9925878386,0.8344260171,0.6605915939,0.4603928221,nan,nan,nan,nan,nan,0.4590520507
19620,1.860958269,1.853357489,1.83059847,1.792797364,1.740156843,1.672967316,1.591607876,1.49654165,1.388292119,1.267394825,1.134289641,0.989100206,0.8311304731,0.6574541569,nan,nan,nan,nan,nan,nan,0.4578798855
19680,1.85659243,1.848995195,1.826247187,1.788467171,1.735859622,1.66871815,1.587426707,1.492451146,1.384317976,1.263563216,1.130625091,0.98562305,0.8278453196,0.6543254023,nan,nan,nan,nan,nan,nan,0.4567113826
19740,1.852230278,1.84463673,1.821900146,1.784141871,1.731568085,1.664475667,1.583253216,1.48836928,1.380353322,1.259741677,1.126971173,0.9821557165,0.8245696383,0.6512052516,nan,nan,nan,nan,nan,nan,0.4555465108
19800,1.847871901,1.840282178,1.817557426,1.779820847,1.727281498,1.660239906,1.579087426,1.484296059,1.376397564,1.255929081,1.123327128,0.9786990748,0.8213038766,0.6480932061,nan,nan,nan,nan,nan,nan,0.454385151
19860,1.843517784,1.835933463,1.813225283,1.775518201,1.723024007,1.656046621,1.574980051,1.480299469,1.372538114,1.252235534,1.119825463,0.9754102808,0.8182362146,0.6452171377,nan,nan,nan,nan,nan,nan,0.4532232855
19920,1.839168427,1.831589639,1.808898413,1.771221422,1.718773143,1.651860817,1.570881001,1.47631137,1.368688556,1.2485524,1.116334505,0.9721322222,0.8151783527,0.6423496263,nan,nan,nan,nan,nan,nan,0.4520619753
19980,1.8348239,1.827250773,1.804576873,1.766930561,1.714528943,1.647682517,1.56678938,1.472332102,1.364848866,1.244879085,1.112853639,0.9688642562,0.8121301393,0.639489823,nan,nan,nan,nan,nan,nan,0.4509025537
20040,1.830484281,1.822916941,1.800260734,1.762645676,1.710291451,1.643511246,1.562706143,1.468362014,1.361018973,1.241215581,1.109382849,0.9656063316,0.8090916222,0.6366374522,nan,nan,nan,nan,nan,nan,0.449745474
20100,1.826149641,1.818588212,1.795950059,1.758366819,1.706060708,1.639347169,1.558631299,1.464401098,1.357197894,1.237562402,1.105922648,0.9623589875,0.8060624507,0.6337929321,nan,nan,nan,nan,nan,nan,0.4485909813
20160,1.821820051,1.814264654,1.791644909,1.754094045,1.701836753,1.63519068,1.554564857,1.460449351,1.353386635,1.233919516,1.102472557,0.959121071,0.8030428182,0.630955839,nan,nan,nan,nan,nan,nan,0.4474392281
20220,1.817495581,1.809946336,1.787345347,1.749827403,1.697619625,1.631041801,1.550506827,1.45650647,1.349585178,1.230286049,1.099032294,0.955893524,0.8000322593,0.6281259456,nan,nan,nan,nan,nan,nan,0.4462903095
20280,1.813176299,1.805633323,1.783051432,1.745566944,1.693409363,1.626900558,1.546457219,1.452572016,1.345793504,1.226662573,1.095602495,0.952675938,0.7970311201,0.625303774,nan,nan,nan,nan,nan,nan,0.4451442876
20340,1.808862273,1.801325681,1.778763225,1.74131272,1.689206004,1.622766973,1.54241558,1.44864672,1.34201096,1.223049303,1.092182798,0.9494679317,0.7940388427,0.6224890436,nan,nan,nan,nan,nan,nan,0.4440012233
20400,1.804553568,1.797023473,1.774480781,1.737064777,1.685009131,1.618641071,1.538381886,1.444730575,1.338237735,1.219446144,1.088772686,0.9462701883,0.7910558848,0.6196813028,nan,nan,nan,nan,nan,nan,0.4428611544
20460,1.800250249,1.792726763,1.77020416,1.732823164,1.680818954,1.614522872,1.534356644,1.440823575,1.334474242,1.215852113,1.085372905,0.9430816882,0.7880816235,0.6168811741,nan,nan,nan,nan,nan,nan,0.4417241046
20520,1.79595238,1.788435611,1.765933416,1.728587927,1.676635791,1.610412042,1.53033986,1.436925716,1.330720461,1.212268198,1.081983188,0.9399031153,0.7851165973,0.6140885633,nan,nan,nan,nan,nan,nan,0.4405900967
20580,1.791660022,1.784150079,1.761668603,1.724359112,1.672459676,1.606308461,1.526331544,1.433036032,1.3269762,1.208694367,1.078602827,0.9367343014,0.7821601313,0.6113026576,nan,nan,nan,nan,nan,nan,0.4394591402
20640,1.787373237,1.779870224,1.757409777,1.720136426,1.668290642,1.602212653,1.522331701,1.429155422,1.323240735,1.205130195,1.075232661,0.9335746751,0.7792128176,0.6085242429,nan,nan,nan,nan,nan,nan,0.4383312473
20700,1.783092084,1.775596106,1.753156988,1.715920012,1.664128723,1.598124636,1.51834034,1.425283939,1.31951493,1.201575361,1.071872502,0.9304250286,0.7762739524,0.6057532727,nan,nan,nan,nan,nan,nan,0.4372064182
20760,1.778816623,1.771327781,1.748910155,1.711710154,1.659973951,1.594044431,1.51435654,1.421421574,1.315798763,1.198030517,1.068521492,0.92728443,0.7733441526,0.6029890497,nan,nan,nan,nan,nan,nan,0.4360846593
20820,1.77454691,1.767065149,1.744669194,1.707506894,1.655826356,1.589972057,1.510381218,1.417568321,1.312092215,1.194495627,1.065180541,0.9241534252,0.7704227089,0.6002319777,nan,nan,nan,nan,nan,nan,0.4349659658
20880,1.770283003,1.762808367,1.740434423,1.703310274,1.651685971,1.585907533,1.5064144,1.413723532,1.308394471,1.190969926,1.061849534,0.9210319737,0.7675102363,0.597482212,nan,nan,nan,nan,nan,nan,0.4338503395
20940,1.766024956,1.758557543,1.736205892,1.699120333,1.647552825,1.581850876,1.502456091,1.409887479,1.30470606,1.187453787,1.058527488,0.9179194242,0.7646060432,0.5947394033,nan,nan,nan,nan,nan,nan,0.4327377742
21000,1.761772825,1.75431273,1.731983648,1.694937113,1.643426848,1.577801821,1.498506296,1.406060519,1.30102721,1.183947508,1.055215377,0.9148166176,0.7617107176,0.5920032739,nan,nan,nan,nan,nan,nan,0.4316282667
21060,1.757526661,1.750073978,1.727767737,1.690760651,1.639307545,1.573760108,1.494565019,1.402242644,1.297357901,1.180451021,1.051913134,0.9117226526,0.7588236106,0.5892743034,nan,nan,nan,nan,nan,nan,0.4305218099
21120,1.753286518,1.745841338,1.723558206,1.686590986,1.63519557,1.569726318,1.49063177,1.398433846,1.293697714,1.176963311,1.048619688,0.9086380391,0.7559452571,0.5865524396,nan,nan,nan,nan,nan,nan,0.429418397
21180,1.749052447,1.741614861,1.719355099,1.682428155,1.63109095,1.565700467,1.486706611,1.39463375,1.290046393,1.173485368,1.04533606,0.9055627547,0.7530750773,0.5838369608,nan,nan,nan,nan,nan,nan,0.4283180192
21240,1.744824497,1.737394595,1.715158461,1.678272195,1.626993713,1.561682571,1.482789987,1.390842088,1.286404553,1.17001716,1.042062208,0.9024961688,0.7502135257,0.5811283599,nan,nan,nan,nan,nan,nan,0.4272206686
21300,1.740602719,1.733180586,1.710968333,1.67412314,1.622903885,1.557672644,1.4788819,1.38705948,1.282772173,1.166558239,1.038797022,0.8994391175,0.7473601179,0.5784267113,nan,nan,nan,nan,nan,nan,0.4261263347
21360,1.73638716,1.728972883,1.706784759,1.669981026,1.618821491,1.553670701,1.474982353,1.383285916,1.279149199,1.163108363,1.035541536,0.8963906726,0.7445152024,0.5757318212,nan,nan,nan,nan,nan,nan,0.4250350059
21420,1.732177869,1.724771531,1.70260778,1.665845888,1.614746556,1.549676756,1.471091349,1.379521388,1.275534656,1.159668132,1.032295715,0.8933514133,0.7416784147,0.5730431484,nan,nan,nan,nan,nan,nan,0.423946674
21480,1.72797489,1.720576574,1.698437435,1.661717616,1.610679104,1.545690546,1.467208768,1.375765754,1.271929515,1.156237516,1.029058471,0.8903212271,0.7388499708,0.5703612692,nan,nan,nan,nan,nan,nan,0.4228613264
21540,1.723778269,1.716388057,1.694273765,1.657595959,1.60661916,1.541711807,1.463333933,1.372018286,1.268333753,1.152815673,1.025830804,0.8872996101,0.7360296539,0.5676861265,nan,nan,nan,nan,nan,nan,0.4217789509
21600,1.719588091,1.712206062,1.690116848,1.653481416,1.602566783,1.537741144,1.459467684,1.368279859,1.264747381,1.149403188,1.022612721,0.8842873579,0.7332175367,0.565017404,nan,nan,nan,nan,nan,nan,0.4206991584
21660,1.715404829,1.708032855,1.685974253,1.649390403,1.598549994,1.533822378,1.455672067,1.364633451,1.261276216,1.146132548,1.019563959,0.8814761209,0.730644105,0.5626390157,nan,nan,nan,nan,nan,nan,0.4196179204
21720,1.711229064,1.703867214,1.681839421,1.645307456,1.594541496,1.529912463,1.451885685,1.36099659,1.257814492,1.142871665,1.016524762,0.8786738915,0.7280790548,0.5602670938,nan,nan,nan,nan,nan,nan,0.4185358805
21780,1.707060838,1.699709178,1.677712385,1.641232603,1.590541459,1.526011404,1.448108533,1.357369261,1.25436248,1.13961996,1.013495108,0.8758808126,0.7255215609,0.5579002286,nan,nan,nan,nan,nan,nan,0.4174548249
21840,1.702900183,1.695558779,1.673593175,1.637165867,1.586549898,1.522119204,1.444340604,1.353751381,1.250920152,1.136377687,1.010474821,0.8730962321,0.7229724183,0.5555390615,nan,nan,nan,nan,nan,nan,0.416375335
21900,1.698747137,1.691416051,1.669481819,1.633107269,1.582566826,1.518235869,1.440581892,1.350142302,1.24748748,1.13314507,1.007463308,0.8703204074,0.7204307012,0.5531834103,nan,nan,nan,nan,nan,nan,0.415297711
21960,1.694601731,1.687281028,1.665378347,1.629056832,1.578592257,1.5143614,1.436831951,1.346542705,1.244064335,1.129922077,1.00446122,0.8675535741,0.7178967843,0.5508329911,nan,nan,nan,nan,nan,nan,0.4142221444
22020,1.690464001,1.68315374,1.661282786,1.625014576,1.574626203,1.510495802,1.433090939,1.34295257,1.240650114,1.126708587,1.001468516,0.8647951626,0.715370599,0.5484885707,nan,nan,nan,nan,nan,nan,0.4131487827
22080,1.686333978,1.679034218,1.657195162,1.620980523,1.570668677,1.506638529,1.429359125,1.339371881,1.237245473,1.123503938,0.9984848487,0.8620452181,0.7128515665,0.5461491338,nan,nan,nan,nan,nan,nan,0.4120777293
22140,1.682211693,1.674922494,1.653115503,1.616954692,1.56671969,1.50279004,1.425636498,1.33580062,1.233850384,1.120308812,0.995509957,0.8593040743,0.7103404515,0.5438156016,nan,nan,nan,nan,nan,nan,0.4110090598
22200,1.678097177,1.670818595,1.649043766,1.612937102,1.562779253,1.498950429,1.421923053,1.332238769,1.230464821,1.117123173,0.9925443156,0.8565712556,0.7078362672,0.5414876579,nan,nan,nan,nan,nan,nan,0.409942831
22260,1.673990461,1.666722551,1.644979804,1.608927772,1.558847376,1.4951197,1.418218779,1.328685946,1.227088757,1.113946985,0.9895878778,0.8538466398,0.7053397343,0.5391650468,nan,nan,nan,nan,nan,nan,0.4088790991
22320,1.669891572,1.662634389,1.640923882,1.604926719,1.554924071,1.491297851,1.414523668,1.325142115,1.223721648,1.110779774,0.986640113,0.8511306571,0.7028505269,0.5368484639,nan,nan,nan,nan,nan,nan,0.4078179042
22380,1.66580054,1.658554137,1.636876021,1.600933961,1.551009345,1.487484884,1.410837712,1.321607642,1.220363732,1.107621593,0.9837011265,0.8484229173,0.7003684311,0.5345369419,nan,nan,nan,nan,nan,nan,0.4067592735
22440,1.661717391,1.65448182,1.632836245,1.596949514,1.547102852,1.4836808,1.407160503,1.318082511,1.217015236,1.104472759,0.9807712075,0.8457231573,0.6978940624,0.5322312508,nan,nan,nan,nan,nan,nan,0.4057032393
22500,1.657642153,1.650417463,1.628804576,1.592973395,1.543204771,1.479885598,1.403492132,1.314566701,1.213676135,1.101333234,0.9778503118,0.8430318923,0.6954262821,0.5299312481,nan,nan,nan,nan,nan,nan,0.4046498165
22560,1.653574852,1.646361093,1.624781034,1.589005246,1.539315298,1.476099277,1.399832891,1.311060195,1.2103464,1.098202958,0.9749377193,0.8403487985,0.6929661856,0.5276363951,nan,nan,nan,nan,nan,nan,0.4035990275
22620,1.649515512,1.642312732,1.620765641,1.585045397,1.535434441,1.472321837,1.396182769,1.307562974,1.20702582,1.095081161,0.9720339294,0.8376734995,0.690513054,0.525347485,nan,nan,nan,nan,nan,nan,0.4025508821
22680,1.645464158,1.638272404,1.616758416,1.581093921,1.531562207,1.46855276,1.392541758,1.304074333,1.203713972,1.091968567,0.969139038,0.835006575,0.688067114,0.5230637865,nan,nan,nan,nan,nan,nan,0.4015053925
22740,1.641420814,1.634240131,1.612759377,1.577150833,1.527698602,1.464792452,1.388909846,1.300594892,1.200411411,1.088865142,0.9662529317,0.8323477577,0.6856285286,0.5207855909,nan,nan,nan,nan,nan,nan,0.4004625679
22800,1.637385503,1.630215936,1.608768544,1.573216146,1.523843633,1.461041024,1.385287024,1.297124682,1.197118109,1.085770849,0.9633749086,0.8296965767,0.6831966425,0.5185132574,nan,nan,nan,nan,nan,nan,0.399422413
22860,1.633358247,1.626199839,1.604785934,1.569289871,1.519997306,1.457298473,1.381673281,1.293663684,1.193834037,1.082685243,0.9605056689,0.8270536638,0.6807723181,0.5162457029,nan,nan,nan,nan,nan,nan,0.398384936
22920,1.629339067,1.62219186,1.600811565,1.565372022,1.516159625,1.453564796,1.378068203,1.290211879,1.190559168,1.079608337,0.9576451755,0.8244187928,0.6783545589,0.5139839284,nan,nan,nan,nan,nan,nan,0.3973501385
22980,1.625327985,1.618192021,1.596845453,1.56146261,1.512330596,1.449839991,1.374471899,1.286769246,1.18729284,1.076540464,0.9547930959,0.8217914204,0.6759441393,0.5117276441,nan,nan,nan,nan,nan,nan,0.396318025
23040,1.621325022,1.61420034,1.592887615,1.557561645,1.508510223,1.446124054,1.370884645,1.283335459,1.184035544,1.073481589,0.9519491817,0.8191722191,0.6735406535,0.5094763187,nan,nan,nan,nan,nan,nan,0.395288596
23100,1.617330195,1.610216835,1.588938065,1.553669138,1.50469851,1.442416983,1.367306427,1.279910388,1.180787372,1.070431641,0.9491139087,0.8165609879,0.6711440387,0.5072306975,nan,nan,nan,nan,nan,nan,0.3942618525
23160,1.613343526,1.606241524,1.584996818,1.5497851,1.500895461,1.438718773,1.363737235,1.276494434,1.177548297,1.067389898,0.9462872429,0.8139571382,0.6687547178,0.5049902259,nan,nan,nan,nan,nan,nan,0.3932377938
23220,1.609365031,1.602274426,1.581063889,1.545909539,1.497100681,1.43502942,1.360177056,1.273087577,1.174318291,1.064357059,0.9434686204,0.8113613678,0.6663718084,0.5027548661,nan,nan,nan,nan,nan,nan,0.3922164188
23280,1.605394729,1.598315556,1.577139292,1.542042464,1.493314439,1.431348372,1.356625879,1.269689798,1.171096973,1.061333092,0.9406582684,0.8087734896,0.6639962956,0.5005251021,nan,nan,nan,nan,nan,nan,0.3911977257
23340,1.601432637,1.594364931,1.573223039,1.538183885,1.489536872,1.427676107,1.35308369,1.266301075,1.167884284,1.058317967,0.937856427,0.806192893,0.661627241,0.4983002092,nan,nan,nan,nan,nan,nan,0.390181711
23400,1.59747877,1.590422564,1.569315143,1.534333807,1.485767979,1.424012687,1.349550025,1.262921388,1.164680586,1.055311196,0.9350630639,0.803620289,0.659265287,0.496080503,nan,nan,nan,nan,nan,nan,0.3891683874
23460,1.593533053,1.586488038,1.565414151,1.53048908,1.482002252,1.420349651,1.346013135,1.259534047,1.161465396,1.052287466,0.9322464446,0.8010183092,0.6568652322,0.4938095449,nan,nan,nan,nan,nan,nan,0.3881586466
23520,1.589595395,1.582561605,1.561521349,1.52665269,1.478245037,1.416695302,1.342485074,1.256155576,1.158259074,1.049272449,0.9294382133,0.7984235485,0.6544718945,0.4915435423,nan,nan,nan,nan,nan,nan,0.3871523004
23580,1.585665817,1.578643284,1.557636755,1.522824519,1.474496342,1.413049639,1.338965832,1.25278599,1.155061373,1.046266117,0.9266383646,0.7958367224,0.6520855525,0.4892827701,nan,nan,nan,nan,nan,nan,0.3861489603
23640,1.581744337,1.574733094,1.553760383,1.519004397,1.470756171,1.409412661,1.335455401,1.249425272,1.151871947,1.043268152,0.9238464542,0.7932574379,0.6497056746,0.4870274567,nan,nan,nan,nan,nan,nan,0.3851485218
23700,1.577830969,1.570831046,1.549892242,1.515192642,1.467024524,1.405784361,1.331953768,1.246073404,1.148691325,1.040278315,0.9210624495,0.7906854632,0.6473330234,0.4847772778,nan,nan,nan,nan,nan,nan,0.384150938
23760,1.573925726,1.566937153,1.546032343,1.511389261,1.463301402,1.402164733,1.32846092,1.242730365,1.145519482,1.037297084,0.9182867455,0.7881213554,0.6449665795,0.4825318291,nan,nan,nan,nan,nan,nan,0.3831561624
23820,1.57002862,1.563051428,1.542180637,1.507594257,1.459586804,1.398553505,1.32497671,1.239395484,1.142356393,1.034324432,0.9155192837,0.7855645493,0.6426074552,0.4802916488,nan,nan,nan,nan,nan,nan,0.3821641561
23880,1.566139667,1.559173883,1.538336943,1.503807639,1.455880732,1.394950567,1.321500693,1.236069305,1.139201829,1.03136018,0.9127592635,0.7830151659,0.6402544817,0.4780566694,nan,nan,nan,nan,nan,nan,0.3811748894
23940,1.562258878,1.555304516,1.534501522,1.500029411,1.452182928,1.391356286,1.318033426,1.232751904,1.136055409,1.028403815,0.9100074672,0.7804735881,0.6379086841,0.4758261567,nan,nan,nan,nan,nan,nan,0.3801883414
24000,1.558386266,1.551443207,1.530674381,1.496259577,1.44849336,1.387770656,1.314574897,1.229443261,1.132917677,1.025455952,0.9072638694,0.777939065,0.6355691995,0.4736005849,nan,nan,nan,nan,nan,nan,0.3792044886
24060,1.554521842,1.547590112,1.52685553,1.492498144,1.444812318,1.384193671,1.311125095,1.226143359,1.12978861,1.022516568,0.9045279523,0.775412088,0.6332366328,0.4713800425,nan,nan,nan,nan,nan,nan,0.3782233174
24120,1.550665618,1.543745243,1.523044977,1.488745113,1.441139802,1.380625324,1.307684005,1.222852179,1.126668185,1.019585607,0.9017998473,0.7728928525,0.6309105244,0.4691643214,nan,nan,nan,nan,nan,nan,0.3772448106
24180,1.546817604,1.539908608,1.519242728,1.485000489,1.437475811,1.377065607,1.304251615,1.21956909,1.123556173,1.016662317,0.8990798707,0.7703804061,0.6285910843,0.4669528874,nan,nan,nan,nan,nan,nan,0.3762689543
24240,1.542977811,1.536080218,1.515448791,1.481264276,1.433820343,1.373514514,1.300827913,1.216294566,1.120452203,1.013747434,0.8963678611,0.7678756384,0.6262782371,0.464746316,nan,nan,nan,nan,nan,nan,0.3752957307
24300,1.539146246,1.532260081,1.511663172,1.477536475,1.430173396,1.369972038,1.297412327,1.213028712,1.117356812,1.010840934,0.893663239,0.7653783516,0.6239718185,0.4625445534,nan,nan,nan,nan,nan,nan,0.3743251311
24360,1.535322922,1.528448207,1.507885878,1.473817091,1.426534967,1.366438054,1.294005271,1.209771511,1.114269976,1.007942793,0.8909666754,0.7628879582,0.6216721149,0.4603472718,nan,nan,nan,nan,nan,nan,0.3733571389
24420,1.531507846,1.524644602,1.504116914,1.470106124,1.422905056,1.362912162,1.290606866,1.206522945,1.111191676,1.00505228,0.8882781464,0.7604051923,0.6193786116,0.4581542204,nan,nan,nan,nan,nan,nan,0.3723917433
24480,1.527701026,1.520849274,1.500356286,1.466403577,1.419283658,1.359394865,1.287217099,1.203282995,1.108121658,1.002170007,0.8855970052,0.7579296147,0.6170919344,0.4559658156,nan,nan,nan,nan,nan,nan,0.3714289339
24540,1.523902472,1.517062232,1.496603999,1.462709452,1.415670771,1.355886157,1.283835957,1.200051041,1.105059608,0.9992960255,0.8829236486,0.7554610826,0.6148112397,0.4537819981,nan,nan,nan,nan,nan,nan,0.3704686975
24600,1.520112188,1.51328348,1.492860056,1.459023414,1.412066391,1.352386028,1.280463426,1.196827546,1.102006033,0.9964303137,0.880258258,0.7530001069,0.6125374716,0.4516025155,nan,nan,nan,nan,nan,nan,0.3695110261
24660,1.516330183,1.509513026,1.489124463,1.455345705,1.408470231,1.34889447,1.277099493,1.193612618,1.098960911,0.993572232,0.8776005141,0.7505460138,0.6102694798,0.4494270249,nan,nan,nan,nan,nan,nan,0.3685559073
24720,1.512556463,1.505750874,1.485397222,1.451676421,1.404882321,1.345411475,1.273743819,1.190406239,1.095924221,0.9907222145,0.8749501599,0.7480991298,0.6080084485,0.4472559625,nan,nan,nan,nan,nan,nan,0.3676033319
24780,1.508791033,1.50199703,1.481678337,1.448015562,1.401302909,1.341937034,1.270396362,1.187208391,1.092895667,0.987880401,0.872307703,0.745659732,0.6057531101,0.4450892706,nan,nan,nan,nan,nan,nan,0.3666532902
24840,1.505033901,1.498251501,1.477967811,1.444363129,1.397731991,1.338471138,1.267057467,1.184019058,1.089875033,0.9850467682,0.8696731198,0.7432268982,0.6035046278,0.4429268894,nan,nan,nan,nan,nan,nan,0.3657057713
24900,1.501285071,1.49451429,1.474265648,1.440719121,1.394169563,1.335013755,1.26372712,1.180837599,1.086862772,0.9822207523,0.8670455821,0.7408014502,0.6012619093,0.4407682107,nan,nan,nan,nan,nan,nan,0.3647607663
24960,1.497544547,1.4907854,1.470571847,1.437083535,1.39061562,1.331564307,1.260405307,1.177664525,1.083858865,0.9794026445,0.8644258559,0.7383832128,0.5990258727,0.4386136672,nan,nan,nan,nan,nan,nan,0.3638182662
25020,1.493812336,1.487064837,1.466886414,1.433456374,1.387070157,1.32812338,1.257092014,1.174499916,1.08086329,0.9765926534,0.8618139355,0.73597162,0.5967956593,0.4364632716,nan,nan,nan,nan,nan,nan,0.3628782606
25080,1.490088442,1.483352605,1.463209349,1.429837634,1.38353317,1.324690965,1.253787229,1.171343755,1.077875688,0.9737907568,0.8592092928,0.733567397,0.5945719645,0.4343169641,nan,nan,nan,nan,nan,nan,0.3619407405
25140,1.486372867,1.479648706,1.459540652,1.426227314,1.380004652,1.321267052,1.250490796,1.168196025,1.074895979,0.9709964477,0.8566120955,0.7311700428,0.5923541415,0.4321746777,nan,nan,nan,nan,nan,nan,0.3610056975
25200,1.482665615,1.475953143,1.455880325,1.422625411,1.376484598,1.31785163,1.247202314,1.165056708,1.071924546,0.9682099092,0.854022637,0.728779535,0.5901426872,0.4300358188,nan,nan,nan,nan,nan,nan,0.3600731221
25260,1.478966957,1.472267187,1.4522326,1.419041074,1.37298889,1.314469084,1.243956819,1.161971224,1.069020372,0.9655047792,0.851530161,0.7265042982,0.5880692111,0.42807363,nan,nan,nan,nan,nan,nan,0.3591402827
25320,1.475277187,1.468590125,1.448593779,1.415465653,1.369502093,1.311095413,1.240720118,1.158894343,1.066124615,0.9628077501,0.8490447795,0.724235791,0.5860017866,0.4261146772,nan,nan,nan,nan,nan,nan,0.3582079306
25380,1.471596291,1.464921942,1.444963732,1.41189913,1.366024049,1.307730595,1.237492183,1.155826077,1.063237165,0.9601187061,0.8465670614,0.7219740969,0.5839406724,0.4241587344,nan,nan,nan,nan,nan,nan,0.3572770177
25440,1.46792427,1.461262638,1.44134244,1.408341498,1.362554584,1.304374616,1.234272997,1.152766406,1.060357536,0.9574371501,0.8440969825,0.7197195303,0.5818849032,0.4222057601,nan,nan,nan,nan,nan,nan,0.3563478018
25500,1.464261122,1.457612209,1.437730031,1.404792753,1.359093993,1.301027348,1.231062545,1.149715311,1.05748625,0.9547636186,0.8416343982,0.7174717509,0.579835394,0.4202563441,nan,nan,nan,nan,nan,nan,0.3554204581
25560,1.460606844,1.453970654,1.434126501,1.401252886,1.355642265,1.297688501,1.227860809,1.146672772,1.054623284,0.9520980874,0.8391788347,0.7152305164,0.5777913146,0.4183104746,nan,nan,nan,nan,nan,nan,0.3544950968
25620,1.456961432,1.450337967,1.430531846,1.397721714,1.35219939,1.294358455,1.224667771,1.143638768,1.051768616,0.9494405321,0.8367308324,0.7129962874,0.5757530523,0.4163674517,nan,nan,nan,nan,nan,nan,0.3535717886
25680,1.453324884,1.446714146,1.426946058,1.394199232,1.348765356,1.291037195,1.221482931,1.140612723,1.048922224,0.9467907065,0.8342903616,0.7107688671,0.5737206304,0.4144280577,nan,nan,nan,nan,nan,nan,0.3526505816
25740,1.449697197,1.443099186,1.423369133,1.390685606,1.345340153,1.287724707,1.218306685,1.137595141,1.046083865,0.944148393,0.8318572306,0.7085477234,0.571693495,0.4124922882,nan,nan,nan,nan,nan,nan,0.3517315232
25800,1.446078365,1.439493083,1.419801065,1.387180829,1.341923769,1.284420978,1.215139087,1.134586037,1.043253345,0.9415139834,0.8294310485,0.7063334725,0.5696724623,0.4105596854,nan,nan,nan,nan,nan,nan,0.3508146451
25860,1.442468385,1.435895832,1.416241848,1.383684891,1.338516194,1.281125993,1.211980121,1.13158539,1.040431037,0.9388874522,0.8270123087,0.7041260597,0.5676565288,0.4086303319,nan,nan,nan,nan,nan,nan,0.3498999711
25920,1.438867253,1.432307428,1.412691475,1.380197785,1.335117416,1.277839736,1.20882977,1.128593181,1.037616917,0.9362687737,0.8246009808,0.7019246898,0.5656465052,0.4067045511,nan,nan,nan,nan,nan,nan,0.3489875246
25980,1.435274963,1.428727867,1.40914994,1.376719502,1.331727424,1.274562195,1.205688015,1.125609389,1.034810962,0.9336575488,0.8221968183,0.6997301219,0.5636420011,0.4047823087,nan,nan,nan,nan,nan,nan,0.3480773195
26040,1.431691511,1.425157141,1.405617235,1.373250032,1.328346205,1.271293354,1.20255484,1.122633994,1.03201315,0.9310538663,0.8197995447,0.697542331,0.5616429197,0.4028629534,nan,nan,nan,nan,nan,nan,0.347169365
26100,1.428116891,1.421595246,1.402093354,1.369789366,1.324973748,1.268033199,1.199430226,1.119666394,1.029223075,0.9284579606,0.8174095968,0.6953605785,0.5596497718,0.4009469654,nan,nan,nan,nan,nan,nan,0.3462636787
26160,1.424551098,1.418042175,1.398578289,1.366337495,1.321610041,1.264781431,1.196313955,1.116707153,1.026440876,0.9258698059,0.8150269481,0.6931854513,0.5576615674,0.3990344172,nan,nan,nan,nan,nan,nan,0.3453602647
26220,1.420994125,1.414497922,1.395072033,1.36289441,1.31825487,1.261538108,1.193205867,1.113756251,1.023666753,0.9232893763,0.8126512865,0.6910170249,0.5556793612,0.3971252692,nan,nan,nan,nan,nan,nan,0.3444591333
26280,1.417445967,1.410962482,1.391574577,1.3594601,1.314908199,1.258303428,1.190106292,1.110813668,1.020900683,0.9207161085,0.8102824735,0.6888546779,0.5537023109,0.3952189197,nan,nan,nan,nan,nan,nan,0.3435602892
26340,1.413906618,1.407435846,1.388085914,1.356034556,1.311570244,1.255077377,1.18701521,1.107879384,1.018142643,0.9181504257,0.807920881,0.6866987749,0.5517308877,0.393315788,nan,nan,nan,nan,nan,nan,0.3426637352
26400,1.410376071,1.403918008,1.384606037,1.352617767,1.308240992,1.251859939,1.183932605,1.104953377,1.015392611,0.9155923935,0.8055664825,0.6845495063,0.5497650115,0.3914159372,nan,nan,nan,nan,nan,nan,0.3417694771
26460,1.406854318,1.400408961,1.381134934,1.349209724,1.304920431,1.2486511,1.180858459,1.10203557,1.012650003,0.9130419873,0.8032188916,0.6824063529,0.5478043052,0.3895193148,nan,nan,nan,nan,nan,nan,0.3408775138
26520,1.403341353,1.396908696,1.3776726,1.345810415,1.301608547,1.245450844,1.177792753,1.099125484,1.009915318,0.9104990912,0.8008781311,0.6802694791,0.5458495239,0.3876256126,nan,nan,nan,nan,nan,nan,0.3399878473
26580,1.399837169,1.393417207,1.374219024,1.342419831,1.298305328,1.242259156,1.17473547,1.096223618,1.007188575,0.9079632388,0.7985444932,0.6781391779,0.5438994702,0.3857347232,nan,nan,nan,nan,nan,nan,0.3391004802
26640,1.396341758,1.389934486,1.370774198,1.33903796,1.295010761,1.23907602,1.171686592,1.093329951,1.004469749,0.9054349408,0.7962179547,0.6760150191,0.5419553075,0.3838469288,nan,nan,nan,nan,nan,nan,0.338215411
26700,1.392855111,1.386460524,1.367338112,1.335664791,1.291724833,1.235901422,1.168645599,1.090444461,1.001758818,0.9029141733,0.7938980383,0.6738969897,0.5400162373,0.381962175,nan,nan,nan,nan,nan,nan,0.3373326387
26760,1.389377222,1.382995313,1.363910757,1.332300142,1.288447531,1.23273534,1.165612943,1.08756713,0.9990555999,0.9004009126,0.7915849528,0.671785474,0.5380826233,0.3800804085,nan,nan,nan,nan,nan,nan,0.3364521643
26820,1.385908082,1.379538844,1.360492123,1.328944009,1.285178841,1.229577283,1.16258864,1.084697935,0.9963597993,0.8978948499,0.7892788995,0.6696801192,0.5361544581,0.3782013734,nan,nan,nan,nan,nan,nan,0.3355739851
26880,1.382447683,1.376091109,1.357082201,1.325596546,1.28191875,1.226427719,1.159572672,1.081836715,0.9936718286,0.8953959137,0.7869798565,0.6675807568,0.5342313215,0.3763249369,nan,nan,nan,nan,nan,nan,0.3346980988
26940,1.378996015,1.372652098,1.35368098,1.322257743,1.278667245,1.223286632,1.156565021,1.078983168,0.9909916658,0.8929044169,0.7846872442,0.6654878511,0.5323139809,0.3744513402,nan,nan,nan,nan,nan,nan,0.3338245045
27000,1.375553075,1.369221807,1.350288455,1.31892759,1.275424316,1.220154009,1.153565673,1.076137703,0.9883192916,0.8904203392,0.7824014828,0.6634011167,0.5304012515,0.3725805189,nan,nan,nan,nan,nan,nan,0.3329531118
27060,1.372119362,1.365802626,1.346912685,1.315623586,1.272220054,1.217076386,1.150640332,1.073388175,0.9857672579,0.8880838564,0.7802940904,0.6615287151,0.5287525718,0.3710665327,nan,nan,nan,nan,nan,nan,0.3320789235
27120,1.368695387,1.362393162,1.343546566,1.312329119,1.269025073,1.214007899,1.147723825,1.070647103,0.9832232179,0.8857547912,0.7781935185,0.659662437,0.5271091834,0.3695523477,nan,nan,nan,nan,nan,nan,0.3312033166
27180,1.365281134,1.358993397,1.340190079,1.309044168,1.265839439,1.210948526,1.144816129,1.067914462,0.9806868452,0.8834327926,0.7760997433,0.6578022574,0.5254701607,0.3680399684,nan,nan,nan,nan,nan,nan,0.3303280291
27240,1.361876583,1.355603311,1.33684306,1.305768713,1.262663128,1.207898241,1.141917181,1.065190224,0.9781583476,0.8811181896,0.7740124049,0.6559481369,0.5238359968,0.3665286836,nan,nan,nan,nan,nan,nan,0.329453652
27300,1.358481716,1.352222887,1.333505633,1.302502733,1.259496119,1.204857022,1.139026699,1.062474364,0.9756377649,0.8788109564,0.7719317263,0.6540997077,0.5222066334,0.3650199065,nan,nan,nan,nan,nan,nan,0.3285805107
27360,1.355096515,1.348852107,1.33017778,1.299246208,1.25633839,1.201824845,1.136144953,1.059766855,0.9731250706,0.876511067,0.7698577654,0.6522570297,0.5205818121,0.3635128816,nan,nan,nan,nan,nan,nan,0.32770881
27420,1.351720961,1.345490951,1.326859482,1.295999117,1.25318992,1.198801686,1.133271918,1.057067671,0.9706202385,0.8742184952,0.7677904912,0.6504202449,0.5189611545,0.3620084441,nan,nan,nan,nan,nan,nan,0.3268387091
27480,1.348355037,1.3421394,1.32355072,1.29276144,1.250050686,1.195787522,1.130407569,1.054376541,0.9681232424,0.8719332142,0.7657298701,0.6485893025,0.5173452075,0.3605062295,nan,nan,nan,nan,nan,nan,0.3259703259
27540,1.344998723,1.338797437,1.320251474,1.289533157,1.246920666,1.19278233,1.127551881,1.051693585,0.965634056,0.8696551966,0.763675867,0.6467641573,0.5157339684,0.3590065059,nan,nan,nan,nan,nan,nan,0.3251037496
27600,1.341652001,1.335465002,1.316961725,1.286314245,1.243799838,1.189786087,1.12470483,1.049018879,0.9631526531,0.8673841649,0.7616281541,0.6449443962,0.5141269551,0.3575094009,nan,nan,nan,nan,nan,nan,0.3242390507
27660,1.338314853,1.332142081,1.313681452,1.283104686,1.240688181,1.186798566,1.12186639,1.046352397,0.9606790074,0.8651202098,0.759586863,0.6431302202,0.5125243611,0.3560145811,nan,nan,nan,nan,nan,nan,0.3233762861
27720,1.334987258,1.328828689,1.310410636,1.279904457,1.237585671,1.183819855,1.119036538,1.043694114,0.9582127827,0.8628634332,0.7575520861,0.6413217389,0.5109264813,0.3545227592,nan,nan,nan,nan,nan,nan,0.3225155062
27780,1.331669197,1.325524809,1.307149257,1.276713538,1.234492287,1.180850024,1.116215248,1.041044004,0.9557542129,0.8606138057,0.75552379,0.6395189261,0.50933332,0.3530329448,nan,nan,nan,nan,nan,nan,0.3216567497
27840,1.328360653,1.32223042,1.303897295,1.273531908,1.231408007,1.177889048,1.113402496,1.038402042,0.9533033215,0.8583712975,0.7535019429,0.6377217577,0.5077441035,0.3515461985,nan,nan,nan,nan,nan,nan,0.3208000531
27900,1.325061604,1.318945503,1.300654729,1.270359545,1.228332808,1.174936904,1.110598258,1.035768201,0.9508600815,0.8561358791,0.7514865144,0.6359297655,0.5061596012,0.3500617501,nan,nan,nan,nan,nan,nan,0.3199454477
27960,1.321772033,1.315670037,1.297421539,1.267196428,1.225266667,1.17199357,1.107802508,1.033142457,0.9484244658,0.8539075212,0.7494772119,0.6341433056,0.5045798218,0.3485800534,nan,nan,nan,nan,nan,nan,0.3190929592
28020,1.318491918,1.312404004,1.294197705,1.264042537,1.222209564,1.16905902,1.105015223,1.030524783,0.9459964469,0.8516860921,0.747474117,0.6323624284,0.5030044686,0.3471010729,nan,nan,nan,nan,nan,nan,0.3182426101
28080,1.315221241,1.309147383,1.290983207,1.260897849,1.219161474,1.166133232,1.102236116,1.027915155,0.9435759979,0.8494713926,0.7454773562,0.6305871152,0.501433347,0.3456244225,nan,nan,nan,nan,nan,nan,0.3173944219
28140,1.311959982,1.305900154,1.287778023,1.257762344,1.216122376,1.163216183,1.099465368,1.025313243,0.9411630913,0.8472636687,0.7434869035,0.6288173382,0.4998669479,0.3441507872,nan,nan,nan,nan,nan,nan,0.3165484086
28200,1.30870812,1.302662298,1.284582134,1.254635999,1.213092248,1.160307848,1.096703012,1.022719289,0.9387576999,0.8450628924,0.7415027334,0.6270525883,0.49830527,0.3426792937,nan,nan,nan,nan,nan,nan,0.3157045845
28260,1.305465637,1.299433794,1.281395518,1.251518794,1.210071066,1.157408205,1.093949023,1.020133303,0.9363594601,0.8428690364,0.7395248209,0.6252933541,0.4967476886,0.3412106389,nan,nan,nan,nan,nan,nan,0.3148629653
28320,1.30223251,1.296214621,1.278218154,1.248410707,1.207058799,1.154517229,1.091203377,1.017555261,0.9339686652,0.8406820734,0.737552897,0.6235396223,0.4951946481,0.3397446211,nan,nan,nan,nan,nan,nan,0.3140235578
28380,1.299008722,1.29300476,1.275050023,1.245311654,1.204055196,1.151634897,1.088466049,1.014985136,0.9315853061,0.8385019769,0.7355870153,0.6217913771,0.4936463191,0.3382808899,nan,nan,nan,nan,nan,nan,0.3131863739
28440,1.29579425,1.28980419,1.271891103,1.24222154,1.201060473,1.148761185,1.085737014,1.012422902,0.9292093563,0.8363287209,0.733627323,0.6200484988,0.4921025338,0.3368200565,nan,nan,nan,nan,nan,nan,0.312351423
28500,1.292589076,1.28661289,1.268741372,1.23914048,1.198074608,1.145896071,1.083016248,1.009868534,0.9268407889,0.8341619345,0.7316737988,0.6183106666,0.4905628102,0.3353614571,nan,nan,nan,nan,nan,nan,0.3115187098
28560,1.289393177,1.28343084,1.26560081,1.236068451,1.195097578,1.14303953,1.080303725,1.007322006,0.9244795782,0.8320019111,0.7297264203,0.616578278,0.4890277832,0.3339054332,nan,nan,nan,nan,nan,nan,0.3106882442
28620,1.286206535,1.280258019,1.262469396,1.233005433,1.192129361,1.140191509,1.077599422,1.004783292,0.9221256979,0.8298486535,0.7277851671,0.6148513198,0.4874974465,0.3324522104,nan,nan,nan,nan,nan,nan,0.3098600302
28680,1.283029128,1.277094406,1.259347109,1.229951404,1.189169933,1.13735176,1.074903314,1.002252367,0.9197791222,0.8277021374,0.7258497785,0.6131297782,0.4859712721,0.3310009463,nan,nan,nan,nan,nan,nan,0.3090340722
28740,1.279860935,1.273939981,1.256233926,1.22690634,1.186219272,1.134520515,1.072215375,0.9997291593,0.9174397938,0.8255623384,0.7239203016,0.6114134285,0.4844494859,0.3295523983,nan,nan,nan,nan,nan,nan,0.3082103751
28800,1.276701931,1.270794718,1.253129823,1.223870216,1.183277351,1.131697745,1.069535577,0.9972134006,0.9151073994,0.8234292298,0.721996887,0.6097021561,0.482932368,0.3281064995,nan,nan,nan,nan,nan,nan,0.3073890197
28860,1.273551951,1.267657848,1.250032254,1.220837539,1.180334642,1.128868838,1.066843059,0.9946777731,0.912746828,0.8212586616,0.7200253547,0.6079299712,0.481336348,0.3265423847,nan,nan,nan,nan,nan,nan,0.3065714321
28920,1.270410796,1.264529781,1.246943416,1.217813475,1.177400374,1.126048144,1.064158347,0.9921497081,0.9103933885,0.8190943472,0.718059888,0.6061632411,0.4797444057,0.3249816268,nan,nan,nan,nan,nan,nan,0.3057573721
28980,1.267278457,1.261410507,1.243863302,1.214798013,1.174474535,1.123235649,1.061481542,0.9896291897,0.9080470646,0.8169365804,0.7161003918,0.6044018393,0.4781573414,0.3234235758,nan,nan,nan,nan,nan,nan,0.3049461548
29040,1.264154919,1.258300011,1.240791893,1.211791137,1.171557108,1.120431334,1.058812623,0.9871161964,0.9057078348,0.8147854085,0.7141465183,0.6026453728,0.4765748943,0.3218680609,nan,nan,nan,nan,nan,nan,0.3041376422
29100,1.26104016,1.255198269,1.237729168,1.208792823,1.168648068,1.117635175,1.056151566,0.984610703,0.9033756741,0.8126408085,0.7121986628,0.6008943451,0.4749967049,0.320314928,nan,nan,nan,nan,nan,nan,0.303331734
29160,1.25793416,1.252105265,1.234675107,1.205803052,1.165747395,1.11484715,1.053498348,0.9821126863,0.9010505597,0.8105027594,0.7102568089,0.5991487551,0.4734234513,0.3187639069,nan,nan,nan,nan,nan,nan,0.3025283572
29220,1.254836903,1.249020978,1.231629692,1.202821804,1.162855069,1.112067237,1.050852947,0.9796221236,0.8987322343,0.8083712407,0.7083209418,0.5974084578,0.4718547347,0.3172149166,nan,nan,nan,nan,nan,nan,0.3017274607
29280,1.251748369,1.24594539,1.228592903,1.199849059,1.159971068,1.109295415,1.048215339,0.9771389733,0.8964207342,0.8062458862,0.7063909474,0.5956731092,0.4702903272,0.3156680201,nan,nan,nan,nan,nan,nan,0.3009290059
29340,1.248668539,1.242878483,1.225564721,1.196884798,1.157095373,1.106531664,1.045585505,0.9746628608,0.8941162159,0.8041269308,0.7044665186,0.5939431882,0.4687308198,0.3141231313,nan,nan,nan,nan,nan,nan,0.3001329618
29400,1.245597396,1.239820238,1.222545128,1.193929,1.154227963,1.10377596,1.04296342,0.9721941368,0.8918186577,0.8020144486,0.7025480374,0.5922186873,0.4671757059,0.3125801759,nan,nan,nan,nan,nan,nan,0.2993393086
29460,1.242534919,1.236770636,1.219534103,1.190981647,1.151368817,1.101028284,1.040349064,0.9697327791,0.8895280384,0.7999084212,0.7006354905,0.5904994185,0.4656249391,0.311039076,nan,nan,nan,nan,nan,nan,0.2985480221
29520,1.239481091,1.233729658,1.216531628,1.188042717,1.148517663,1.098288318,1.037742129,0.9672787654,0.8872443366,0.7978088304,0.6987288651,0.5887850994,0.4640790181,0.3094997662,nan,nan,nan,nan,nan,nan,0.2977590896
29580,1.236435892,1.230697284,1.213537682,1.185112191,1.1456747,1.095556303,1.035142801,0.964832074,0.8849675316,0.7957156581,0.6968280175,0.5870761698,0.4625373268,0.3079621748,nan,nan,nan,nan,nan,nan,0.2969724911
29640,1.233399304,1.227673496,1.210552247,1.182190048,1.14283994,1.092832253,1.032551138,0.9623926829,0.8826974926,0.7936285556,0.694932701,0.5853726172,0.4610000349,0.3064262392,nan,nan,nan,nan,nan,nan,0.2961882136
29700,1.230371306,1.224658274,1.207575302,1.17927627,1.140013363,1.090116145,1.029967116,0.9599605706,0.880434012,0.7915477321,0.6930432654,0.5836742029,0.4594675401,0.3048918969,nan,nan,nan,nan,nan,nan,0.2954062428
29760,1.22735188,1.221651599,1.204606783,1.176370834,1.137194947,1.087407959,1.027390715,0.9575357157,0.8781773685,0.7894732759,0.6911596965,0.5819807341,0.4579390938,0.3033590911,nan,nan,nan,nan,nan,nan,0.2946265671
29820,1.224341007,1.218653452,1.201646603,1.173473722,1.134384673,1.084707672,1.024821913,0.9551180176,0.8759275424,0.7874051697,0.6892819797,0.5802926033,0.4564151181,0.3018277686,nan,nan,nan,nan,nan,nan,0.2938491765
29880,1.221338668,1.215663813,1.198694855,1.170584913,1.131582519,1.082015265,1.022260688,0.9527072298,0.8736845138,0.785343396,0.6874099297,0.578609797,0.4548958892,0.300297879,nan,nan,nan,nan,nan,nan,0.2930740596
29940,1.218344843,1.212682663,1.195751521,1.167704261,1.128788464,1.079330715,1.01970702,0.9503036376,0.8714482631,0.7832879377,0.6855433812,0.5769320155,0.4533805108,0.2987693794,nan,nan,nan,nan,nan,nan,0.292301209
30000,1.215359513,1.209709983,1.192816579,1.164831774,1.126002489,1.076654002,1.017160886,0.9479072201,0.8692187713,0.7812384484,0.6836826412,0.5752591799,0.4518696922,0.2972421686,nan,nan,nan,nan,nan,nan,0.2915306177
30060,1.212382658,1.206745753,1.189890011,1.161967531,1.123224571,1.073985104,1.014622265,0.9455179567,0.866996014,0.7791951369,0.6818276947,0.5735916259,0.4503635688,0.2957160315,nan,nan,nan,nan,nan,nan,0.2907622736
30120,1.20941426,1.203789953,1.186971797,1.159111512,1.12045469,1.071324,1.012091137,0.9431358267,0.8647795784,0.7771580906,0.6799785261,0.571929338,0.4488610885,0.2941911587,nan,nan,nan,nan,nan,nan,0.2899961716
30180,1.206454298,1.200842565,1.184061916,1.156263695,1.117692827,1.068670669,1.009567138,0.94076081,0.8625698455,0.7751272924,0.6781348968,0.5702719449,0.4473632744,0.2926674724,nan,nan,nan,nan,nan,nan,0.2892323053
30240,1.203502753,1.197903567,1.181160348,1.153424061,1.114938959,1.06602509,1.007050577,0.9383928859,0.8603667961,0.7731027249,0.6762967465,0.5686195079,0.4458699339,0.2911446668,nan,nan,nan,nan,nan,nan,0.2884706642
30300,1.200559606,1.194972941,1.178267075,1.15059259,1.112193066,1.063387136,1.004541448,0.9360320345,0.8581704114,0.7710843712,0.6744643282,0.5669722922,0.4443803556,0.2896229264,nan,nan,nan,nan,nan,nan,0.287711243
30360,1.197624836,1.192050667,1.175382076,1.147769261,1.109455127,1.06075668,1.002039729,0.9336780771,0.8559806729,0.7690718736,0.6726376259,0.5653302825,0.4428953982,0.288102083,nan,nan,nan,nan,nan,nan,0.2869540351
30420,1.194698425,1.189136725,1.17250533,1.144954053,1.106725123,1.058133914,0.9995453998,0.9313309337,0.8537975614,0.7670654661,0.6708166242,0.5636930264,0.4414146751,0.2865820606,nan,nan,nan,nan,nan,nan,0.2861990327
30480,1.191780352,1.186231096,1.169636818,1.142146947,1.104003031,1.055518819,0.9970584394,0.9289908046,0.8516210586,0.765065222,0.6690010209,0.562060746,0.4399378527,nan,nan,nan,nan,nan,nan,nan,0.2854462299
30540,1.188870598,1.183333759,1.16677652,1.139347922,1.101288756,1.052911373,0.9945788277,0.9266576701,0.8494508294,0.763071124,0.6671908819,0.5604336271,0.4384656063,nan,nan,nan,nan,nan,nan,nan,0.2846956203
30600,1.185969151,1.180444703,1.163924424,1.136556967,1.098582164,1.050311563,0.9921065512,0.9243315168,0.8472870965,0.7610831601,0.6653864007,0.5588116587,0.43699734,nan,nan,nan,nan,nan,nan,nan,0.283947065
30660,1.183076267,1.177565309,1.161085286,1.133784374,1.095901411,1.04774691,0.9896805262,0.9220644701,0.8451970186,0.7591851747,0.6636909211,0.5573219037,0.4356966473,nan,nan,nan,nan,nan,nan,nan,0.2831977678
30720,1.180192237,1.174694735,1.158254863,1.131020321,1.093228952,1.045190237,0.9872620982,0.9198045755,0.8431135922,0.7572932151,0.6620009661,0.5558369567,0.4344001376,nan,nan,nan,nan,nan,nan,nan,0.2824483742
30780,1.177317029,1.171832948,1.155433122,1.128264776,1.090564756,1.042641513,0.9848512369,0.9175518043,0.8410367909,0.7554071309,0.6603165138,0.5543569032,0.4331076308,nan,nan,nan,nan,nan,nan,nan,0.2816999749
30840,1.174450621,1.168979926,1.152620042,1.125517715,1.0879088,1.040100714,0.9824479208,0.9153061359,0.8389665957,0.7535271108,0.6586373516,0.552881714,0.4318185698,nan,nan,nan,nan,nan,nan,nan,0.2809529264
30900,1.171592987,1.166135642,1.149815595,1.122779113,1.085261059,1.037567816,0.9800519337,0.9130675473,0.8369029847,0.7516531349,0.6569635267,0.55141135,0.4305330968,nan,nan,nan,nan,nan,nan,nan,0.2802074218
30960,1.1687441,1.163300072,1.147019756,1.120048945,1.082621508,1.035042795,0.9776634054,0.9108360157,0.8348459371,0.7497851838,0.6552951485,0.5499457716,0.429251456,nan,nan,nan,nan,nan,nan,nan,0.2794635897
31020,1.165903937,1.16047319,1.144232501,1.117327186,1.079990121,1.032525625,0.9752823516,0.9086113873,0.8327954322,0.747923238,0.6536321947,0.5484845176,0.4279736441,nan,nan,nan,nan,nan,nan,nan,0.278721516
31080,1.163072473,1.157654971,1.141453805,1.114613811,1.077366875,1.030016283,0.9729087491,0.9063936574,0.830751449,0.7460672773,0.6519746412,0.5470279753,0.4266993207,nan,nan,nan,nan,nan,nan,nan,0.2779812603
31140,1.160249681,1.154845391,1.138683643,1.111908795,1.074751744,1.027514745,0.9705425742,0.9041829189,0.8287137252,0.7442172814,0.6503224638,0.5455761199,0.4254284413,nan,nan,nan,nan,nan,nan,nan,0.2772428782
31200,1.157435538,1.152044424,1.135921989,1.109212113,1.072144704,1.025020986,0.9681838039,0.9019791498,0.8266824625,0.7423732295,0.6486756377,0.5441289264,0.4241613957,nan,nan,nan,nan,nan,nan,nan,0.2765064098
31260,1.154630019,1.149252045,1.133168818,1.10652374,1.06954573,1.022534983,0.9658324148,0.8997823278,0.8246576597,0.7405349835,0.6470340207,0.5426863735,0.422898187,nan,nan,nan,nan,nan,nan,nan,0.2757718848
31320,1.151833097,1.14646823,1.130424107,1.103843651,1.066954798,1.020056711,0.9634883837,0.8975924309,0.8226392956,0.7387024739,0.6453975002,0.5412483291,0.4216385766,nan,nan,nan,nan,nan,nan,nan,0.2750393335
31380,1.149044749,1.143692953,1.127687829,1.101171822,1.064371884,1.017585975,0.9611516876,0.8954094372,0.820627349,0.7368758442,0.6437662606,0.5398145678,0.4203823106,nan,nan,nan,nan,nan,nan,nan,0.2743087727
31440,1.146264949,1.140926189,1.12495996,1.098508228,1.061796962,1.01512289,0.9588223036,0.8932333244,0.8186217984,0.7350550728,0.6421402794,0.5383853919,0.4191298854,nan,nan,nan,nan,nan,nan,nan,0.2735802237
31500,1.143493673,1.138167914,1.122240475,1.095852844,1.059230008,1.012667466,0.9565002086,0.8910640707,0.8166226224,0.7332401375,0.6405195349,0.5369607874,0.4178813012,nan,nan,nan,nan,nan,nan,nan,0.2728536974
31560,1.140730895,1.135418103,1.119529349,1.093205646,1.056671,1.01021968,0.9541853797,0.8889016539,0.8146297994,0.7314310168,0.6389040062,0.5355407387,0.4166364026,nan,nan,nan,nan,nan,nan,nan,0.2721292094
31620,1.137976591,1.13267673,1.116826558,1.090566608,1.054119911,1.007779506,0.9518777941,0.8867460521,0.8126433077,0.7296276888,0.6372936732,0.5341252334,0.4153947506,nan,nan,nan,nan,nan,nan,nan,0.2714067665
31680,1.135230735,1.129943771,1.114132076,1.087935708,1.051576718,1.005346923,0.9495774291,0.8845972431,0.8106631259,0.7278301322,0.6356884648,0.5327140184,0.4141569334,nan,nan,nan,nan,nan,nan,nan,0.2706863806
31740,1.132493304,1.127219201,1.11144588,1.085312902,1.049041397,1.002921907,0.9472842618,0.882455205,0.8086891758,0.7260383258,0.6340881413,0.531307127,0.4129229478,nan,nan,nan,nan,nan,nan,nan,0.2699680572
31800,1.129764272,1.124502996,1.108767944,1.082698062,1.046513924,1.000504433,0.9449982694,0.8803197899,0.8067212923,0.7242520831,0.6324929567,0.5299047395,0.4116927087,nan,nan,nan,nan,nan,nan,nan,0.2692518038
31860,1.127043614,1.121795131,1.106098244,1.080091286,1.043994274,0.9980944792,0.9427192426,0.8781909876,0.8047596545,0.7224714366,0.630902893,0.5285068439,0.4104656213,nan,nan,nan,nan,nan,nan,nan,0.2685376252
31920,1.124331306,1.11909558,1.103436756,1.07749255,1.041482425,0.9956920216,0.9404473102,0.8760688909,0.8028042412,0.720696479,0.6293179322,0.5271134279,0.4092423525,nan,nan,nan,nan,nan,nan,nan,0.2678255258
31980,1.121627323,1.11640432,1.100783454,1.07490183,1.038978352,0.9932970371,0.9381824857,0.8739534778,0.8008550309,0.7189271902,0.627738057,0.5257244794,0.4080228972,nan,nan,nan,nan,nan,nan,nan,0.2671155088
32040,1.11893164,1.113721326,1.098138315,1.072319101,1.036482031,0.9909095023,0.9359247467,0.8718447263,0.7989120024,0.7171635499,0.6261632501,0.5243396075,0.4068072263,nan,nan,nan,nan,nan,nan,nan,0.2664075773
32100,1.116244233,1.111046573,1.095501313,1.069744338,1.0339933,0.988529394,0.9336740703,0.8697426145,0.7969751344,0.7154055386,0.6245934946,0.5229591249,0.4055946197,nan,nan,nan,nan,nan,nan,nan,0.2657017329
32160,1.113565078,1.108380037,1.092872425,1.067177519,1.031512242,0.9861566891,0.9314304342,0.8676471205,0.795044406,0.7136531366,0.6230284558,0.521583075,0.404385808,nan,nan,nan,nan,nan,nan,nan,0.2649979762
32220,1.110894149,1.105721693,1.090251627,1.064618619,1.029038866,0.9837913646,0.9291938158,0.8655582225,0.7931197961,0.7119063245,0.6214684317,0.5202114458,0.4031807853,nan,nan,nan,nan,nan,nan,nan,0.264296309
32280,1.108231423,1.103071517,1.087638893,1.062067614,1.026573148,0.9814333972,0.9269641927,0.8634758988,0.791201284,0.7101650832,0.6199134106,0.518844226,0.4019795448,nan,nan,nan,nan,nan,nan,nan,0.2635967315
32340,1.105576874,1.100429484,1.0850342,1.05952448,1.024115066,0.979082764,0.9247415423,0.8614001274,0.7892888489,0.7084291679,0.6183633769,0.517481308,0.4007813261,nan,nan,nan,nan,nan,nan,nan,0.2628992427
32400,1.102930478,1.09779557,1.082437523,1.056989192,1.021664594,0.9767394416,0.922525842,0.8593308865,0.7873823254,0.7066987363,0.6168183144,0.5161224365,0.3995868552,nan,nan,nan,nan,nan,nan,nan,0.2622038559
32460,1.100292076,1.095169092,1.07984661,1.05445689,1.019213296,0.9743905263,0.9202988042,0.8572436914,0.7854501623,0.7049342306,0.6152292644,0.5147070366,0.3983166374,nan,nan,nan,nan,nan,nan,nan,0.2615120419
32520,1.097661507,1.092550417,1.077263412,1.051932152,1.016769353,0.9720486304,0.9180785354,0.8551628683,0.7835239693,0.7031752244,0.6136450946,0.5132960987,0.3970500007,nan,nan,nan,nan,nan,nan,nan,0.2608233526
32580,1.095038752,1.089939525,1.074687905,1.049414957,1.014332746,0.9697136295,0.9158650156,0.8530881493,0.7816037278,0.7014217005,0.6120656129,0.5118896144,0.3957867341,nan,nan,nan,nan,nan,nan,nan,0.2601373004
32640,1.092423787,1.087336394,1.072120024,1.046905283,1.011903453,0.9673856776,0.9136582238,0.851019786,0.7796894185,0.6996736415,0.610491095,0.510487319,0.3945274994,nan,nan,nan,nan,nan,nan,nan,0.2594537148
32700,1.089816592,1.084741001,1.069559718,1.044403109,1.009481451,0.965064754,0.911458093,0.8489577587,0.7777810228,0.6979310303,0.6089215271,0.5090891845,0.3932721601,nan,nan,nan,nan,nan,nan,nan,0.2587724949
32760,1.087217143,1.082153326,1.067007041,1.041908414,1.007066722,0.962750838,0.9092644265,0.8469020477,0.7758785221,0.6961936894,0.6073568962,0.507695499,0.3920200038,nan,nan,nan,nan,nan,nan,nan,0.2580935824
32820,1.08462542,1.079573346,1.06446197,1.039421176,1.004659242,0.9604439089,0.9070774284,0.8448526334,0.7739818977,0.6944615823,0.6057971905,0.5063062606,0.3907718565,nan,nan,nan,nan,nan,nan,nan,0.2574169344
32880,1.082041401,1.07700104,1.061924483,1.036941374,1.002258992,0.9581439459,0.9048970784,0.8428094963,0.7720911314,0.692734874,0.6042421595,0.5049214664,0.3895277023,nan,nan,nan,nan,nan,nan,nan,0.256742511
32940,1.079465064,1.074436386,1.05939456,1.034468987,0.9998659503,0.9558509284,0.9027233562,0.8407726169,0.7702058977,0.6910135487,0.6026918684,0.5035405649,0.388286577,nan,nan,nan,nan,nan,nan,nan,0.2560702824
33000,1.076896388,1.071879363,1.056872179,1.032003993,0.9974800955,0.9535648356,0.9005562418,0.8387419759,0.7683264831,0.6892975904,0.6011464698,0.5021640911,0.38704936,nan,nan,nan,nan,nan,nan,nan,0.255400226
33060,1.074335352,1.06932995,1.054357318,1.029546371,0.9951014069,0.951285647,0.898395715,0.8367175539,0.7664528733,0.6875869841,0.5996059527,0.5007920397,0.3858160822,nan,nan,nan,nan,nan,nan,nan,0.2547323222
33120,1.071781932,1.066788124,1.051849957,1.0270961,0.9927298637,0.9490133421,0.896241756,0.8346993318,0.7645850505,0.6858817144,0.5980703059,0.4994244009,0.3845859467,nan,nan,nan,nan,nan,nan,nan,0.2540665542
33180,1.069236109,1.064253825,1.049350072,1.024653158,0.9903654449,0.9467479004,0.8940943447,0.832687061,0.7627229971,0.6841815902,0.5965395178,0.4980608701,0.3833594902,nan,nan,nan,nan,nan,nan,nan,0.2534029066
33240,1.066697861,1.06172705,1.046857645,1.022217526,0.9880081297,0.9444893013,0.8919534612,0.8306808951,0.7608666955,0.6824866103,0.5950132018,0.4967014728,0.3821369213,nan,nan,nan,nan,nan,nan,nan,0.2527413627
33300,1.064167166,1.059207799,1.044372652,1.01978918,0.9856578973,0.9422375247,0.8898190859,0.8286808733,0.7590161286,0.6807969235,0.5934916958,0.4953464547,0.3809175978,nan,nan,nan,nan,nan,nan,nan,0.2520819131
33360,1.061644003,1.05669605,1.041895074,1.017368102,0.9833147269,0.9399925499,0.8876911988,0.8266869768,0.7571712791,0.679112515,0.5919750141,0.4939958051,0.3797017399,nan,nan,nan,nan,nan,nan,nan,0.2514245418
33420,1.05912835,1.054191783,1.039424888,1.014954269,0.9809783938,0.9377543569,0.8855697805,0.8246991871,0.7553319565,0.6774333704,0.5904631433,0.4926494593,0.3784897232,nan,nan,nan,nan,nan,nan,nan,0.2507692427
33480,1.056620187,1.051694975,1.036962073,1.01254766,0.9786490821,0.9355228189,0.8834546612,0.8227174853,0.753498185,0.675759475,0.5889560718,0.4913069526,0.3772810424,nan,nan,nan,nan,nan,nan,nan,0.2501160021
33540,1.054119492,1.049205606,1.034506609,1.010148255,0.9763267716,0.9332978923,0.881345859,0.8207418535,0.7516700816,0.6740908141,0.587453664,0.4899687756,0.3760756337,nan,nan,nan,nan,nan,nan,nan,0.2494648135
33600,1.051626243,1.046723654,1.032058474,1.007755973,0.9740114414,0.931079688,0.8792434682,0.818772273,0.7498476293,0.6724271697,0.5859557507,0.4886349157,0.3748740204,nan,nan,nan,nan,nan,nan,nan,0.2488156667
33660,1.04914042,1.044249099,1.029617647,1.005370751,0.9717030712,0.928868186,0.8771474695,0.8168087258,0.7480308119,0.6707685976,0.5844625974,0.4873053596,0.3736758243,nan,nan,nan,nan,nan,nan,nan,0.2481685547
33720,1.046662001,1.041781918,1.027184108,1.002992671,0.9694016405,0.9266633663,0.8750578436,0.8148511939,0.7462196126,0.6691152169,0.5829741909,0.4859797199,0.372480722,nan,nan,nan,nan,nan,nan,nan,0.2475234691
33780,1.044190965,1.039322092,1.024757835,1.000621712,0.9671071286,0.9244652086,0.8729745711,0.8128994931,0.7444140148,0.6674670131,0.5814905184,0.4846581751,0.3712893722,nan,nan,nan,nan,nan,nan,nan,0.2468804007
33840,1.041727291,1.036869598,1.022338807,0.9982578534,0.9648195153,0.9222736935,0.8708976332,0.8109536558,0.7426140024,0.6658239711,0.5800115658,0.4833408949,0.3701015063,nan,nan,nan,nan,nan,nan,nan,0.2462393435
33900,1.039270958,1.034424416,1.019927003,0.9959010747,0.9625387804,0.920088801,0.8688270108,0.809013781,0.7408195012,0.6641860764,0.5785370402,0.4820278663,0.3689165727,nan,nan,nan,nan,nan,nan,nan,0.2456002904
33960,1.036821945,1.031986525,1.017522403,0.9935513548,0.9602649033,0.9179105111,0.8667626846,0.8070798504,0.7390303075,0.6625533142,0.5770670875,0.4807189243,0.3677353507,nan,nan,nan,nan,nan,nan,nan,0.2449632329
34020,1.034380231,1.029555904,1.015124986,0.9912086734,0.957997864,0.9157388044,0.8647046362,0.8051518468,0.7372466512,0.6609254279,0.5756018144,0.4794137993,0.3665576653,nan,nan,nan,nan,nan,nan,nan,0.2443281657
34080,1.031945795,1.027132532,1.01273473,0.9888730099,0.9557376422,0.9135736614,0.8626528468,0.8032297524,0.7354685159,0.659302552,0.5741412072,0.4781128865,0.3653827675,nan,nan,nan,nan,nan,nan,nan,0.2436950823
34140,1.029518615,1.024716388,1.010351615,0.9865443437,0.9534842177,0.9114150621,0.8606072972,0.8013135495,0.7336958854,0.6576847651,0.5726852524,0.4768161728,0.364211542,nan,nan,nan,nan,nan,nan,nan,0.2430639751
34200,1.027098673,1.022307453,1.007975622,0.9842226555,0.9512375717,0.9092629883,0.8585679546,0.7994032214,0.7319287443,0.6560720529,0.5712338897,0.4755236456,0.3630438908,nan,nan,nan,nan,nan,nan,nan,0.2424348159
34260,1.024686068,1.019906325,1.005608825,0.9819124678,0.9490055796,0.9071295522,0.8565518228,0.7975218481,0.7301969063,0.6545019466,0.5698335331,0.4742934604,0.3619574226,nan,nan,nan,nan,nan,nan,nan,0.2418062491
34320,1.022280908,1.01751261,1.003249344,0.9796094345,0.9467805183,0.9050027645,0.8545420029,0.7956464,0.7284705667,0.6529368805,0.5684377366,0.4730672779,0.360874412,nan,nan,nan,nan,nan,nan,nan,0.2411785963
34380,1.019883171,1.015126285,1.000897155,0.9773135328,0.9445623656,0.9028826038,0.8525384745,0.7937768581,0.7267497081,0.6513768384,0.5670464857,0.4718451434,0.359794756,nan,nan,nan,nan,nan,nan,nan,0.2405523998
34440,1.01749283,1.012747324,0.9985522333,0.9750247377,0.9423510973,0.9007690465,0.8505412155,0.7919130249,0.7250342933,0.6498217784,0.5656597642,0.4706270354,0.3587181614,nan,nan,nan,nan,nan,nan,nan,0.2399277945
34500,1.015109864,1.010375705,0.9962145565,0.9727430276,0.9401466922,0.8986619003,0.8485502066,0.7900550157,0.7233241032,0.6482714691,0.5642775572,0.4694129297,0.3576442354,nan,nan,nan,nan,nan,nan,nan,0.239304854
34560,1.012734249,1.008011406,0.9938841027,0.9704683808,0.9379491291,0.8965613072,0.8465654283,0.7882028566,0.7216193424,0.6467261365,0.5628998494,0.4682026151,0.3565735975,nan,nan,nan,nan,nan,nan,nan,0.2386836376
34620,1.010365964,1.005654404,0.9915608492,0.968200775,0.9357583865,0.8944672569,0.8445868609,0.7863565293,0.7199199937,0.6451857646,0.5615265588,0.4669959911,0.3555062431,nan,nan,nan,nan,nan,nan,nan,0.2380641839
34680,1.008004984,1.003304676,0.9892447734,0.9659401881,0.9335744427,0.8923797287,0.8426144846,0.7845160151,0.7182260401,0.6436503372,0.5601574798,0.4657933026,0.3544417474,nan,nan,nan,nan,nan,nan,nan,0.2374465176
34740,1.005651288,1.000962199,0.986935853,0.963686598,0.9313971231,0.8902987019,0.8406482798,0.7826812958,0.7165374644,0.6421198383,0.558792849,0.4645945319,0.3533800746,nan,nan,nan,nan,nan,nan,nan,0.2368306566
34800,1.003304853,0.9986269511,0.9846340655,0.9614399828,0.9292265579,0.8882241559,0.838688227,0.7808523529,0.7148542494,0.6405942512,0.5574326491,0.463399663,0.3523216796,nan,nan,nan,nan,nan,nan,nan,0.2362166138
34860,1.000965656,0.9962989093,0.9823393885,0.9592003204,0.9270627281,0.8861560702,0.8367343066,0.7790291681,0.7131763782,0.6390735596,0.5560768626,0.4622086794,0.3512665613,nan,nan,nan,nan,nan,nan,nan,0.2356044038
34920,0.9986336748,0.9939780513,0.9800518,0.9569675892,0.9249056124,0.8840944244,0.8347864992,0.7772117233,0.7115038335,0.6375577466,0.5547254731,0.4610211187,0.3502140885,nan,nan,nan,nan,nan,nan,nan,0.2349940315
34980,0.9963088864,0.9916643545,0.9777712777,0.9547417671,0.9227551897,0.882039198,0.8328447855,0.7754000001,0.7098365982,0.6360466441,0.5533784633,0.4598374102,0.3491646189,nan,nan,nan,nan,nan,nan,nan,0.2343855083
35040,0.9939912687,0.9893577968,0.9754977994,0.9525228327,0.9206114389,0.8799903708,0.8309091462,0.7735939804,0.7081746551,0.6345402759,0.5520357241,0.4586575476,0.3481184122,nan,nan,nan,nan,nan,nan,nan,0.2337788352
35100,0.9916807991,0.9870583557,0.9732313431,0.9503107642,0.9184743389,0.8779479225,0.828979562,0.7717936461,0.7065178174,0.6330387369,0.5506971075,0.4574815175,0.3470754648,nan,nan,nan,nan,nan,nan,nan,0.2331740188
35160,0.9893774555,0.984766009,0.9709718868,0.9481055401,0.9163438687,0.8759118331,0.8270559034,0.7699989366,0.7048661725,0.6315420105,0.5493628237,0.4563093088,0.3460349162,nan,nan,nan,nan,nan,nan,nan,0.2325710591
35220,0.9870812156,0.9824807345,0.9687194086,0.9459071388,0.9142200074,0.8738820822,0.8251381737,0.7682097026,0.7032197688,0.63005008,0.5480328571,0.4551406404,0.3449975646,nan,nan,nan,nan,nan,nan,nan,0.2319699585
35280,0.9847920572,0.9802025103,0.9664738866,0.943715539,0.9121027344,0.8718586501,0.8232264426,0.7664261005,0.7015785891,0.6285629291,0.5467071931,0.4539755819,0.3439634525,nan,nan,nan,nan,nan,nan,nan,0.2313707166
35340,0.9825099581,0.977931314,0.9642352989,0.9415307191,0.9099920285,0.8698415165,0.8213206908,0.764648112,0.6999426161,0.6270805411,0.5453858158,0.4528143094,0.3429323841,nan,nan,nan,nan,nan,nan,nan,0.2307733367
35400,0.9802348961,0.9756671238,0.9620036239,0.9393526578,0.9078878691,0.8678306615,0.8194208995,0.7628757191,0.6983118327,0.6256028999,0.5440687112,0.4516568119,0.3419038191,nan,nan,nan,nan,nan,nan,nan,0.230177817
35460,0.9779668494,0.9734099177,0.9597788398,0.9371813339,0.9057902358,0.8658260654,0.8175270496,0.7611089039,0.6966862217,0.6241299629,0.5427557335,0.4505030784,0.3408784729,nan,nan,nan,nan,nan,nan,nan,0.2295841565
35520,0.9757057957,0.9711596735,0.9575608967,0.935016726,0.9036991074,0.8638277079,0.8156391221,0.7593476481,0.6950657659,0.6226615059,0.5414468129,0.4493529995,0.3398563403,nan,nan,nan,nan,nan,nan,nan,0.2289923569
35580,0.9734517135,0.9689163699,0.9553497451,0.9328587112,0.9016144639,0.8618355698,0.8137570983,0.7575919339,0.6934504482,0.6211977483,0.5401421228,0.4482063006,0.3388369541,nan,nan,nan,nan,nan,nan,nan,0.2284024139
35640,0.9712045806,0.9666799848,0.9531454202,0.9307073527,0.8995362847,0.8598495435,0.8118809592,0.7558417432,0.6918402517,0.6197386739,0.5388416489,0.4470633324,0.3378202958,nan,nan,nan,nan,nan,nan,nan,0.2278143269
35700,0.9689643751,0.9644504964,0.9509479002,0.9285626475,0.897464549,0.8578696095,0.8100106859,0.7540970582,0.6902350611,0.6182842668,0.5375453767,0.4459240839,0.336806827,nan,nan,nan,nan,nan,nan,nan,0.2272280952
35760,0.9667310757,0.9622278833,0.948757164,0.9264245749,0.8953992368,0.8558958366,0.8081462597,0.752357861,0.688634825,0.6168345117,0.5362532934,0.4447885442,0.3357965386,nan,nan,nan,nan,nan,nan,nan,0.2266437148
35820,0.9645046605,0.9600121238,0.9465731902,0.9242931139,0.8933403278,0.853928205,0.806287662,0.7506241338,0.68703966,0.615389393,0.534965385,0.4436567024,0.3347886713,nan,nan,nan,nan,nan,nan,nan,0.2260611837
35880,0.962285108,0.9578031964,0.9443959576,0.9221682437,0.8912878015,0.8519666952,0.8044348739,0.7488958587,0.6854495494,0.6139488952,0.5336814589,0.4425281498,0.33378378,nan,nan,nan,nan,nan,nan,nan,0.2254804991
35940,0.9600723964,0.9556010796,0.9422254448,0.9200499433,0.8892416379,0.8500112876,0.8025878768,0.7471728762,0.6838644765,0.6125130029,0.5324015433,0.4414032095,0.332782044,nan,nan,nan,nan,nan,nan,nan,0.2249016588
36000,0.9578665061,0.9534057537,0.9400616324,0.9179381938,0.8872018183,0.8480619644,0.8007466535,0.7454552429,0.6822844257,0.6110815291,0.5311257636,0.4402819351,0.3317833344,nan,nan,nan,nan,nan,nan,nan,0.2243246318
36060,0.9556674666,0.9512174812,0.9379054805,0.9158351007,0.8851720171,0.8461244051,0.7989192577,0.743753891,0.6807234456,0.6096723186,0.5298763104,0.4391924505,0.3308256273,nan,nan,nan,nan,nan,nan,nan,0.2237488186
36120,0.9534753226,0.9490360721,0.9357560968,0.9137386184,0.8831486093,0.8441929663,0.7970974924,0.7420579611,0.6791674722,0.6082676652,0.5286309396,0.4381065612,0.3298709571,nan,nan,nan,nan,nan,nan,nan,0.2231743326
36180,0.9512900457,0.9468614984,0.9336134535,0.9116487198,0.8811315687,0.8422676228,0.7952814984,0.7403674307,0.6776164846,0.6068675501,0.5273896346,0.4370241784,0.3289192644,nan,nan,nan,nan,nan,nan,nan,0.2226014471
36240,0.9491116149,0.944693739,0.9314775299,0.9095653846,0.8791208376,0.8403483556,0.7934712575,0.7386822825,0.6760704668,0.6054719587,0.5261523827,0.4359450303,0.3279705344,nan,nan,nan,nan,nan,nan,nan,0.2220302166
36300,0.9469400087,0.9425327725,0.9293483048,0.9074885921,0.8771163437,0.8384351453,0.7916667512,0.7370024991,0.6745294025,0.6040808762,0.5249191315,0.4348694329,0.3270239387,nan,nan,nan,nan,nan,nan,nan,0.2214606828
36360,0.9447752046,0.9403785765,0.9272257562,0.9054183205,0.8751181568,0.8365279717,0.7898679602,0.7353280624,0.6729931764,0.6026942873,0.5236896686,0.43379737,0.3260802666,nan,nan,nan,nan,nan,nan,nan,0.2208928736
36420,0.9426171804,0.938231129,0.9251098623,0.9033545488,0.8731262562,0.8346268149,0.7880748656,0.7336589543,0.67146177,0.6013121767,0.5224642178,0.4327288272,0.3251395394,nan,nan,nan,nan,nan,nan,nan,0.2203268011
36480,0.9404659139,0.9360904078,0.9230006012,0.9012972553,0.8711406212,0.832731655,0.7862874483,0.7319951569,0.6699352676,0.5999345292,0.5212427647,0.4316637897,0.3242017538,nan,nan,nan,nan,nan,nan,nan,0.219762481
36540,0.9383213832,0.9339563912,0.9208979514,0.8992464192,0.8691612312,0.8308424723,0.7845056895,0.7303366525,0.6684136526,0.5985612908,0.5200252949,0.4306021942,0.3232662033,nan,nan,nan,nan,nan,nan,nan,0.2191999192
36600,0.9361835665,0.9318290573,0.9188018914,0.8972020192,0.8671880659,0.8289592471,0.7827295705,0.7286834235,0.6668969087,0.5971923004,0.5188117941,0.4295437204,0.3223334352,nan,nan,nan,nan,nan,nan,nan,0.2186391225
36660,0.9340524418,0.9297083845,0.9167123997,0.8951640344,0.8652211048,0.8270819597,0.7809590725,0.727035452,0.6653850193,0.5958277282,0.517602248,0.4284887147,0.3214035969,nan,nan,nan,nan,nan,nan,nan,0.2180800945
36720,0.9319279875,0.9275943509,0.9146294549,0.8931324438,0.8632603277,0.8252105905,0.7791941769,0.7253927207,0.6638779682,0.594467559,0.5163966425,0.4274371659,0.3204766833,nan,nan,nan,nan,nan,nan,nan,0.2175228367
36780,0.9298101819,0.9254869352,0.9125530357,0.8911072266,0.8613057141,0.8233451201,0.7774348651,0.7237550886,0.6623757391,0.5931117776,0.5151948567,0.4263890631,0.3195520847,nan,nan,nan,nan,nan,nan,nan,0.2169673506
36840,0.9276990034,0.9233861157,0.9104831209,0.889088362,0.859357244,0.8214855291,0.7756811185,0.7221226055,0.6608783155,0.591760369,0.513996815,0.4253443956,0.318630136,nan,nan,nan,nan,nan,nan,nan,0.2164136364
36900,0.9255944301,0.9212918708,0.908419689,0.887075829,0.857414897,0.8196317384,0.7739329186,0.7204953106,0.6593856812,0.5904133179,0.5128026728,0.4243031145,0.3177110953,nan,nan,nan,nan,nan,nan,nan,0.2158616968
36960,0.9234964409,0.9192041792,0.9063627192,0.8850696071,0.8554786533,0.8177837018,0.7721902471,0.7188731868,0.6578978201,0.5890706095,0.5116124172,0.4232648746,0.3167949554,nan,nan,nan,nan,nan,nan,nan,0.215311529
37020,0.9214050141,0.9171230196,0.9043121902,0.8830696756,0.8535484925,0.8159414871,0.7704530854,0.7172562166,0.6564147159,0.5877322287,0.5104260345,0.4222300383,0.3158811868,nan,nan,nan,nan,nan,nan,nan,0.2147631333
37080,0.9193201282,0.9150483704,0.9022680808,0.8810760136,0.8516243946,0.8141050748,0.7687214152,0.7156443826,0.6549361853,0.5863981604,0.5092435114,0.4211985951,0.314969951,nan,nan,nan,nan,nan,nan,nan,0.2142165102
37140,0.9172417623,0.9129802107,0.9002303705,0.879088601,0.84970634,0.8122744462,0.7669951292,0.7140376678,0.6534623516,0.5850682506,0.5080648356,0.4201705352,0.3140615946,nan,nan,nan,nan,nan,nan,nan,0.2136716546
37200,0.9151698947,0.9109185191,0.8981990379,0.8771074171,0.8477943085,0.8104495819,0.7652742253,0.7124360548,0.6519932271,0.5837425423,0.5068899935,0.4191458483,0.3131561126,nan,nan,nan,nan,nan,nan,nan,0.2131285671
37260,0.9131045042,0.9088632745,0.8961740623,0.8751324414,0.8458882804,0.8086304627,0.763558759,0.7108395265,0.6505287958,0.5824211031,0.5057187882,0.4181244878,0.3122530359,nan,nan,nan,nan,nan,nan,nan,0.2125872456
37320,0.9110455701,0.9068144561,0.8941554231,0.8731636538,0.8439882359,0.8068170699,0.7618487123,0.709248066,0.6490690419,0.5811039185,0.5045513006,0.4171061036,0.3113523871,nan,nan,nan,nan,nan,nan,nan,0.2120476861
37380,0.908993071,0.9047720427,0.8921430994,0.8712010339,0.8420941555,0.8050093845,0.760144067,0.7076616561,0.6476139494,0.5797909741,0.5033876095,0.4160910621,0.3104545891,nan,nan,nan,nan,nan,nan,nan,0.2115098866
37440,0.906946986,0.9027360135,0.8901370706,0.8692445614,0.8402060193,0.8032073875,0.7584448051,0.7060802799,0.6461635026,0.5784822554,0.5022277022,0.4150793533,0.3095596346,nan,nan,nan,nan,nan,nan,nan,0.2109738446
37500,0.9049072941,0.9007063475,0.8881373162,0.8672942162,0.8383238079,0.80141106,0.7567509087,0.7045039204,0.6447176857,0.5771777482,0.5010715662,0.4140709669,0.3086670965,nan,nan,nan,nan,nan,nan,nan,0.2104395573
37560,0.9028739744,0.898683024,0.8861438154,0.8653499781,0.8364475016,0.7996203834,0.75506236,0.7029325607,0.6432764829,0.5758774381,0.4999191893,0.4130658932,0.3077769008,nan,nan,nan,nan,nan,nan,nan,0.2099070213
37620,0.9008470061,0.8966660223,0.884156548,0.8634118272,0.8345770811,0.7978353389,0.7533791409,0.7013660876,0.6418398788,0.574581311,0.4987705591,0.4120640756,0.3068895244,nan,nan,nan,nan,nan,nan,nan,0.2093762337
37680,0.8988263686,0.8946553216,0.8821754934,0.8614797434,0.832712527,0.7960559078,0.7517012338,0.6998045024,0.6404078577,0.5732893235,0.4976256634,0.4110651814,0.3060049597,nan,nan,nan,nan,nan,nan,nan,0.2088471913
37740,0.896812041,0.8926509015,0.8802006314,0.8595537069,0.8308538198,0.7942820715,0.750028621,0.6982478674,0.6389803508,0.572001301,0.496484219,0.4100695695,0.3051228004,nan,nan,nan,nan,nan,nan,nan,0.2083198907
37800,0.8948040053,0.8906527438,0.8782319442,0.8576337001,0.8290009428,0.7925138137,0.7483612868,0.6966961679,0.6375572593,0.5707174216,0.4953464824,0.4090772309,0.3042429171,nan,nan,nan,nan,nan,nan,nan,0.2077942935
37860,0.8928022849,0.8886610886,0.8762703212,0.8557216508,0.8271573336,0.7907564492,0.7467067995,0.6951596126,0.6361519708,0.5694544689,0.4942335539,0.4081151702,0.3034040102,nan,nan,nan,nan,nan,nan,nan,0.2072698746
37920,0.8908069201,0.8866757583,0.874314931,0.8538156293,0.8253195955,0.7890046922,0.7450576057,0.6936279918,0.6347512188,0.5681956235,0.4931242837,0.4071563127,0.3025677902,nan,nan,nan,nan,nan,nan,nan,0.206746647
37980,0.8888178893,0.8846967311,0.8723657521,0.8519156679,0.8234876649,0.7872585232,0.7434136868,0.6921012882,0.6333549873,0.5669408711,0.4920186592,0.406200647,0.3017341979,nan,nan,nan,nan,nan,nan,nan,0.2062249524
38040,0.8868351663,0.882723981,0.8704227589,0.8500217417,0.8216615017,0.785517919,0.741775021,0.6905794813,0.6319632576,0.5656901949,0.490916666,0.4052479111,0.3009024173,nan,nan,nan,nan,nan,nan,nan,0.2057048196
38100,0.8848587322,0.8807574893,0.8684859328,0.8481338323,0.8198411479,0.7837828627,0.7401415922,0.6890625561,0.6305760157,0.5644435823,0.4898182927,0.4042982265,0.3000732491,nan,nan,nan,nan,nan,nan,nan,0.2051862867
38160,0.8828885661,0.8787972351,0.8665552533,0.8462519198,0.8180265843,0.7820533356,0.7385133826,0.6875504959,0.6291932463,0.5632010197,0.4887235269,0.4033516894,0.2992466878,nan,nan,nan,nan,nan,nan,nan,0.2046693767
38220,0.8809246466,0.876843197,0.8646306992,0.8443759834,0.8162177907,0.7803293186,0.7368903428,0.6860432838,0.6278149338,0.5619624928,0.4876322631,0.4024082862,0.2984227294,nan,nan,nan,nan,nan,nan,nan,0.2041541066
38280,0.8789669523,0.8748953539,0.8627122498,0.8425060028,0.8144147474,0.778610732,0.7352723835,0.6845409029,0.6264410629,0.5607279878,0.4865444381,0.4014680042,0.297601086,nan,nan,nan,nan,nan,nan,nan,0.2036404856
38340,0.8770154624,0.8729536849,0.8607998843,0.8406419577,0.812617435,0.7768975595,0.7336595902,0.6830433367,0.6250716181,0.5594974039,0.4854601814,0.4005308314,0.2967815178,nan,nan,nan,nan,nan,nan,nan,0.2031285207
38400,0.8750701557,0.871018169,0.8588935821,0.8387838281,0.8108258337,0.7751898412,0.732051945,0.6815505685,0.6237065841,0.5582707148,0.48437948,0.3995967562,0.2959645453,nan,nan,nan,nan,nan,nan,nan,0.2026182179
38460,0.8731310113,0.8690887854,0.8569933227,0.8369315938,0.8090399242,0.7734875584,0.7304494303,0.6800625819,0.6223459458,0.5570480061,0.4833023208,0.3986654866,0.2951501653,nan,nan,nan,nan,nan,nan,nan,0.2021095802
38520,0.8711980085,0.8671655135,0.8550990857,0.8350852348,0.8072596871,0.7717906926,0.7288520285,0.6785793602,0.6209896785,0.5558292638,0.4822286908,0.3977372147,0.2943383736,nan,nan,nan,nan,nan,nan,nan,0.2016026093
38580,0.8692711265,0.8652483324,0.8532108506,0.8332447312,0.8054851031,0.7700992252,0.727259722,0.6771007772,0.6196376247,0.5546144741,0.4811585774,0.3968120089,0.2935285596,nan,nan,nan,nan,nan,nan,nan,0.201097307
38640,0.8673503447,0.8633372218,0.8513285972,0.8314100632,0.803716153,0.7684131379,0.7256724935,0.675626891,0.6182899217,0.5534036228,0.4800919678,0.3958898599,0.2927211051,nan,nan,nan,nan,nan,nan,nan,0.2005936721
38700,0.8654356422,0.861432161,0.8494523051,0.8295812108,0.8019528175,0.7667324123,0.7240903255,0.6741577214,0.6169465543,0.5521966963,0.4790288496,0.3949707575,0.2919162229,nan,nan,nan,nan,nan,nan,nan,0.2000917055
38760,0.863526999,0.8595331297,0.8475819544,0.8277581547,0.8001950778,0.7650570301,0.7225132008,0.6726932523,0.6156075077,0.5509936807,0.4779690912,0.3940546927,0.2911139065,nan,nan,nan,nan,nan,nan,nan,0.1995914039
38820,0.8616243941,0.8576401073,0.8457175246,0.8259408747,0.7984429146,0.7633869729,0.7209411019,0.6712334673,0.6142727667,0.5497945621,0.4769126853,0.3931416554,0.2903140298,nan,nan,nan,nan,nan,nan,nan,0.1990927686
38880,0.859727807,0.8557530733,0.8438589957,0.8241293513,0.7966963086,0.7617222224,0.7193740114,0.6697783501,0.6129423162,0.5485993268,0.4758597343,0.3922313091,0.2895159937,nan,nan,nan,nan,nan,nan,nan,0.1985957987
38940,0.8578372178,0.853872008,0.842006348,0.8223235652,0.7949552416,0.7600627609,0.7178119125,0.6683278851,0.6116161416,0.5474079615,0.474810227,0.3913239374,0.2887205041,nan,nan,nan,nan,nan,nan,nan,0.1981004894
39000,0.8559526058,0.8519968906,0.8401595612,0.8205234967,0.793219694,0.7584085699,0.7162547878,0.6668820558,0.6102942278,0.5462203611,0.473764151,0.3904195651,0.2879275565,nan,nan,nan,nan,nan,nan,nan,0.1976068411
39060,0.8540739506,0.8501277009,0.8383186153,0.818729126,0.7914896472,0.7567596312,0.71470262,0.6654408462,0.6089765599,0.5450365106,0.4727214942,0.3895181829,0.2871371451,nan,nan,nan,nan,nan,nan,nan,0.197114852
39120,0.8522012327,0.8482644194,0.8364834911,0.8169404344,0.7897650827,0.7551159275,0.7131553926,0.6640042407,0.6076631234,0.5438564901,0.4716822459,0.3886197817,0.2863487656,nan,nan,nan,nan,nan,nan,nan,0.1966245168
39180,0.8503344313,0.8464070257,0.8346541682,0.8151574022,0.7880459815,0.7534774403,0.7116130884,0.6625722231,0.6063539034,0.5426802858,0.4706463938,0.3877243521,0.2855625531,nan,nan,nan,nan,nan,nan,nan,0.1961358348
39240,0.8484735265,0.8445554995,0.8328306269,0.81338001,0.7863323249,0.7518441518,0.7100756901,0.6611447774,0.605048885,0.5415078843,0.4696139262,0.386831863,0.284778855,nan,nan,nan,nan,nan,nan,nan,0.1956488033
39300,0.8466184985,0.8427098215,0.8310128481,0.811608239,0.7846240946,0.7502160445,0.7085431815,0.6597218881,0.603748054,0.5403392729,0.4685846758,0.385941985,0.2839976635,nan,nan,nan,nan,nan,nan,nan,0.1951634179
39360,0.8447693274,0.8408699716,0.8292007616,0.8098420699,0.7829212721,0.7485931006,0.7070155454,0.6583035395,0.6024512849,0.5391744382,0.4675587105,0.3850550508,0.2832189301,nan,nan,nan,nan,nan,nan,nan,0.1946796758
39420,0.8429259932,0.8390359301,0.8273943944,0.8080814837,0.7812238388,0.7469753023,0.7054927471,0.6568897157,0.6011586271,0.5380133672,0.4665360963,0.3841710513,0.2824418679,nan,nan,nan,nan,nan,nan,nan,0.1941975736
39480,0.8410884762,0.8372076773,0.8255937312,0.8063264613,0.7795317764,0.745362632,0.7039746773,0.6554804011,0.5998701134,0.5368560468,0.4655168217,0.383289977,0.2816672903,nan,nan,nan,nan,nan,nan,nan,0.1937171086
39540,0.8392567565,0.8353851934,0.8237987525,0.8045769838,0.7778450664,0.7437550722,0.7024614305,0.6540755138,0.5985857297,0.535702464,0.4645008756,0.3824118188,0.2808951901,nan,nan,nan,nan,nan,nan,nan,0.1932382768
39600,0.8374308134,0.8335684578,0.822009438,0.8028330312,0.7761636896,0.7421526043,0.7009529892,0.6526750286,0.5973054607,0.5345526054,0.4634882462,0.3815365668,0.2801255602,nan,nan,nan,nan,nan,nan,nan,0.1927610924
39660,0.8356105827,0.8317572047,0.8202249087,0.8010927272,0.7744843865,0.7405502138,0.6994422062,0.6512693903,0.5960168033,0.5333904686,0.4624588799,0.3806381484,0.2793200476,nan,nan,nan,nan,nan,nan,nan,0.1922861236
39720,0.8337959939,0.829951567,0.8184459157,0.7993578285,0.7728103081,0.7389528207,0.6979361507,0.6498681704,0.5947322215,0.5322319622,0.4614328359,0.3797423892,0.2785166803,nan,nan,nan,nan,nan,nan,nan,0.191813231
39780,0.8319870285,0.8281515262,0.8166724407,0.797628317,0.771141437,0.7373603211,0.6964348067,0.6484713538,0.5934517015,0.5310771507,0.4604100175,0.378849557,0.2777159014,nan,nan,nan,nan,nan,nan,nan,0.1913421616
39840,0.8301836707,0.8263570663,0.8149044681,0.7959041776,0.7694777583,0.7357727437,0.6949381607,0.6470789276,0.5921752315,0.5299260232,0.4593903152,0.3779596466,0.2769177049,nan,nan,nan,nan,nan,nan,nan,0.1908728571
39900,0.8283859004,0.8245681676,0.8131419781,0.7941853909,0.7678192179,0.7341901153,0.6934461955,0.6456908761,0.5909027966,0.5287785664,0.4583739039,0.3770726527,0.2761212746,nan,nan,nan,nan,nan,nan,nan,0.1904052787
39960,0.8265936989,0.8227848113,0.8113849524,0.792471939,0.7661657578,0.7326124193,0.6919588954,0.6443071841,0.5896343832,0.5276347679,0.457360773,0.3761885704,0.2753271571,nan,nan,nan,nan,nan,nan,nan,0.1899393944
40020,0.824807048,0.8210069795,0.8096333731,0.7907638044,0.7645174377,0.7310396394,0.6904762448,0.6429278374,0.5883699778,0.5264946156,0.4563509127,0.3753071614,0.2745355802,nan,nan,nan,nan,nan,nan,nan,0.1894751807
40080,0.8230259296,0.819234654,0.8078872225,0.7890609696,0.7628742406,0.7294717593,0.6889982283,0.6415528212,0.5871094509,0.5253580975,0.4553443132,0.3744284538,0.2737465297,nan,nan,nan,nan,nan,nan,nan,0.1890126232
40140,0.8212503256,0.8174678167,0.8061464825,0.7873634172,0.7612361495,0.7279087627,0.6875248305,0.6401821211,0.5858528405,0.5242252016,0.4543409647,0.373552638,0.2729589846,nan,nan,nan,nan,nan,nan,nan,0.188551704
40200,0.8194802176,0.8157064495,0.8044111354,0.7856711296,0.7596031474,0.7263506334,0.6860560358,0.6388157227,0.5846001985,0.5230958472,0.4533408576,0.3726797051,0.2721738888,nan,nan,nan,nan,nan,nan,nan,0.1880924139
40260,0.8177155876,0.8139505343,0.8026811633,0.7839840894,0.7579752175,0.724797355,0.6845918288,0.6374536113,0.5833515116,0.5219699499,0.4523437631,0.3718096476,0.2713912787,nan,nan,nan,nan,nan,nan,nan,0.1876347385
40320,0.8159564175,0.8122000312,0.8009565484,0.7823022792,0.7563523429,0.7232489115,0.6831321941,0.6360957727,0.5821067667,0.5208476399,0.4513498384,0.3709424558,0.2706109706,nan,nan,nan,nan,nan,nan,nan,0.1871786709
40380,0.8142026892,0.8104549344,0.799237273,0.7806256817,0.7547345068,0.7217052866,0.6816771165,0.6347421303,0.5808659504,0.5197289056,0.4503591263,0.3700777948,0.2698322267,nan,nan,nan,nan,nan,nan,nan,0.1867242006
40440,0.8124543849,0.8087152359,0.7975233195,0.7789542589,0.7531216924,0.7201664643,0.6802265807,0.6333926331,0.5796290497,0.5186137353,0.4493716167,0.3692158754,0.2690559344,nan,nan,nan,nan,nan,nan,nan,0.1862713207
40500,0.8107114867,0.8069809181,0.7958146703,0.7772879482,0.7515138832,0.7186324287,0.6787804851,0.6320473664,0.5783960518,0.5175021176,0.4483872997,0.3683567938,0.268282084,nan,nan,nan,nan,nan,nan,nan,0.1858200239
40560,0.8089739767,0.8052519631,0.794111308,0.7756267991,0.7499110624,0.7171031638,0.6773388427,0.6307063161,0.5771669435,0.516394041,0.447406165,0.3675005405,0.2675102359,nan,nan,nan,nan,nan,nan,nan,0.1853703028
40620,0.8072418371,0.8035283531,0.7924132147,0.7739707943,0.7483132134,0.7155786535,0.675901697,0.6293694678,0.5759417118,0.5152894939,0.446428203,0.3666471061,0.2667401475,nan,nan,nan,nan,nan,nan,nan,0.1849221489
40680,0.8055150501,0.8018100706,0.7907203734,0.7723199167,0.7467203197,0.714058882,0.6744690333,0.6280368078,0.574720344,0.5141884649,0.445453313,0.3657964807,0.2659724691,nan,nan,nan,nan,nan,nan,nan,0.1844755568
40740,0.8037935982,0.8000970979,0.7890327666,0.7706741496,0.7451323649,0.7125438337,0.6730408366,0.626708322,0.5735027713,0.5130909299,0.4444813939,0.3649482218,0.2652071916,nan,nan,nan,nan,nan,nan,nan,0.1840305204
40800,0.8020774634,0.7983894174,0.7873503767,0.7690334756,0.7435493324,0.7110334926,0.6716170917,0.6253839962,0.5722889145,0.5119966941,0.4435126171,0.3641027512,0.2644435846,nan,nan,nan,nan,nan,nan,nan,0.1835870318
40860,0.8003666285,0.7966870116,0.7856731867,0.7673978781,0.741971206,0.709527843,0.6701977839,0.6240638168,0.5710788839,0.5109059427,0.4425469721,0.3632600607,0.2636819712,nan,nan,nan,nan,nan,nan,nan,0.1831450865
40920,0.798661076,0.7949898633,0.7840011795,0.7657673403,0.7403979693,0.7080268695,0.6687828984,0.6227477699,0.5698726669,0.5098186642,0.4415844484,0.3624201406,0.262922729,nan,nan,nan,nan,nan,nan,nan,0.1827046789
40980,0.7969607881,0.7932979547,0.7823343376,0.7641418452,0.7388296059,0.7065305561,0.6673724202,0.6214358415,0.5686702506,0.5087348472,0.4406250359,0.3615829814,0.2621658487,nan,nan,nan,nan,nan,nan,nan,0.1822658022
41040,0.7952657476,0.7916112688,0.780672644,0.7625213762,0.7372660999,0.70503886,0.6659663349,0.6201280181,0.5674716225,0.5076544803,0.439668724,0.360748458,0.2614102751,nan,nan,nan,nan,nan,nan,nan,0.1818284518
41100,0.7935759373,0.7899297883,0.779016082,0.7609059167,0.7357074349,0.7035516949,0.6645646277,0.6188242861,0.5662767703,0.5065775522,0.4387155023,0.359916354,0.2606569663,nan,nan,nan,nan,nan,nan,nan,0.1813926226
41160,0.7918913395,0.7882534957,0.777364634,0.7592954498,0.7341535948,0.702069144,0.6631672838,0.6175246315,0.5650856812,0.5055040513,0.4377651194,0.3590869819,0.2599059913,nan,nan,nan,nan,nan,nan,nan,0.1809583086
41220,0.7902119374,0.7865823742,0.7757182835,0.7576899592,0.7326045637,0.7005911922,0.6617742888,0.6162289468,0.5638983428,0.5044339665,0.4368177767,0.3582603323,0.2591570744,nan,nan,nan,nan,nan,nan,nan,0.180525505
41280,0.7885377136,0.7849164066,0.7740770136,0.7560894284,0.7310603255,0.6991178241,0.6603856283,0.6149372497,0.5627147428,0.5033672862,0.4358734936,0.3574363955,0.2584095991,nan,nan,nan,nan,nan,nan,nan,0.1800942069
41340,0.7868686509,0.7832555756,0.7724408072,0.7544938406,0.7295208642,0.6976490243,0.6590012876,0.6136495901,0.5615348686,0.5023038255,0.4349322597,0.356615162,0.2576644303,nan,nan,nan,nan,nan,nan,nan,0.1796644087
41400,0.7852047327,0.7815998646,0.7708096479,0.75290318,0.7279861642,0.696184778,0.6576212527,0.612365955,0.5603586995,0.5012437143,0.4339940647,0.355796377,0.2569215601,nan,nan,nan,nan,nan,nan,nan,0.1792360954
41460,0.7835460267,0.7799497267,0.7691851258,0.7513209255,0.726462301,0.6947344937,0.6562589113,0.6111044669,0.5592097045,0.5002171113,0.4330971608,0.3550302271,0.2562563316,nan,nan,nan,nan,nan,nan,nan,0.1788081034
41520,0.7818926082,0.7783048494,0.7675657834,0.7497437179,0.7249433014,0.693288843,0.6549009231,0.6098470289,0.5580644177,0.4991938509,0.4322032201,0.3542666595,0.2555926749,nan,nan,nan,nan,nan,nan,nan,0.178380743
41580,0.7802444573,0.7766652127,0.7659516012,0.7481715379,0.7234291468,0.6918478084,0.6535471858,0.6085936257,0.5569228252,0.4981739206,0.4313122311,0.3535056623,0.2549310057,nan,nan,nan,nan,nan,nan,nan,0.1779544708
41640,0.7786015539,0.7750307966,0.7643425595,0.7466043665,0.7219197871,0.6904113722,0.6521977763,0.6073442419,0.5557849129,0.4971573078,0.4304240902,0.3527472195,0.2542713229,nan,nan,nan,nan,nan,nan,nan,0.1775293948
41700,0.7769638801,0.7734015834,0.7627386408,0.7450421864,0.7204151944,0.6889795188,0.6508526797,0.6060988639,0.5546506683,0.4961440009,0.4295387783,0.3519913136,0.2536136354,nan,nan,nan,nan,nan,nan,nan,0.177105577
41760,0.7753314177,0.7717775551,0.7611398273,0.7434849805,0.7189153955,0.6875522322,0.6495118812,0.6048574777,0.5535200788,0.4951339884,0.428656385,0.3512379277,0.2529577139,nan,nan,nan,nan,nan,nan,nan,0.1766830658
41820,0.7737041486,0.7701586933,0.7595461011,0.7419327312,0.7174203735,0.6861294964,0.6481753656,0.6036200692,0.5523931312,0.4941272585,0.4277768987,0.3504870464,0.2523031902,nan,nan,nan,nan,nan,nan,nan,0.1762618923
41880,0.7720820542,0.76854498,0.7579574441,0.7403854209,0.7159301114,0.6847112953,0.6468431178,0.6023866245,0.551269813,0.4931237994,0.4269003072,0.3497383939,0.251650678,nan,nan,nan,nan,nan,nan,nan,0.1758420755
41940,0.7704651165,0.7669363969,0.7563738386,0.7388430323,0.7144445926,0.6832976128,0.6455151227,0.6011571296,0.550150111,0.4921235992,0.4260265981,0.3489921667,0.2510001815,nan,nan,nan,nan,nan,nan,nan,0.1754236291
42000,0.7688533173,0.765332926,0.7547952668,0.7373055481,0.7129638003,0.6818884331,0.6441913654,0.5999315706,0.5490340127,0.4911266459,0.4251557592,0.3482484083,0.2503517022,nan,nan,nan,nan,nan,nan,nan,0.1750065625
42060,0.7672466385,0.7637345494,0.753221711,0.735772951,0.7114877178,0.6804837404,0.6428718309,0.5987099336,0.5479215052,0.4901328211,0.4242877784,0.3475071076,0.2497050662,nan,nan,nan,nan,nan,nan,nan,0.1745908871
42120,0.7656450622,0.7621412492,0.7516531536,0.7342452238,0.7100163287,0.6790835188,0.6415565045,0.5974922049,0.5468125757,0.4891421799,0.4234226438,0.3467682562,0.2490597632,nan,nan,nan,nan,nan,nan,nan,0.1741766061
42180,0.7640485704,0.7605530075,0.7500895769,0.7327223494,0.7085496163,0.6776877526,0.6402453712,0.5962783706,0.5457072116,0.4881547498,0.4225603436,0.3460318438,0.2484164775,nan,nan,nan,nan,nan,nan,nan,0.1737637276
42240,0.7624571454,0.7589698066,0.7485309636,0.7312043108,0.7070875644,0.6762964262,0.6389384165,0.595068417,0.5446053999,0.4871705187,0.4217008365,0.3452978629,0.2477752062,nan,nan,nan,nan,nan,nan,nan,0.1733522521
42300,0.7608707691,0.7573916287,0.746977296,0.7296910909,0.7056301564,0.6749095239,0.6376356254,0.5938622372,0.543507128,0.4861894746,0.4208439786,0.3445663045,0.2471359482,nan,nan,nan,nan,nan,nan,nan,0.1729421834
42360,0.7592894241,0.7558184562,0.745428557,0.7281826728,0.704177376,0.6735270302,0.6363369835,0.5926598952,0.5424123363,0.4852116054,0.4199899217,0.3438368698,0.246498556,nan,nan,nan,nan,nan,nan,nan,0.1725335215
42420,0.7577130926,0.7542502716,0.7438847292,0.7266790397,0.7027292071,0.6721489296,0.635042476,0.5914613933,0.5413209832,0.4842368992,0.4191386551,0.343109815,0.2458624368,nan,nan,nan,nan,nan,nan,nan,0.1721262667
42480,0.756141757,0.7526870575,0.7423457953,0.7251801748,0.7012856334,0.6707752067,0.6337520886,0.590266718,0.5402331322,0.4832653441,0.4182901681,0.3423851591,0.2452283188,nan,nan,nan,nan,nan,nan,nan,0.1717204187
42540,0.7545753996,0.751128796,0.740811738,0.7236860611,0.6998466386,0.6694058459,0.6324658065,0.5890758555,0.5391487703,0.482296928,0.4174444496,0.341662894,0.2445961997,nan,nan,nan,nan,nan,nan,nan,0.1713159794
42600,0.7530140032,0.74957547,0.7392825404,0.7221966822,0.6984122067,0.668040832,0.6311836154,0.5878887924,0.5380678851,0.4813316395,0.4166014897,0.3409430121,0.2439660742,nan,nan,nan,nan,nan,nan,nan,0.1709129458
42660,0.7514575502,0.7480270623,0.7377581853,0.7207120213,0.6969823218,0.6666801498,0.6299055008,0.5867055152,0.536990464,0.4803694667,0.4157612779,0.3402255055,0.2433377983,nan,nan,nan,nan,nan,nan,nan,0.1705113173
42720,0.749906023,0.7464835551,0.7362386555,0.7192320616,0.6955569675,0.665323703,0.6286314481,0.5855260102,0.5359164941,0.4794103978,0.4149238037,0.3395103663,0.2427107548,nan,nan,nan,nan,nan,nan,nan,0.1701110943
42780,0.7483594048,0.7449449317,0.7347239344,0.717756787,0.6941361284,0.6639715535,0.6273614434,0.5843502642,0.5348459631,0.4784544216,0.4140890577,0.338797575,0.2420856891,nan,nan,nan,nan,nan,nan,nan,0.1697122719
42840,0.746817678,0.7434111748,0.7332140049,0.7162861808,0.6927197882,0.6626236904,0.626095472,0.5831782637,0.5337788585,0.4775013904,0.4132570296,0.3380868282,0.2414625975,nan,nan,nan,nan,nan,nan,nan,0.1693148497
42900,0.7452808253,0.7418822669,0.7317088499,0.7148202265,0.6913079311,0.6612800983,0.6248335197,0.5820099952,0.5327151676,0.476551421,0.4124275406,0.3373784261,0.2408414757,nan,nan,nan,nan,nan,nan,nan,0.1689188263
42960,0.74374883,0.7403581916,0.7302084531,0.7133589079,0.6899005417,0.6599407627,0.6235755265,0.5808454455,0.5316548782,0.4756045106,0.4116007274,0.3366723609,0.2402221508,nan,nan,nan,nan,nan,nan,nan,0.1685241975
43020,0.7422216748,0.7388389317,0.7287127977,0.7119022088,0.688497604,0.6586056682,0.6223214746,0.5796846013,0.5305979779,0.4746606476,0.4107766031,0.335968625,0.2396040395,nan,nan,nan,nan,nan,nan,nan,0.1681309613
43080,0.7406993427,0.7373244702,0.7272218668,0.7104501128,0.6870991024,0.6572748001,0.6210713997,0.5785274492,0.5295444544,0.473719821,0.409955158,0.3352672108,0.2389878793,nan,nan,nan,nan,nan,nan,nan,0.1677391147
43140,0.7391818168,0.7358147902,0.725735644,0.7090026037,0.6857050212,0.6559481433,0.6198252878,0.5773739762,0.5284942954,0.4727820196,0.4091363826,0.3345681105,0.238373665,nan,nan,nan,nan,nan,nan,nan,0.1673486552
43200,0.7376690816,0.7343098764,0.724254114,0.7075596668,0.6843153463,0.6546256842,0.6185831259,0.5762241699,0.5274474896,0.4718472331,0.4083202678,0.3338713168,0.2377613914,nan,nan,nan,nan,nan,nan,nan,0.1669595542
43260,0.7361611566,0.7328099278,0.722778006,0.7061229128,0.6829329155,0.6533118235,0.6173512028,0.5750865316,0.5264151439,0.4709296931,0.4075250028,0.3332008819,0.2371887797,nan,nan,nan,nan,nan,nan,nan,0.166571315
43320,0.7346580681,0.73131479,0.7213066323,0.7046907305,0.6815549193,0.6520021793,0.6161232375,0.5739525552,0.5253860871,0.4700151346,0.40673235,0.3325324339,0.2366172919,nan,nan,nan,nan,nan,nan,nan,0.1661840161
43380,0.7331597995,0.7298244466,0.7198399765,0.7032631323,0.6801813423,0.6506967372,0.6148992161,0.5728222279,0.5243603029,0.4691035471,0.4059423001,0.3318662201,0.2360475812,nan,nan,nan,nan,nan,nan,nan,0.1657979197
43440,0.7316663307,0.7283388774,0.7183780188,0.7018401073,0.6788121661,0.6493954795,0.6136791221,0.5716955344,0.5233378275,0.4681949179,0.4051548425,0.3312022301,0.2354796511,nan,nan,nan,nan,nan,nan,nan,0.1654130619
43500,0.7301776449,0.7268580659,0.7169207431,0.7004216395,0.6774473753,0.6480983917,0.6124629418,0.5705723784,0.5223186493,0.4672892364,0.4043699677,0.3305404528,0.2349135082,nan,nan,nan,nan,nan,nan,nan,0.1650294736
43560,0.7286937254,0.7253819954,0.7154681328,0.6990077131,0.6760869546,0.646805459,0.6112506613,0.5694528297,0.5213027563,0.4663864922,0.4035875803,0.3298808771,0.2343491516,nan,nan,nan,nan,nan,nan,nan,0.1646471758
43620,0.727214555,0.7239106488,0.71402017,0.6975983116,0.6747308881,0.6455166663,0.6100422663,0.5683368759,0.5202901364,0.4654866741,0.40280769,0.3292234933,0.2337865823,nan,nan,nan,nan,nan,nan,nan,0.1642661779
43680,0.7257401167,0.7224440092,0.7125768096,0.6961934188,0.6733791602,0.6442319988,0.6088377428,0.567224504,0.5192807777,0.4645896831,0.4020303536,0.3285682912,0.2332251026,nan,nan,nan,nan,nan,nan,nan,0.1638864936
43740,0.7242703932,0.7209820594,0.7111380644,0.6947930182,0.6720317551,0.6429514415,0.6076370766,0.5661157009,0.5182746679,0.4636955717,0.4012555609,0.3279152624,0.2326653483,nan,nan,nan,nan,nan,nan,nan,0.1635081254
43800,0.7228053676,0.7195247825,0.7097039178,0.6933970937,0.6706886572,0.6416749793,0.6064402537,0.5650104533,0.5172717951,0.4628043544,0.4004833021,0.3272643979,0.2321073798,nan,nan,nan,nan,nan,nan,nan,0.1631310803
43860,0.7213450228,0.7180721617,0.7082743533,0.6920056291,0.6693498509,0.6404025974,0.60524726,0.5639087483,0.5162721474,0.4619160202,0.3997135671,0.3266156275,0.231551195,nan,nan,nan,nan,nan,nan,nan,0.1627553578
43920,0.7198893421,0.7166241802,0.7068493542,0.6906186082,0.6680153206,0.6391342811,0.6040580816,0.5628105729,0.5152757129,0.4610305584,0.398946346,0.3259688097,0.2309967919,nan,nan,nan,nan,nan,nan,nan,0.1623809602
43980,0.7184383085,0.7151808211,0.7054289041,0.689236015,0.6666850509,0.6378700155,0.6028727046,0.5617159141,0.5142824797,0.4601479581,0.3981816291,0.3253241331,0.2304441674,nan,nan,nan,nan,nan,nan,nan,0.1620078871
44040,0.7169919056,0.7137420681,0.7040129867,0.6878578337,0.6653590266,0.6366097862,0.6016911153,0.5606247592,0.513292436,0.4592682088,0.397419407,0.3246815908,0.229892676,nan,nan,nan,nan,nan,nan,nan,0.1616361372
44100,0.7155501163,0.7123079043,0.7026015856,0.6864840483,0.6640372321,0.6353535784,0.6005132997,0.5595370953,0.51230557,0.4583912994,0.39665967,0.3240411751,0.2293428215,nan,nan,nan,nan,nan,nan,nan,0.1612657111
44160,0.7141129241,0.7108783131,0.7011946844,0.6851146427,0.6627196088,0.6341013773,0.599339244,0.5584529094,0.5113218699,0.4575172195,0.3959024084,0.3234028785,0.2287947339,nan,nan,nan,nan,nan,nan,nan,0.1608966088
44220,0.7126803126,0.7094532783,0.699792267,0.6837496014,0.6614061738,0.6328531688,0.5981689348,0.5573721891,0.5103413242,0.4566459584,0.3951476134,0.3227666943,0.2282484077,nan,nan,nan,nan,nan,nan,nan,0.1605288264
44280,0.711252265,0.7080327832,0.6983943171,0.6823889084,0.660096923,0.6316089381,0.5970023582,0.5562949214,0.5093639209,0.4557775054,0.3943952753,0.322132615,0.2277038401,nan,nan,nan,nan,nan,nan,nan,0.1601623645
44340,0.7098287649,0.7066168115,0.6970008186,0.681032548,0.6587918415,0.6303686707,0.5958395007,0.5552210937,0.5083896486,0.45491185,0.393645258,0.3215006334,0.2271610266,nan,nan,nan,nan,nan,nan,nan,0.1597972206
44400,0.7084097962,0.7052053471,0.6956117556,0.6796805048,0.6574909143,0.6291323526,0.5946803488,0.5541506936,0.5074184957,0.4540489819,0.3928976554,0.3208707427,0.2266193462,nan,nan,nan,nan,nan,nan,nan,0.1594333912
44460,0.7069953421,0.7037983734,0.6942271118,0.678332763,0.6561941261,0.6278999691,0.5935248888,0.5530837083,0.5064504432,0.4531888904,0.3921524827,0.3202427973,0.226079234,nan,nan,nan,nan,nan,nan,nan,0.1590708753
44520,0.7055853867,0.7023958744,0.6928468716,0.6769893071,0.6549014621,0.6266715061,0.5923731074,0.5520201254,0.5054854011,0.4523315654,0.3914097313,0.319616807,0.2255408595,nan,nan,nan,nan,nan,nan,nan,0.1587096695
44580,0.7041799137,0.7009978341,0.691471019,0.6756501218,0.6536129074,0.6254469494,0.5912249913,0.5509599324,0.5045234442,0.4514769965,0.3906693923,0.3189928864,0.225004218,nan,nan,nan,nan,nan,nan,nan,0.1583497708
44640,0.7027789068,0.699604236,0.690099538,0.6743151913,0.652328447,0.6242262847,0.5900805032,0.5499031167,0.5035645609,0.4506250668,0.3899314567,0.3183710284,0.224469305,nan,nan,nan,nan,nan,nan,nan,0.1579911771
44700,0.7013823503,0.6982150648,0.6887324133,0.6729845008,0.6510480664,0.6230094982,0.5889396053,0.5488496664,0.5026087402,0.449775868,0.389195916,0.3177512258,0.2239361146,nan,nan,nan,nan,nan,nan,nan,0.1576338843
44760,0.6999902278,0.6968303041,0.6873696288,0.6716580347,0.6497717506,0.6217965554,0.5878023328,0.5477995687,0.5016559705,0.4489293951,0.3884627612,0.3171334718,0.2234040197,nan,nan,nan,nan,nan,nan,nan,0.1572778899
44820,0.6986025233,0.6954499377,0.6860111687,0.6703357774,0.6484994847,0.6205874193,0.5866686725,0.5467528114,0.5007062405,0.4480856376,0.3877319836,0.3165177591,0.2228734511,nan,nan,nan,nan,nan,nan,nan,0.1569231912
44880,0.6972192213,0.6940739505,0.684657018,0.6690177144,0.6472312546,0.6193821197,0.5855386117,0.5457093579,0.4997595392,0.4472445862,0.3870035749,0.3159040806,0.2223445878,nan,nan,nan,nan,nan,nan,nan,0.156569784
44940,0.6958403055,0.6927023263,0.6833071607,0.6677038302,0.6459670454,0.6181806423,0.5844121369,0.5446691641,0.4988158553,0.4464062303,0.3862775262,0.3152924293,0.221817425,nan,nan,nan,nan,nan,nan,nan,0.1562176656
45000,0.69446576,0.6913350491,0.6819615812,0.6663941094,0.6447068422,0.6169829731,0.5832892349,0.5436322743,0.4978751775,0.4455705601,0.3855538288,0.3146827981,0.2212919578,nan,nan,nan,nan,nan,nan,nan,0.1558668329
45060,0.6930955697,0.689972104,0.6806202647,0.6650885377,0.6434506313,0.6157890988,0.5821698932,0.5425986768,0.4969374951,0.444737566,0.3848324492,0.314074953,0.22076818,nan,nan,nan,nan,nan,nan,nan,0.1555172817
45120,0.6917297185,0.6886134747,0.6792831953,0.6637870996,0.6421983977,0.6145990053,0.5810540985,0.5415683593,0.4960027969,0.4439072379,0.3841132785,0.3134690797,0.2202454225,nan,nan,nan,nan,nan,nan,nan,0.1551690089
45180,0.6903681905,0.6872591458,0.6779503576,0.66248978,0.6409501269,0.6134126787,0.5799418377,0.5405413095,0.4950710718,0.4430795659,0.3833964339,0.3128652055,0.2197241818,nan,nan,nan,nan,nan,nan,nan,0.1548220113
45240,0.6890109706,0.6859091021,0.6766217368,0.6611965646,0.639705805,0.6122301057,0.5788330983,0.5395175159,0.494142309,0.4422545405,0.3826819071,0.3122633232,0.2192046126,nan,nan,nan,nan,nan,nan,nan,0.1544762848
45300,0.6876580431,0.6845633279,0.6752973175,0.6599074384,0.6384654175,0.6110512726,0.5777278672,0.5384969663,0.4932164977,0.4414321519,0.3819696896,0.3116634258,0.2186867098,nan,nan,nan,nan,nan,nan,nan,0.154131826
45360,0.6863093926,0.683221808,0.6739770846,0.6586223865,0.6372289503,0.6098761658,0.5766261319,0.5374796491,0.492293627,0.4406123905,0.3812597731,0.3110655062,0.2181704677,nan,nan,nan,nan,nan,nan,nan,0.1537886312
45420,0.6849650036,0.6818845269,0.6726610228,0.6573413942,0.6359963891,0.6087047717,0.5755278794,0.5364655522,0.4913736861,0.4397952464,0.3805521492,0.3104695574,0.2176558811,nan,nan,nan,nan,nan,nan,nan,0.1534466969
45480,0.6836248609,0.6805514694,0.6713491173,0.656064447,0.6347677197,0.6075370769,0.5744330971,0.5354546639,0.4904566642,0.4389807103,0.3798468094,0.3098755724,0.217142201,nan,nan,nan,nan,nan,nan,nan,0.1531060192
45540,0.682288949,0.6792226203,0.670041353,0.6547915301,0.6335429281,0.6063730679,0.5733417724,0.5344469725,0.4895425506,0.43816875,0.3791437456,0.309283544,0.2166300637,nan,nan,nan,nan,nan,nan,nan,0.1527665945
45600,0.6809572528,0.6778979644,0.668737715,0.6535226291,0.6323220004,0.6052127315,0.5722538927,0.5334424663,0.4886313347,0.4373592911,0.3784429494,0.3086933995,0.2161195633,nan,nan,nan,nan,nan,nan,nan,0.152428419
45660,0.6796297571,0.6765774867,0.6674381884,0.6522577295,0.6311049225,0.6040560543,0.5711694455,0.5324411337,0.4877229347,0.4365524118,0.3777444126,0.3081050008,0.2156106943,nan,nan,nan,nan,nan,nan,nan,0.1520914889
45720,0.6783064468,0.675261172,0.6661427585,0.6509968168,0.6298916804,0.6029030229,0.5700884182,0.5314429631,0.4868173919,0.4357481027,0.3770481269,0.3075185379,0.2151034512,nan,nan,nan,nan,nan,nan,nan,0.1517558004
45780,0.6769873068,0.6739490055,0.6648514104,0.6497398767,0.6286822605,0.6017536244,0.5690107985,0.530447943,0.4859147154,0.4349463544,0.3763540842,0.3069340037,0.2145978279,nan,nan,nan,nan,nan,nan,nan,0.1514213499
45840,0.6756723221,0.6726409722,0.6635641296,0.6484868948,0.6274766488,0.6006078453,0.567936574,0.5294560618,0.4850148947,0.4341471575,0.3756621927,0.3063513912,0.2140929585,nan,nan,nan,nan,nan,nan,nan,0.1510881333
45900,0.6743614779,0.6713370572,0.6622809012,0.6472378569,0.6262748316,0.5994656727,0.5668657323,0.5284673082,0.4841179194,0.4333505027,0.3749724614,0.3057706934,0.2135896963,nan,nan,nan,nan,nan,nan,nan,0.1507561469
45960,0.6730547591,0.6700372457,0.6610017108,0.6459927488,0.6250767951,0.5983270935,0.565798261,0.5274816707,0.483223779,0.4325563806,0.3742849488,0.3051919035,0.2130880359,nan,nan,nan,nan,nan,nan,nan,0.1504253869
46020,0.6717521509,0.6687415229,0.6597265437,0.6447515562,0.6238825257,0.5971920947,0.5647341481,0.5264991379,0.4823324631,0.4317647821,0.3735996468,0.3046150142,0.2125879716,nan,nan,nan,nan,nan,nan,nan,0.1500958495
46080,0.6704536386,0.6674498741,0.6584553856,0.643514265,0.6226920098,0.5960606632,0.5636733812,0.5255196986,0.4814439616,0.4309756979,0.3729165472,0.3040400188,0.2120894981,nan,nan,nan,nan,nan,nan,nan,0.1497675306
46140,0.6691592073,0.6661622846,0.6571882219,0.6422808612,0.6215052339,0.5949327861,0.5626159482,0.5245433415,0.4805582641,0.4301891188,0.3722356422,0.3034669103,0.2115924677,nan,nan,nan,nan,nan,nan,nan,0.1494404265
46200,0.6678688425,0.6648787399,0.6559250382,0.6410513308,0.6203221843,0.5938084507,0.561561837,0.5235700552,0.4796753603,0.4294050357,0.3715569234,0.302895503,0.2110962784,nan,nan,nan,nan,nan,nan,nan,0.1491145334
46260,0.6665825294,0.6635992253,0.6546658203,0.6398256597,0.6191428477,0.5926876439,0.5605110355,0.5225998288,0.4787952401,0.4286234393,0.3708803831,0.3023258836,0.2106016612,nan,nan,nan,nan,nan,nan,nan,0.1487898472
46320,0.6653002536,0.6623237264,0.6534105538,0.6386038341,0.6179672106,0.5915703532,0.5594635317,0.5216325915,0.4779178932,0.4278443207,0.3702060131,0.3017581304,0.2101086105,nan,nan,nan,nan,nan,nan,nan,0.1484663642
46380,0.6640220004,0.6610522287,0.6521592245,0.63738584,0.6167952597,0.5904565656,0.5584192956,0.5206683737,0.4770433097,0.4270676707,0.3695338055,0.3011922366,0.209617121,nan,nan,nan,nan,nan,nan,nan,0.1481440804
46440,0.6627477554,0.6597847178,0.6509118182,0.6361716638,0.6156269816,0.5893462687,0.5573782829,0.5197071825,0.4761714793,0.4262934803,0.3688637523,0.3006281953,0.2091271872,nan,nan,nan,nan,nan,nan,nan,0.147822992
46500,0.6614775041,0.6585211794,0.6496683208,0.6349612915,0.6144623631,0.5882394496,0.5563405324,0.5187490071,0.4753023921,0.425521683,0.3681958457,0.3000659996,0.2086384754,nan,nan,nan,nan,nan,nan,nan,0.147503095
46560,0.6602112323,0.6572615991,0.6484287183,0.6337547096,0.6133013909,0.5871360958,0.5553060322,0.5177938364,0.474436038,0.4247522768,0.3675300773,0.2995056426,0.2081507359,nan,nan,nan,nan,nan,nan,nan,0.1471843856
46620,0.6589489256,0.6560059628,0.6471929965,0.6325519042,0.6121440519,0.5860361949,0.5542747706,0.5168416596,0.4735724071,0.4239853035,0.3668662908,0.2989471176,0.2076645334,nan,nan,nan,nan,nan,nan,nan,0.1468668597
46680,0.6576905697,0.6547542562,0.6459611416,0.6313528619,0.6109903331,0.5849397342,0.5532467358,0.5158924656,0.4727114895,0.4232207544,0.3662046275,0.2983904176,0.2071798626,nan,nan,nan,nan,nan,nan,nan,0.1465505136
46740,0.6564361505,0.6535064652,0.6447331396,0.6301575691,0.6098402212,0.5838467014,0.552221916,0.5149462438,0.4718532752,0.4224586204,0.3655450794,0.2978354966,0.2066967181,nan,nan,nan,nan,nan,nan,nan,0.1462353433
46800,0.6551856537,0.6522625758,0.6435089767,0.6289660121,0.6086937033,0.582757084,0.5512002998,0.5140029832,0.4709977017,0.4216988929,0.3648876388,0.2972821611,0.2062150944,nan,nan,nan,nan,nan,nan,nan,0.1459213449
46860,0.6539390653,0.6510225738,0.6422886389,0.6277781777,0.6075507664,0.5816708697,0.5501818754,0.5130626732,0.4701447765,0.4209415628,0.364232298,0.2967306306,0.2057344247,nan,nan,nan,nan,nan,nan,nan,0.1456085145
46920,0.6526963712,0.6497864453,0.6410721127,0.6265940523,0.6064113976,0.5805880462,0.5491666312,0.5121253029,0.4692945254,0.4201866215,0.3635790491,0.2961808982,0.2052549052,nan,nan,nan,nan,nan,nan,nan,0.1452968483
46980,0.6514575575,0.6485541765,0.6398593841,0.6254136227,0.6052755798,0.579508556,0.5481545558,0.5111908618,0.4684469388,0.4194340602,0.3629278844,0.2956329572,0.2047768883,nan,nan,nan,nan,nan,nan,nan,0.1449863421
47040,0.65022261,0.6473257533,0.6386504397,0.6242368754,0.6041432592,0.5784324188,0.5471456377,0.5102593391,0.4676020068,0.4186838702,0.3622787962,0.2950868008,0.2043003683,nan,nan,nan,nan,nan,nan,nan,0.1446769923
47100,0.6489915151,0.646101162,0.6374452657,0.6230637972,0.6030144686,0.577359636,0.5461398654,0.5093307243,0.4667597199,0.4179360428,0.3616317768,0.2945424224,0.2038253401,nan,nan,nan,nan,nan,nan,nan,0.1443687948
47160,0.6477642587,0.6448803887,0.6362438486,0.621894375,0.6018891949,0.5762901954,0.5451372275,0.5084050068,0.4659200683,0.4171905694,0.3609868185,0.2939998153,0.2033517982,nan,nan,nan,nan,nan,nan,nan,0.1440617459
47220,0.6465408272,0.6436634199,0.6350461748,0.6207285955,0.6007674257,0.5752240851,0.5441377127,0.5074821761,0.4650830426,0.4164474412,0.3603439137,0.2934589727,0.2028788922,nan,nan,nan,nan,nan,nan,nan,0.1437558415
47280,0.6453212067,0.6424502417,0.633852231,0.6195664181,0.5996491483,0.5741612928,0.5431413096,0.5065622217,0.4642486331,0.4157066497,0.3597030548,0.2929198881,0.2024073647,nan,nan,nan,nan,nan,nan,nan,0.1434510777
47340,0.6441053837,0.6412408406,0.6326620037,0.6184078464,0.59853435,0.5731018068,0.5421480071,0.5056451332,0.4634168302,0.4149681864,0.3590641593,0.2923823774,0.2019373053,nan,nan,nan,nan,nan,nan,nan,0.1431474508
47400,0.6428933443,0.640035203,0.6314754795,0.6172528784,0.5974230184,0.572045615,0.5411577939,0.5047309002,0.4625876245,0.4142320426,0.3584272211,0.2918465222,0.2014687088,nan,nan,nan,nan,nan,nan,nan,0.1428449567
47460,0.6416850751,0.6388333153,0.6302926451,0.6161015012,0.5963151409,0.5709927055,0.5401706587,0.5038195122,0.4617610066,0.4134981103,0.3577923063,0.2913124052,0.2010015699,nan,nan,nan,nan,nan,nan,nan,0.1425435917
47520,0.6404805624,0.6376351642,0.6291134872,0.6149537018,0.5952107051,0.5699430665,0.5391865905,0.5029109591,0.4609369669,0.4127664739,0.3571594074,0.29078002,0.2005356627,nan,nan,nan,nan,nan,nan,nan,0.1422433518
47580,0.6392797929,0.6364407361,0.6279379927,0.6138094673,0.5941096985,0.5688966861,0.5382055782,0.5020052304,0.4601154961,0.4120371318,0.3565285169,0.2902493598,0.2000704612,nan,nan,nan,nan,nan,nan,nan,0.1419442332
47640,0.638082753,0.6352500176,0.6267661484,0.6126687849,0.5930121089,0.5678535527,0.5372276107,0.501102316,0.4592965849,0.4113100757,0.3558996273,0.2897204181,0.1996066992,nan,nan,nan,nan,nan,nan,nan,0.1416462319
47700,0.6368894293,0.6340629956,0.625597941,0.6115316418,0.5919179239,0.5668136545,0.5362526771,0.5002021781,0.4584802239,0.4105852972,0.3552727312,0.2891931885,0.1991443715,nan,nan,nan,nan,nan,nan,nan,0.1413493442
47760,0.6356998085,0.6328796566,0.6244333577,0.6103980254,0.5908271312,0.5657769797,0.5352807662,0.4993047869,0.4576664037,0.4098627879,0.354647821,0.2886676643,0.198683473,nan,nan,nan,nan,nan,nan,nan,0.1410535661
47820,0.6345138774,0.6316999875,0.6232723853,0.6092679228,0.5897397187,0.5647435169,0.5343118672,0.4984101798,0.4568551152,0.4091425394,0.3540248895,0.2881438392,0.1982239985,nan,nan,nan,nan,nan,nan,nan,0.1407588937
47880,0.6333316226,0.630523975,0.6221150108,0.6081413215,0.5886556741,0.5637132544,0.5333459693,0.4975183465,0.4560463492,0.4084245435,0.3534039292,0.287621646,0.1977653501,nan,nan,nan,nan,nan,nan,nan,0.1404653234
47940,0.6321530309,0.6293516061,0.6209612214,0.6070182089,0.5875749853,0.5626861806,0.5323830615,0.4966292771,0.4552400525,0.4077087918,0.3527849328,0.2871009316,0.1973077232,nan,nan,nan,nan,nan,nan,nan,0.1401728511
48000,0.6309780893,0.6281828676,0.6198110041,0.6058985724,0.5864976403,0.5616622841,0.5314231331,0.4957429615,0.4544362178,0.4069952762,0.352167893,0.286581897,0.1968515025,nan,nan,nan,nan,nan,nan,nan,0.1398814731
48060,0.6298067846,0.6270177465,0.6186643462,0.6047823996,0.585423627,0.5606415534,0.5304661733,0.4948593897,0.4536348784,0.4062839883,0.3515527928,0.2860645358,0.1963966829,nan,nan,nan,nan,nan,nan,nan,0.1395911854
48120,0.6286391037,0.6258562299,0.6175212348,0.6036696779,0.5843529334,0.559623977,0.5295121449,0.4939785518,0.452836025,0.4055749201,0.3509394965,0.2855488416,0.1959432592,nan,nan,nan,nan,nan,nan,nan,0.1393019844
48180,0.6274750336,0.6246983048,0.6163816572,0.602560395,0.5832855476,0.5586095437,0.5285610253,0.4931004379,0.4520396487,0.4048680632,0.3503281352,0.2850348082,0.1954912074,nan,nan,nan,nan,nan,nan,nan,0.1390138661
48240,0.6263145615,0.6235439583,0.6152456007,0.6014545386,0.5822214576,0.5575982421,0.5276128424,0.492225038,0.4512457404,0.4041634097,0.3497187015,0.284522429,0.1950395545,nan,nan,nan,nan,nan,nan,nan,0.1387268268
48300,0.6251576743,0.6223931776,0.6141130527,0.6003520962,0.5811606517,0.5565900609,0.5266675857,0.4913523425,0.4504542911,0.4034609513,0.3491111883,0.2840116978,0.1945892799,nan,nan,nan,nan,nan,nan,nan,0.1384408625
48360,0.6240043593,0.6212459498,0.6129840006,0.5992530557,0.580103118,0.5555849889,0.5257252446,0.4904823414,0.4496652919,0.4027606367,0.3485055884,0.2835026082,0.1941403787,nan,nan,nan,nan,nan,nan,nan,0.1381559697
48420,0.6228546035,0.6201022623,0.6118584318,0.5981574048,0.5790488447,0.5545830148,0.5247858086,0.489615025,0.4488787337,0.4020624396,0.3479018947,0.282995154,0.1936928458,nan,nan,nan,nan,nan,nan,nan,0.1378721443
48480,0.6217083943,0.6189621023,0.6107363339,0.5970651314,0.5779978201,0.5535841275,0.5238492672,0.4887503836,0.4480946078,0.4013664137,0.3473000999,0.2824891048,0.1932466763,nan,nan,nan,nan,nan,nan,nan,0.1375893827
48540,0.620565719,0.6178254572,0.6096176943,0.5959762232,0.5769500325,0.5525883159,0.5229156099,0.4878884074,0.4473129053,0.4006725511,0.3467001969,0.2819846333,0.1928013737,nan,nan,nan,nan,nan,nan,nan,0.137307681
48600,0.6194265648,0.6166923144,0.6085025008,0.5948906684,0.5759054704,0.551595569,0.5219848263,0.4870290869,0.4465336173,0.3999808439,0.3461021788,0.2814817785,0.1923568856,nan,nan,nan,nan,nan,nan,nan,0.137027034
48660,0.6182909492,0.6155628374,0.6073913552,0.5938098011,0.5748664794,0.5506095254,0.5210621437,0.4861795291,0.4457660967,0.3993033961,0.3455217531,0.2810020416,0.1919521037,nan,nan,nan,nan,nan,nan,nan,0.1367469209
48720,0.6171588912,0.6144368983,0.6062836886,0.5927323157,0.5738307366,0.5496265619,0.5201423416,0.4853326238,0.4450009764,0.3986280772,0.3449431722,0.2805238665,0.1915485534,nan,nan,nan,nan,nan,nan,nan,0.1364675263
48780,0.6160303763,0.6133144827,0.6051794868,0.5916581984,0.5727982288,0.548646666,0.5192254082,0.4844883601,0.4442382467,0.3979548785,0.3443664285,0.2800472459,0.191146215,nan,nan,nan,nan,nan,nan,nan,0.1361890129
48840,0.6149053921,0.6121955781,0.6040787376,0.5905874375,0.5717689446,0.5476698268,0.5183113334,0.4836467287,0.4434778989,0.3972837922,0.3437915151,0.2795721724,0.1907450928,nan,nan,nan,nan,nan,nan,nan,0.1359114327
48900,0.6137839256,0.6110801716,0.6029814282,0.5895200204,0.570742872,0.546696033,0.5174001066,0.4828077198,0.4427199242,0.3966148103,0.3432183617,0.2790986374,0.1903451905,nan,nan,nan,nan,nan,nan,nan,0.1356348131
48960,0.6126659637,0.6099682503,0.601887546,0.5884559348,0.5697199993,0.5457252733,0.5164917173,0.4819713236,0.4419643136,0.3959479249,0.3426469776,0.2786266328,0.1899460072,nan,nan,nan,nan,nan,nan,nan,0.1353591709
49020,0.6115514936,0.6088598014,0.6007970784,0.5873951686,0.5687003145,0.5447575365,0.5155861549,0.4811375305,0.4412110584,0.3952831281,0.3420774025,0.2781561506,0.1895477644,nan,nan,nan,nan,nan,nan,nan,0.1350845151
49080,0.6104405024,0.6077548121,0.5997100127,0.5863377093,0.5676838059,0.5437928115,0.5146834089,0.4803063307,0.4404601497,0.394620412,0.3415096291,0.2776871835,0.189150748,nan,nan,nan,nan,nan,nan,nan,0.1348108512
49140,0.6093329773,0.6066532696,0.5986263364,0.585283545,0.5666704619,0.5428310873,0.5137834691,0.4794777148,0.4397115788,0.3939597687,0.34094365,0.2772196622,0.1887549572,nan,nan,nan,nan,nan,nan,nan,0.1345381817
49200,0.6082289056,0.6055551614,0.5975460372,0.5842326634,0.5656602709,0.5418723526,0.5128863251,0.478651673,0.438965335,0.3933011902,0.340379458,0.2767535025,0.1883603919,nan,nan,nan,nan,nan,nan,nan,0.13426651
49260,0.6071282746,0.6044604747,0.5964691025,0.5831850525,0.5646532211,0.5409165966,0.5119919664,0.4778281697,0.438221351,0.3926446689,0.3398170456,0.2762888386,0.1879670506,nan,nan,nan,nan,nan,nan,nan,0.1339958371
49320,0.6060310716,0.603369197,0.59539552,0.5821407002,0.563649301,0.539963779,0.5111003829,0.4770071941,0.4374796789,0.3919901966,0.3392564056,0.2758256644,0.1875749315,nan,nan,nan,nan,nan,nan,nan,0.1337261639
49380,0.604937284,0.6022813158,0.5943252774,0.5810995946,0.5626484992,0.5390139066,0.5102115642,0.4761887644,0.43674031,0.3913377658,0.3386975309,0.275363974,0.187183736,nan,nan,nan,nan,nan,nan,nan,0.1334574898
49440,0.6038468993,0.6011968185,0.5932583624,0.5800617237,0.561650804,0.5380669802,0.5093255002,0.4753728711,0.4360032358,0.3906873684,0.3381404143,0.2749037618,0.1867932422,nan,nan,nan,nan,nan,nan,nan,0.1331898138
49500,0.602759905,0.6001156928,0.5921947627,0.5790270756,0.5606562042,0.5371229889,0.5084421807,0.4745595049,0.4352684477,0.3900389744,0.3375850487,0.2744450221,0.1864039612,nan,nan,nan,nan,nan,nan,nan,0.1329231346
49560,0.6016762887,0.5990379263,0.5911344663,0.5779956385,0.5596646883,0.536181922,0.5075615956,0.4737486563,0.434535937,0.3893925434,0.3370314272,0.2739877495,0.1860158897,nan,nan,nan,nan,nan,nan,nan,0.1326574502
49620,0.6005960379,0.5979635066,0.590077461,0.5769674007,0.5586762451,0.5352437686,0.5066837348,0.4729403161,0.4338056954,0.3887481227,0.3364795429,0.2735319384,0.1856290242,nan,nan,nan,nan,nan,nan,nan,0.1323927586
49680,0.5995191404,0.5968924216,0.5890237347,0.5759423504,0.5576908632,0.5343085181,0.5058085884,0.472134475,0.4330777143,0.3881057047,0.3359293891,0.2730775833,0.1852433615,nan,nan,nan,nan,nan,nan,nan,0.1321290575
49740,0.5984455837,0.5958246588,0.5879732753,0.5749204757,0.5567085313,0.5333761597,0.5049361461,0.4713311236,0.4323519851,0.3874652815,0.3353809587,0.2726246786,0.1848588986,nan,nan,nan,nan,nan,nan,nan,0.1318663455
49800,0.5973753556,0.5947602062,0.5869260709,0.5739017652,0.5557292383,0.5324466829,0.5040663981,0.4705302528,0.4316284994,0.3868268456,0.3348342451,0.272173219,0.1844755073,nan,nan,nan,nan,nan,nan,nan,0.1316046197
49860,0.596308444,0.5936990516,0.5858821096,0.5728862072,0.554752973,0.531520077,0.5031993344,0.4697318534,0.4309072489,0.3861903893,0.3342892268,0.2717231991,0.1840925996,nan,nan,nan,nan,nan,nan,nan,0.1313438772
49920,0.5952448365,0.5926411827,0.5848413792,0.5718737899,0.5537797241,0.5305963313,0.5023349451,0.4689359161,0.4301882251,0.385555905,0.3337458178,0.2712744299,0.1837108789,nan,nan,nan,nan,nan,nan,nan,0.1310841163
49980,0.5941845212,0.5915865877,0.5838038681,0.570864502,0.5528094808,0.5296754354,0.5014732203,0.4681424319,0.4294714196,0.3849233852,0.3332041058,0.2708270696,0.1833303411,nan,nan,nan,nan,nan,nan,nan,0.1308253338
50040,0.593127486,0.5905352546,0.5827695646,0.5698583321,0.5518422319,0.528757379,0.5006141504,0.4673513916,0.4287568241,0.3842928225,0.3326640846,0.2703811331,0.1829509819,nan,nan,nan,nan,nan,nan,nan,0.1305675264
50100,0.5920737187,0.5894871713,0.5817384566,0.5688552685,0.5508779664,0.5278421514,0.4997577252,0.4665627861,0.4280444303,0.3836642092,0.3321257473,0.2699366149,0.182572798,nan,nan,nan,nan,nan,nan,nan,0.1303106919
50160,0.5910232074,0.5884423259,0.5807105196,0.5678553,0.5499166734,0.5269297423,0.4989039353,0.4657766065,0.42733423,0.383037538,0.3315890875,0.2694935097,0.1821957851,nan,nan,nan,nan,nan,nan,nan,0.130054827
50220,0.5899759404,0.5874007067,0.57968575,0.5668584153,0.5489583353,0.5260201414,0.4980527705,0.4649928437,0.426626215,0.3824128016,0.3310540991,0.2690518121,0.1818199392,nan,nan,nan,nan,nan,nan,nan,0.1297999284
50280,0.5889319055,0.5863623016,0.578664141,0.5658646028,0.5480029215,0.5251133382,0.4972041761,0.4642114888,0.4259203769,0.3817899924,0.3305207752,0.2686115168,0.1814444103,nan,nan,nan,nan,nan,nan,nan,0.1295459934
50340,0.5878910908,0.5853270989,0.577645681,0.5648738513,0.5470504476,0.5242093224,0.4963581878,0.4634325326,0.4252167075,0.3811691032,0.3299891096,0.2681726184,0.1810700307,nan,nan,nan,nan,nan,nan,nan,0.1292930189
50400,0.5868534824,0.5842950846,0.5766303564,0.5638861476,0.5461009008,0.5233080819,0.4955147944,0.4626559648,0.4245151973,0.3805501253,0.3294590951,0.2677351109,0.1806968045,nan,nan,nan,nan,nan,nan,nan,0.1290410451
50460,0.5858190455,0.5832660873,0.5756175795,0.5629002242,0.5451520546,0.5224061738,0.4946690556,0.4618750675,0.4238069959,0.3799215797,0.3289157425,0.2672783074,0.1802861457,nan,nan,nan,nan,nan,nan,nan,0.1287904251
50520,0.5847877405,0.5822402051,0.5746078677,0.5619172832,0.5442060771,0.5215069911,0.4938258718,0.4610965302,0.4231009381,0.3792949439,0.328374055,0.2668229263,0.1798767253,nan,nan,nan,nan,nan,nan,nan,0.1285411411
50580,0.5837595514,0.5812174221,0.5736012053,0.5609373093,0.5432629536,0.5206105197,0.4929852298,0.4603203406,0.4223970128,0.3786702082,0.327834024,0.2663688479,0.17946857,nan,nan,nan,nan,nan,nan,nan,0.1282929508
50640,0.5827344687,0.5801977289,0.572597583,0.5599602935,0.5423226753,0.5197167514,0.4921471219,0.4595464916,0.421695202,0.3780473571,0.3272956442,0.2659160226,0.179060592,nan,nan,nan,nan,nan,nan,nan,0.1280457969
50700,0.5817124818,0.5791811148,0.5715969903,0.5589862255,0.5413852325,0.5188256768,0.4913115392,0.4587749749,0.4209954399,0.3774263015,0.3267589095,0.2654646065,0.178653744,nan,nan,nan,nan,nan,nan,nan,0.1277996543
50760,0.5806935806,0.5781675698,0.5705994176,0.558015096,0.5404506159,0.5179372872,0.4904784735,0.4580057827,0.4202977893,0.3768071269,0.3262237306,0.2650145967,0.1782481123,nan,nan,nan,nan,nan,nan,nan,0.1275545038
50820,0.5796777535,0.5771570824,0.5696048532,0.5570468935,0.5395188147,0.5170515723,0.4896479151,0.4572389061,0.4196022418,0.3761898259,0.3256901248,0.264565989,0.177843686,nan,nan,nan,nan,nan,nan,nan,0.1273103285
50880,0.5786649903,0.5761496425,0.5686132873,0.5560816087,0.5385898198,0.5161685232,0.4888198557,0.4564743374,0.4189087905,0.3755743922,0.3251581474,0.2641187794,0.1774404568,nan,nan,nan,nan,nan,nan,nan,0.1270671188
50940,0.5776552803,0.5751452394,0.5676247094,0.5551192311,0.5376636212,0.5152881306,0.4879942864,0.4557120338,0.4182174277,0.374960819,0.3246277925,0.2636729643,0.1770376555,nan,nan,nan,nan,nan,nan,nan,0.126824858
51000,0.5766486123,0.5741438619,0.5666391085,0.5541597501,0.5367402086,0.5144103845,0.4871711979,0.4549519872,0.4175281456,0.3743490992,0.3240990543,0.2632285379,0.1766355964,nan,nan,nan,nan,nan,nan,nan,0.1265835432
51060,0.5756449754,0.5731454992,0.5656564739,0.5532031553,0.535819572,0.5135352756,0.4863505814,0.4541942237,0.4168409365,0.373739226,0.323571927,0.2627854962,0.1762347055,nan,nan,nan,nan,nan,nan,nan,0.1263431612
51120,0.5746443587,0.5721501405,0.564676795,0.5522494364,0.5349017014,0.5126627942,0.4855324278,0.4534387347,0.4161557929,0.3731311926,0.3230464051,0.2623437796,0.1758349766,nan,nan,nan,nan,nan,nan,nan,0.1261037064
51180,0.5736467514,0.571157775,0.5637000612,0.551298583,0.5339865869,0.511792931,0.4847167282,0.452685512,0.4154727071,0.3725249924,0.3225224828,0.2619032169,0.175436404,nan,nan,nan,nan,nan,nan,nan,0.1258651743
51240,0.5726521426,0.570168392,0.5627262619,0.5503505847,0.5330742185,0.5109256763,0.4839034737,0.4519345472,0.4147916716,0.3719206185,0.3220001544,0.261464023,0.1750384952,nan,nan,nan,nan,nan,nan,nan,0.1256275568
51300,0.5716605219,0.5691819809,0.5617553868,0.5494054316,0.5321645865,0.5100610211,0.4830926556,0.4511858325,0.414112679,0.3713180646,0.3214794142,0.2610261922,0.1746409908,nan,nan,nan,nan,nan,nan,nan,0.1253908513
51360,0.5706718783,0.568198531,0.5607874251,0.5484631133,0.531257681,0.5091989558,0.482284265,0.4504393593,0.4134357218,0.3707173237,0.3209602566,0.2605897192,0.1742446219,nan,nan,nan,nan,nan,nan,nan,0.1251550508
51420,0.5696862018,0.5672180322,0.5598223671,0.5475236201,0.5303534926,0.5083394714,0.4814782935,0.44969512,0.4127607928,0.3701183897,0.3204426757,0.2601545984,0.1738493848,nan,nan,nan,nan,nan,nan,nan,0.1249201523
51480,0.5687034814,0.5662404736,0.558860202,0.5465869416,0.5294520114,0.5074825586,0.4806747321,0.4489531062,0.4120878845,0.3695212558,0.3199266134,0.2597208244,0.1734552731,nan,nan,nan,nan,nan,nan,nan,0.1246861498
51540,0.5677237066,0.5652658448,0.5579009195,0.5456530678,0.5285532276,0.5066282079,0.4798735722,0.4482133099,0.4114169894,0.3689259155,0.3194120254,0.2592883919,0.1730620289,nan,nan,nan,nan,nan,nan,nan,0.1244530382
51600,0.5667468672,0.5642941356,0.5569445097,0.544721986,0.5276571319,0.5057764106,0.4790748053,0.4474757233,0.4107481007,0.3683322834,0.3188989972,0.2588572954,0.172668898,nan,nan,nan,nan,nan,nan,nan,0.1242208146
51660,0.5657729527,0.5633253356,0.5559909621,0.543793659,0.5267637145,0.5049271574,0.4782784228,0.4467403383,0.4100812108,0.3677404116,0.318387523,0.2584275231,0.1722768751,nan,nan,nan,nan,nan,nan,nan,0.1239894736
51720,0.5648019525,0.5623594341,0.5550402665,0.5428681069,0.5258729658,0.5040804331,0.4774844159,0.4460071468,0.4094163124,0.3671503142,0.3178775971,0.2579988072,0.1718859549,nan,nan,nan,nan,nan,nan,nan,0.1237590107
51780,0.5638338566,0.5613964214,0.5540924131,0.5419453203,0.5249848767,0.5032361905,0.4766927764,0.4452761413,0.4087533705,0.366561985,0.3173692137,0.2575714116,0.171496134,nan,nan,nan,nan,nan,nan,nan,0.1235294231
51840,0.5628686545,0.5604362869,0.5531473916,0.5410252891,0.5240994373,0.5023944651,0.4759034957,0.4445473137,0.4080923551,0.3659754175,0.3168623671,0.2571453308,0.1711073425,nan,nan,nan,nan,nan,nan,nan,0.123300706
51900,0.5619063359,0.5594790203,0.5522051918,0.5401080033,0.5232166382,0.5015552476,0.4751165652,0.443820656,0.40743331,0.3653906051,0.3163570515,0.2567205595,0.1707184185,nan,nan,nan,nan,nan,nan,nan,0.1230728552
51960,0.5609468906,0.5585246117,0.5512658039,0.5391934535,0.5223364702,0.5007185294,0.4743319768,0.4430961607,0.4067762283,0.3648075417,0.3158532612,0.2562970924,0.1703305771,nan,nan,nan,nan,nan,nan,nan,0.1228458676
52020,0.5599903085,0.5575730508,0.5503292179,0.5382816299,0.5214589239,0.4998843014,0.4735496748,0.4423738199,0.4061211029,0.3642262207,0.3153509904,0.2558749244,0.1699438138,nan,nan,nan,nan,nan,nan,nan,0.1226197393
52080,0.5590365795,0.5566243276,0.5493954238,0.5373725227,0.5205839899,0.4990525548,0.4727696873,0.4416536259,0.4054679265,0.363646636,0.3148502335,0.2554540502,0.1695581243,nan,nan,nan,nan,nan,nan,nan,0.1223944666
52140,0.5580856933,0.5556784277,0.5484644117,0.5364661224,0.5197116589,0.4982232807,0.4719920168,0.440935571,0.4048166923,0.363068781,0.3143509847,0.2550344645,0.1691735045,nan,nan,nan,nan,nan,nan,nan,0.1221700458
52200,0.5571376399,0.554735338,0.5475361718,0.5355624193,0.5188419218,0.4973964703,0.4712166552,0.4402196474,0.4041673933,0.3624926496,0.313853209,0.2546161622,0.1687887061,nan,nan,nan,nan,nan,nan,nan,0.1219464701
52260,0.5561924337,0.5537952116,0.5466112382,0.534662595,0.5179768556,0.4965753611,0.4704482581,0.4395121997,0.4035284277,0.3619291672,0.3133711898,0.2542189842,0.1684445844,nan,nan,nan,nan,nan,nan,nan,0.1217232659
52320,0.5552500928,0.5528579345,0.5456891062,0.5337654938,0.517114404,0.4957567302,0.4696821771,0.4388068799,0.4028913864,0.3613673868,0.3128906396,0.253823012,0.1681014095,nan,nan,nan,nan,nan,nan,nan,0.1215005845
52380,0.5543106045,0.5519234941,0.5447697634,0.5328711036,0.5162545555,0.4949405666,0.4689184017,0.4381036333,0.4022562609,0.3608073009,0.3124115515,0.2534282689,0.1677591661,nan,nan,nan,nan,nan,nan,nan,0.1212786085
52440,0.5533739589,0.5509918806,0.5438532003,0.5319794151,0.5153973011,0.4941268618,0.468156924,0.4374025001,0.4016230444,0.3602489033,0.3119339203,0.2530347488,0.1674178685,nan,nan,nan,nan,nan,nan,nan,0.1210573716
52500,0.552440146,0.5500630841,0.5429394069,0.5310904186,0.5145426315,0.4933156069,0.4673977357,0.4367034728,0.40099173,0.3596921879,0.3114577404,0.2526424452,0.1670775196,nan,nan,nan,nan,nan,nan,nan,0.1208368998
52560,0.5515091553,0.549137094,0.5420283731,0.5302041042,0.5136905371,0.492506793,0.4666408284,0.4360065436,0.4003623107,0.3591371417,0.310983006,0.2522513513,0.1667376097,nan,nan,nan,nan,nan,nan,nan,0.1206172087
52620,0.5505809766,0.5482139003,0.5411200887,0.5293204621,0.5128410087,0.4917004111,0.4658861937,0.4353117046,0.3997347794,0.3585836981,0.3105097112,0.2518614609,0.1663981542,nan,nan,nan,nan,nan,nan,nan,0.1203983041
52680,0.5496555996,0.5472934926,0.5402145439,0.5284394826,0.5119940367,0.4908964523,0.4651338233,0.4346189483,0.3991091291,0.3580319179,0.3100378504,0.2514727679,0.1660596559,nan,nan,nan,nan,nan,nan,nan,0.1201801936
52740,0.5487330141,0.5463758609,0.5393117285,0.5275611559,0.511149612,0.4900949077,0.4643837088,0.4339282669,0.3984853529,0.3574817949,0.3095674177,0.2510852668,0.1657221149,nan,nan,nan,nan,nan,nan,nan,0.1199628799
52800,0.54781321,0.5454609951,0.5384116326,0.5266854725,0.5103077251,0.4892957685,0.4636358421,0.4332396529,0.3978634439,0.3569333228,0.3090984072,0.2506989523,0.1653855303,nan,nan,nan,nan,nan,nan,nan,0.1197463638
52860,0.5468961772,0.5445488852,0.5375142465,0.5258124227,0.5094683669,0.4884990261,0.462890215,0.4325530987,0.3972433951,0.3563864953,0.3086308132,0.2503138193,0.1650499017,nan,nan,nan,nan,nan,nan,nan,0.1195306472
52920,0.5459819056,0.543639521,0.5366195602,0.5249419969,0.5086315282,0.4877046715,0.4621468192,0.4318685968,0.3966251997,0.3558413063,0.3081646299,0.2499298631,0.1647152274,nan,nan,nan,nan,nan,nan,nan,0.1193157288
52980,0.5450703852,0.5427328928,0.5357275641,0.5240741857,0.5077971998,0.4869126963,0.4614056466,0.4311861396,0.3960088509,0.3552977495,0.3076998515,0.2495469242,0.1643806542,nan,nan,nan,nan,nan,nan,nan,0.1191016077
53040,0.5441616061,0.5418289906,0.5348382482,0.5232089796,0.5069653726,0.4861230917,0.4606666892,0.4305057196,0.3953943418,0.3547558187,0.3072364725,0.2491650994,0.1640468365,nan,nan,nan,nan,nan,nan,nan,0.1188882834
53100,0.5432555581,0.5409278043,0.5339516028,0.5223463688,0.5061360374,0.4853358489,0.4599299386,0.4298273293,0.3947816655,0.3542155076,0.3067744869,0.2487844374,0.1637139657,nan,nan,nan,nan,nan,nan,nan,0.1186757559
53160,0.5423522317,0.5400293243,0.5330676184,0.5214863444,0.5053091853,0.4845509596,0.4591953872,0.4291509615,0.3941707638,0.3536768102,0.3063138754,0.248404934,0.163382038,nan,nan,nan,nan,nan,nan,nan,0.1184640216
53220,0.5414516166,0.5391335406,0.5321862851,0.5206288966,0.5044848072,0.483768415,0.4584630266,0.4284766085,0.3935616755,0.3531397203,0.3058545542,0.2480265844,0.1630510518,nan,nan,nan,nan,nan,nan,nan,0.1182530803
53280,0.5405537031,0.5382404434,0.5313075932,0.519774016,0.503662894,0.4829882065,0.4577328489,0.4278042629,0.3929543999,0.3526042316,0.3053966101,0.2476493842,0.162721005,nan,nan,nan,nan,nan,nan,nan,0.1180429306
53340,0.5396584816,0.5373500231,0.5304315335,0.5189216936,0.5028434369,0.4822103259,0.4570048462,0.4271339176,0.3923489304,0.3520703383,0.304940038,0.2472733292,0.1623916974,nan,nan,nan,nan,nan,nan,nan,0.1178335685
53400,0.5387659421,0.53646227,0.5295580962,0.5180719199,0.5020263976,0.4814347645,0.4562790105,0.426465565,0.3917452601,0.351538034,0.3044848322,0.2468984149,0.1620624458,nan,nan,nan,nan,nan,nan,nan,0.1176249932
53460,0.5378760748,0.5355771742,0.5286872717,0.5172246857,0.501211796,0.4806615138,0.4555553338,0.4257991979,0.3911433824,0.3510073128,0.3040309874,0.2465246369,0.1617341222,nan,nan,nan,nan,nan,nan,nan,0.1174172022
53520,0.5369888704,0.5346947263,0.5278190508,0.5163799818,0.5003996239,0.4798905657,0.4548338086,0.4251348091,0.3905432907,0.3504781686,0.3035784985,0.246151991,0.1614067232,nan,nan,nan,nan,nan,nan,nan,0.1172101923
53580,0.5361043189,0.5338149166,0.5269534238,0.515537799,0.4995898725,0.4791219115,0.4541144266,0.4244723912,0.3899449783,0.3499505955,0.3031273601,0.2457804728,0.1610802463,nan,nan,nan,nan,nan,nan,nan,0.1170039618
53640,0.5352224109,0.5329377356,0.5260903815,0.5146981281,0.4987825329,0.4783555431,0.4533971802,0.423811937,0.3893484385,0.3494245875,0.302677567,0.2454100779,0.1607546881,nan,nan,nan,nan,nan,nan,nan,0.1167985079
53700,0.5343431368,0.5320631739,0.5252299145,0.5138609603,0.4979775966,0.4775914521,0.4526820618,0.4231534394,0.3887536649,0.3489001386,0.302229114,0.2450406588,0.1604300457,nan,nan,nan,nan,nan,nan,nan,0.1165938277
53760,0.5334664869,0.5311912217,0.5243720133,0.5130262861,0.4971750545,0.4768296302,0.4519690633,0.4224968911,0.3881606507,0.348377243,0.3017819959,0.2446722889,0.1601056432,nan,nan,nan,nan,nan,nan,nan,0.1163899192
53820,0.5325924519,0.5303218699,0.5235166688,0.5121940968,0.4963748983,0.4760700692,0.4512581771,0.421842285,0.3875693896,0.3478558306,0.3013362076,0.2443050298,0.1597817183,nan,nan,nan,nan,nan,nan,nan,0.1161867793
53880,0.5317210223,0.5294551089,0.5226638718,0.5113643832,0.4955771192,0.475312761,0.4505493957,0.421189614,0.386979875,0.3473359519,0.300891744,0.2439388771,0.1594586974,nan,nan,nan,nan,nan,nan,nan,0.1159844055
53940,0.5308521886,0.5285909293,0.5218136129,0.5105371364,0.4947817085,0.4745576972,0.4498427111,0.420538871,0.3863921004,0.3468176089,0.3004486,0.2435738266,0.1591365776,nan,nan,nan,nan,nan,nan,nan,0.1157827953
54000,0.5299859415,0.5277293218,0.520965883,0.5097123476,0.4939886576,0.4738048697,0.4491381159,0.4198900488,0.3858060592,0.346300796,0.3000067705,0.243209874,0.1588153555,nan,nan,nan,nan,nan,nan,nan,0.1155819457
54060,0.5291222716,0.5268702773,0.520120673,0.5088900077,0.4931979583,0.4730542706,0.4484356025,0.4192431406,0.3852217453,0.3457855075,0.2995662506,0.242847015,0.158495028,nan,nan,nan,nan,nan,nan,nan,0.115381854
54120,0.5282611695,0.5260137862,0.5192779737,0.508070108,0.4924096016,0.4723058916,0.4477351631,0.4185981392,0.384639152,0.3452717374,0.2991270282,0.2424852455,0.1581754821,nan,nan,nan,nan,nan,nan,nan,0.1151825177
54180,0.5274026261,0.5251598394,0.518437776,0.5072526394,0.4916235793,0.4715597246,0.447036773,0.4179550091,0.3840582729,0.3447594801,0.2986890067,0.2421245612,0.1578557996,nan,nan,nan,nan,nan,nan,nan,0.1149839338
54240,0.5265466321,0.5243084279,0.517600071,0.5064375935,0.490839883,0.4708157618,0.4463404185,0.4173137531,0.3834791019,0.3442487301,0.29825228,0.241764958,0.1575369997,nan,nan,nan,nan,nan,nan,nan,0.1147860997
54300,0.5256931782,0.5234595423,0.5167648496,0.5056249614,0.4900585041,0.4700739951,0.4456461158,0.4166743832,0.3829016326,0.3437394815,0.2978168432,0.2414064316,0.1572190794,nan,nan,nan,nan,nan,nan,nan,0.1145890123
54360,0.5248422554,0.5226131736,0.5159321029,0.5048147343,0.4892794343,0.4693344165,0.4449538573,0.4160368925,0.3823258586,0.3432317287,0.2973826912,0.2410489778,0.1569020354,nan,nan,nan,nan,nan,nan,nan,0.1143926692
54420,0.5239938544,0.5217693127,0.5151018219,0.5040069035,0.4885026653,0.4685970061,0.4442636356,0.4154012741,0.3817517736,0.3427254662,0.2969498193,0.2406924487,0.1565858647,nan,nan,nan,nan,nan,nan,nan,0.1141970673
54480,0.5231479662,0.5209279506,0.5142739977,0.5032014604,0.4877281887,0.4678617452,0.4435754433,0.4147675212,0.3811793714,0.3422206884,0.2965182224,0.2403369183,0.156270564,nan,nan,nan,nan,nan,nan,nan,0.114002204
54540,0.5223045817,0.5200890781,0.5134486214,0.5023983964,0.4869559962,0.4671286489,0.442889273,0.4141356268,0.3806086458,0.3417173896,0.2960878959,0.2399824483,0.1559553791,nan,nan,nan,nan,nan,nan,nan,0.1138080763
54600,0.5214636918,0.5192526864,0.5126256843,0.5015977028,0.4861860797,0.4663977094,0.4422051173,0.4135055843,0.3800395841,0.3412155643,0.2956588348,0.2396290346,0.1556406403,nan,nan,nan,nan,nan,nan,nan,0.1136146816
54660,0.5206252877,0.5184187665,0.5118051775,0.5007993712,0.4854184308,0.4656689187,0.441522969,0.4128773868,0.3794721374,0.3407152071,0.2952310343,0.2392766731,0.1553267596,nan,nan,nan,nan,nan,nan,nan,0.113422017
54720,0.5197893603,0.5175873095,0.5109870923,0.5000033931,0.4846530413,0.4649422692,0.4408428208,0.4122510275,0.3789063488,0.3402163125,0.2948044897,0.2389253598,0.1550137339,nan,nan,nan,nan,nan,nan,nan,0.1132300796
54780,0.5189559007,0.5167583066,0.5101714199,0.4992097598,0.4838899032,0.4642177531,0.4401646653,0.4116264999,0.3783422124,0.3397188749,0.2943791962,0.2385750904,0.1547015602,nan,nan,nan,nan,nan,nan,nan,0.1130388668
54840,0.5181249,0.5159317489,0.5093581517,0.4984184631,0.4831290083,0.4634953626,0.4394884953,0.4110037971,0.3777797221,0.339222889,0.293955149,0.2382258609,0.1543902352,nan,nan,nan,nan,nan,nan,nan,0.1128483756
54900,0.5172963494,0.5151076275,0.508547279,0.4976294944,0.4823703485,0.4627750902,0.4388143037,0.4103829125,0.3772188717,0.3387283494,0.2935323433,0.2378776673,0.1540794547,nan,nan,nan,nan,nan,nan,nan,0.1126586034
54960,0.5164702401,0.5142859338,0.5077387932,0.4968428453,0.4816139158,0.462056928,0.4381420833,0.4097638395,0.3766596552,0.3382352505,0.2931107746,0.2375305055,0.1537686163,nan,nan,nan,nan,nan,nan,nan,0.1124695472
55020,0.5156465632,0.513466659,0.5069326856,0.4960585076,0.4808597021,0.4613408686,0.4374718268,0.4091465715,0.3761020666,0.3377435319,0.2926904381,0.2371843715,0.1534586149,nan,nan,nan,nan,nan,nan,nan,0.1122812043
55080,0.5148253101,0.5126497943,0.5061289478,0.4952764729,0.4801076993,0.4606269042,0.4368035272,0.4085311018,0.3755460999,0.3372532279,0.2922713216,0.2368392613,0.1531494473,nan,nan,nan,nan,nan,nan,nan,0.112093572
55140,0.514006472,0.5118353312,0.5053275712,0.4944967329,0.4793578996,0.4599150274,0.4361371774,0.4079174239,0.3749917491,0.336764349,0.2918533308,0.2364950142,0.1528411106,nan,nan,nan,nan,nan,nan,nan,0.1119066474
55200,0.5131900402,0.511023261,0.5045285473,0.4937192793,0.478610295,0.4592052305,0.4354727703,0.4073055313,0.3744390083,0.3362768896,0.2914365584,0.2361517293,0.1525336017,nan,nan,nan,nan,nan,nan,nan,0.1117204277
55260,0.5123760061,0.510213575,0.5037318676,0.492944104,0.4778648776,0.4584975061,0.4348102988,0.4066954174,0.3738878716,0.3357908447,0.2910209997,0.2358094565,0.1522269176,nan,nan,nan,nan,nan,nan,nan,0.1115349102
55320,0.5115643611,0.5094062648,0.5029375237,0.4921711987,0.4771216395,0.4577918467,0.434149756,0.4060870758,0.3733383331,0.3353062088,0.2906066503,0.2354681917,0.1519199196,nan,nan,nan,nan,nan,nan,nan,0.111350092
55380,0.5107550966,0.5086013217,0.5021455073,0.4914005552,0.4763805728,0.4570882448,0.4334911348,0.4054805,0.3727903868,0.3348229768,0.2901935055,0.235127931,0.1516136373,nan,nan,nan,nan,nan,nan,nan,0.1111659706
55440,0.5099482039,0.5077987374,0.5013558099,0.4906321654,0.4756416698,0.456386693,0.4328344283,0.4048756836,0.372244027,0.3343411434,0.2897815608,0.2347886705,0.1513081681,nan,nan,nan,nan,nan,nan,nan,0.110982543
55500,0.5091436747,0.5069985032,0.5005684233,0.4898660212,0.4749049226,0.4556871839,0.4321796295,0.4042726201,0.3716992478,0.3338607035,0.2893708115,0.2344504063,0.1510035091,nan,nan,nan,nan,nan,nan,nan,0.1107998065
55560,0.5083415005,0.5062006108,0.499783339,0.4891021146,0.4741703235,0.4549897102,0.4315267316,0.4036713032,0.3711560434,0.3333816519,0.2889612533,0.2341131345,0.1506996572,nan,nan,nan,nan,nan,nan,nan,0.1106177584
55620,0.5075416727,0.5054050518,0.499000549,0.4883404375,0.4734378647,0.4542942644,0.4308757276,0.4030717265,0.3706144081,0.3329039834,0.2885528815,0.2337768512,0.1503966095,nan,nan,nan,nan,nan,nan,nan,0.1104363959
55680,0.506744183,0.5046118177,0.4982200449,0.487580982,0.4727075387,0.4536008393,0.4302266108,0.4024738838,0.3700743361,0.3324276929,0.2881456916,0.2334415524,0.1500935397,nan,nan,nan,nan,nan,nan,nan,0.1102557163
55740,0.505949023,0.5038209004,0.4974418185,0.4868237399,0.4719793376,0.4529094276,0.4295793742,0.4018777686,0.3695358216,0.3319527753,0.2877396793,0.2331072344,0.149790817,nan,nan,nan,nan,nan,nan,nan,0.110075717
55800,0.5051561862,0.5030322933,0.4966658636,0.4860687052,0.4712532556,0.4522200238,0.4289340127,0.4012833761,0.3689988603,0.3314792266,0.287334841,0.232773894,0.1494888861,nan,nan,nan,nan,nan,nan,nan,0.1098963503
55860,0.5043656811,0.502246121,0.4958926484,0.4853169203,0.47053114,0.4515355114,0.4282946821,0.4006964007,0.368471017,0.3310169623,0.2869443252,0.2324601649,0.1492294184,nan,nan,nan,nan,nan,nan,nan,0.1097173147
55920,0.5035775238,0.501462283,0.4951217268,0.484567362,0.4698111586,0.4508530167,0.4276572303,0.4001111446,0.3679447154,0.3305560464,0.2865549521,0.2321473394,0.1489706352,nan,nan,nan,nan,nan,nan,nan,0.1095385847
55980,0.5027917068,0.5006807716,0.4943530914,0.483820023,0.4690933044,0.450172533,0.4270216509,0.399527602,0.3674199502,0.3300964741,0.2861667178,0.2318354433,0.1487125146,nan,nan,nan,nan,nan,nan,nan,0.1093604318
56040,0.5020082191,0.4999015761,0.4935867315,0.4830748931,0.4683775675,0.4494940511,0.4263879354,0.3989457648,0.3668967144,0.3296382393,0.2857796169,0.2315244715,0.148455086,nan,nan,nan,nan,nan,nan,nan,0.1091828664
56100,0.5012270531,0.4991246888,0.4928226396,0.4823319648,0.4676639408,0.4488175642,0.4257560775,0.3983655976,0.3663750026,0.3291813373,0.2853936452,0.2312144193,0.1481983527,nan,nan,nan,nan,nan,nan,nan,0.1090059089
56160,0.5004482004,0.4983501014,0.4920608076,0.4815912304,0.4669524169,0.4481430652,0.4251260705,0.3977871243,0.3658548095,0.3287257631,0.2850087831,0.2309052818,0.1479417451,nan,nan,nan,nan,nan,nan,nan,0.1088295729
56220,0.4996716525,0.4975778055,0.4913012272,0.4808526816,0.466242988,0.4474705467,0.4244979076,0.3972103385,0.3653361219,0.3282715118,0.2846249879,0.2305970543,0.1476855377,nan,nan,nan,nan,nan,nan,nan,0.1086538671
56280,0.4988974009,0.4968077925,0.4905438899,0.4801163105,0.4655356461,0.4468000013,0.4238715818,0.3966352339,0.3648189128,0.3278185784,0.284242309,0.2302897323,0.1474300349,nan,nan,nan,nan,nan,nan,nan,0.1084787966
56340,0.4981254371,0.4960400541,0.4897887876,0.479382109,0.4648303838,0.4461314219,0.4232470864,0.3960618043,0.3643032054,0.3273669577,0.2838607418,0.2299833119,0.1471752368,nan,nan,nan,nan,nan,nan,nan,0.1083043628
56400,0.4973557527,0.4952745819,0.489035912,0.4786500691,0.4641271933,0.445464801,0.4226244146,0.3954900434,0.363788994,0.3269166146,0.2834802818,0.2296777889,0.1469211447,nan,nan,nan,nan,nan,nan,nan,0.1081305687
56460,0.4965883393,0.4945113675,0.488285255,0.4779201828,0.463426067,0.4448001316,0.4220035597,0.3949199451,0.3632762731,0.3264675585,0.2831009246,0.2293731597,0.1466677577,nan,nan,nan,nan,nan,nan,nan,0.1079574141
56520,0.4958231887,0.4937504027,0.4875368084,0.4771924424,0.4627269973,0.4441374064,0.4213845149,0.3943515032,0.362765037,0.3260198004,0.2827226657,0.2290694205,0.1464150755,nan,nan,nan,nan,nan,nan,nan,0.1077848999
56580,0.4950602924,0.4929916794,0.4867905641,0.4764668398,0.4620299767,0.4434766184,0.4207672737,0.3937847116,0.3622552804,0.3255733355,0.2823455008,0.2287665677,0.1461630966,nan,nan,nan,nan,nan,nan,nan,0.1076130251
56640,0.4942996424,0.4922351891,0.486046514,0.4757433673,0.4613349976,0.4428177603,0.4201518293,0.3932195642,0.3617469975,0.3251281587,0.2819694253,0.228464598,0.1459118199,nan,nan,nan,nan,nan,nan,nan,0.1074417894
56700,0.4935412303,0.4914809238,0.4853046502,0.4750220171,0.4606420527,0.4421608251,0.419538174,0.3926560549,0.3612401831,0.3246842652,0.281594435,0.2281635079,0.1456608531,nan,nan,nan,nan,nan,nan,nan,0.1072711913
56760,0.4927850479,0.4907288754,0.4845649645,0.4743027814,0.4599511343,0.4415058057,0.4189262781,0.3920941777,0.3607348315,0.3242416502,0.2812205256,0.2278632942,0.14541007,nan,nan,nan,nan,nan,nan,nan,0.1071012295
56820,0.4920310873,0.4899790357,0.4838274492,0.4735856525,0.4592622352,0.4408526952,0.4183161596,0.3915339265,0.3602309374,0.3238003086,0.2808476929,0.2275639534,0.1451599816,nan,nan,nan,nan,nan,nan,nan,0.1069319022
56880,0.4912793401,0.4892313968,0.4830920962,0.4728706227,0.458575348,0.4402014866,0.4177078117,0.3909752954,0.3597284953,0.3233602358,0.2804759327,0.2272654754,0.1449105862,nan,nan,nan,nan,nan,nan,nan,0.106763208
56940,0.4905297982,0.4884859503,0.4823588975,0.4721576725,0.4578904651,0.4395521727,0.4171012279,0.3904182783,0.3592274998,0.3229214268,0.2801052405,0.22696773,0.1446618823,nan,nan,nan,nan,nan,nan,nan,0.1065951458
57000,0.4897824538,0.4877426885,0.4816278455,0.471446804,0.4572075794,0.4389047468,0.4164964018,0.3898628693,0.3587279455,0.3224838769,0.2797356125,0.2266708478,0.1444138673,nan,nan,nan,nan,nan,nan,nan,0.106427713
57060,0.4890372987,0.4870016033,0.4808989321,0.4707380115,0.4565266834,0.4382592018,0.415893327,0.3893090625,0.3582298271,0.3220475813,0.2793670444,0.2263748257,0.1441665391,nan,nan,nan,nan,nan,nan,nan,0.106260908
57120,0.4882943247,0.4862626867,0.4801721494,0.4700312876,0.4558477699,0.4376155308,0.4152919968,0.3887568518,0.3577331391,0.3216125351,0.278999532,0.2260796602,0.143919896,nan,nan,nan,nan,nan,nan,nan,0.1060947293
57180,0.4875535241,0.4855259308,0.4794474899,0.4693266247,0.4551708317,0.4369737271,0.4146924051,0.3882062316,0.3572378763,0.3211787337,0.2786330715,0.2257853482,0.1436739351,nan,nan,nan,nan,nan,nan,nan,0.1059291742
57240,0.486814889,0.4847913279,0.4787249457,0.4686240153,0.4544958615,0.4363337838,0.4140945453,0.3876571958,0.3567440333,0.3207461724,0.2782676587,0.2254918865,0.1434283731,nan,nan,nan,nan,nan,nan,nan,0.1057642409
57300,0.4860784112,0.4840588697,0.4780045091,0.4679234517,0.4538228521,0.4356956939,0.4134984111,0.3871097386,0.3562516048,0.3203148463,0.2779032894,0.2251992718,0.1431828345,nan,nan,nan,nan,nan,nan,nan,0.1055999274
57360,0.4853440832,0.4833285488,0.4772861724,0.4672249268,0.4531517964,0.4350594509,0.4129039963,0.3865638543,0.3557605857,0.319884751,0.27753996,0.2249075009,0.1429379694,nan,nan,nan,nan,nan,nan,nan,0.1054362312
57420,0.4846118969,0.4826003573,0.4765699279,0.4665284329,0.4524826873,0.434425048,0.4123112945,0.3860195371,0.3552709707,0.3194558818,0.2771776663,0.2246165706,0.1426937756,nan,nan,nan,nan,nan,nan,nan,0.1052731501
57480,0.4838818445,0.4818742873,0.475855768,0.4658339626,0.4518155176,0.4337924782,0.4117202994,0.385476781,0.3547827544,0.319028234,0.2768164044,0.2243264778,0.1424502507,nan,nan,nan,nan,nan,nan,nan,0.1051106822
57540,0.4831539184,0.4811503312,0.4751436852,0.4651415086,0.4511502802,0.4331617352,0.4111310048,0.3849355805,0.3542959318,0.318601803,0.2764561704,0.2240372191,0.1422073923,nan,nan,nan,nan,nan,nan,nan,0.104948825
57600,0.4824281108,0.4804284814,0.4744336719,0.4644510636,0.4504869682,0.4325328121,0.4105434044,0.3843959298,0.3538104977,0.3181765843,0.2760969296,0.2237487914,0.141965198,nan,nan,nan,nan,nan,nan,nan,0.1047875762
57660,0.4817044138,0.4797087299,0.4737257203,0.46376262,0.4498255719,0.4319057022,0.409957492,0.3838578231,0.3533264468,0.3177525732,0.2757386716,0.2234611916,0.1417236654,nan,nan,nan,nan,nan,nan,nan,0.1046269337
57720,0.48098282,0.4789910694,0.4730198233,0.4630761709,0.4491660721,0.431280399,0.4093732616,0.3833212548,0.3528437741,0.3173297654,0.27538143,0.2231744165,0.1414827921,nan,nan,nan,nan,nan,nan,nan,0.1044668951
57780,0.4802633216,0.4782754921,0.4723159732,0.4623917089,0.4485084767,0.4306568959,0.4087907068,0.3827862194,0.3523624745,0.3169081563,0.2750252008,0.2228884629,0.1412423213,nan,nan,nan,nan,nan,nan,nan,0.1043074582
57840,0.4795459109,0.4775619905,0.4716141626,0.4617092266,0.4478527787,0.4300351863,0.4082098216,0.3822527109,0.3518825429,0.3164877412,0.2746699803,0.2226033276,0.1410017917,nan,nan,nan,nan,nan,nan,nan,0.1041486205
57900,0.4788305805,0.476850557,0.4709143841,0.461028717,0.4471989713,0.4294152637,0.4076305999,0.381720724,0.3514039742,0.316068516,0.2743157647,0.2223190075,0.1407619123,nan,nan,nan,nan,nan,nan,nan,0.1039903799
57960,0.4781173228,0.4761411842,0.4702166303,0.4603501729,0.4465470476,0.428797113,0.4070530357,0.3811902531,0.3509267634,0.3156504761,0.2739625502,0.2220354441,0.1405226806,nan,nan,nan,nan,nan,nan,nan,0.103832734
58020,0.47740613,0.4754338645,0.4695208937,0.459673587,0.4458970006,0.428180724,0.4064771227,0.3806612924,0.3504509054,0.3152336169,0.2736103329,0.2217526045,0.1402840943,nan,nan,nan,nan,nan,nan,nan,0.1036756805
58080,0.476696995,0.4747285904,0.4688271671,0.4589989523,0.4452488237,0.4275661025,0.405902855,0.3801338366,0.3499763952,0.3148179342,0.2732591092,0.2214705708,0.1400461509,nan,nan,nan,nan,nan,nan,nan,0.1035192171
58140,0.4759899101,0.4740253546,0.4681354433,0.4583262617,0.44460251,0.4269532422,0.4053302267,0.37960788,0.349503228,0.3144034237,0.2729088752,0.2211893401,0.1398088481,nan,nan,nan,nan,nan,nan,nan,0.1033633414
58200,0.4752848679,0.4733241497,0.467445715,0.4576555082,0.4439580527,0.4263421367,0.4047592317,0.3790834173,0.3490313987,0.3139900457,0.2725596274,0.2209089092,0.1395721834,nan,nan,nan,nan,nan,nan,nan,0.1032080511
58260,0.474581861,0.4726249682,0.4667579748,0.4569866847,0.4433154451,0.4257327795,0.4041898641,0.3785604429,0.3485609024,0.3135778214,0.2722113618,0.2206292749,0.1393361544,nan,nan,nan,nan,nan,nan,nan,0.1030533439
58320,0.473880882,0.4719278029,0.4660722156,0.4563197842,0.4426746805,0.4251251643,0.4036221179,0.3780389514,0.3480917342,0.3131667562,0.271864075,0.2203504343,0.1391004397,nan,nan,nan,nan,nan,nan,nan,0.1028992175
58380,0.4731819235,0.4712326464,0.4653884245,0.4556547998,0.4420357521,0.4245192848,0.4030559872,0.3775189372,0.3476238891,0.3127568459,0.271517763,0.2200723842,0.138864674,nan,nan,nan,nan,nan,nan,nan,0.1027456694
58440,0.4724849783,0.4705394914,0.4647065966,0.4549917244,0.4413986534,0.4239151346,0.4024914661,0.3770003952,0.3471573477,0.3123480861,0.2711724224,0.2197951216,0.1386295351,nan,nan,nan,nan,nan,nan,nan,0.1025926975
58500,0.471790039,0.4698483308,0.4640267282,0.4543305511,0.4407633776,0.4233127075,0.4019285488,0.3764833197,0.3466921001,0.3119404726,0.2708280495,0.2195186435,0.1383950204,nan,nan,nan,nan,nan,nan,nan,0.1024402994
58560,0.4710970984,0.4691591573,0.4633488124,0.4536712732,0.4401299182,0.4227119973,0.4013672295,0.3759677056,0.3462281612,0.3115340011,0.2704846406,0.2192429467,0.1381611276,nan,nan,nan,nan,nan,nan,nan,0.1022884728
58620,0.4704061493,0.4684719636,0.4626728419,0.4530138837,0.4394982686,0.4221129976,0.4008075023,0.3754535475,0.3457655263,0.3111286675,0.2701421921,0.2189680284,0.1379278544,nan,nan,nan,nan,nan,nan,nan,0.1021372154
58680,0.4697171845,0.4677867427,0.4619988098,0.4523583757,0.4388684222,0.4215157023,0.4002493614,0.37494084,0.3453041904,0.3107244675,0.2698007004,0.2186938853,0.1376951984,nan,nan,nan,nan,nan,nan,nan,0.1019865248
58740,0.4690301967,0.4671034874,0.461326709,0.4517047426,0.4382403726,0.4209201053,0.3996928011,0.3744295778,0.344844149,0.3103213968,0.2694601619,0.2184205147,0.1374631573,nan,nan,nan,nan,nan,nan,nan,0.1018363987
58800,0.4683451789,0.4664221906,0.4606565326,0.4510529774,0.4376141132,0.4203262003,0.3991378157,0.3739197305,0.3443853972,0.3099194515,0.2691205731,0.2181479134,0.1372317287,nan,nan,nan,nan,nan,nan,nan,0.101686835
58860,0.4676621238,0.4657428452,0.4599882737,0.4504030735,0.4369896375,0.4197339812,0.3985843994,0.3734113151,0.3439279303,0.3095186272,0.2687819304,0.2178760785,0.1370004248,nan,nan,nan,nan,nan,nan,nan,0.1015378311
58920,0.4669810246,0.4650654443,0.4593219252,0.4497550241,0.436366939,0.4191434419,0.3980325465,0.3729043294,0.3434717436,0.3091189199,0.2684442302,0.217605007,0.1367691785,nan,nan,nan,nan,nan,nan,nan,0.101389385
58980,0.466301874,0.4643899806,0.4586574803,0.4491088225,0.4357460115,0.4185545764,0.3974822513,0.3723987682,0.3430168324,0.3087203254,0.2681074691,0.2173346959,0.1365385359,nan,nan,nan,nan,nan,nan,nan,0.1012414942
59040,0.465624665,0.4637164474,0.4579949322,0.4484644621,0.4351268484,0.4179673786,0.3969335083,0.3718946263,0.3425631921,0.3083228396,0.2677715908,0.2170650264,0.1363084947,nan,nan,nan,nan,nan,nan,nan,0.1010941566
59100,0.4649493907,0.4630448375,0.4573342739,0.4478219362,0.4345094433,0.4173818425,0.3963863117,0.3713918986,0.342110818,0.3079264585,0.2674366302,0.2167960869,0.1360790525,nan,nan,nan,nan,nan,nan,nan,0.1009473698
59160,0.464276044,0.4623751441,0.4566754987,0.4471812382,0.4338937901,0.416797962,0.395840656,0.3708905798,0.3416597055,0.307531178,0.2671025982,0.2165278992,0.1358502071,nan,nan,nan,nan,nan,nan,nan,0.1008011316
59220,0.463604618,0.4617073603,0.4560185997,0.4465423614,0.4332798822,0.4162157311,0.3952965355,0.370390665,0.34120985,0.307136994,0.2667694913,0.2162604603,0.1356219562,nan,nan,nan,nan,nan,nan,nan,0.1006554397
59280,0.4629351059,0.4610414792,0.4553635703,0.4459052994,0.4326677134,0.4156351439,0.3947539448,0.369892149,0.3407612469,0.3067439025,0.2664373062,0.2159937675,0.1353942976,nan,nan,nan,nan,nan,nan,nan,0.1005102918
59340,0.4622675006,0.4603774938,0.4547104036,0.4452700456,0.4320572775,0.4150561946,0.3942128783,0.3693950266,0.3403138916,0.3063518995,0.2661060394,0.2157278177,0.1351672289,nan,nan,nan,nan,nan,nan,nan,0.1003656858
59400,0.4616017968,0.4597153989,0.4540590944,0.4446365948,0.4314485695,0.4144788783,0.3936733317,0.368899294,0.3398677805,0.3059609817,0.2657756881,0.2154626086,0.134939982,nan,nan,nan,nan,nan,nan,nan,0.1002215847
59460,0.4609380016,0.4590553048,0.4534100631,0.4440058805,0.430843243,0.4139057785,0.3931390341,0.3684100874,0.3394297598,0.3055801669,0.2654583344,0.2152156987,0.1347567167,nan,nan,nan,nan,nan,nan,nan,0.1000777039
59520,0.46027613,0.4583971226,0.4527629092,0.4433769866,0.4302396583,0.4133343211,0.3926062603,0.3679222684,0.3389929741,0.3052004202,0.2651418692,0.2149694894,0.1345739271,nan,nan,nan,nan,nan,nan,nan,0.09993400644
59580,0.4596161737,0.4577408443,0.4521176247,0.4427499054,0.429637808,0.4127644993,0.392075004,0.367435831,0.3385574182,0.3048217368,0.2648262888,0.2147239777,0.1343916091,nan,nan,nan,nan,nan,nan,nan,0.09979076589
59640,0.4589581258,0.4570864629,0.451474203,0.4421246304,0.4290376857,0.412196307,0.3915452595,0.3669507702,0.3381230874,0.304444113,0.2645115897,0.2144791602,0.1342097802,nan,nan,nan,nan,nan,nan,nan,0.09964799266
59700,0.4583019791,0.4564339714,0.4508326369,0.4415011546,0.428439285,0.4116297381,0.3910170212,0.3664670808,0.3376899774,0.3040675446,0.2641977685,0.2142350334,0.1340284493,nan,nan,nan,nan,nan,nan,nan,0.09950570386
59760,0.4576477267,0.4557833626,0.4501929196,0.4408794716,0.4278425995,0.4110647866,0.3904902836,0.3659847578,0.3372580833,0.3036920278,0.2638848219,0.2139915936,0.1338476229,nan,nan,nan,nan,nan,nan,nan,0.09936391146
59820,0.4569953615,0.4551346297,0.4495550444,0.4402595747,0.4272476228,0.4105014467,0.3899650411,0.365503796,0.3368274009,0.3033175586,0.2635727466,0.2137488374,0.1336673039,nan,nan,nan,nan,nan,nan,nan,0.09922262058
59880,0.4563448766,0.4544877659,0.4489190044,0.4396414572,0.4266543488,0.4099397122,0.3894412881,0.3650241905,0.3363979255,0.302944133,0.263261539,0.2135067615,0.1334874951,nan,nan,nan,nan,nan,nan,nan,0.09908183675
59940,0.4556962651,0.4538427641,0.4482847929,0.4390251127,0.4260627711,0.4093795774,0.3889190192,0.3645459363,0.3359696527,0.3025717473,0.2629511959,0.2132653625,0.1333081971,nan,nan,nan,nan,nan,nan,nan,0.09894156139
60000,0.45504952,0.4531996176,0.4476524032,0.4384105347,0.4254728835,0.4088210363,0.388398229,0.3640690283,0.3355425781,0.3022003974,0.2626417138,0.2130246378,0.1331294099,nan,nan,nan,nan,nan,nan,nan,0.09880179518
60060,0.4544046346,0.4525583196,0.4470218286,0.4377977167,0.4248846798,0.4082640831,0.387878912,0.3635934617,0.3351166973,0.3018300796,0.2623330893,0.2127845847,0.1329511329,nan,nan,nan,nan,nan,nan,nan,0.09866253812
60120,0.4537616021,0.4519188632,0.4463930624,0.4371866522,0.4242981538,0.407708712,0.3873610628,0.3631192315,0.3346920057,0.30146079,0.262025319,0.2125452002,0.1327733662,nan,nan,nan,nan,nan,nan,nan,0.09852379098
60180,0.4531204155,0.4512812417,0.4457660979,0.4365773347,0.4237132993,0.4071549171,0.386844676,0.3626463327,0.3342684991,0.3010925247,0.2617183997,0.2123064815,0.1325961095,nan,nan,nan,nan,nan,nan,nan,0.09838555405
60240,0.4524810681,0.4506454485,0.4451409286,0.4359697579,0.4231301103,0.4066026927,0.3863297462,0.3621747606,0.333846173,0.3007252799,0.2614123279,0.2120684266,0.1324193608,nan,nan,nan,nan,nan,nan,nan,0.09824782541
60300,0.4518435532,0.4500114766,0.4445175478,0.4353639153,0.4225485806,0.4060520329,0.385816268,0.36170451,0.3334250231,0.3003590517,0.2611071003,0.2118310323,0.1322431201,nan,nan,nan,nan,nan,nan,nan,0.09811060572
60360,0.451207864,0.4493793195,0.4438959491,0.4347598006,0.421968704,0.4055029321,0.3853042362,0.3612355763,0.3330050451,0.2999938365,0.2608027136,0.2115942966,0.1320673244,nan,nan,nan,nan,nan,nan,nan,0.09797389284
60420,0.4505739939,0.4487489705,0.4432761258,0.4341574075,0.4213904746,0.4049553845,0.3847936454,0.3607679546,0.3325862345,0.2996296302,0.2604991646,0.2113582167,0.131891536,nan,nan,nan,nan,nan,nan,nan,0.09783768573
60480,0.4499419361,0.448120423,0.4426580715,0.4335567295,0.4208138863,0.4044093844,0.3842844903,0.36030164,0.3321685872,0.299266427,0.26019645,0.2111227903,0.13171625,nan,nan,nan,nan,nan,nan,nan,0.09770198343
60540,0.4493116841,0.4474936704,0.4420417797,0.4329577606,0.4202389331,0.4038649263,0.3837767657,0.3598366278,0.3317520988,0.2989042059,0.2598945667,0.210888015,0.1315414644,nan,nan,nan,nan,nan,nan,nan,0.09756678361
60600,0.4486832312,0.446868706,0.4414272438,0.4323604944,0.419665609,0.4033220043,0.3832704663,0.3593729132,0.331336765,0.2985429826,0.2595935114,0.2106538883,0.1313671778,nan,nan,nan,nan,nan,nan,nan,0.09743208532
60660,0.4480565709,0.4462455235,0.4408144576,0.4317649247,0.4190939081,0.402780613,0.382765587,0.3589104914,0.3309225816,0.2981827533,0.259293281,0.2104204079,0.1311933884,nan,nan,nan,nan,nan,nan,nan,0.09729788658
60720,0.4474316966,0.4456241163,0.4402034147,0.4311710453,0.4185238244,0.4022407467,0.3822621144,0.3584493577,0.3305095444,0.2978235145,0.2589938724,0.2101875238,0.1310200943,nan,nan,nan,nan,nan,nan,nan,0.09716418581
60780,0.4468086016,0.4450044777,0.4395941085,0.4305788499,0.417955352,0.4017023997,0.3817600482,0.3579895074,0.330097649,0.2974652622,0.2586952824,0.2099552588,0.1308472942,nan,nan,nan,nan,nan,nan,nan,0.09703098155
60840,0.4461872797,0.4443866015,0.4389865329,0.4299883326,0.4173884851,0.4011655667,0.3812593865,0.3575309358,0.3296868914,0.2971079929,0.258397508,0.2097236328,0.1306749858,nan,nan,nan,nan,nan,nan,nan,0.09689827182
60900,0.4455677243,0.4437704812,0.4383806814,0.4293994871,0.4168232177,0.4006302421,0.3807601243,0.3570736381,0.3292772673,0.296751703,0.258100546,0.2094926436,0.1305031676,nan,nan,nan,nan,nan,nan,nan,0.0967660549
60960,0.4449499289,0.4431561103,0.4377765477,0.4288123072,0.416259544,0.4000964203,0.3802622562,0.3566176098,0.3288687725,0.2963963886,0.2578043935,0.2092622887,0.1303318378,nan,nan,nan,nan,nan,nan,nan,0.0966343292
61020,0.4443338871,0.4425434825,0.4371741257,0.428226787,0.4156974583,0.3995640959,0.3797657775,0.3561628461,0.3284614029,0.2960420463,0.2575090473,0.2090325657,0.1301609944,nan,nan,nan,nan,nan,nan,nan,0.09650309268
61080,0.4437195925,0.4419325914,0.4365734091,0.4276429205,0.4151369547,0.3990332634,0.3792706829,0.3557093426,0.3280551544,0.2956886724,0.2572145046,0.2088034722,0.1299906356,nan,nan,nan,nan,nan,nan,nan,0.09637234357
61140,0.4431070387,0.4413234306,0.4359743916,0.4270607014,0.4145780274,0.3985039173,0.3787769673,0.3552570944,0.3276500228,0.2953362633,0.2569207621,0.2085750059,0.1298207595,nan,nan,nan,nan,nan,nan,nan,0.09624208011
61200,0.442496219,0.4407159935,0.4353770666,0.4264801235,0.4140206703,0.3979760519,0.3782846255,0.3548060968,0.3272460038,0.2949848153,0.2566278168,0.2083471643,0.1296513646,nan,nan,nan,nan,nan,nan,nan,0.0961123093
61260,0.4418871116,0.4401101609,0.4347810226,0.4259002909,0.4134633069,0.3974472106,0.3777901025,0.3543514676,0.3268365828,0.2946257101,0.2563241163,0.2081030008,0.1294388886,nan,nan,nan,nan,nan,nan,nan,0.09598339722
61320,0.4412796935,0.439506008,0.4341866289,0.4253220602,0.4129074788,0.3969198203,0.37729693,0.353898073,0.3264282667,0.2942675678,0.2560212111,0.2078594895,0.1292264198,nan,nan,nan,nan,nan,nan,nan,0.09585523396
61380,0.440673957,0.4389035268,0.4335938779,0.4247454241,0.4123531788,0.3963938744,0.3768051016,0.3534459071,0.3260210503,0.2939103838,0.2557190618,0.2076166274,0.1290139409,nan,nan,nan,nan,nan,nan,nan,0.09572763659
61440,0.4400698966,0.438302712,0.4330027643,0.4241703775,0.4118004021,0.3958693681,0.3763146131,0.3529949662,0.3256149302,0.2935541551,0.2554177163,0.2073744127,0.1288020147,nan,nan,nan,nan,nan,nan,nan,0.09560056984
61500,0.439467507,0.4377035583,0.4324132829,0.4235969153,0.4112491437,0.3953462969,0.3758254601,0.3525452463,0.3252099026,0.2931988784,0.2551171718,0.2071328439,0.1285906304,nan,nan,nan,nan,nan,nan,nan,0.09547401763
61560,0.4388667828,0.4371060603,0.4318254283,0.4230250323,0.4106993989,0.3948246561,0.3753376384,0.3520967433,0.324805937,0.2928445506,0.2548174259,0.2068919194,0.128379781,nan,nan,nan,nan,nan,nan,nan,0.09534796692
61620,0.4382677175,0.4365102116,0.4312391943,0.4224547223,0.4101511616,0.3943044401,0.3748511427,0.3516494524,0.324403051,0.2924911681,0.2545184752,0.2066516372,0.1281694595,nan,nan,nan,nan,nan,nan,nan,0.0952224074
61680,0.4376703057,0.4359160069,0.4306545756,0.4218859804,0.409604427,0.3937856444,0.3743659688,0.3512033699,0.3240012464,0.2921387276,0.2542203174,0.2064119956,0.1279596602,nan,nan,nan,nan,nan,nan,nan,0.09509733157
61740,0.4370745416,0.4353234403,0.4300715665,0.421318801,0.4090591898,0.393268264,0.3738821119,0.3507584914,0.3236005191,0.2917872258,0.2539229494,0.2061729929,0.1277503768,nan,nan,nan,nan,nan,nan,nan,0.09497273004
61800,0.4364804193,0.4347325059,0.4294901612,0.4207531784,0.4085154446,0.3927522936,0.3733995672,0.3503148124,0.3232008654,0.2914366592,0.2536263686,0.2059346266,0.1275415781,nan,nan,nan,nan,nan,nan,nan,0.09484860188
61860,0.4358879328,0.4341431978,0.4289103539,0.420189107,0.407973186,0.3922377282,0.3729183301,0.3498723287,0.3228022813,0.2910870245,0.2533305721,0.2056968948,0.1273321107,nan,nan,nan,nan,nan,nan,nan,0.09472493766
61920,0.4352970763,0.4335555104,0.4283321391,0.4196265814,0.4074324087,0.3917245629,0.3724383959,0.349431036,0.322404763,0.2907383183,0.2530355571,0.205459795,0.1271231475,nan,nan,nan,nan,nan,nan,nan,0.09460173782
61980,0.4347078441,0.4329694378,0.4277555108,0.4190655959,0.4068931075,0.3912127927,0.37195976,0.34899093,0.3220083066,0.2903905372,0.252741321,0.2052233251,0.1269146841,nan,nan,nan,nan,nan,nan,nan,0.09447899704
62040,0.4341202303,0.4323849742,0.4271804637,0.4185061453,0.4063552771,0.3907024125,0.3714824177,0.3485520066,0.3216129084,0.2900436781,0.252447861,0.2049873517,0.1267067181,nan,nan,nan,nan,nan,nan,nan,0.09435671246
62100,0.4335342293,0.4318021141,0.426606992,0.4179482239,0.4058189124,0.3901934176,0.3710063645,0.3481142616,0.3212185646,0.2896977375,0.2521551745,0.2047519951,0.1264992476,nan,nan,nan,nan,nan,nan,nan,0.09423488219
62160,0.4329498354,0.4312208517,0.4260350903,0.4173918266,0.4052840081,0.3896858029,0.3705315958,0.3476776906,0.3208252715,0.2893527122,0.2518632586,0.2045172611,0.1262922694,nan,nan,nan,nan,nan,nan,nan,0.09411350273
62220,0.432367043,0.4306411815,0.425464753,0.4168369479,0.4047505593,0.3891795638,0.3700581072,0.3472422897,0.3204330254,0.2890085992,0.2515721107,0.2042831473,0.1260857819,nan,nan,nan,nan,nan,nan,nan,0.09399257222
62280,0.4317858463,0.4300630978,0.4248959746,0.4162835824,0.4042185606,0.3886746952,0.369585894,0.3468080547,0.3200418224,0.2886653949,0.2512817282,0.2040496514,0.1258797822,nan,nan,nan,nan,nan,nan,nan,0.09387208743
62340,0.4312062398,0.429486595,0.4243287496,0.4157317247,0.4036880069,0.3881711924,0.3691149517,0.3463749801,0.319651659,0.2883230963,0.2509921083,0.2038167708,0.1256734518,nan,nan,nan,nan,nan,nan,nan,0.09375204579
62400,0.4306282179,0.4289116677,0.4237630726,0.4151813698,0.4031588934,0.3876690506,0.368645276,0.3459430386,0.3192625315,0.2879817003,0.2507032483,0.2035845033,0.1254671721,nan,nan,nan,nan,nan,nan,nan,0.09363244555
62460,0.430051775,0.4283383102,0.4231989381,0.4146325122,0.4026312148,0.3871682649,0.3681768624,0.3455122506,0.3188744362,0.2876412035,0.2504151454,0.2033528464,0.1252613716,nan,nan,nan,nan,nan,nan,nan,0.09351328381
62520,0.4294769054,0.427766517,0.4226363406,0.4140851466,0.4021049661,0.3866688306,0.3677097062,0.3450826122,0.3184873694,0.2873016028,0.2501277971,0.2031217977,0.1250560484,nan,nan,nan,nan,nan,nan,nan,0.09339455827
62580,0.4289036039,0.4271962827,0.4220752749,0.4135392679,0.4015801423,0.3861707431,0.3672438033,0.3446541194,0.3181013276,0.2869628952,0.2498412006,0.2028913549,0.1248512008,nan,nan,nan,nan,nan,nan,nan,0.09327626737
62640,0.4283318648,0.4266276017,0.4215157355,0.4129948708,0.4010567384,0.3856739974,0.3667791492,0.344226768,0.3177163071,0.286625058,0.2495553532,0.2026615156,0.1246468266,nan,nan,nan,nan,nan,nan,nan,0.09315840851
62700,0.4277616826,0.4260604685,0.4209577169,0.41245195,0.4005347493,0.3851785889,0.3663157393,0.3438005541,0.3173323043,0.2862880851,0.2492702522,0.2024322774,0.1244429237,nan,nan,nan,nan,nan,nan,nan,0.09304097951
62760,0.4271930519,0.4254948779,0.420401214,0.4119105006,0.4000141702,0.384684513,0.3658535696,0.3433754737,0.3169493157,0.2859519959,0.2489858452,0.2022036381,0.1242394906,nan,nan,nan,nan,nan,nan,nan,0.09292397875
62820,0.4266259672,0.4249308244,0.4198462215,0.4113705172,0.3994949961,0.3841917649,0.3653926354,0.3429515227,0.3165673377,0.2856167873,0.2487021648,0.2019755952,0.1240360308,nan,nan,nan,nan,nan,nan,nan,0.0928074041
62880,0.4260604231,0.4243683026,0.4192927339,0.4108319947,0.3989772221,0.3837003401,0.3649329326,0.3425286974,0.3161863668,0.2852824561,0.2484192229,0.2017481466,0.1238322369,nan,nan,nan,nan,nan,nan,nan,0.09269125362
62940,0.4254964143,0.423807307,0.4187407461,0.410294928,0.3984608432,0.3832102337,0.3644744568,0.3421069935,0.3158063993,0.2849489993,0.2481370169,0.2015212898,0.1236289052,nan,nan,nan,nan,nan,nan,nan,0.09257552521
63000,0.4249339352,0.4232478324,0.4181902527,0.4097593121,0.3979458546,0.3827214413,0.3640172036,0.3416864074,0.3154274318,0.2846164137,0.2478555441,0.2012950227,0.123426034,nan,nan,nan,nan,nan,nan,nan,0.09246021704
63060,0.4243729807,0.4226898735,0.4176412485,0.4092251417,0.3974322513,0.3822339509,0.3635611689,0.3412669349,0.3150494608,0.2842846964,0.2475748019,0.2010692559,0.1232236215,nan,nan,nan,nan,nan,nan,nan,0.09234532721
63120,0.4238135453,0.4221334248,0.4170937284,0.408692412,0.3969200287,0.3817477545,0.3631063483,0.3408485723,0.3146724828,0.2839538443,0.2472947877,0.2008440222,0.123021666,nan,nan,nan,nan,nan,nan,nan,0.09223085378
63180,0.4232556237,0.4215784812,0.4165476872,0.4081611178,0.3964091817,0.3812628582,0.3626527376,0.3404313156,0.3142964943,0.2836238542,0.2470154988,0.2006193715,0.1228201657,nan,nan,nan,nan,nan,nan,nan,0.09211679491
63240,0.4226992106,0.4210250375,0.4160031196,0.4076312541,0.3958997057,0.3807792577,0.3622003326,0.340015161,0.3139214919,0.2832947233,0.2467369326,0.2003953016,0.1226191191,nan,nan,nan,nan,nan,nan,nan,0.09200314876
63300,0.4221443009,0.4204730882,0.4154600206,0.4071028159,0.3953915958,0.3802969483,0.361749129,0.3396001046,0.313547472,0.2829664484,0.2464590866,0.2001718102,0.1224182433,nan,nan,nan,nan,nan,nan,nan,0.09188991346
63360,0.4215908891,0.4199226283,0.4149183849,0.4065757983,0.3948848473,0.3798159257,0.3612991227,0.3391861426,0.3131744314,0.2826390266,0.2461819581,0.1999488952,0.1222167562,nan,nan,nan,nan,nan,nan,nan,0.09177708721
63420,0.4210389701,0.4193736526,0.4143782076,0.4060501963,0.3943794554,0.3793361852,0.3608503094,0.3387732712,0.3128023664,0.2823124548,0.2459055446,0.1997265543,0.1220157156,nan,nan,nan,nan,nan,nan,nan,0.09166466822
63480,0.4204885388,0.4188261558,0.4138394834,0.4055260049,0.3938754154,0.3788577223,0.3604026851,0.3383614865,0.3124312738,0.2819867301,0.2456298435,0.1995047854,0.12181512,nan,nan,nan,nan,nan,nan,nan,0.09155265467
63540,0.4199395898,0.4182801328,0.4133022075,0.4050032193,0.3933727226,0.3783805328,0.3599562456,0.3379507848,0.3120611502,0.2816618494,0.2453548522,0.1992835862,0.1216149678,nan,nan,nan,nan,nan,nan,nan,0.09144104481
63600,0.4193921181,0.4177355785,0.4127663746,0.4044818345,0.3928713722,0.3779046121,0.3595109867,0.3375411624,0.3116919921,0.2813378099,0.2450805682,0.1990629547,0.1214152573,nan,nan,nan,nan,nan,nan,nan,0.09132983687
63660,0.4188461184,0.4171924877,0.4122319797,0.4039618456,0.3923713596,0.3774299557,0.3590669044,0.3371326154,0.3113237962,0.2810146086,0.2448069889,0.1988428887,0.121215987,nan,nan,nan,nan,nan,nan,nan,0.09121902909
63720,0.4183015857,0.4166508554,0.411699018,0.4034432479,0.3918726802,0.3769565594,0.3586239945,0.33672514,0.3109565452,0.2806922425,0.2445341118,0.1986233859,0.1210171553,nan,nan,nan,nan,nan,nan,nan,0.09110861974
63780,0.4177585149,0.4161106765,0.4111674843,0.4029260364,0.3913753293,0.3764844186,0.3581822529,0.3363187327,0.3105902326,0.2803707087,0.2442619344,0.1984044444,0.1208185712,nan,nan,nan,nan,nan,nan,nan,0.0909986071
63840,0.4172169008,0.4155719458,0.4106373737,0.4024102064,0.3908793023,0.3760135292,0.3577416757,0.3359133896,0.3102248723,0.2800500042,0.2439904542,0.198186062,0.1206192187,nan,nan,nan,nan,nan,nan,nan,0.09088898943
63900,0.4166767384,0.4150346585,0.4101086813,0.401895753,0.3903845946,0.3755438866,0.3573022587,0.3355091071,0.3098604609,0.2797301262,0.2437196687,0.1979682366,0.1204202982,nan,nan,nan,nan,nan,nan,nan,0.09077976504
63960,0.4161380227,0.4144988094,0.4095814021,0.4013826715,0.3898912016,0.3750754866,0.356863998,0.3351058814,0.3094969952,0.2794110718,0.2434495754,0.197750966,0.120221808,nan,nan,nan,nan,nan,nan,nan,0.09067093224
64020,0.4156007486,0.4139643936,0.4090555312,0.400870957,0.3893991187,0.3746083248,0.3564268895,0.334703709,0.3091344717,0.279092838,0.2431801718,0.1975342482,0.1200237467,nan,nan,nan,nan,nan,nan,nan,0.09056248932
64080,0.4150649111,0.4134314061,0.4085310638,0.4003606049,0.3889083296,0.374142397,0.3559909292,0.3343025861,0.3087728873,0.278775422,0.2429114554,0.1973180263,0.1198261127,nan,nan,nan,nan,nan,nan,nan,0.09045443463
64140,0.4145305053,0.4128998419,0.4080079949,0.3998516104,0.3884188389,0.3736776989,0.3555561131,0.3339025092,0.3084122387,0.278458821,0.2426433967,0.1971022689,0.1196289046,nan,nan,nan,nan,nan,nan,nan,0.0903467665
64200,0.4139975261,0.4123696962,0.4074863197,0.3993439688,0.3879306448,0.3732142262,0.3551224373,0.3335034745,0.3080525227,0.278143032,0.2423759839,0.1968870583,0.119432121,nan,nan,nan,nan,nan,nan,nan,0.09023948326
64260,0.4134659686,0.4118409639,0.4069660334,0.3988376754,0.3874437429,0.3727519747,0.3546898967,0.3331054785,0.3076937359,0.2778280523,0.2421092512,0.1966723925,0.1192355245,nan,nan,nan,nan,nan,nan,nan,0.09013258327
64320,0.412935828,0.4113136402,0.4064471312,0.3983327256,0.3869581285,0.3722909401,0.3542584687,0.3327085176,0.3073358752,0.277513879,0.2418431961,0.1964582694,0.1190381385,nan,nan,nan,nan,nan,nan,nan,0.0900260649
64380,0.4124070992,0.4107877202,0.4059296082,0.3978291147,0.3864737974,0.3718311183,0.3538281693,0.3323125883,0.3069789374,0.2772005086,0.2415778161,0.1962446869,0.1188411703,nan,nan,nan,nan,nan,nan,nan,0.08991992651
64440,0.4118797774,0.410263199,0.4054134598,0.397326838,0.385990745,0.371372505,0.3533989945,0.3319176868,0.3066229193,0.2768878989,0.2413131089,0.1960316431,0.1186446186,nan,nan,nan,nan,nan,nan,nan,0.08981416649
64500,0.4113538578,0.4097400718,0.404898681,0.396825891,0.3855089669,0.3709150961,0.3529709404,0.3315238098,0.3062678176,0.2765760873,0.241049072,0.195819136,0.118448482,nan,nan,nan,nan,nan,nan,nan,0.08970878322
64560,0.4108293354,0.4092183339,0.4043852673,0.3963262691,0.3850284587,0.3704588874,0.3525440033,0.3311309535,0.3059136293,0.2762650709,0.2407857031,0.1956071636,0.1182527591,nan,nan,nan,nan,nan,nan,nan,0.0896037751
64620,0.4103062055,0.4086979803,0.4038732139,0.3958279676,0.3845492161,0.3700038748,0.3521181791,0.3307391147,0.305560351,0.275954847,0.2405229998,0.1953957239,0.1180574484,nan,nan,nan,nan,nan,nan,nan,0.08949914054
64680,0.4097844632,0.4081790063,0.4033625161,0.395330982,0.3840712346,0.3695500541,0.3516934642,0.3303482896,0.3052079798,0.2756454129,0.2402609598,0.1951848148,0.1178625485,nan,nan,nan,nan,nan,nan,nan,0.08939487794
64740,0.4092641037,0.4076614071,0.4028531692,0.3948353079,0.3835945099,0.3690974212,0.3512698546,0.3299584748,0.3048565124,0.2753367657,0.2399995806,0.1949744346,0.1176676206,nan,nan,nan,nan,nan,nan,nan,0.08929098574
64800,0.4087451226,0.4071451783,0.4023451687,0.3943409407,0.3831190379,0.3686459723,0.3508473468,0.3295696671,0.304505946,0.275028903,0.2397388601,0.1947645812,0.1174720346,nan,nan,nan,nan,nan,nan,nan,0.08918745424
64860,0.4082275284,0.4066304159,0.4018388742,0.3938486768,0.3826462368,0.3681979246,0.350429159,0.3291863004,0.3041622349,0.2747297414,0.239489519,0.1945712134,0.1173244895,nan,nan,nan,nan,nan,nan,nan,0.08908392411
64920,0.4077113316,0.4061170425,0.4013339436,0.3933577353,0.382174701,0.3677510699,0.3500120777,0.3288039407,0.303819419,0.2744313518,0.239240816,0.1943783404,0.1171772363,nan,nan,nan,nan,nan,nan,nan,0.08898053865
64980,0.4071965265,0.4056050525,0.4008303714,0.3928681111,0.3817044254,0.3673054035,0.3495960986,0.328422584,0.3034774946,0.274133731,0.2389927486,0.1941859601,0.1170302937,nan,nan,nan,nan,nan,nan,nan,0.08887744262
65040,0.4066831081,0.4050944409,0.4003281527,0.3923797992,0.3812354055,0.3668609211,0.3491812178,0.3280422265,0.3031364586,0.2738368763,0.2387453142,0.1939940702,0.1168836782,nan,nan,nan,nan,nan,nan,nan,0.08877465719
65100,0.4061710719,0.4045852031,0.3998272831,0.3918927954,0.3807676371,0.3664176187,0.3487674314,0.327662865,0.3027963078,0.2735407851,0.2384985109,0.1938026687,0.1167373958,nan,nan,nan,nan,nan,nan,nan,0.08867219945
65160,0.4056604127,0.4040773341,0.3993277575,0.3914070949,0.3803011156,0.3659754921,0.3483547357,0.3272844958,0.3024570392,0.2732454545,0.2382523361,0.193611753,0.1165914529,nan,nan,nan,nan,nan,nan,nan,0.0885700806
65220,0.4051511243,0.4035708276,0.3988295699,0.3909226918,0.3798358354,0.3655345358,0.3479431255,0.3269071145,0.3021186488,0.2729508812,0.2380067871,0.1934213202,0.1164458534,nan,nan,nan,nan,nan,nan,nan,0.08846830574
65280,0.4046432025,0.4030656796,0.3983327162,0.3904395821,0.3793717928,0.3650947464,0.3475325978,0.3265307066,0.3017811338,0.2726570628,0.2377618617,0.1932313686,0.1163005987,nan,nan,nan,nan,nan,nan,nan,0.08836687688
65340,0.4041366427,0.4025618854,0.397837192,0.3899577614,0.3789089835,0.36465612,0.3471231488,0.3261552796,0.3014444914,0.2723639968,0.2375175579,0.1930418961,0.1161556897,nan,nan,nan,nan,nan,nan,nan,0.08826579542
65400,0.4036314422,0.4020594423,0.3973429944,0.3894772273,0.3784474051,0.3642186542,0.3467147763,0.3257808322,0.3011087197,0.2720716816,0.2372738742,0.1928528671,0.1160111269,nan,nan,nan,nan,nan,nan,nan,0.08816506231
65460,0.4031275942,0.4015583436,0.3968501171,0.3889979732,0.3779870515,0.3637823433,0.3463074751,0.3254073596,0.3007738145,0.2717801134,0.2370308075,0.1926642785,0.1158669106,nan,nan,nan,nan,nan,nan,nan,0.08806467834
65520,0.4026250942,0.4010585848,0.3963585554,0.3885199949,0.3775279185,0.3633471833,0.3459012415,0.3250348586,0.3004397729,0.2714892899,0.2367883556,0.1924761635,0.1157230412,nan,nan,nan,nan,nan,nan,nan,0.08796464412
65580,0.4021239384,0.4005601621,0.3958683058,0.3880432889,0.3770700028,0.3629131712,0.3454960726,0.3246633264,0.3001065924,0.2711992087,0.2365465166,0.1922885208,0.1155794834,nan,nan,nan,nan,nan,nan,nan,0.08786495813
65640,0.401624122,0.4000630708,0.3953793636,0.3875678506,0.3766133001,0.3624803028,0.3450919646,0.3242927597,0.29977427,0.2709098674,0.2363052883,0.1921013483,0.1154355208,nan,nan,nan,nan,nan,nan,nan,0.08776562143
65700,0.4011256405,0.3995673064,0.3948917243,0.3870936757,0.3761578062,0.3620485742,0.3446889139,0.323923155,0.2994428028,0.2706212634,0.2360646684,0.1919146445,0.1152919031,nan,nan,nan,nan,nan,nan,nan,0.08766663407
65760,0.4006284886,0.3990728635,0.3944053828,0.3866207592,0.3757035164,0.3616179809,0.3442869164,0.3235545087,0.2991121874,0.2703333936,0.2358246546,0.1917284075,0.1151486281,nan,nan,nan,nan,nan,nan,nan,0.08756799321
65820,0.4001326616,0.3985797377,0.3939203346,0.3861490969,0.3752504265,0.3611885192,0.3438859684,0.3231868175,0.2987824209,0.2700462556,0.2355852445,0.1915426357,0.1150056961,nan,nan,nan,nan,nan,nan,nan,0.08746969955
65880,0.3996381551,0.3980879244,0.3934365752,0.3856786842,0.3747985323,0.360760185,0.3434860664,0.3228200781,0.2984535003,0.2697598468,0.235346436,0.1913573272,0.1148631064,nan,nan,nan,nan,nan,nan,nan,0.08737175248
65940,0.3991449641,0.3975974187,0.3929540999,0.3852095167,0.3743478296,0.3603329742,0.3430872064,0.3224542869,0.2981254226,0.2694741646,0.2351082269,0.1911724807,0.114720857,nan,nan,nan,nan,nan,nan,nan,0.08727414937
66000,0.3986530839,0.3971082161,0.3924729041,0.3847415861,0.373898314,0.3599068828,0.3426893848,0.3220894407,0.2977981847,0.2691892062,0.2348706149,0.1909880943,0.1145789475,nan,nan,nan,nan,nan,nan,nan,0.08717689008
66060,0.3981625099,0.3966203117,0.3919929832,0.3842748903,0.3734499813,0.3594819068,0.3422925979,0.321725536,0.2974717837,0.268904969,0.2346335978,0.1908041664,0.114437377,nan,nan,nan,nan,nan,nan,nan,0.0870799736
66120,0.3976732377,0.3961337013,0.3915143331,0.3838094267,0.3730028276,0.3590580426,0.3418968423,0.3213625698,0.2971462168,0.2686214507,0.2343971736,0.1906206956,0.1142961438,nan,nan,nan,nan,nan,nan,nan,0.08698339808
66180,0.3971852626,0.3956483802,0.391036949,0.3833451908,0.3725568486,0.3586352861,0.3415021142,0.3210005386,0.2968214809,0.2683386486,0.23416134,0.19043768,0.1141552473,nan,nan,nan,nan,nan,nan,nan,0.08688716269
66240,0.3966985798,0.3951643438,0.3905608264,0.3828821783,0.37211204,0.3582136333,0.34110841,0.3206394391,0.2964975731,0.2680565602,0.2339260834,0.1902551182,0.1140146862,nan,nan,nan,nan,nan,nan,nan,0.08679126628
66300,0.3962131853,0.3946815879,0.3900859612,0.382420385,0.3716683982,0.3577930807,0.3407157263,0.3202792683,0.2961744906,0.2677751829,0.2336913938,0.1900730086,0.1138744595,nan,nan,nan,nan,nan,nan,nan,0.08669570742
66360,0.3957290743,0.3942001077,0.3896123489,0.3819598067,0.3712259188,0.3573736243,0.3403240595,0.3199200228,0.2958522305,0.2674945144,0.2334572887,0.1898913495,0.1137345659,nan,nan,nan,nan,nan,nan,nan,0.086600485
66420,0.3952462423,0.3937198989,0.389139985,0.3815004389,0.3707845978,0.3569552602,0.339933406,0.3195616994,0.2955307899,0.2672145519,0.2332237659,0.1897101395,0.1135950044,nan,nan,nan,nan,nan,nan,nan,0.08650559781
66480,0.394764685,0.3932409572,0.3886688654,0.3810422778,0.3703444313,0.3565379848,0.3395437624,0.319204295,0.2952101661,0.2669352933,0.2329908236,0.1895293768,0.1134557739,nan,nan,nan,nan,nan,nan,nan,0.0864110445
66540,0.3942843978,0.392763278,0.3881989856,0.380585319,0.3699054152,0.3561217942,0.3391551251,0.3188478064,0.2948903561,0.2666567359,0.2327584594,0.18934906,0.1133162908,nan,nan,nan,nan,nan,nan,nan,0.08631682388
66600,0.3938053764,0.392286857,0.3877303413,0.3801295583,0.3694675455,0.3557066847,0.3387674907,0.3184922303,0.294571357,0.2663788772,0.2325266715,0.1891691875,0.1131768973,nan,nan,nan,nan,nan,nan,nan,0.0862229347
66660,0.3933276164,0.3918116898,0.3872629283,0.3796749915,0.3690308183,0.3552926525,0.3383808556,0.3181375637,0.2942531662,0.2661017149,0.2322954578,0.1889897576,0.1130378303,nan,nan,nan,nan,nan,nan,nan,0.08612937561
66720,0.3928511133,0.3913377721,0.3867967422,0.3792216146,0.3685952296,0.3548796939,0.3379952165,0.3177838034,0.2939357808,0.2658252466,0.2320648164,0.188810769,0.1128990886,nan,nan,nan,nan,nan,nan,nan,0.08603614537
66780,0.3923758628,0.3908650993,0.3863317787,0.3787694233,0.3681607753,0.3544678052,0.3376105699,0.3174309461,0.293619198,0.2655494697,0.2318347451,0.1886322198,0.112760671,nan,nan,nan,nan,nan,nan,nan,0.08594324272
66840,0.3919018605,0.3903936674,0.3858680338,0.3783184136,0.3677274517,0.3540569826,0.3372269123,0.3170789889,0.2933034149,0.2652743819,0.231605242,0.1884541088,0.1126225763,nan,nan,nan,nan,nan,nan,nan,0.08585066631
66900,0.3914291021,0.3899234719,0.385405503,0.3778685814,0.3672952548,0.3536472225,0.3368442403,0.3167279287,0.292988429,0.2649999808,0.2313763051,0.1882764342,0.1124848035,nan,nan,nan,nan,nan,nan,nan,0.08575841486
66960,0.3909575833,0.3894545086,0.3849441822,0.3774199226,0.3668641806,0.3532385213,0.3364625506,0.3163777622,0.29267423,0.2647262639,0.2311479324,0.1880991945,0.1123473514,nan,nan,nan,nan,nan,nan,nan,0.08566648706
67020,0.3904872998,0.3889867731,0.3844840672,0.376972433,0.3664342253,0.3528308751,0.3360818397,0.3160284864,0.2923608152,0.264453229,0.230920122,0.1879223883,0.1122102187,nan,nan,nan,nan,nan,nan,nan,0.08557488165
67080,0.3900182472,0.3885202613,0.3840251538,0.3765261088,0.3660053851,0.3524242805,0.3357021042,0.3156800982,0.2920481893,0.2641808737,0.2306928719,0.1877460139,0.1120734044,nan,nan,nan,nan,nan,nan,nan,0.08548359731
67140,0.3895504214,0.3880549687,0.3835674379,0.3760809457,0.3655776559,0.3520187337,0.3353233407,0.3153325946,0.2917363494,0.2639091955,0.2304661801,0.18757007,0.1119369073,nan,nan,nan,nan,nan,nan,nan,0.08539263275
67200,0.389083818,0.3875908914,0.3831109152,0.3756369398,0.3651510341,0.3516142311,0.334945546,0.3149859725,0.2914252929,0.2636381921,0.2302400447,0.1873945548,0.1118007263,nan,nan,nan,nan,nan,nan,nan,0.08530198669
67260,0.3886184328,0.3871280249,0.3826555817,0.3751940872,0.3647255158,0.3512107692,0.3345687167,0.3146402289,0.291115017,0.2633678612,0.2300144638,0.1872194669,0.1116648601,nan,nan,nan,nan,nan,nan,nan,0.08521165782
67320,0.3881542616,0.3866663652,0.3822014332,0.3747523837,0.3643010972,0.3508083444,0.3341928495,0.3142953608,0.2908055192,0.2630982006,0.2297894354,0.1870448049,0.1115293077,nan,nan,nan,nan,nan,nan,nan,0.08512164487
67380,0.3876913002,0.3862059081,0.3817484657,0.3743118255,0.3638777744,0.350406953,0.333817941,0.3139513651,0.2904967966,0.2628292078,0.2295649577,0.1868705672,0.1113940679,nan,nan,nan,nan,nan,nan,nan,0.08503194655
67440,0.3872295445,0.3857466494,0.3812966751,0.3738724087,0.3634555438,0.3500065916,0.3334439879,0.3136082389,0.2901888467,0.2625608805,0.2293410286,0.1866967268,0.1112586381,nan,nan,nan,nan,nan,nan,nan,0.08494256159
67500,0.3867689902,0.385288585,0.3808460573,0.3734341292,0.3630344016,0.3496072565,0.3330709871,0.3132659791,0.2898816667,0.2622932085,0.2291176464,0.1865232647,0.1111231611,nan,nan,nan,nan,nan,nan,nan,0.08485348869
67560,0.3863096332,0.3848317107,0.3803966082,0.3729969831,0.3626143439,0.3492089443,0.3326989351,0.3129245828,0.2895752541,0.2620261861,0.2288948091,0.1863502226,0.1109879923,nan,nan,nan,nan,nan,nan,nan,0.0847647266
67620,0.3858514694,0.3843760224,0.3799483239,0.3725609666,0.3621953672,0.3488116515,0.3323278288,0.312584047,0.2892696061,0.2617598224,0.2286725149,0.1861775988,0.1108531305,nan,nan,nan,nan,nan,nan,nan,0.08467627403
67680,0.3853944947,0.3839215162,0.3795012004,0.3721260757,0.3617774676,0.3484153745,0.3319576649,0.3122443688,0.2889647203,0.2614941152,0.2284507618,0.1860053921,0.1107185747,nan,nan,nan,nan,nan,nan,nan,0.08458812972
67740,0.3849387049,0.3834681878,0.3790552335,0.3716923067,0.3613606414,0.3480201098,0.3315884402,0.3119055453,0.2886605939,0.2612290623,0.228229548,0.1858336008,0.1105843236,nan,nan,nan,nan,nan,nan,nan,0.0845002924
67800,0.3844840961,0.3830160332,0.3786104194,0.3712596555,0.360944885,0.3476258541,0.3312201514,0.3115675734,0.2883572243,0.2609646613,0.2280088717,0.1856622235,0.1104503762,nan,nan,nan,nan,nan,nan,nan,0.08441276082
67860,0.384030664,0.3825650484,0.3781667541,0.3708281185,0.3605301948,0.3472326037,0.3308527954,0.3112304503,0.2880546091,0.2607009101,0.227788731,0.1854912588,0.1103167314,nan,nan,nan,nan,nan,nan,nan,0.08432553371
67920,0.3835784048,0.3821152294,0.3777242336,0.3703976916,0.360116567,0.3468403554,0.3304863689,0.3108941731,0.2877527455,0.2604378064,0.227569124,0.1853207051,0.1101833881,nan,nan,nan,nan,nan,nan,nan,0.08423860983
67980,0.3831273142,0.3816665722,0.3772828541,0.3699683713,0.3597039979,0.3464491056,0.3301208688,0.3105587389,0.287451631,0.260175348,0.2273500489,0.1851505612,0.1100503452,nan,nan,nan,nan,nan,nan,nan,0.08415198793
68040,0.3826773884,0.3812190727,0.3768426115,0.3695401536,0.3592924841,0.3460588509,0.3297562919,0.3102241448,0.287151263,0.2599135327,0.2271315039,0.1849808254,0.1099176015,nan,nan,nan,nan,nan,nan,nan,0.08406566676
68100,0.3822286233,0.3807727269,0.3764035019,0.3691130347,0.3588820218,0.3456695879,0.329392635,0.309890388,0.2868516391,0.2596523583,0.2269134871,0.1848114964,0.1097851561,nan,nan,nan,nan,nan,nan,nan,0.08397964508
68160,0.3817810149,0.380327531,0.3759655216,0.3686870109,0.3584726074,0.3452813133,0.3290298951,0.3095574655,0.2865527567,0.2593918226,0.2266959968,0.1846425728,0.1096530078,nan,nan,nan,nan,nan,nan,nan,0.08389392167
68220,0.3813345593,0.379883481,0.3755286666,0.3682620785,0.3580642375,0.3448940236,0.3286680689,0.3092253746,0.2862546131,0.2591319235,0.2264790312,0.184474053,0.1095211555,nan,nan,nan,nan,nan,nan,nan,0.08380849528
68280,0.3808892525,0.379440573,0.375092933,0.3678382337,0.3576569083,0.3445077156,0.3283071534,0.3088941124,0.285957206,0.2588726587,0.2262625884,0.1843059358,0.1093895982,nan,nan,nan,nan,nan,nan,nan,0.0837233647
68340,0.3804450906,0.3789988029,0.3746583171,0.3674154728,0.3572506164,0.3441223858,0.3279471455,0.3085636762,0.2856605329,0.2586140261,0.2260466666,0.1841382196,0.109257734,nan,nan,nan,nan,nan,nan,nan,0.08363852871
68400,0.3800020696,0.378558167,0.374224815,0.3669937921,0.3568453582,0.3437380309,0.3275880421,0.3082340629,0.2853645911,0.2583560236,0.2258312641,0.1839709031,0.1091258646,nan,nan,nan,nan,nan,nan,nan,0.08355398608
68460,0.3795601857,0.3781186614,0.3737924228,0.3665731879,0.3564411302,0.3433546476,0.32722984,0.30790527,0.2850693783,0.258098649,0.2256163792,0.1838039848,0.108994286,nan,nan,nan,nan,nan,nan,nan,0.0834697356
68520,0.3791194349,0.3776802822,0.3733611369,0.3661536565,0.3560379288,0.3429722326,0.3268725363,0.3075772946,0.284774892,0.2578419002,0.2254020099,0.1836374634,0.108862997,nan,nan,nan,nan,nan,nan,nan,0.08338577608
68580,0.3786798134,0.3772430255,0.3729309533,0.3657351943,0.3556357507,0.3425907825,0.3265161279,0.3072501339,0.2844811296,0.2575857751,0.2251881546,0.1834713375,0.1087319967,nan,nan,nan,nan,nan,nan,nan,0.0833021063
68640,0.3782413174,0.3768068875,0.3725018685,0.3653177976,0.3552345921,0.3422102942,0.3261606117,0.3069237851,0.2841880889,0.2573302714,0.2249748115,0.1833056057,0.108601284,nan,nan,nan,nan,nan,nan,nan,0.08321872508
68700,0.3778039429,0.3763718645,0.3720738785,0.3649014627,0.3548344499,0.3418307643,0.3258059847,0.3065982456,0.2838957672,0.2570753873,0.2247619789,0.1831402666,0.1084708578,nan,nan,nan,nan,nan,nan,nan,0.08313563121
68760,0.3773676862,0.3759379525,0.3716469797,0.3644861862,0.3544353203,0.3414521896,0.3254522439,0.3062735125,0.2836041622,0.2568211204,0.2245496551,0.1829753188,0.1083407172,nan,nan,nan,nan,nan,nan,nan,0.08305282351
68820,0.3769325435,0.3755051478,0.3712211683,0.3640719643,0.3540372001,0.3410745668,0.3250993863,0.3059495832,0.2833132714,0.2565674688,0.2243378382,0.1828107609,0.1082108612,nan,nan,nan,nan,nan,nan,nan,0.08297030081
68880,0.3764985108,0.3750734466,0.3707964408,0.3636587935,0.3536400858,0.3406978928,0.3247474089,0.3056264549,0.2830230925,0.2563144304,0.2241265266,0.1826465917,0.1080812886,nan,nan,nan,nan,nan,nan,nan,0.08288806191
68940,0.3760655846,0.3746428452,0.3703727932,0.3632466701,0.3532439739,0.3403221642,0.3243963088,0.3053041248,0.2827336229,0.2560620031,0.2239157185,0.1824828097,0.1079519985,nan,nan,nan,nan,nan,nan,nan,0.08280610565
69000,0.3756337609,0.3742133399,0.3699502221,0.3628355908,0.3528488611,0.3399473779,0.3240460828,0.3049825905,0.2824448605,0.2558101848,0.2237054093,0.1823194135,0.1078229898,nan,nan,nan,nan,nan,nan,nan,0.08272443086
69060,0.3752030361,0.3737849268,0.3695287237,0.3624255518,0.3524547439,0.3395735307,0.3236967282,0.304661849,0.2821568027,0.2555589734,0.2234955732,0.1821564019,0.1076942617,nan,nan,nan,nan,nan,nan,nan,0.08264303638
69120,0.3747734065,0.3733576023,0.3691082943,0.3620165497,0.3520616191,0.3392006195,0.3233482419,0.3043418978,0.2818694471,0.2553083671,0.2232862355,0.1819937736,0.107565813,nan,nan,nan,nan,nan,nan,nan,0.08256192104
69180,0.3743448682,0.3729313627,0.3686889305,0.3616085809,0.3516694832,0.338828641,0.323000621,0.3040227341,0.2815827915,0.2550583636,0.2230773947,0.181831527,0.1074376428,nan,nan,nan,nan,nan,nan,nan,0.0824810837
69240,0.3739174175,0.3725062043,0.3682706284,0.361201642,0.3512783329,0.3384575921,0.3226538627,0.3037043555,0.2812968334,0.2548089609,0.222869049,0.181669661,0.1073088418,nan,nan,nan,nan,nan,nan,nan,0.08240052321
69300,0.3734910509,0.3720821234,0.3678533846,0.3607957294,0.3508881648,0.3380874696,0.3223079639,0.3033867591,0.2810115705,0.2545601572,0.2226611968,0.1815081742,0.1071802844,nan,nan,nan,nan,nan,nan,nan,0.08232023843
69360,0.3730657646,0.3716591164,0.3674371955,0.3603908397,0.3504989757,0.3377182705,0.3219629218,0.3030699423,0.2807270005,0.2543119502,0.2224538364,0.1813470653,0.1070520014,nan,nan,nan,nan,nan,nan,nan,0.08224022821
69420,0.3726415549,0.3712371797,0.3670220574,0.3599869694,0.3501107622,0.3373499916,0.3216187335,0.3027539026,0.2804431211,0.2540643381,0.222246966,0.181186333,0.106923992,nan,nan,nan,nan,nan,nan,nan,0.08216049142
69480,0.3722184183,0.3708163095,0.3666079669,0.3595841151,0.3497235211,0.3369826298,0.3212753962,0.3024386374,0.2801599299,0.2538173188,0.2220405842,0.1810259479,0.1067962551,nan,nan,nan,nan,nan,nan,nan,0.08208102693
69540,0.371796351,0.3703965024,0.3661949203,0.3591822734,0.349337249,0.336616182,0.3209329069,0.3021241439,0.2798774246,0.2535708904,0.2218346891,0.1808658972,0.1066687897,nan,nan,nan,nan,nan,nan,nan,0.08200183363
69600,0.3713753494,0.3699777546,0.3657829142,0.3587814408,0.3489519426,0.3362506452,0.3205912629,0.3018104197,0.279595603,0.2533250508,0.2216292793,0.1807062191,0.106541595,nan,nan,nan,nan,nan,nan,nan,0.08192291039
69660,0.37095541,0.3695600627,0.365371945,0.3583816138,0.3485675989,0.3358860088,0.3202504612,0.3014974622,0.2793144627,0.2530797982,0.2214243529,0.1805469126,0.10641467,nan,nan,nan,nan,nan,nan,nan,0.08184425609
69720,0.3705365292,0.369143423,0.3649620092,0.3579827892,0.3481842143,0.335522277,0.3199104991,0.3011852688,0.2790340015,0.2528351304,0.2212199085,0.1803879762,0.1062880137,nan,nan,nan,nan,nan,nan,nan,0.08176586963
69780,0.3701187034,0.368727832,0.3645531034,0.3575849636,0.3478017859,0.335159447,0.3195713737,0.3008738369,0.278754217,0.2525910457,0.2210159444,0.1802294088,0.1061616253,nan,nan,nan,nan,nan,nan,nan,0.08168774991
69840,0.3697019289,0.3683132862,0.364145224,0.3571881335,0.3474203103,0.3347975158,0.3192330823,0.300563164,0.2784751071,0.252347542,0.220812459,0.180071209,0.1060355036,nan,nan,nan,nan,nan,nan,nan,0.08160989582
69900,0.3692862024,0.3678997821,0.3637383677,0.3567922956,0.3470397843,0.3344364803,0.318895622,0.3002532475,0.2781966695,0.2521046173,0.2206094506,0.1799133755,0.1059096479,nan,nan,nan,nan,nan,nan,nan,0.08153230627
69960,0.3688715201,0.367487316,0.3633325309,0.3563974466,0.3466602048,0.3340763377,0.3185589901,0.299944085,0.2779189019,0.2518622698,0.2204069178,0.1797559071,0.1057840572,nan,nan,nan,nan,nan,nan,nan,0.08145498017
70020,0.3684578787,0.3670758846,0.3629277102,0.3560035832,0.3462815685,0.3337170848,0.3182231838,0.2996356739,0.2776418021,0.2516204976,0.2202048588,0.1795988026,0.1056587305,nan,nan,nan,nan,nan,nan,nan,0.08137791644
70080,0.3680452746,0.3666654843,0.3625239022,0.355610702,0.3459038723,0.3333587186,0.3178882003,0.2993280116,0.2773653679,0.2513792987,0.2200032721,0.1794420607,0.1055331971,nan,nan,nan,nan,nan,nan,nan,0.08130111399
70140,0.3676337044,0.3662561117,0.3621211036,0.3552187998,0.3455271131,0.3330012363,0.3175540368,0.2990210958,0.2770895971,0.2511386712,0.2198021561,0.1792856801,0.1054074106,nan,nan,nan,nan,nan,nan,nan,0.08122457175
70200,0.3672231644,0.3658477633,0.3617193108,0.3548278732,0.3451512877,0.3326446349,0.3172206907,0.2987149239,0.2768144874,0.2508986132,0.2196015092,0.1791296596,0.1052818843,nan,nan,nan,nan,nan,nan,nan,0.08114828866
70260,0.3668136514,0.3654404357,0.3613185206,0.354437919,0.3447763929,0.3322889114,0.3168881593,0.2984094935,0.2765400367,0.2506591228,0.2194013299,0.178973998,0.1051566175,nan,nan,nan,nan,nan,nan,nan,0.08107226363
70320,0.3664051618,0.3650341254,0.3609187296,0.354048934,0.3444024257,0.3319340628,0.3165564371,0.298104802,0.2762662428,0.2504201982,0.2192016167,0.178818694,0.1050316092,nan,nan,nan,nan,nan,nan,nan,0.08099649562
70380,0.3659976922,0.3646288291,0.3605199344,0.3536609148,0.344029383,0.3315800863,0.3162255176,0.297800847,0.2759931034,0.2501818374,0.2190023678,0.1786637464,0.1049068584,nan,nan,nan,nan,nan,nan,nan,0.08092098357
70440,0.3655912391,0.3642245433,0.3601221316,0.3532738583,0.3436572617,0.331226979,0.3158954046,0.2974976262,0.2757206165,0.2499440386,0.2188035819,0.178509154,0.1047823644,nan,nan,nan,nan,nan,nan,nan,0.08084572642
70500,0.3651857992,0.3638212646,0.359725318,0.3528877612,0.3432860586,0.3308747379,0.3155660954,0.2971951369,0.2754487799,0.2497068,0.2186052574,0.1783549156,0.1046581263,nan,nan,nan,nan,nan,nan,nan,0.08077072313
70560,0.3647813691,0.3634189897,0.3593294903,0.3525026203,0.3429157708,0.3305233602,0.3152375875,0.2968933733,0.2751775914,0.2494701196,0.2184073926,0.17820103,0.1045341431,nan,nan,nan,nan,nan,nan,nan,0.08069597266
70620,0.3643779454,0.3630177152,0.3589346451,0.3521184324,0.3425463951,0.3301728429,0.314909878,0.2965923291,0.2749070488,0.2492339956,0.2182099862,0.1780474958,0.1044104141,nan,nan,nan,nan,nan,nan,nan,0.08062147396
70680,0.3639755247,0.3626174378,0.3585407791,0.3517351943,0.3421779286,0.3298231833,0.3145829644,0.2962920093,0.2746371501,0.2489984262,0.2180130365,0.1778943121,0.1042869382,nan,nan,nan,nan,nan,nan,nan,0.08054722601
70740,0.3635741037,0.3622181541,0.3581478891,0.351352903,0.3418103681,0.3294743785,0.314256844,0.2959924114,0.274367893,0.2487634096,0.2178165421,0.1777414775,0.1041637148,nan,nan,nan,nan,nan,nan,nan,0.08047322778
70800,0.3631736789,0.3618198607,0.3577559719,0.3509715551,0.3414437107,0.3291264256,0.3139315141,0.2956935333,0.2740992756,0.2485289439,0.2176205015,0.1775889909,0.1040407428,nan,nan,nan,nan,nan,nan,nan,0.08039947825
70860,0.3627742472,0.3614225545,0.3573650241,0.3505911476,0.3410779534,0.3287793218,0.3136069723,0.2953953723,0.2738312957,0.2482950274,0.2174249131,0.177436851,0.1039180215,nan,nan,nan,nan,nan,nan,nan,0.08032597639
70920,0.3623758051,0.3610262321,0.3569750426,0.3502116773,0.3407130932,0.3284330642,0.3132832157,0.2950979263,0.2735639511,0.2480616581,0.2172297754,0.1772850568,0.1037953379,nan,nan,nan,nan,nan,nan,nan,0.08025272119
70980,0.3619783495,0.3606308902,0.3565860241,0.3498331411,0.3403491271,0.3280876502,0.312960242,0.2948011927,0.2732972398,0.2478288329,0.217035087,0.177133607,0.1036720831,nan,nan,nan,nan,nan,nan,nan,0.08017971164
71040,0.3615818769,0.3602365255,0.3561979654,0.3494555359,0.3399860521,0.3277430768,0.3126380484,0.2945051693,0.2730311597,0.2475965344,0.2168408463,0.1769825005,0.1035490753,nan,nan,nan,nan,nan,nan,nan,0.08010694675
71100,0.3611863841,0.3598431349,0.3558108633,0.3490788586,0.3396238653,0.3273993413,0.3123166324,0.2942098538,0.2727657087,0.2473647778,0.216647052,0.176831736,0.1034263138,nan,nan,nan,nan,nan,nan,nan,0.08003442549
71160,0.3607918678,0.359450715,0.3554247147,0.3487031062,0.3392625637,0.327056441,0.3119959914,0.2939152437,0.2725008848,0.2471335615,0.2164537024,0.1766813125,0.1033037977,nan,nan,nan,nan,nan,nan,nan,0.07996214689
71220,0.3603983249,0.3590592626,0.3550395163,0.3483282754,0.3389021444,0.326714373,0.3116761228,0.2936213368,0.2722366858,0.2469028835,0.2162607962,0.1765312288,0.1031815263,nan,nan,nan,nan,nan,nan,nan,0.07989010994
71280,0.360005752,0.3586687744,0.354655265,0.3479543634,0.3385426044,0.3263731346,0.3113570242,0.2933281307,0.2719731035,0.2466727421,0.2160683318,0.1763814837,0.1030594986,nan,nan,nan,nan,nan,nan,nan,0.07981831367
71340,0.3596141459,0.3582792474,0.3542719577,0.347581367,0.3381839409,0.326032723,0.3110386929,0.2930356232,0.2717101348,0.2464431356,0.2158763079,0.1762320761,0.1029377138,nan,nan,nan,nan,nan,nan,nan,0.07974675709
71400,0.3592235034,0.3578906783,0.3538895912,0.3472092832,0.3378261509,0.3256931356,0.3107211265,0.2927438119,0.2714477851,0.2462140623,0.215684723,0.1760830049,0.1028161713,nan,nan,nan,nan,nan,nan,nan,0.07967543921
71460,0.3588338214,0.3575030639,0.3535081624,0.346838109,0.3374692316,0.3253543696,0.3104043224,0.2924526947,0.2711860522,0.2459855203,0.2154935756,0.1759342689,0.1026948701,nan,nan,nan,nan,nan,nan,nan,0.07960435908
71520,0.3584450966,0.3571164011,0.3531276682,0.3464678413,0.3371131801,0.3250164223,0.3100882781,0.2921622691,0.2709249341,0.2457575079,0.2153028643,0.1757858252,0.1025738094,nan,nan,nan,nan,nan,nan,nan,0.07953351571
71580,0.3580573258,0.3567306867,0.3527481055,0.3460984773,0.3367579935,0.324679291,0.3097729912,0.2918725329,0.2706644289,0.2455300235,0.2151125876,0.1756376893,0.1024529885,nan,nan,nan,nan,nan,nan,nan,0.07946290814
71640,0.3576705059,0.3563459175,0.3523694713,0.3457300138,0.3364036689,0.324342973,0.309458459,0.2915834839,0.2704045346,0.2453030653,0.2149227442,0.1754898853,0.1023324066,nan,nan,nan,nan,nan,nan,nan,0.07939253541
71700,0.3572846338,0.3559620904,0.3519917623,0.3453624479,0.3360502036,0.3240074657,0.3091446793,0.2912951198,0.270145249,0.2450766315,0.2147333326,0.1753424121,0.1022120628,nan,nan,nan,nan,nan,nan,nan,0.07932239658
71760,0.3568997063,0.3555792024,0.3516149757,0.3449957766,0.3356975947,0.3236727663,0.3088316494,0.2910074384,0.2698865703,0.2448507205,0.2145443502,0.1751952686,0.1020917908,nan,nan,nan,nan,nan,nan,nan,0.07925249067
71820,0.3565157203,0.3551972502,0.3512391082,0.344629997,0.3353458393,0.3233388722,0.3085193669,0.2907204374,0.2696284965,0.2446253305,0.2143557688,0.1750484537,0.1019708385,nan,nan,nan,nan,nan,nan,nan,0.07918281676
71880,0.3561326726,0.3548162309,0.350864157,0.3442651062,0.3349949346,0.3230057808,0.3082078294,0.2904341146,0.2693710256,0.2444004599,0.214167615,0.1749019664,0.1018501209,nan,nan,nan,nan,nan,nan,nan,0.07911337388
71940,0.3557505602,0.3544361413,0.350490119,0.3439011012,0.334644878,0.3226734895,0.3078970345,0.2901484679,0.2691141556,0.244176107,0.2139798875,0.1747558054,0.1017296374,nan,nan,nan,nan,nan,nan,nan,0.07904416111
72000,0.35536938,0.3540569783,0.3501169911,0.3435379791,0.3342956664,0.3223419955,0.3075869796,0.2898634949,0.2688578846,0.24395227,0.2137925848,0.1746099697,0.1016093871,nan,nan,nan,nan,nan,nan,nan,0.07897517751
72060,0.3549891289,0.3536787389,0.3497447704,0.343175737,0.3339472973,0.3220112964,0.3072776625,0.2895791936,0.2686022106,0.2437289473,0.2136057056,0.1744644583,0.1014893693,nan,nan,nan,nan,nan,nan,nan,0.07890642216
72120,0.3546098038,0.3533014201,0.3493734538,0.3428143719,0.3335997678,0.3216813894,0.3069690806,0.2892955617,0.2683471318,0.2435061373,0.2134192485,0.17431927,0.1013695832,nan,nan,nan,nan,nan,nan,nan,0.07883789411
72180,0.3542314017,0.3529250189,0.3490030385,0.3424538811,0.3332530751,0.321352272,0.3066612316,0.289012597,0.268092646,0.2432838383,0.213233212,0.1741744038,0.1012500281,nan,nan,nan,nan,nan,nan,nan,0.07876959246
72240,0.3538539196,0.3525495321,0.3486335214,0.3420942616,0.3329072166,0.3210239417,0.3063541131,0.2887302973,0.2678387516,0.2430620486,0.2130475949,0.1740298585,0.1011307033,nan,nan,nan,nan,nan,nan,nan,0.07870151628
72300,0.3534773543,0.3521749568,0.3482648995,0.3417355106,0.3325621894,0.3206963958,0.3060477227,0.2884486606,0.2675854464,0.2428407666,0.2128623958,0.1738856332,0.1010116079,nan,nan,nan,nan,nan,nan,nan,0.07863366466
72360,0.353101703,0.35180129,0.34789717,0.3413776253,0.332217991,0.3203696317,0.3057420581,0.2881676846,0.2673327286,0.2426199905,0.2126776133,0.1737417268,0.1008927413,nan,nan,nan,nan,nan,nan,nan,0.0785660367
72420,0.3527269626,0.3514285287,0.3475303299,0.3410206027,0.3318746184,0.320043647,0.3054371168,0.2878873672,0.2670805964,0.2423997189,0.212493246,0.1735981381,0.1007741028,nan,nan,nan,nan,nan,nan,nan,0.07849863147
72480,0.3523531301,0.3510566699,0.3471643763,0.34066444,0.3315320691,0.3197184391,0.3051328965,0.2876077063,0.2668290477,0.24217995,0.2123092926,0.1734548662,0.1006556915,nan,nan,nan,nan,nan,nan,nan,0.0784314481
72540,0.3519802025,0.3506857108,0.3467993063,0.3403091346,0.3311903404,0.3193940054,0.3048293948,0.2873286997,0.2665780808,0.2419606823,0.2121257518,0.17331191,0.1005375067,nan,nan,nan,nan,nan,nan,nan,0.07836448567
72600,0.3516081768,0.3503156482,0.3464351169,0.3399546834,0.3308494295,0.3190703434,0.3045266096,0.2870503454,0.2663276937,0.2417419141,0.2119426223,0.1731692684,0.1004191815,nan,nan,nan,nan,nan,nan,nan,0.0782977433
72660,0.3512370502,0.3499464793,0.3460718054,0.3396010838,0.3305093339,0.3187474506,0.3042245383,0.2867726411,0.2660778847,0.2415236438,0.2117599026,0.1730269405,0.1003003113,nan,nan,nan,nan,nan,nan,nan,0.07823122009
72720,0.3508668196,0.3495782012,0.3457093687,0.339248333,0.3301700508,0.3184253246,0.3039231787,0.2864955849,0.2658286517,0.2413058698,0.2115775915,0.1728849251,0.1001816645,nan,nan,nan,nan,nan,nan,nan,0.07816491517
72780,0.3504974821,0.3492108109,0.3453478042,0.3388964281,0.3298315776,0.3181039627,0.3036225285,0.2862191745,0.2655799929,0.2410885905,0.2113956877,0.1727432212,0.1000632403,nan,nan,nan,nan,nan,nan,nan,0.07809882765
72840,0.3501290348,0.3488443055,0.3449871088,0.3385453665,0.3294939116,0.3177833626,0.3033225853,0.285943408,0.2653319066,0.2408718044,0.2112141898,0.1726018279,0.09994503795,nan,nan,nan,nan,nan,nan,nan,0.07803295665
72900,0.3497614748,0.3484786822,0.3446272798,0.3381951453,0.3291570503,0.3174635218,0.303023347,0.2856682832,0.2650843908,0.2406555097,0.2110330965,0.172460744,0.09982705688,nan,nan,nan,nan,nan,nan,nan,0.0779673013
72960,0.3493947992,0.348113938,0.3442683144,0.3378457619,0.328820991,0.3171444377,0.3027248112,0.2853937981,0.2648374438,0.240439705,0.2108524066,0.1723199686,0.09970929633,nan,nan,nan,nan,nan,nan,nan,0.07790186074
73020,0.349029005,0.3477500701,0.3439102097,0.3374972135,0.3284857311,0.316826108,0.3024269756,0.2851199506,0.2645910636,0.2402243887,0.2106721187,0.1721795007,0.09959175561,nan,nan,nan,nan,nan,nan,nan,0.07783663409
73080,0.3486640895,0.3473870756,0.3435529629,0.3371494973,0.3281512679,0.3165085301,0.302129838,0.2848467386,0.2643452485,0.2400095592,0.2104922315,0.1720393391,0.09947443404,nan,nan,nan,nan,nan,nan,nan,0.0777716205
73140,0.3483000497,0.3470249517,0.3431965712,0.3368026108,0.327817599,0.3161917017,0.3018333961,0.2845741602,0.2640999967,0.239795215,0.2103127438,0.1718994831,0.09935733093,nan,nan,nan,nan,nan,nan,nan,0.07770681911
73200,0.3479368828,0.3466636956,0.3428410318,0.3364565511,0.3274847218,0.3158756203,0.3015376476,0.2843022132,0.2638553063,0.2395813544,0.2101336542,0.1717599314,0.0992404456,nan,nan,nan,nan,nan,nan,nan,0.07764222907
73260,0.347574586,0.3463033043,0.3424863421,0.3361113156,0.3271526336,0.3155602836,0.3012425905,0.2840308956,0.2636111756,0.2393679761,0.2099549615,0.1716206832,0.09912377735,nan,nan,nan,nan,nan,nan,nan,0.07757784953
73320,0.3472131563,0.3459437752,0.3421324991,0.3357669016,0.3268213319,0.315245689,0.3009482223,0.2837602055,0.2633676027,0.2391550783,0.2097766644,0.1714817374,0.09900732553,nan,nan,nan,nan,nan,nan,nan,0.07751367964
73380,0.3468525911,0.3455851053,0.3417795001,0.3354233065,0.3264908142,0.3149318342,0.3006545409,0.2834901408,0.2631245859,0.2389426596,0.2095987617,0.1713430931,0.09889108944,nan,nan,nan,nan,nan,nan,nan,0.07744971856
73440,0.3464928874,0.3452272919,0.3414273425,0.3350805275,0.3261610779,0.3146187169,0.3003615441,0.2832206995,0.2628821235,0.2387307184,0.2094212521,0.1712047492,0.09877421319,nan,nan,nan,nan,nan,nan,nan,0.07738596546
73500,0.3461340425,0.3448703322,0.3410760234,0.3347385621,0.3258321205,0.3143063346,0.3000692296,0.2829518795,0.2626402135,0.2385192532,0.2092441342,0.1710667049,0.09865721253,nan,nan,nan,nan,nan,nan,nan,0.07732241949
73560,0.3457760536,0.3445142235,0.3407255402,0.3343974076,0.3255039395,0.3139946849,0.2997775954,0.282683679,0.2623988543,0.2383082626,0.209067407,0.1709288927,0.09854042454,nan,nan,nan,nan,nan,nan,nan,0.07725907984
73620,0.345418918,0.344158963,0.3403758901,0.3340570614,0.3251765323,0.3136837656,0.2994866391,0.2824160959,0.2621580441,0.238097745,0.208891069,0.1707913781,0.09842384858,nan,nan,nan,nan,nan,nan,nan,0.07719594567
73680,0.3450626327,0.3438045478,0.3400270705,0.3337175208,0.3248498965,0.3133735742,0.2991963587,0.2821491282,0.2619177811,0.2378876988,0.2087151192,0.1706541601,0.09830748399,nan,nan,nan,nan,nan,nan,nan,0.07713301617
73740,0.3447071952,0.3434509754,0.3396790786,0.3333787834,0.3245240296,0.3130641084,0.2989067519,0.2818827741,0.2616780637,0.2376781226,0.2085395562,0.1705172379,0.09819133013,nan,nan,nan,nan,nan,nan,nan,0.0770702905
73800,0.3443526025,0.3430982429,0.3393319118,0.3330408463,0.3241989292,0.3127553659,0.2986178166,0.2816170314,0.26143889,0.2374690149,0.2083643787,0.1703806103,0.09807538636,nan,nan,nan,nan,nan,nan,nan,0.07700776787
73860,0.3439988521,0.3427463477,0.3389855674,0.3327037072,0.3238745926,0.3124473443,0.2983295507,0.2813518983,0.2612002584,0.2372603743,0.2081895857,0.1702442766,0.09795965204,nan,nan,nan,nan,nan,nan,nan,0.07694544745
73920,0.3436459412,0.342395287,0.3386400428,0.3323673634,0.3235510175,0.3121400414,0.2980419519,0.2810873728,0.2609621671,0.2370521991,0.2080151759,0.1701082356,0.09784412654,nan,nan,nan,nan,nan,nan,nan,0.07688332844
73980,0.343293867,0.3420450581,0.3382953352,0.3320318123,0.3232282015,0.3118334548,0.2977550182,0.2808234531,0.2607246144,0.236844488,0.2078411479,0.1699724865,0.09772880922,nan,nan,nan,nan,nan,nan,nan,0.07682141004
74040,0.3429426269,0.3416956583,0.3379514421,0.3316970514,0.322906142,0.3115275822,0.2974687475,0.280560137,0.2604875985,0.2366372395,0.2076675007,0.1698370283,0.09761369945,nan,nan,nan,nan,nan,nan,nan,0.07675969144
74100,0.3425922181,0.3413470851,0.3376083609,0.3313630781,0.3225848367,0.3112224214,0.2971831376,0.2802974228,0.2602511179,0.236430452,0.2074942331,0.1697018601,0.09749879661,nan,nan,nan,nan,nan,nan,nan,0.07669817186
74160,0.3422426381,0.3409993356,0.3372660888,0.33102989,0.3222642779,0.31091797,0.2968981863,0.2800353085,0.2600151707,0.2362241243,0.2073213437,0.169566981,0.09738410007,nan,nan,nan,nan,nan,nan,nan,0.07663685049
74220,0.341893884,0.3406524073,0.3369246234,0.3306974844,0.321944468,0.3106142258,0.2966138917,0.2797737923,0.2597797554,0.2360182547,0.2071488315,0.1694323899,0.09726918443,nan,nan,nan,nan,nan,nan,nan,0.07657572654
74280,0.3415459533,0.3403062974,0.336583962,0.3303658589,0.321625405,0.3103111866,0.2963302516,0.2795128721,0.2595448702,0.2358128419,0.2069766951,0.1692980861,0.09715364375,nan,nan,nan,nan,nan,nan,nan,0.07651479924
74340,0.3411988433,0.3399610035,0.336244102,0.330035011,0.3213070865,0.31000885,0.2960472639,0.2792525462,0.2593105133,0.2356078844,0.2068049336,0.1691640685,0.09703830642,nan,nan,nan,nan,nan,nan,nan,0.0764540678
74400,0.3408525513,0.3396165227,0.3359050409,0.3297049381,0.3209895102,0.3097072139,0.2957649266,0.2789928125,0.2590766833,0.2354033808,0.2066335455,0.1690303362,0.09692317184,nan,nan,nan,nan,nan,nan,nan,0.07639353144
74460,0.3405070747,0.3392728526,0.335566776,0.3293756378,0.3206726737,0.3094062759,0.2954832376,0.2787336694,0.2588433784,0.2351993293,0.2064625299,0.1688968883,0.0968082394,nan,nan,nan,nan,nan,nan,nan,0.07633318939
74520,0.340162411,0.3389299905,0.3352293049,0.3290471076,0.3203565746,0.3091060339,0.2952021947,0.2784751148,0.2586105969,0.2349957115,0.2062918801,0.168763724,0.09669350852,nan,nan,nan,nan,nan,nan,nan,0.07627304087
74580,0.3398185574,0.3385879339,0.334892625,0.3287193451,0.3200412105,0.3088064857,0.2949217961,0.2782171469,0.2583783372,0.2347925434,0.2061215773,0.1686308422,0.0965789786,nan,nan,nan,nan,nan,nan,nan,0.07621308511
74640,0.3394755114,0.33824668,0.3345567337,0.3283923477,0.3197265792,0.308507629,0.2946420395,0.2779597639,0.2581465976,0.2345898234,0.2059516434,0.1684982421,0.09646464905,nan,nan,nan,nan,nan,nan,nan,0.07615332136
74700,0.3391332705,0.3379062265,0.3342216285,0.328066113,0.3194126782,0.3082094616,0.2943629231,0.277702964,0.2579153766,0.2343875503,0.2057820773,0.1683659228,0.09635051928,nan,nan,nan,nan,nan,nan,nan,0.07609374885
74760,0.3387918319,0.3375665706,0.3338873069,0.3277406387,0.3190995052,0.3079119814,0.2940844447,0.2774467452,0.2576846724,0.2341857226,0.2056128778,0.1682338834,0.09623658871,nan,nan,nan,nan,nan,nan,nan,0.07603436682
74820,0.3384511932,0.3372277099,0.3335537664,0.3274159222,0.3187870579,0.3076151862,0.2938066023,0.2771911057,0.2574544835,0.2339843389,0.2054440437,0.168102123,0.09612285675,nan,nan,nan,nan,nan,nan,nan,0.07597517452
74880,0.3381113517,0.3368896417,0.3332210045,0.3270919611,0.318475334,0.3073190737,0.2935293939,0.2769360437,0.2572248083,0.2337833978,0.2052755739,0.1679706407,0.09600932282,nan,nan,nan,nan,nan,nan,nan,0.0759161712
74940,0.337772305,0.3365523636,0.3328890187,0.3267687531,0.3181643313,0.3070236418,0.2932528176,0.2766815574,0.256995645,0.2335828979,0.2051074672,0.1678394355,0.09589598635,nan,nan,nan,nan,nan,nan,nan,0.07585735611
75000,0.3374340505,0.3362158731,0.3325578065,0.3264462956,0.3178540473,0.3067288884,0.2929768712,0.276427645,0.2567669922,0.2333828379,0.2049397226,0.1677085068,0.09578259423,nan,nan,nan,nan,nan,nan,nan,0.07579872851
75060,0.3370965856,0.3358801675,0.3322273655,0.3261245865,0.3175444798,0.3064348113,0.2927015529,0.2761743047,0.2565388481,0.2331832164,0.2047723388,0.1675778534,0.09566833065,nan,nan,nan,nan,nan,nan,nan,0.07574028765
75120,0.3367599078,0.3355452445,0.3318976932,0.3258036231,0.3172356266,0.3061414083,0.2924268607,0.2759215346,0.2563112113,0.2329840319,0.2046053147,0.1674474747,0.09555426168,nan,nan,nan,nan,nan,nan,nan,0.07568203281
75180,0.3364240147,0.3352111015,0.3315687871,0.3254834033,0.3169274853,0.3058486774,0.2921527924,0.2756693331,0.2560840801,0.2327852833,0.2044386493,0.1673173696,0.09544038676,nan,nan,nan,nan,nan,nan,nan,0.07562396324
75240,0.3360889037,0.334877736,0.3312406448,0.3251639245,0.3166200538,0.3055566164,0.2918793463,0.2754176982,0.255857453,0.2325869689,0.2042723414,0.1671875374,0.09532670533,nan,nan,nan,nan,nan,nan,nan,0.07556607822
75300,0.3357545723,0.3345451455,0.3309132639,0.3248451846,0.3163133297,0.3052652231,0.2916065203,0.2751666282,0.2556313283,0.2323890877,0.2041063899,0.1670579771,0.09521321686,nan,nan,nan,nan,nan,nan,nan,0.07550837701
75360,0.3354210181,0.3342133277,0.3305866419,0.324527181,0.3160073108,0.3049744955,0.2913343125,0.2749161213,0.2554057045,0.232191638,0.2039407936,0.1669286879,0.09509992079,nan,nan,nan,nan,nan,nan,nan,0.0754508589
75420,0.3350882385,0.3338822799,0.3302607765,0.3242099115,0.3157019949,0.3046844315,0.2910627209,0.2746661758,0.2551805801,0.2319946188,0.2037755516,0.166799669,0.09498681658,nan,nan,nan,nan,nan,nan,nan,0.07539352316
75480,0.3347562311,0.3335519998,0.3299356652,0.3238933737,0.3153973797,0.304395029,0.2907917437,0.27441679,0.2549559534,0.2317980285,0.2036106625,0.1666709194,0.09487390369,nan,nan,nan,nan,nan,nan,nan,0.07533636908
75540,0.3344249935,0.333222485,0.3296113056,0.3235775654,0.3150934631,0.3041062858,0.2905213787,0.274167962,0.254731823,0.2316018659,0.2034461255,0.1665424028,0.09476118156,nan,nan,nan,nan,nan,nan,nan,0.07527939595
75600,0.3340945231,0.3328937329,0.3292876954,0.3232624842,0.3147902428,0.3038181999,0.2902516243,0.2739196901,0.2545081768,0.2314061296,0.2032819393,0.1664141238,0.09464864967,nan,nan,nan,nan,nan,nan,nan,0.07522260304
75660,0.3337648176,0.3325657412,0.3289648322,0.3229481277,0.3144877166,0.3035307693,0.2899824783,0.2736719726,0.2542850215,0.2312108183,0.2031181029,0.1662861118,0.09453630748,nan,nan,nan,nan,nan,nan,nan,0.07516598966
75720,0.3334358746,0.3322385075,0.3286427135,0.3226344938,0.3141858824,0.3032439919,0.289713939,0.2734248077,0.2540623579,0.2310159307,0.2029546152,0.1661583658,0.09442415445,nan,nan,nan,nan,nan,nan,nan,0.0751095551
75780,0.3331076916,0.3319120293,0.3283213371,0.3223215802,0.313884738,0.3029578656,0.2894460044,0.2731781938,0.2538401844,0.2308214655,0.2027914751,0.1660308851,0.09431180351,nan,nan,nan,nan,nan,nan,nan,0.07505329865
75840,0.3327802661,0.3315863043,0.3280007007,0.3220093844,0.3135842811,0.3026723883,0.2891786726,0.2729321268,0.2536184994,0.2306274213,0.2026286816,0.1659036688,0.09419863646,nan,nan,nan,nan,nan,nan,nan,0.07499721963
75900,0.3324535959,0.3312613301,0.3276808017,0.3216979044,0.3132845096,0.3023875581,0.2889119417,0.2726865995,0.2533973015,0.2304337969,0.2024662335,0.1657767161,0.09408565582,nan,nan,nan,nan,nan,nan,nan,0.07494131733
75960,0.3321276785,0.3309371043,0.327361638,0.3213871378,0.3129854214,0.3021033729,0.2886458099,0.2724416181,0.2531765892,0.230240591,0.2023041299,0.1656500261,0.09397286108,nan,nan,nan,nan,nan,nan,nan,0.07488559106
76020,0.3318025116,0.3306136245,0.3270432072,0.3210770824,0.3126870143,0.3018198307,0.2883802753,0.2721971808,0.2529563608,0.2300478023,0.2021423695,0.1655235981,0.09386025172,nan,nan,nan,nan,nan,nan,nan,0.07483004014
76080,0.3314780927,0.3302908885,0.326725507,0.3207677359,0.3123892862,0.3015369294,0.288115336,0.271953286,0.2527366151,0.2298554295,0.2019809515,0.1653974312,0.09374782724,nan,nan,nan,nan,nan,nan,nan,0.07477466388
76140,0.3311544195,0.3299688937,0.3264085351,0.3204590962,0.3120922349,0.3012546671,0.2878509901,0.2717099318,0.2525173504,0.2296634712,0.2018198746,0.1652715245,0.09363558714,nan,nan,nan,nan,nan,nan,nan,0.0747194616
76200,0.3308314896,0.3296476379,0.3260922891,0.3201511609,0.3117958583,0.3009730417,0.2875872359,0.2714671167,0.2522985652,0.2294719263,0.2016591379,0.1651458774,0.0935235309,nan,nan,nan,nan,nan,nan,nan,0.07466443261
76260,0.3305093008,0.3293271189,0.3257767669,0.3198439278,0.3115001543,0.3006920513,0.2873240714,0.271224839,0.2520802582,0.2292807934,0.2014987404,0.1650204889,0.09341165804,nan,nan,nan,nan,nan,nan,nan,0.07460957624
76320,0.3301878506,0.3290073341,0.325461966,0.3195373949,0.3112051208,0.3004116939,0.2870614949,0.270983097,0.2518624277,0.2290900714,0.2013386809,0.1648953583,0.09329996805,nan,nan,nan,nan,nan,nan,nan,0.07455489182
76380,0.3298671367,0.3286882814,0.3251478844,0.3192315598,0.3109107557,0.3001319675,0.2867995045,0.270741889,0.2516450724,0.2288997588,0.2011789585,0.1647704848,0.09318846044,nan,nan,nan,nan,nan,nan,nan,0.07450037868
76440,0.3295471569,0.3283699584,0.3248345196,0.3189264203,0.3106170568,0.2998528701,0.2865380983,0.2705012134,0.2514281907,0.2287098545,0.201019572,0.1646458675,0.0930771347,nan,nan,nan,nan,nan,nan,nan,0.07444603615
76500,0.3292279088,0.3280523628,0.3245218695,0.3186219744,0.3103240222,0.2995743998,0.2862772746,0.2702610686,0.2512117813,0.2285203573,0.2008605205,0.1645215057,0.09296599036,nan,nan,nan,nan,nan,nan,nan,0.07439186357
76560,0.3289093901,0.3277354924,0.3242099317,0.3183182197,0.3100316497,0.2992965546,0.2860170315,0.2700214528,0.2509958426,0.2283312657,0.200701803,0.1643973986,0.09285414401,nan,nan,nan,nan,nan,nan,nan,0.07433786027
76620,0.3285915985,0.3274193448,0.3238987042,0.3180151542,0.3097399372,0.2990193326,0.2857573673,0.2697823646,0.2507803732,0.2281425788,0.2005434184,0.1642735453,0.09274189422,nan,nan,nan,nan,nan,nan,nan,0.0742840256
76680,0.3282745317,0.3271039178,0.3235881845,0.3177127757,0.3094488827,0.2987427318,0.2854982801,0.2695438022,0.2505653717,0.227954295,0.2003853657,0.1641499451,0.09262982315,nan,nan,nan,nan,nan,nan,nan,0.0742303589
76740,0.3279581875,0.3267892092,0.3232783706,0.317411082,0.3091584842,0.2984667503,0.2852397682,0.269305764,0.2503508366,0.2277664134,0.2002276438,0.1640265972,0.09251793031,nan,nan,nan,nan,nan,nan,nan,0.07417685952
76800,0.3276425636,0.3264752166,0.3229692601,0.3171100711,0.3088687396,0.2981913861,0.2849818298,0.2690682484,0.2501367664,0.2275789325,0.2000702519,0.1639035008,0.09240621524,nan,nan,nan,nan,nan,nan,nan,0.07412352681
76860,0.3273276577,0.3261619379,0.322660851,0.3168097407,0.3085796468,0.2979166374,0.2847244612,0.2688312537,0.2499231599,0.2273918512,0.1999131888,0.1637806552,0.09229467748,nan,nan,nan,nan,nan,nan,nan,0.07407036012
76920,0.3270134676,0.3258493708,0.322353141,0.3165100887,0.3082912038,0.2976425023,0.2844676564,0.2685947785,0.2497100155,0.2272051683,0.1997564536,0.1636580596,0.09218331656,nan,nan,nan,nan,nan,nan,nan,0.07401735881
76980,0.3266999911,0.3255375131,0.3220461279,0.316211113,0.3080034087,0.2973689787,0.2842114198,0.2683588211,0.2494973318,0.2270188826,0.1996000452,0.1635357131,0.09207213201,nan,nan,nan,nan,nan,nan,nan,0.07396452225
77040,0.3263872258,0.3252263625,0.3217398095,0.3159128116,0.3077162593,0.2970960649,0.2839557497,0.2681233798,0.2492851075,0.2268329928,0.1994439627,0.1634136151,0.09196112337,nan,nan,nan,nan,nan,nan,nan,0.07391184978
77100,0.3260751697,0.3249159169,0.3214341834,0.3156151823,0.3074297538,0.296823759,0.2837006442,0.2678884532,0.249073341,0.2266474977,0.1992882051,0.1632917647,0.0918502902,nan,nan,nan,nan,nan,nan,nan,0.07385934078
77160,0.3257638204,0.324606174,0.3211292453,0.315318223,0.30714389,0.296552059,0.2834461017,0.2676540395,0.2488620311,0.2264623962,0.1991327713,0.1631701613,0.09173963202,nan,nan,nan,nan,nan,nan,nan,0.07380699461
77220,0.3254531758,0.3242971317,0.3208249955,0.3150219317,0.306858666,0.2962809631,0.2831921204,0.2674201374,0.2486511763,0.226277687,0.1989776605,0.1630488039,0.09162914838,nan,nan,nan,nan,nan,nan,nan,0.07375481065
77280,0.3251432337,0.3239887877,0.3205214318,0.3147263062,0.3065740797,0.2960104695,0.2829386985,0.2671867451,0.2484407752,0.226093369,0.1988228566,0.162927692,0.09151857921,nan,nan,nan,nan,nan,nan,nan,0.07370278827
77340,0.3248339918,0.3236811399,0.320218552,0.3144313444,0.3062901294,0.2957405762,0.2826858345,0.2669538611,0.2482308265,0.2259094409,0.198668361,0.1628068247,0.09140689576,nan,nan,nan,nan,nan,nan,nan,0.07365092684
77400,0.324525448,0.3233741862,0.3199163542,0.3141370445,0.3060068128,0.2954712814,0.2824335264,0.2667214839,0.2480213287,0.2257259015,0.1985141855,0.1626862013,0.09129538423,nan,nan,nan,nan,nan,nan,nan,0.07359922575
77460,0.3242176002,0.3230679243,0.3196148361,0.3138434041,0.3057241282,0.2952025832,0.2821817727,0.2664896119,0.2478122805,0.2255427498,0.198360329,0.162565821,0.09118404417,nan,nan,nan,nan,nan,nan,nan,0.07354768437
77520,0.3239104461,0.3227623522,0.3193139956,0.3135504215,0.3054420735,0.2949344799,0.2819305717,0.2662582436,0.2476036805,0.2253599845,0.1982067905,0.1624456667,0.09107287516,nan,nan,nan,nan,nan,nan,nan,0.07349630209
77580,0.3236039836,0.3224574676,0.3190138306,0.3132580944,0.3051606468,0.2946669696,0.2816799215,0.2660273773,0.2473955274,0.2251776044,0.1980535692,0.1623257054,0.09096187676,nan,nan,nan,nan,nan,nan,nan,0.0734450783
77640,0.3232982106,0.3221532684,0.3187143391,0.3129664208,0.3048798462,0.2944000504,0.2814298207,0.2657970117,0.2471878198,0.2249956085,0.1979006641,0.162205985,0.09085104854,nan,nan,nan,nan,nan,nan,nan,0.07339401239
77700,0.3229931249,0.3218497526,0.3184155189,0.3126753988,0.3045996697,0.2941337206,0.2811802674,0.2655671452,0.2469805564,0.2248139954,0.1977480741,0.1620865048,0.09074039009,nan,nan,nan,nan,nan,nan,nan,0.07334310376
77760,0.3226887244,0.3215469179,0.318117368,0.3123850263,0.3043201153,0.2938679783,0.2809312599,0.2653377762,0.2467737358,0.2246327641,0.1975957984,0.1619672642,0.09062990097,nan,nan,nan,nan,nan,nan,nan,0.07329235178
77820,0.3223850069,0.3212447623,0.3178198843,0.3120953014,0.3040411813,0.2936028218,0.2806827967,0.2651089032,0.2465673566,0.2244519134,0.197443836,0.1618482624,0.09051958077,nan,nan,nan,nan,nan,nan,nan,0.07324175588
77880,0.3220819703,0.3209432837,0.3175230656,0.3118062219,0.3037628656,0.293338247,0.280434876,0.2648805248,0.2463614175,0.2242714422,0.197292186,0.1617294986,0.09040942905,nan,nan,nan,nan,nan,nan,nan,0.07319131544
77940,0.3217796126,0.3206424799,0.3172269101,0.311517786,0.3034851663,0.29307425,0.2801874963,0.2646526393,0.2461559172,0.2240913454,0.1971408474,0.1616109722,0.0902994454,nan,nan,nan,nan,nan,nan,nan,0.07314102987
78000,0.3214779316,0.3203423489,0.3169314156,0.3112299916,0.3032080817,0.2928108334,0.2799406557,0.2644252454,0.2459508544,0.2239116128,0.1969898193,0.1614926824,0.0901896294,nan,nan,nan,nan,nan,nan,nan,0.07309089858
78060,0.3211769252,0.3200428887,0.31663658,0.3109428367,0.3029316097,0.2925479954,0.2796943528,0.2641983415,0.2457462277,0.2237322563,0.1968391007,0.1613746285,0.09007838086,nan,nan,nan,nan,nan,nan,nan,0.07304092097
78120,0.3208765914,0.319744097,0.3163424014,0.3106563194,0.3026557485,0.2922857342,0.2794485858,0.2639719261,0.2455420358,0.2235532747,0.1966886908,0.1612568097,0.08996726268,nan,nan,nan,nan,nan,nan,nan,0.07299109646
78180,0.3205769281,0.319445972,0.3160488777,0.3103704378,0.3023804962,0.292024048,0.2792033531,0.2637459978,0.2453382775,0.223374667,0.1965385885,0.1611392255,0.08985630957,nan,nan,nan,nan,nan,nan,nan,0.07294142447
78240,0.3202779331,0.3191485114,0.3157560069,0.3100851898,0.3021058509,0.2917629351,0.2789586531,0.263520555,0.2451349513,0.2231964319,0.196388793,0.161021875,0.08974552114,nan,nan,nan,nan,nan,nan,nan,0.0728919044
78300,0.3199796045,0.3188517133,0.315463787,0.3098005736,0.3018318108,0.2915023938,0.2787144842,0.2632955964,0.244932056,0.2230185684,0.1962393034,0.1609047576,0.08963489699,nan,nan,nan,nan,nan,nan,nan,0.07284253568
78360,0.3196819402,0.3185555757,0.315172216,0.3095165871,0.3015583741,0.2912424222,0.2784708447,0.2630711203,0.2447295904,0.2228410753,0.1960901187,0.1607878725,0.08952443672,nan,nan,nan,nan,nan,nan,nan,0.07279331772
78420,0.3193849381,0.3182600964,0.3148812919,0.3092332284,0.3012855388,0.2909830187,0.2782277331,0.2628471255,0.244527553,0.2226639517,0.1959412381,0.160671219,0.08941413995,nan,nan,nan,nan,nan,nan,nan,0.07274424997
78480,0.3190885962,0.3179652734,0.3145910126,0.3089504957,0.3010133032,0.2907241815,0.2779851477,0.2626236104,0.2443259427,0.2224871962,0.1957926605,0.1605547966,0.08930400629,nan,nan,nan,nan,nan,nan,nan,0.07269533183
78540,0.3187929125,0.3176711049,0.3143013763,0.308668387,0.3007416654,0.2904659089,0.2777430869,0.2624005735,0.244124758,0.2223108079,0.1956443852,0.1604386043,0.08919403533,nan,nan,nan,nan,nan,nan,nan,0.07264656275
78600,0.3184978849,0.3173775886,0.3140123809,0.3083869004,0.3004706236,0.2902081992,0.2775015492,0.2621780135,0.2439239979,0.2221347857,0.1954964112,0.1603226417,0.08908422671,nan,nan,nan,nan,nan,nan,nan,0.07259794215
78660,0.3182035114,0.3170847227,0.3137240245,0.3081060339,0.3002001759,0.2899510506,0.277260533,0.2619559288,0.2437236609,0.2219591283,0.1953487376,0.1602069079,0.08897458003,nan,nan,nan,nan,nan,nan,nan,0.07254946947
78720,0.3179097901,0.3167925051,0.3134363051,0.3078257857,0.2999303205,0.2896944615,0.2770200366,0.2617343181,0.2435237458,0.2217838349,0.1952013636,0.1600914022,0.08886502823,nan,nan,nan,nan,nan,nan,nan,0.07250114414
78780,0.3176167189,0.3165009339,0.3131492208,0.307546154,0.2996610557,0.2894384301,0.2767800586,0.26151318,0.2433242514,0.2216089042,0.1950542882,0.1599761241,0.08875397483,nan,nan,nan,nan,nan,nan,nan,0.07245296561
78840,0.3173242958,0.316210007,0.3128627696,0.3072671367,0.2993923797,0.2891829548,0.2765405973,0.2612925129,0.2431251763,0.2214343353,0.1949075105,0.1598610728,0.08864308079,nan,nan,nan,nan,nan,nan,nan,0.07240493332
78900,0.3170325189,0.3159197225,0.3125769496,0.306988732,0.2991242906,0.2889280338,0.2763016512,0.2610723155,0.2429265194,0.2212601269,0.1947610297,0.1597462477,0.08853234575,nan,nan,nan,nan,nan,nan,nan,0.07235704671
78960,0.3167413861,0.3156300784,0.3122917588,0.3067109382,0.2988567866,0.2886736656,0.2760632187,0.2608525864,0.2427282794,0.2210862781,0.1946148448,0.159631648,0.08842176934,nan,nan,nan,nan,nan,nan,nan,0.07230930524
79020,0.3164508955,0.3153410728,0.3120071954,0.3064337532,0.298589866,0.2884198483,0.2758252983,0.2606333242,0.242530455,0.2209127878,0.1944689551,0.1595172731,0.0883113512,nan,nan,nan,nan,nan,nan,nan,0.07226170834
79080,0.3161610451,0.3150527037,0.3117232574,0.3061571752,0.2983235271,0.2881665804,0.2755878884,0.2604145274,0.2423330449,0.2207396548,0.1943233596,0.1594031223,0.08820109097,nan,nan,nan,nan,nan,nan,nan,0.07221425547
79140,0.315871833,0.3147649691,0.3114399429,0.3058812025,0.2980577679,0.2879138602,0.2753509875,0.2601961947,0.2421360481,0.2205668783,0.1941780575,0.1592891949,0.0880909883,nan,nan,nan,nan,nan,nan,nan,0.07216694609
79200,0.3155832573,0.3144778673,0.3111572501,0.3056058332,0.2977925869,0.287661686,0.2751145941,0.2599783247,0.2419394632,0.220394457,0.1940330478,0.1591754903,0.08798104264,nan,nan,nan,nan,nan,nan,nan,0.07211977541
79260,0.3152953237,0.3141914645,0.3108754303,0.3053316241,0.2975289788,0.2874116272,0.2748810003,0.2597641125,0.2417476307,0.2202282695,0.1938965003,0.1590748032,0.08793415924,nan,nan,nan,nan,nan,nan,nan,0.07207246793
79320,0.3150080386,0.3139057061,0.3105942434,0.3050580284,0.2972659573,0.2871621209,0.2746479182,0.2595503642,0.241556208,0.220062431,0.1937602338,0.1589743191,0.08788732386,nan,nan,nan,nan,nan,nan,nan,0.07202517946
79380,0.3147213995,0.31362059,0.310313687,0.304785044,0.2970035203,0.2869131651,0.2744153457,0.2593370782,0.2413651936,0.2198969404,0.1936242474,0.1588740372,0.08784057124,nan,nan,nan,nan,nan,nan,nan,0.07197798595
79440,0.3144354048,0.3133361143,0.3100337594,0.3045126691,0.2967416662,0.2866647585,0.2741832817,0.2591242532,0.2411745865,0.2197317968,0.1934885404,0.1587739571,0.08779391432,nan,nan,nan,nan,nan,nan,nan,0.07193091001
79500,0.3141500523,0.3130522769,0.3097544585,0.3042409018,0.2964803931,0.2864168992,0.2739517243,0.2589118878,0.2409843854,0.219566999,0.1933531118,0.158674078,0.08774736161,nan,nan,nan,nan,nan,nan,nan,0.07188396203
79560,0.3138653399,0.3127690758,0.3094757824,0.3039697402,0.2962196991,0.2861695854,0.2737206722,0.2586999806,0.240794589,0.219402546,0.1932179609,0.1585743991,0.08770091557,nan,nan,nan,nan,nan,nan,nan,0.07183714483
79620,0.3135812657,0.312486509,0.3091977291,0.3036991823,0.2959595826,0.2859228156,0.2734901236,0.2584885301,0.2406051961,0.2192384369,0.1930830868,0.1584749197,0.08765457906,nan,nan,nan,nan,nan,nan,nan,0.07179046143
79680,0.3132978277,0.3122045746,0.3089202967,0.3034292264,0.2957000416,0.285676588,0.2732600771,0.2582775349,0.2404162055,0.2190746704,0.1929484886,0.1583756391,0.08760835352,nan,nan,nan,nan,nan,nan,nan,0.07174391389
79740,0.3130150239,0.3119232706,0.3086434832,0.3031598704,0.2954410745,0.2854309009,0.2730305311,0.2580669937,0.240227616,0.2189112457,0.1928141656,0.1582765565,0.08756223965,nan,nan,nan,nan,nan,nan,nan,0.07169750297
79800,0.3127328524,0.3116425949,0.3083672868,0.3028911127,0.2951826794,0.2851857528,0.2728014841,0.2578569051,0.2400394263,0.2187481617,0.1926801169,0.1581776713,0.08751623732,nan,nan,nan,nan,nan,nan,nan,0.07165122831
79860,0.3124513111,0.3113625458,0.3080917055,0.3026229512,0.2949248546,0.2849411418,0.2725729345,0.2576472677,0.2398516353,0.2185854173,0.1925463417,0.1580789829,0.08747034755,nan,nan,nan,nan,nan,nan,nan,0.07160509114
79920,0.312170398,0.3110831211,0.3078167373,0.3023553842,0.2946675984,0.2846970665,0.2723448809,0.2574380802,0.2396642416,0.2184230116,0.1924128391,0.1579804904,0.08742457063,nan,nan,nan,nan,nan,nan,nan,0.07155909177
79980,0.3118901114,0.3108043191,0.3075423805,0.3020884099,0.2944109088,0.284453525,0.2721173217,0.2572293411,0.2394772443,0.2182609435,0.1922796084,0.1578821934,0.08737890588,nan,nan,nan,nan,nan,nan,nan,0.07151322929
80040,0.311610449,0.3105261376,0.307268633,0.3018220263,0.2941547843,0.2842105159,0.2718902554,0.257021049,0.2392906419,0.2180992119,0.1921466486,0.1577840913,0.08733335399,nan,nan,nan,nan,nan,nan,nan,0.07146750449
80100,0.3113314092,0.3102485748,0.306995493,0.3015562316,0.293899223,0.2839680374,0.2716636805,0.2568132028,0.2391044334,0.217937816,0.192013959,0.1576861833,0.08728791456,nan,nan,nan,nan,nan,nan,nan,0.07142191688
80160,0.3110529898,0.3099716288,0.3067229586,0.3012910241,0.2936442232,0.2837260879,0.2714375954,0.2566058008,0.2389186175,0.2177767547,0.1918815387,0.1575884691,0.0872425871,nan,nan,nan,nan,nan,nan,nan,0.0713764659
80220,0.310775189,0.3096952976,0.306451028,0.3010264019,0.2933897832,0.2834846658,0.2712119987,0.2563988419,0.2387331931,0.2176160269,0.1917493869,0.1574909479,0.08719737178,nan,nan,nan,nan,nan,nan,nan,0.07133115169
80280,0.3104980049,0.3094195794,0.3061796991,0.3007623632,0.2931359012,0.2832437694,0.270986889,0.2561923247,0.238548159,0.2174556317,0.1916175029,0.1573936192,0.08715226796,nan,nan,nan,nan,nan,nan,nan,0.07128597353
80340,0.3102214355,0.3091444722,0.3059089703,0.3004989062,0.2928825756,0.2830033972,0.2707622646,0.2559862479,0.2383635139,0.2172955681,0.1914858857,0.1572964826,0.08710727545,nan,nan,nan,nan,nan,nan,nan,0.07124093115
80400,0.3099454789,0.3088699742,0.3056388396,0.300236029,0.2926298046,0.2827635476,0.2705381242,0.25578061,0.2381792568,0.2171358351,0.1913545346,0.1571995373,0.08706239401,nan,nan,nan,nan,nan,nan,nan,0.07119602427
80460,0.3096701333,0.3085960835,0.3053693053,0.29997373,0.2923775866,0.2825242189,0.2703144662,0.2555754099,0.2379953865,0.2169764317,0.1912234489,0.157102783,0.08701762317,nan,nan,nan,nan,nan,nan,nan,0.07115125233
80520,0.3093953968,0.3083227981,0.3051003653,0.2997120073,0.2921259198,0.2822854096,0.2700912892,0.255370646,0.2378119018,0.2168173569,0.1910926276,0.157006219,0.08697296269,nan,nan,nan,nan,nan,nan,nan,0.07110661503
80580,0.3091212674,0.3080501162,0.304832018,0.2994508592,0.2918748024,0.282047118,0.2698685917,0.2551663172,0.2376288016,0.2166586097,0.19096207,0.1569098448,0.08692841226,nan,nan,nan,nan,nan,nan,nan,0.071062112
80640,0.3088477433,0.3077780361,0.3045642614,0.2991902839,0.291624233,0.2818093426,0.2696463723,0.2549624222,0.2374460846,0.2165001892,0.1908317753,0.1568136598,0.08688397144,nan,nan,nan,nan,nan,nan,nan,0.07101774272
80700,0.3085748226,0.3075065557,0.3042970938,0.2989302796,0.2913742097,0.2815720818,0.2694246295,0.2547589596,0.2372637498,0.2163420943,0.1907017427,0.1567176636,0.08683963995,nan,nan,nan,nan,nan,nan,nan,0.07097350684
80760,0.3083025035,0.3072356732,0.3040305134,0.2986708445,0.2911247309,0.2813353341,0.2692033619,0.254555928,0.2370817959,0.2161843242,0.1905719715,0.1566218555,0.08679541743,nan,nan,nan,nan,nan,nan,nan,0.07092940395
80820,0.3080307841,0.3069653869,0.3037645183,0.298411977,0.2908757949,0.2810990979,0.268982568,0.2543533263,0.236900222,0.2160268778,0.1904424608,0.1565262351,0.08675130346,nan,nan,nan,nan,nan,nan,nan,0.07088543352
80880,0.3077596626,0.3066956949,0.3034991067,0.2981536753,0.2906274001,0.2808633715,0.2687622464,0.2541511531,0.2367190267,0.2158697541,0.19031321,0.1564308017,0.0867072977,nan,nan,nan,nan,nan,nan,nan,0.07084159518
80940,0.3074891369,0.3064265951,0.3032342767,0.2978959374,0.2903795446,0.2806281534,0.2685423955,0.2539494069,0.236538209,0.2157129521,0.190184218,0.1563355549,0.08666340049,nan,nan,nan,nan,nan,nan,nan,0.07079789259
81000,0.3072192029,0.3061580834,0.3029700243,0.2976387595,0.2901322248,0.28039344,0.2683230121,0.2537480849,0.236357766,0.2155564696,0.1900554832,0.1562404932,0.08661962118,nan,nan,nan,nan,nan,nan,nan,0.07075438224
81060,0.3069498553,0.3058900965,0.3027061082,0.2973816069,0.2898844848,0.2801577224,0.2681018903,0.253544109,0.2361735109,0.2153946263,0.1899190936,0.1561331824,0.08651366793,nan,nan,nan,nan,nan,nan,nan,0.07071112026
81120,0.3066810857,0.3056226844,0.3024427569,0.2971250028,0.2896372704,0.2799225015,0.2678812303,0.2533405545,0.2359896313,0.2152331071,0.1897829709,0.1560260747,0.08640791115,nan,nan,nan,nan,nan,nan,nan,0.07066819906
81180,0.3064128901,0.3053558428,0.3021799664,0.296868943,0.2893905778,0.2796877737,0.2676610289,0.2531374184,0.2358061244,0.2150719097,0.1896471132,0.1559191687,0.08630234854,nan,nan,nan,nan,nan,nan,nan,0.07062545981
81240,0.306145266,0.3050895694,0.3019177342,0.2966134253,0.2891444048,0.2794535368,0.267441284,0.2529346988,0.2356229887,0.2149110327,0.1895115193,0.1558124637,0.0861963054,nan,nan,nan,nan,nan,nan,nan,0.07058286187
81300,0.305878212,0.304823863,0.3016560592,0.2963584486,0.2888987502,0.2792197899,0.2672219948,0.2527323949,0.2354402234,0.2147504755,0.1893761889,0.1557059513,0.08608921799,nan,nan,nan,nan,nan,nan,nan,0.07054039716
81360,0.3056117269,0.3045587221,0.3013949399,0.2961040114,0.2886536128,0.2789865318,0.26700316,0.2525305058,0.2352578277,0.2145902372,0.1892411211,0.1555995837,0.08598227996,nan,nan,nan,nan,nan,nan,nan,0.0704980677
81420,0.3053458078,0.304294144,0.3011343737,0.2958501113,0.2884089902,0.27875376,0.2667847776,0.2523290294,0.2350757997,0.2144303165,0.1891063149,0.1554934157,0.0858754917,nan,nan,nan,nan,nan,nan,nan,0.07045587047
81480,0.3050804547,0.3040301287,0.3008743606,0.2955967481,0.2881648821,0.2785214747,0.2665668475,0.2521279657,0.2348941395,0.2142707132,0.1889717702,0.1553874472,0.08576885286,nan,nan,nan,nan,nan,nan,nan,0.07041380513
81540,0.3048156648,0.3037666732,0.3006148978,0.2953439192,0.2879212862,0.2782896733,0.2663493675,0.2519273127,0.2347128453,0.2141114258,0.1888374858,0.1552816776,0.08566236074,nan,nan,nan,nan,nan,nan,nan,0.07037186802
81600,0.3045514377,0.3035037774,0.3003559848,0.2950916241,0.287678202,0.2780583554,0.2661323372,0.25172707,0.2345319167,0.2139524542,0.1887034614,0.1551761066,0.08555601507,nan,nan,nan,nan,nan,nan,nan,0.07033005866
81660,0.3042877713,0.303241439,0.3000976197,0.294839861,0.2874356277,0.2778275195,0.2659157551,0.2515272363,0.2343513462,0.2137937971,0.1885696961,0.1550707337,0.08544981458,nan,nan,nan,nan,nan,nan,nan,0.07028837562
81720,0.3040246633,0.3029796559,0.2998398003,0.2945886277,0.2871935612,0.2775971635,0.2656996192,0.2513278099,0.2341711334,0.2136354533,0.1884361891,0.1549655582,0.08534375765,nan,nan,nan,nan,nan,nan,nan,0.07024681691
81780,0.3037621127,0.3027184269,0.2995825254,0.2943379231,0.2869520015,0.2773672864,0.2654839289,0.25112879,0.2339912829,0.2134774224,0.1883029369,0.1548605797,0.08523784425,nan,nan,nan,nan,nan,nan,nan,0.07020538247
81840,0.3035001179,0.3024577505,0.2993257937,0.2940877459,0.2867109473,0.2771378871,0.2652686829,0.2509301755,0.2338117937,0.2133197033,0.1881699182,0.1547557978,0.08513207371,nan,nan,nan,nan,nan,nan,nan,0.07016407145
81900,0.3032386773,0.3021976252,0.2990696035,0.2938380945,0.2864703971,0.2769089641,0.2650538798,0.2507319653,0.2336326648,0.2131622953,0.1880371558,0.1546512119,0.08502644498,nan,nan,nan,nan,nan,nan,nan,0.07012288255
81960,0.3029777891,0.3019380492,0.2988139531,0.2935889672,0.2862303493,0.2766805159,0.2648395184,0.2505341581,0.2334538951,0.2130051974,0.1879046491,0.1545468215,0.08491914156,nan,nan,nan,nan,nan,nan,nan,0.07008181546
82020,0.3027174517,0.3016790207,0.2985588409,0.2933403624,0.2859908023,0.2764525411,0.2646255972,0.2503367526,0.2332754834,0.2128484086,0.1877723971,0.1544426259,0.0848118309,nan,nan,nan,nan,nan,nan,nan,0.07004086956
82080,0.3024576634,0.3014205382,0.2983042652,0.2930922785,0.2857517547,0.2762250383,0.264412115,0.2501397478,0.2330974288,0.2126919281,0.1876403993,0.1543386247,0.08470465935,nan,nan,nan,nan,nan,nan,nan,0.07000004385
82140,0.3021984225,0.3011626,0.2980502244,0.2928447141,0.285513205,0.275998006,0.2641990705,0.2499431423,0.2329197302,0.2125357549,0.1875086549,0.1542348172,0.08459762677,nan,nan,nan,nan,nan,nan,nan,0.06995933804
82200,0.3019397274,0.3009052044,0.2977967169,0.2925976675,0.2852751516,0.2757714429,0.2639864624,0.2497469352,0.2327423866,0.2123798883,0.1873771633,0.1541312029,0.08449073284,nan,nan,nan,nan,nan,nan,nan,0.06991875164
82260,0.3016815764,0.3006483498,0.2975437411,0.2923511371,0.2850375932,0.2755453475,0.2637742893,0.249551125,0.2325653968,0.2122243272,0.1872459236,0.1540277812,0.084383977,nan,nan,nan,nan,nan,nan,nan,0.06987828389
82320,0.301423968,0.3003920347,0.2972912955,0.2921051216,0.2848005282,0.2753197186,0.26356255,0.2493557108,0.2323887599,0.2120690709,0.1871149351,0.1539245516,0.08427735903,nan,nan,nan,nan,nan,nan,nan,0.06983793442
82380,0.3011669006,0.3001362574,0.2970393785,0.2918596193,0.2845639552,0.2750945547,0.2633512433,0.2491606914,0.232212475,0.2119141184,0.1869841973,0.1538215135,0.08417087863,nan,nan,nan,nan,nan,nan,nan,0.06979770277
82440,0.3009103724,0.2998810164,0.2967879884,0.2916146287,0.2843278728,0.2748698544,0.2631403679,0.2489660656,0.2320365408,0.2117594689,0.1868537093,0.1537186663,0.08406453539,nan,nan,nan,nan,nan,nan,nan,0.06975758833
82500,0.300654382,0.29962631,0.2965371239,0.2913701483,0.2840922795,0.2746456165,0.2629299225,0.2487718323,0.2318609566,0.2116051216,0.1867234706,0.1536160094,0.08395832905,nan,nan,nan,nan,nan,nan,nan,0.06971759068
82560,0.3003989278,0.2993721368,0.2962867833,0.2911261768,0.283857174,0.2744218396,0.262719906,0.2485779904,0.2316857213,0.2114510756,0.1865934803,0.1535135424,0.08385225929,nan,nan,nan,nan,nan,nan,nan,0.06967770935
82620,0.3001440082,0.2991184951,0.2960369651,0.2908827124,0.2836225547,0.2741985223,0.262510317,0.2483845387,0.2315108338,0.2112973299,0.1864637379,0.1534112647,0.08374473858,nan,nan,nan,nan,nan,nan,nan,0.06963794381
82680,0.2998896224,0.2988653841,0.2957876685,0.2906397546,0.2833884209,0.273975664,0.2623011549,0.2481914767,0.2313362936,0.2111438843,0.1863342429,0.153309176,0.08363685257,nan,nan,nan,nan,nan,nan,nan,0.06959828296
82740,0.2996357691,0.2986128027,0.2955388924,0.2903973006,0.2831547716,0.2737532636,0.2620924188,0.2479988035,0.2311621001,0.2109907381,0.1862049948,0.1532072758,0.08352909639,nan,nan,nan,nan,nan,nan,nan,0.06955872019
82800,0.2993824469,0.2983607493,0.2952906352,0.2901553484,0.2829216054,0.2735313199,0.2618841075,0.2478065181,0.2309882523,0.2108378905,0.186075993,0.1531055637,0.08342146942,nan,nan,nan,nan,nan,nan,nan,0.0695192542
82860,0.2991296575,0.2981092815,0.2950431258,0.2899144156,0.2826898404,0.2733112851,0.2616783476,0.2476175921,0.2308188101,0.2106908439,0.1859549456,0.1530162165,0.08338160285,nan,nan,nan,nan,nan,nan,nan,0.06947975744
82920,0.2988774082,0.2978583507,0.2947961438,0.2896739941,0.2824585647,0.2730917115,0.2614730149,0.2474290538,0.2306497109,0.2105440897,0.1858341337,0.1529270392,0.08334176044,nan,nan,nan,nan,nan,nan,nan,0.06944019253
82980,0.2986256983,0.2976079561,0.2945496883,0.2894340832,0.2822277774,0.2728725984,0.2612681089,0.247240903,0.2304809541,0.2103976275,0.1857135571,0.1528380317,0.08330197542,nan,nan,nan,nan,nan,nan,nan,0.06940070527
83040,0.2983745258,0.2973580957,0.2943037575,0.2891946812,0.281997477,0.2726539441,0.261063628,0.247053138,0.2303125385,0.2102514563,0.185593215,0.1527491932,0.08326226723,nan,nan,nan,nan,nan,nan,nan,0.0693613116
83100,0.2981238892,0.2971087679,0.2940583498,0.2889557864,0.2817676619,0.2724357473,0.2608595711,0.2468657579,0.2301444633,0.2101055753,0.1854731068,0.1526605233,0.08322264035,nan,nan,nan,nan,nan,nan,nan,0.06932201778
83160,0.2978737869,0.2968599713,0.2938134637,0.2887173974,0.2815383308,0.2722180068,0.2606559369,0.2466787614,0.2299767273,0.2099599837,0.1853532317,0.1525720213,0.08318309744,nan,nan,nan,nan,nan,nan,nan,0.06928282697
83220,0.2976242173,0.2966117042,0.2935690976,0.2884795128,0.2813094822,0.2720007211,0.2604527242,0.2464921477,0.2298093297,0.2098146807,0.1852335891,0.1524836868,0.08314364251,nan,nan,nan,nan,nan,nan,nan,0.06924374417
83280,0.2973751789,0.2963639651,0.2933252501,0.2882421311,0.2810811148,0.2717838889,0.2602499318,0.2463059154,0.2296422695,0.2096696653,0.1851141784,0.1523955191,0.08310427575,nan,nan,nan,nan,nan,nan,nan,0.06920476921
83340,0.2971266699,0.2961167524,0.2930819194,0.2880052506,0.280853227,0.2715675088,0.2600475583,0.2461200635,0.2294755457,0.2095249369,0.184994999,0.1523075177,0.08306499938,nan,nan,nan,nan,nan,nan,nan,0.06916590467
83400,0.2968786889,0.2958700644,0.2928391042,0.28776887,0.2806258175,0.2713515796,0.2598456027,0.2459345909,0.2293091572,0.2093804945,0.18487605,0.1522196819,0.08302581311,nan,nan,nan,nan,nan,nan,nan,0.06912715009
83460,0.2966312342,0.2956238997,0.2925968028,0.2875329877,0.2803988847,0.2711360999,0.2596440635,0.2457494964,0.2291431032,0.2092363374,0.1847573309,0.1521320113,0.08298671715,nan,nan,nan,nan,nan,nan,nan,0.06908850562
83520,0.2963843043,0.2953782565,0.2923550137,0.2872976022,0.2801724274,0.2709210683,0.2594429397,0.2455647789,0.2289773827,0.2090924647,0.184638841,0.1520445052,0.08294771163,nan,nan,nan,nan,nan,nan,nan,0.06904997137
83580,0.2961378975,0.2951331334,0.2921137353,0.287062712,0.279946444,0.2707064835,0.2592422299,0.2453804374,0.2288119946,0.2089488756,0.1845205796,0.1519571632,0.08290879618,nan,nan,nan,nan,nan,nan,nan,0.06901154689
83640,0.2958920124,0.2948885288,0.2918729661,0.2868283157,0.2797209331,0.2704923442,0.259041933,0.2451964707,0.2286469381,0.2088055693,0.1844025461,0.1518699849,0.08286997092,nan,nan,nan,nan,nan,nan,nan,0.06897323225
83700,0.2956466473,0.2946444412,0.2916327047,0.2865944119,0.2794958935,0.2702786491,0.2588420477,0.2450128778,0.2284822121,0.2086625449,0.1842847398,0.1517829697,0.08283123568,nan,nan,nan,nan,nan,nan,nan,0.06893502729
83760,0.2954018007,0.294400869,0.2913929495,0.2863609989,0.2792713235,0.2700653968,0.2586425728,0.2448296575,0.2283178157,0.2085198018,0.1841671601,0.151696117,0.08279259052,nan,nan,nan,nan,nan,nan,nan,0.06889693197
83820,0.2951574711,0.2941578107,0.2911536989,0.2861280754,0.279047222,0.2698525861,0.2584435072,0.2446468088,0.228153748,0.2083773391,0.1840498063,0.1516094266,0.08275403523,nan,nan,nan,nan,nan,nan,nan,0.06885894605
83880,0.2949136569,0.2939152648,0.2909149516,0.28589564,0.2788235875,0.2696402157,0.2582448497,0.2444643306,0.2279900081,0.2082351559,0.1839326777,0.151522898,0.08271556962,nan,nan,nan,nan,nan,nan,nan,0.06882106929
83940,0.2946703565,0.2936732297,0.290676706,0.2856636912,0.2786004185,0.2694282842,0.258046599,0.2442822218,0.2278265949,0.2080932515,0.1838157737,0.1514365306,0.08267719364,nan,nan,nan,nan,nan,nan,nan,0.0687833016
84000,0.2944275686,0.2934317039,0.2904389606,0.2854322274,0.2783777138,0.2692167904,0.2578487539,0.2441004814,0.2276635076,0.2079516251,0.1836990937,0.151350324,0.08263890699,nan,nan,nan,nan,nan,nan,nan,0.0687456426
84060,0.2941852915,0.2931906859,0.2902017139,0.2852012474,0.278155472,0.2690057331,0.2576513134,0.2439191083,0.2275007451,0.2078102758,0.183582637,0.1512642778,0.08260070933,nan,nan,nan,nan,nan,nan,nan,0.06870809189
84120,0.2939435237,0.2929501742,0.2899649645,0.2849707497,0.2779336917,0.2687951108,0.2574542761,0.2437381013,0.2273383067,0.207669203,0.183466403,0.1511783916,0.08256260055,nan,nan,nan,nan,nan,nan,nan,0.06867064932
84180,0.2937022637,0.2927101673,0.2897287108,0.2847407328,0.2777123715,0.2685849224,0.2572576409,0.2435574595,0.2271761912,0.2075284058,0.183350391,0.1510926649,0.08252458033,nan,nan,nan,nan,nan,nan,nan,0.06863331449
84240,0.29346151,0.2924706637,0.2894929515,0.2845111954,0.2774915102,0.2683751665,0.2570614067,0.2433771819,0.2270143979,0.2073878834,0.1832346004,0.1510070973,0.08248664833,nan,nan,nan,nan,nan,nan,nan,0.06859608698
84300,0.2932212611,0.2922316619,0.289257685,0.284282136,0.2772711063,0.268165842,0.2568655723,0.2431972672,0.2268529258,0.2072476351,0.1831190306,0.1509216883,0.08244880433,nan,nan,nan,nan,nan,nan,nan,0.06855896654
84360,0.2929815155,0.2919931604,0.2890229099,0.2840535532,0.2770511584,0.2679569475,0.2566701365,0.2430177146,0.2266917739,0.20710766,0.1830036809,0.1508364375,0.08241104804,nan,nan,nan,nan,nan,nan,nan,0.0685219528
84420,0.2927422717,0.2917551578,0.2887886247,0.2838254456,0.2768316654,0.2677484818,0.2564750982,0.242838523,0.2265309414,0.2069679574,0.1828885508,0.1507513445,0.08237337914,nan,nan,nan,nan,nan,nan,nan,0.06848504538
84480,0.2925035283,0.2915176525,0.2885548281,0.2835978118,0.2766126257,0.2675404436,0.2562804561,0.2426596912,0.2263704274,0.2068285265,0.1827736395,0.1506664089,0.08233579737,nan,nan,nan,nan,nan,nan,nan,0.06844824396
84540,0.2922652834,0.2912806429,0.2883215182,0.2833706501,0.276394038,0.2673328314,0.256086209,0.2424812182,0.2262102307,0.2066893665,0.1826589465,0.1505816301,0.08229830361,nan,nan,nan,nan,nan,nan,nan,0.06841155387
84600,0.2920275353,0.291044127,0.2880886933,0.2831439589,0.2761759004,0.2671256438,0.2558923554,0.2423031025,0.2260503502,0.2065504761,0.1825444707,0.1504970075,0.08226089982,nan,nan,nan,nan,nan,nan,nan,0.06837498579
84660,0.2917902776,0.2908080448,0.2878561284,0.2829172372,0.2759573241,0.2669174763,0.2556968397,0.2421224706,0.2258868567,0.2064065238,0.1824227293,0.1504006838,0.08215660929,nan,nan,nan,nan,nan,nan,nan,0.06833872436
84720,0.2915535012,0.2905724411,0.2876240339,0.2826909725,0.2757391859,0.2667097233,0.2555017097,0.2419421854,0.2257236777,0.2062628433,0.1823012122,0.1503045311,0.08205251358,nan,nan,nan,nan,nan,nan,nan,0.0683027031
84780,0.2913172046,0.2903373145,0.2873924084,0.2824651632,0.2755214846,0.2665023833,0.2553069642,0.2417622485,0.225560812,0.2061194338,0.1821799188,0.150208549,0.08194857211,nan,nan,nan,nan,nan,nan,nan,0.06826681463
84840,0.2910813867,0.2901026639,0.2871612507,0.2822398084,0.275304219,0.2662954554,0.2551126023,0.241582662,0.2253982591,0.2059762947,0.1820588486,0.1501127371,0.08184477407,nan,nan,nan,nan,nan,nan,nan,0.06823104832
84900,0.2908460461,0.2898684879,0.2869305596,0.2820149067,0.275087388,0.2660889385,0.2549186229,0.241403425,0.225236018,0.2058334252,0.1819380009,0.150017095,0.08174111406,nan,nan,nan,nan,nan,nan,nan,0.06819539729
84960,0.2906111814,0.2896347851,0.2867003336,0.2817904569,0.2748709904,0.2658828315,0.2547250251,0.2412245365,0.2250740879,0.2056908246,0.1818173751,0.1499216222,0.08163758716,nan,nan,nan,nan,nan,nan,nan,0.06815985535
85020,0.2903767914,0.2894015542,0.2864705715,0.2815664576,0.2746550249,0.2656771331,0.2545318076,0.2410459955,0.2249124679,0.2055484811,0.1816969708,0.1498263186,0.08153419116,nan,nan,nan,nan,nan,nan,nan,0.06812442006
85080,0.2901428745,0.2891687939,0.286241272,0.2813429076,0.2744394902,0.2654718422,0.2543389695,0.2408678011,0.2247511571,0.2054064007,0.1815767871,0.1497311735,0.08142898456,nan,nan,nan,nan,nan,nan,nan,0.0680890881
85140,0.2899094296,0.2889365028,0.2860124337,0.2811198056,0.2742243852,0.2652669577,0.2541465096,0.2406899523,0.2245901548,0.205264587,0.1814568236,0.149636145,0.08132360807,nan,nan,nan,nan,nan,nan,nan,0.06805385942
85200,0.2896764551,0.2887046796,0.2857840552,0.2808971504,0.2740097086,0.2650624784,0.253954427,0.240512448,0.22442946,0.2051230392,0.1813370797,0.1495412845,0.08121835688,nan,nan,nan,nan,nan,nan,nan,0.06801873221
85260,0.2894439499,0.2884733229,0.2855561354,0.2806749405,0.2737954592,0.2648584031,0.2537627204,0.2403352874,0.2242690718,0.2049817567,0.1812175547,0.1494465916,0.08111323111,nan,nan,nan,nan,nan,nan,nan,0.06798370649
85320,0.2892119124,0.2882424313,0.2853286728,0.2804531749,0.2735816358,0.2646547307,0.2535713889,0.2401584695,0.2241089895,0.2048407387,0.181098248,0.149352066,0.08100822982,nan,nan,nan,nan,nan,nan,nan,0.06794878114
85380,0.2889803416,0.2880120037,0.2851016663,0.2802318522,0.2733682373,0.2644514601,0.2533804315,0.2399819934,0.2239492122,0.2046999845,0.1809791591,0.1492577071,0.08090335271,nan,nan,nan,nan,nan,nan,nan,0.06791395563
85440,0.2887492359,0.2877820386,0.2848751144,0.2800109711,0.2731552623,0.2642485902,0.2531898471,0.239805858,0.2237897391,0.2045594933,0.1808602875,0.1491635146,0.08079859907,nan,nan,nan,nan,nan,nan,nan,0.06787922911
85500,0.288518594,0.2875525348,0.284649016,0.2797905305,0.2729427097,0.2640461198,0.2529996346,0.2396300625,0.2236305692,0.2044192644,0.1807416324,0.149069488,0.08069396834,nan,nan,nan,nan,nan,nan,nan,0.06784460084
85560,0.2882884147,0.2873234909,0.2844233697,0.2795705291,0.2727305784,0.2638440478,0.252809793,0.2394546059,0.2234717018,0.2042792972,0.1806231934,0.148975627,0.08058946038,nan,nan,nan,nan,nan,nan,nan,0.06781007052
85620,0.2880586967,0.2870949056,0.2841981742,0.2793509656,0.2725188671,0.2636423731,0.2526203213,0.2392794872,0.2233131361,0.2041395909,0.1805049698,0.148881931,0.08048507456,nan,nan,nan,nan,nan,nan,nan,0.06777563735
85680,0.2878294386,0.2868667777,0.2839734283,0.2791318388,0.2723075747,0.2634410946,0.2524312185,0.2391047056,0.2231548712,0.2040001448,0.1803869612,0.1487883997,0.08038021943,nan,nan,nan,nan,nan,nan,nan,0.06774130069
85740,0.2876006392,0.2866391058,0.2837491307,0.2789131475,0.2720966999,0.2632402112,0.2522424835,0.2389302601,0.2229969062,0.2038609582,0.1802691669,0.1486950325,0.08027369707,nan,nan,nan,nan,nan,nan,nan,0.06770706055
85800,0.2873722971,0.2864118887,0.2835252802,0.2786948905,0.2718862417,0.2630397218,0.2520541152,0.2387561497,0.2228392405,0.2037220303,0.1801515863,0.148601829,0.08016729469,nan,nan,nan,nan,nan,nan,nan,0.06767291617
85860,0.287144411,0.2861851251,0.2833018754,0.2784770665,0.2716761988,0.2628396252,0.2518661128,0.2385823736,0.222681873,0.2035833606,0.180034219,0.1485087888,0.08006101199,nan,nan,nan,nan,nan,nan,nan,0.06763886707
85920,0.2869169797,0.2859588137,0.2830789152,0.2782596743,0.27146657,0.2626399204,0.2516784751,0.2384089308,0.2225248031,0.2034449482,0.1799170642,0.1484159114,0.079954849,nan,nan,nan,nan,nan,nan,nan,0.06760491317
85980,0.2866900019,0.2857329532,0.2828563982,0.2780427127,0.2712573543,0.2624406062,0.2514912012,0.2382358204,0.2223680299,0.2033067926,0.1798001216,0.1483231965,0.07984880534,nan,nan,nan,nan,nan,nan,nan,0.06757105388
86040,0.2864634763,0.2855075423,0.2826343232,0.2778261805,0.2710485505,0.2622416817,0.25130429,0.2380630415,0.2222115526,0.2031688929,0.1796833904,0.1482306434,0.07974288077,nan,nan,nan,nan,nan,nan,nan,0.06753728881
86100,0.2862374017,0.2852825798,0.2824126891,0.2776100765,0.2708401573,0.2620431457,0.2511177405,0.2378905932,0.2220553704,0.2030312485,0.1795668702,0.1481382518,0.07963707517,nan,nan,nan,nan,nan,nan,nan,0.06750361769
86160,0.2860117767,0.2850580645,0.2821914945,0.2773943995,0.2706321738,0.2618449971,0.2509315518,0.2377184745,0.2218994825,0.2028938588,0.1794505604,0.1480460213,0.07953138827,nan,nan,nan,nan,nan,nan,nan,0.06747004007
86220,0.2857866001,0.284833995,0.2819707382,0.2771791482,0.2704245986,0.2616472348,0.2507457228,0.2375466846,0.221743888,0.2027567229,0.1793344604,0.1479539514,0.07942581986,nan,nan,nan,nan,nan,nan,nan,0.06743655559
86280,0.2855618706,0.2846103702,0.2817504189,0.2769643216,0.2702174307,0.2614498579,0.2505602526,0.2373752225,0.2215885863,0.2026198403,0.1792185697,0.1478620417,0.07932036976,nan,nan,nan,nan,nan,nan,nan,0.0674031639
86340,0.285337587,0.2843871887,0.2815305356,0.2767499184,0.270010669,0.2612528651,0.2503751401,0.2372040874,0.2214335764,0.2024832103,0.1791028657,0.1477702916,0.07921272632,nan,nan,nan,nan,nan,nan,nan,0.06736986463
86400,0.2851137481,0.2841644494,0.2813110869,0.2765359375,0.2698043123,0.2610562555,0.2501903845,0.2370332784,0.2212788577,0.2023468322,0.1789873667,0.1476787009,0.0791049742,nan,nan,nan,nan,nan,nan,nan,0.06733665248
86460,0.2848903586,0.2839422089,0.2810922888,0.2763228612,0.2695992183,0.2608613857,0.2500079735,0.236865586,0.2211282392,0.2022158984,0.1788793822,0.1475989038,0.07907088417,nan,nan,nan,nan,nan,nan,nan,0.06730330201
86520,0.2846674235,0.2837204202,0.2808739344,0.2761102155,0.2693945365,0.2606669047,0.2498259231,0.2366982211,0.2209779107,0.2020852121,0.1787715973,0.1475192504,0.07903679972,nan,nan,nan,nan,nan,nan,nan,0.06726993256
86580,0.2844449417,0.2834990822,0.2806560228,0.2758979991,0.2691902658,0.2604728113,0.2496442322,0.236531183,0.2208278714,0.2019547727,0.1786640116,0.1474397405,0.0790027644,nan,nan,nan,nan,nan,nan,nan,0.06723662658
86640,0.2842229117,0.2832781933,0.2804385522,0.2756862108,0.2689864047,0.2602791044,0.2494628997,0.2363644705,0.2206781204,0.2018245795,0.1785566244,0.1473603734,0.07896879229,nan,nan,nan,nan,nan,nan,nan,0.06720339809
86700,0.2840013322,0.2830577522,0.2802215216,0.2754748492,0.2687829521,0.2600857828,0.2492819246,0.2361980827,0.2205286568,0.2016946317,0.1784494351,0.1472811488,0.07893488577,nan,nan,nan,nan,nan,nan,nan,0.06717024969
86760,0.2837802007,0.2828377565,0.2800049285,0.2752639121,0.2685799059,0.2598928446,0.2491013049,0.236032018,0.2203794793,0.2015649281,0.1783424428,0.1472020658,0.0789010493,nan,nan,nan,nan,nan,nan,nan,0.06713718671
86820,0.2835595173,0.2826182062,0.2797887729,0.2750533994,0.2683772661,0.2597002896,0.2489210408,0.2358662763,0.2202305878,0.2014354688,0.1782356474,0.1471231245,0.07886728282,nan,nan,nan,nan,nan,nan,nan,0.06710420907
86880,0.2833392805,0.2823990999,0.2795730535,0.2748433099,0.2681750313,0.2595081167,0.248741131,0.2357008566,0.2200819813,0.2013062528,0.1781290484,0.1470443242,0.07883358765,nan,nan,nan,nan,nan,nan,nan,0.0670713181
86940,0.2831194887,0.282180436,0.2793577686,0.2746336419,0.2679732001,0.2593163246,0.2485615743,0.2355357578,0.219933659,0.2011772795,0.1780226451,0.1469656644,0.07879996533,nan,nan,nan,nan,nan,nan,nan,0.06703851544
87000,0.2829001421,0.2819622147,0.2791429184,0.2744243958,0.2677717726,0.2591249133,0.2483823709,0.2353709801,0.2197856208,0.2010485489,0.1779164375,0.1468871453,0.07876641524,nan,nan,nan,nan,nan,nan,nan,0.06700580041
87060,0.2826812374,0.2817444328,0.2789284999,0.2742155683,0.2675707461,0.2589338802,0.2482035182,0.2352065211,0.219637865,0.2009200593,0.1778104244,0.1468087656,0.07873293887,nan,nan,nan,nan,nan,nan,nan,0.06697317449
87120,0.2824627744,0.2815270898,0.2787145126,0.2740071593,0.2673701201,0.2587432249,0.248025016,0.2350423806,0.2194903912,0.2007918106,0.1777046055,0.1467305252,0.07869953633,nan,nan,nan,nan,nan,nan,nan,0.06694063778
87180,0.2822447519,0.2813101849,0.2785009556,0.2737991676,0.2671698937,0.2585529466,0.2478468635,0.2348785579,0.2193431987,0.2006638021,0.1775989804,0.1466524239,0.07866620682,nan,nan,nan,nan,nan,nan,nan,0.06690818936
87240,0.2820271687,0.2810937166,0.2782878274,0.2735915922,0.2669700657,0.2583630442,0.2476690595,0.234715052,0.2191962868,0.2005360333,0.1774935486,0.1465744612,0.0786329511,nan,nan,nan,nan,nan,nan,nan,0.06687583001
87300,0.2818100235,0.2808776837,0.2780751271,0.2733844317,0.2667706351,0.2581735166,0.2474916033,0.2345518621,0.2190496547,0.2004085035,0.1773883096,0.1464966367,0.07859976938,nan,nan,nan,nan,nan,nan,nan,0.06684355991
87360,0.2815933149,0.2806620849,0.2778628531,0.2731776849,0.2665716004,0.2579843626,0.2473144936,0.2343889872,0.2189033015,0.2002812119,0.1772832626,0.1464189499,0.07856666072,nan,nan,nan,nan,nan,nan,nan,0.06681137801
87420,0.2813770416,0.2804469188,0.2776510042,0.2729713505,0.2663729607,0.2577955812,0.2471377295,0.2342264264,0.2187572265,0.2001541578,0.1771784073,0.1463414005,0.07853362555,nan,nan,nan,nan,nan,nan,nan,0.06677928471
87480,0.2811612024,0.2802321843,0.2774395793,0.2727654275,0.2661747148,0.2576071713,0.24696131,0.2340641789,0.2186114289,0.2000273408,0.1770737431,0.1462639881,0.07850066383,nan,nan,nan,nan,nan,nan,nan,0.06674727994
87540,0.280945796,0.2800178801,0.277228577,0.2725599146,0.2659768614,0.2574191318,0.2467852341,0.2339022436,0.2184659079,0.1999007599,0.1769692695,0.1461867124,0.07846777493,nan,nan,nan,nan,nan,nan,nan,0.06671536299
87600,0.2807308211,0.2798040048,0.2770179962,0.2723548105,0.2657793996,0.2572314616,0.2466095008,0.2337406198,0.2183206627,0.1997744147,0.1768649858,0.1461095729,0.07843495891,nan,nan,nan,nan,nan,nan,nan,0.0666835339
87660,0.2805162765,0.2795905573,0.2768078355,0.2721501141,0.2655823281,0.2570441597,0.2464341092,0.2335793065,0.2181756925,0.1996483044,0.1767608916,0.1460325692,0.07840221563,nan,nan,nan,nan,nan,nan,nan,0.06665179245
87720,0.280302161,0.2793775364,0.2765980939,0.2719458243,0.2653856458,0.2568572251,0.2462590582,0.2334183029,0.2180309966,0.1995224285,0.1766569864,0.1459557012,0.07836954474,nan,nan,nan,nan,nan,nan,nan,0.06662013825
87780,0.2800884733,0.2791649407,0.2763887701,0.2717419399,0.2651893517,0.2566706566,0.246084347,0.2332576081,0.2178865743,0.1993967861,0.1765532696,0.1458789683,0.07833694611,nan,nan,nan,nan,nan,nan,nan,0.06658857112
87840,0.2798752121,0.2789527691,0.2761798628,0.2715384597,0.2649934446,0.2564844534,0.2459099746,0.2330972213,0.2177424247,0.1992713768,0.1764497407,0.1458023702,0.07830441954,nan,nan,nan,nan,nan,nan,nan,0.06655709083
87900,0.2796623764,0.2787410205,0.2759713711,0.2713353826,0.2647979236,0.2562986143,0.24573594,0.2329371416,0.2175985471,0.1991462,0.1763463993,0.1457259066,0.0782719648,nan,nan,nan,nan,nan,nan,nan,0.06652569707
87960,0.2794499649,0.2785296936,0.2757632937,0.2711327075,0.2646027873,0.2561131383,0.2455622423,0.2327773682,0.2174549409,0.1990212548,0.1762432447,0.1456495772,0.0782395817,nan,nan,nan,nan,nan,nan,nan,0.06649438961
88020,0.2792379763,0.2783187871,0.2755556293,0.2709304331,0.2644080349,0.2559280245,0.2453888805,0.2326179002,0.2173116052,0.1988965408,0.1761402765,0.1455733815,0.07820727002,nan,nan,nan,nan,nan,nan,nan,0.06646316819
88080,0.2790264096,0.2781083,0.2753483768,0.2707285586,0.2642136652,0.2557432718,0.2452158538,0.2324587368,0.2171685393,0.1987720573,0.1760374943,0.1454973193,0.07817502954,nan,nan,nan,nan,nan,nan,nan,0.06643203252
88140,0.2788152634,0.277898231,0.2751415352,0.2705270825,0.2640196771,0.2555588792,0.2450431612,0.2322998772,0.2170257424,0.1986478037,0.1759348974,0.1454213902,0.07814286004,nan,nan,nan,nan,nan,nan,nan,0.06640098235
88200,0.2786045366,0.2776885789,0.2749351031,0.2703260039,0.2638260696,0.2553748456,0.2448708017,0.2321413203,0.2168832139,0.1985237793,0.1758324854,0.1453455938,0.07811076187,nan,nan,nan,nan,nan,nan,nan,0.06637002168
88260,0.2783942223,0.2774792868,0.27472887,0.2701248548,0.2636320121,0.2551898582,0.2446968511,0.2319803636,0.2167372608,0.1983949438,0.1757231527,0.145258583,0.07800583834,nan,nan,nan,nan,nan,nan,nan,0.06633936751
88320,0.2781843135,0.2772703979,0.2745230333,0.2699240909,0.2634383243,0.2550052207,0.2445232265,0.2318197051,0.2165915742,0.198266339,0.1756140109,0.145171718,0.07790109347,nan,nan,nan,nan,nan,nan,nan,0.06630890248
88380,0.2779748089,0.2770619108,0.2743175917,0.269723711,0.2632450049,0.2548209318,0.2443499267,0.2316593437,0.2164461531,0.1981379643,0.1755050594,0.1450849986,0.077796486,nan,nan,nan,nan,nan,nan,nan,0.06627854648
88440,0.2777657075,0.2768538248,0.2741125445,0.2695237142,0.2630520532,0.2546369909,0.2441769512,0.2314992788,0.216300997,0.1980098192,0.1753962978,0.1449984243,0.07769200243,nan,nan,nan,nan,nan,nan,nan,0.06624828702
88500,0.2775570083,0.2766461386,0.2739078904,0.2693240995,0.2628594681,0.254453397,0.244004299,0.2313395098,0.2161561053,0.1978819031,0.1752877256,0.1449119948,0.07758764005,nan,nan,nan,nan,nan,nan,nan,0.06621812069
88560,0.2773487092,0.2764388504,0.2737036276,0.269124865,0.2626672478,0.2542701485,0.2438319686,0.231180035,0.2160114766,0.1977542149,0.175179342,0.1448257097,0.07748339426,nan,nan,nan,nan,nan,nan,nan,0.06618804199
88620,0.2771408101,0.2762319599,0.2734997558,0.2689260105,0.2624753922,0.2540872451,0.2436599598,0.2310208544,0.2158671109,0.1976267545,0.1750711469,0.1447395688,0.07737926466,nan,nan,nan,nan,nan,nan,nan,0.06615805036
88680,0.2769333098,0.276025466,0.2732962739,0.2687275349,0.2622839002,0.2539046859,0.2434882717,0.2308619672,0.2157230073,0.1974995212,0.1749631396,0.1446535717,0.07727524986,nan,nan,nan,nan,nan,nan,nan,0.06612814421
88740,0.2767262069,0.2758193674,0.2730931807,0.2685294369,0.2620927706,0.2537224697,0.2433169032,0.2307033724,0.2155791651,0.1973725144,0.1748553197,0.1445677182,0.0771689944,nan,nan,nan,nan,nan,nan,nan,0.06609832131
88800,0.2765195016,0.275613664,0.2728904762,0.2683317166,0.2619020035,0.2535405965,0.2431458483,0.23054507,0.2154355842,0.197245734,0.1747476871,0.1444820082,0.07706247924,nan,nan,nan,nan,nan,nan,nan,0.06606858224
88860,0.2763131913,0.2754083534,0.2726881579,0.2681343717,0.2617115965,0.2533590643,0.2429751107,0.2303870582,0.215292263,0.1971191786,0.1746402407,0.144396419,0.07695607407,nan,nan,nan,nan,nan,nan,nan,0.06603892435
88920,0.2761072755,0.2752034352,0.2724862253,0.2679374016,0.2615215493,0.2531778726,0.2428046904,0.2302293368,0.2151492014,0.1969928481,0.1745329804,0.1443109341,0.07684977878,nan,nan,nan,nan,nan,nan,nan,0.06600934738
88980,0.2759017534,0.2749989085,0.2722846777,0.2677408055,0.261331861,0.2529970207,0.2426345868,0.2300719049,0.2150063986,0.1968667419,0.1744259057,0.1442255917,0.0767435937,nan,nan,nan,nan,nan,nan,nan,0.06597985155
89040,0.2756966238,0.2747947721,0.2720835139,0.2675445825,0.2611425307,0.2528165076,0.2424647989,0.229914762,0.2148638541,0.1967408595,0.1743190161,0.1441403914,0.07663751776,nan,nan,nan,nan,nan,nan,nan,0.0659504356
89100,0.2754918858,0.2745910251,0.2718827329,0.2673487315,0.2609535574,0.2526363325,0.242295326,0.2297579071,0.214721567,0.1966152002,0.1742123112,0.1440553329,0.0765315505,nan,nan,nan,nan,nan,nan,nan,0.06592109888
89160,0.2752875381,0.2743876662,0.2716823335,0.2671532513,0.26076494,0.2524564943,0.2421261671,0.2296013395,0.2145795368,0.1964897634,0.1741057905,0.1439704158,0.07642569227,nan,nan,nan,nan,nan,nan,nan,0.06589184166
89220,0.2750835796,0.2741846943,0.2714823148,0.266958141,0.2605766776,0.2522769921,0.2419573213,0.2294450584,0.2144377626,0.1963645485,0.1739994534,0.1438856397,0.07631994235,nan,nan,nan,nan,nan,nan,nan,0.06586266302
89280,0.2748800093,0.2739821085,0.2712826756,0.2667633996,0.2603887692,0.252097825,0.2417887878,0.229289063,0.2142962438,0.1962395549,0.1738932995,0.1438010043,0.07621397381,nan,nan,nan,nan,nan,nan,nan,0.0658335625
89340,0.2746768261,0.2737799077,0.2710834149,0.266569026,0.2602012137,0.2519189921,0.2416205658,0.2291333525,0.2141549797,0.1961147821,0.1737873284,0.1437165092,0.07610552817,nan,nan,nan,nan,nan,nan,nan,0.06580454019
89400,0.2744740289,0.2735780906,0.2708845316,0.2663750192,0.2600140103,0.2517404924,0.2414526544,0.2289779262,0.2140139697,0.1959902294,0.1736815395,0.1436321541,0.07599718903,nan,nan,nan,nan,nan,nan,nan,0.06577559548
89460,0.2742716166,0.2733766564,0.2706860247,0.2661813781,0.259827158,0.2515623251,0.2412850527,0.2288227833,0.213873213,0.1958658963,0.1735759324,0.1435479386,0.07588895621,nan,nan,nan,nan,nan,nan,nan,0.06574672801
89520,0.2740695883,0.273175604,0.2704878933,0.265988102,0.2596406558,0.2513844892,0.24111776,0.2286679231,0.2137327022,0.1957417822,0.1734705066,0.1434638622,0.07578082973,nan,nan,nan,nan,nan,nan,nan,0.06571793764
89580,0.2738679428,0.2729749323,0.2702901362,0.2657951896,0.2594545029,0.2512069839,0.2409507754,0.2285133448,0.2135924398,0.1956178865,0.1733652617,0.1433799247,0.07567280937,nan,nan,nan,nan,nan,nan,nan,0.06568922397
89640,0.2736666791,0.2727746404,0.2700927525,0.2656026401,0.2592686981,0.2510298083,0.2407840981,0.2283590476,0.2134524288,0.1954942087,0.1732601972,0.1432961257,0.07556489495,nan,nan,nan,nan,nan,nan,nan,0.06566058666
89700,0.2734657963,0.2725747271,0.2698957412,0.2654104525,0.2590832407,0.2508529615,0.2406177272,0.2282050308,0.2133126685,0.1953707482,0.1731553127,0.1432124648,0.07545708642,nan,nan,nan,nan,nan,nan,nan,0.06563202548
89760,0.2732652933,0.2723751915,0.2696991012,0.2652186258,0.2588981296,0.2506764427,0.2404516621,0.2280512937,0.2131731582,0.1952475045,0.1730506077,0.1431289417,0.07534938361,nan,nan,nan,nan,nan,nan,nan,0.0656035401
89820,0.273065169,0.2721760325,0.2695028316,0.265027159,0.2587133641,0.2505002509,0.2402859018,0.2278978356,0.2130338974,0.1951244769,0.1729460817,0.143045556,0.07524178637,nan,nan,nan,nan,nan,nan,nan,0.06557513021
89880,0.2728654224,0.2719772492,0.2693069313,0.2648360512,0.2585289431,0.2503243853,0.2401204455,0.2277446557,0.2128948854,0.195001665,0.1728417343,0.1429623073,0.07513222122,nan,nan,nan,nan,nan,nan,nan,0.06554679557
89940,0.2726660526,0.2717788405,0.2691113995,0.2646453015,0.2583448657,0.2501488451,0.2399552925,0.2275917533,0.2127561214,0.1948790681,0.1727375651,0.1428791954,0.07502172083,nan,nan,nan,nan,nan,nan,nan,0.06551853587
90000,0.2724670587,0.2715808057,0.2689162352,0.2644549089,0.2581611311,0.2499736295,0.2397904421,0.2274391277,0.2126176051,0.1947566859,0.1726335737,0.1427962198,0.07491132221,nan,nan,nan,nan,nan,nan,nan,0.06549034045
90060,0.2722684447,0.2713831972,0.2687216398,0.2642653242,0.2579785415,0.2498000086,0.2396277648,0.2272894006,0.2124829334,0.1946394214,0.172536686,0.1427245329,0.07488209435,nan,nan,nan,nan,nan,nan,nan,0.06546201787
90120,0.2720702154,0.2711859711,0.2685274201,0.264076104,0.257796301,0.2496267173,0.2394653934,0.2271399517,0.2123485082,0.1945223678,0.1724399684,0.1426529684,0.07485285819,nan,nan,nan,nan,nan,nan,nan,0.06543366599
90180,0.2718723697,0.2709891266,0.2683335752,0.2638872476,0.257614409,0.2494537549,0.2393033273,0.2269907805,0.2122143292,0.1944055245,0.1723434207,0.1425815261,0.07482365993,nan,nan,nan,nan,nan,nan,nan,0.06540536394
90240,0.2716749066,0.2707926623,0.268140104,0.2636987539,0.2574328643,0.2492811204,0.2391415655,0.2268418861,0.2120803955,0.194288891,0.1722470423,0.1425102056,0.07479451358,nan,nan,nan,nan,nan,nan,nan,0.06537712501
90300,0.2714778249,0.2705965772,0.2679470053,0.2635106216,0.2572516659,0.2491088127,0.2389801071,0.2266932678,0.2119467065,0.1941724667,0.1721508328,0.1424390066,0.07476542109,nan,nan,nan,nan,nan,nan,nan,0.0653489508
90360,0.2712811229,0.2704008696,0.2677542776,0.2633228495,0.2570708123,0.2489368305,0.2388189508,0.2265449242,0.2118132611,0.1940562506,0.1720547914,0.1423679284,0.07473638546,nan,nan,nan,nan,nan,nan,nan,0.06532084494
90420,0.2710847997,0.2702055386,0.2675619198,0.2631354363,0.2568903026,0.248765173,0.2386580959,0.2263968548,0.2116800586,0.1939402423,0.1719589178,0.1422969707,0.07470740858,nan,nan,nan,nan,nan,nan,nan,0.06529280948
90480,0.2708888557,0.2700105846,0.2673699325,0.2629483827,0.2567101373,0.2485938406,0.2384975428,0.2262490599,0.2115470995,0.193824442,0.1718632122,0.1422261336,0.07467848934,nan,nan,nan,nan,nan,nan,nan,0.06526484319
90540,0.2706932875,0.2698160042,0.2671783122,0.2627616853,0.2565303132,0.2484228302,0.2383372886,0.2261015371,0.2114143816,0.1937088479,0.1717676731,0.142155416,0.0746496312,nan,nan,nan,nan,nan,nan,nan,0.06523694955
90600,0.2704980964,0.2696217988,0.2669870603,0.2625753456,0.2563508317,0.2482521432,0.2381773347,0.2259542873,0.2112819057,0.1935934609,0.1716723011,0.1420848184,0.07462083267,nan,nan,nan,nan,nan,nan,nan,0.06520912707
90660,0.270303281,0.2694279668,0.2667961754,0.2623893619,0.2561716912,0.2480817782,0.2380176796,0.2258073094,0.2111496709,0.1934782799,0.1715770956,0.1420143401,0.07459209446,nan,nan,nan,nan,nan,nan,nan,0.0651813764
90720,0.2701088391,0.2692345062,0.2666056554,0.2622037324,0.25599289,0.2479117335,0.2378583218,0.225660602,0.2110176759,0.193363304,0.1714820556,0.1419439806,0.07456341738,nan,nan,nan,nan,nan,nan,nan,0.06515369832
90780,0.2699147704,0.2690414167,0.2664154999,0.2620184567,0.2558144277,0.2477420087,0.2376992611,0.2255141649,0.2108859204,0.193248533,0.1713871811,0.1418737396,0.07453480147,nan,nan,nan,nan,nan,nan,nan,0.06512609284
90840,0.2697210741,0.2688486973,0.2662257082,0.261833534,0.2556363036,0.2475726031,0.2375404968,0.2253679974,0.2107544041,0.1931339664,0.1712924716,0.141803617,0.07450624608,nan,nan,nan,nan,nan,nan,nan,0.06509855925
90900,0.2695277491,0.2686563471,0.2660362792,0.2616489635,0.2554585167,0.247403516,0.2373820281,0.2252220988,0.2106231261,0.1930196037,0.1711979268,0.1417336123,0.07447775177,nan,nan,nan,nan,nan,nan,nan,0.06507109808
90960,0.2693347944,0.2684643651,0.265847212,0.261464744,0.2552810662,0.2472347464,0.2372238541,0.2250764685,0.210492086,0.1929054444,0.1711035462,0.1416637253,0.0744493186,nan,nan,nan,nan,nan,nan,nan,0.06504370937
91020,0.2691422088,0.2682727501,0.2656585053,0.2612808745,0.2551039509,0.2470662932,0.237065974,0.2249311055,0.2103612829,0.1927914878,0.1710093294,0.1415939557,0.07442094593,nan,nan,nan,nan,nan,nan,nan,0.0650163924
91080,0.2689499914,0.268081501,0.2654701583,0.261097354,0.2549271699,0.2468981557,0.2369083869,0.2247860091,0.2102307162,0.1926777335,0.1709152758,0.141524303,0.07439263403,nan,nan,nan,nan,nan,nan,nan,0.06498914742
91140,0.268758141,0.267890617,0.2652821699,0.2609141817,0.2547507224,0.2467303331,0.2367510922,0.2246411788,0.2101003854,0.1925641808,0.1708213851,0.141454767,0.07436438282,nan,nan,nan,nan,nan,nan,nan,0.06496197431
91200,0.2685666567,0.2677000968,0.265094539,0.2607313563,0.2545746074,0.2465628243,0.2365940889,0.2244966136,0.2099702898,0.1924508293,0.1707276568,0.1413853474,0.07433619187,nan,nan,nan,nan,nan,nan,nan,0.06493487261
91260,0.2683755374,0.2675099395,0.2649072648,0.2605488771,0.2543988239,0.2463956286,0.2364373762,0.2243523129,0.2098404286,0.1923376784,0.1706340904,0.1413160439,0.07430806122,nan,nan,nan,nan,nan,nan,nan,0.0649078423
91320,0.2681847821,0.2673201441,0.264720346,0.260366743,0.2542233711,0.246228745,0.2362809533,0.2242082759,0.2097108013,0.1922247276,0.1705406856,0.1412468561,0.07427999072,nan,nan,nan,nan,nan,nan,nan,0.0648808832
91380,0.2679943898,0.2671307097,0.264533782,0.2601849532,0.254048248,0.2460621728,0.2361248196,0.224064502,0.2095814073,0.1921119763,0.1704474419,0.1411777839,0.07425198012,nan,nan,nan,nan,nan,nan,nan,0.06485399504
91440,0.2678043595,0.2669416351,0.2643475716,0.2600035066,0.2538734537,0.245895911,0.2359689742,0.2239209905,0.209452246,0.191999424,0.170354359,0.1411088269,0.07422402933,nan,nan,nan,nan,nan,nan,nan,0.06482717765
91500,0.2676146902,0.2667529195,0.2641617138,0.2598224023,0.2536989874,0.2457299589,0.2358134162,0.2237777406,0.2093233167,0.1918870702,0.1702614362,0.1410399848,0.07419613817,nan,nan,nan,nan,nan,nan,nan,0.06480043086
91560,0.2674253809,0.2665645618,0.2639762078,0.2596416394,0.2535248482,0.2455643157,0.2356581451,0.2236347517,0.2091946189,0.1917749144,0.1701686734,0.1409712574,0.07416830646,nan,nan,nan,nan,nan,nan,nan,0.06477375442
91620,0.2672364307,0.2663765611,0.2637910525,0.2594612171,0.2533510352,0.2453989804,0.2355031599,0.223492023,0.2090661519,0.1916629561,0.17007607,0.1409026444,0.07414053405,nan,nan,nan,nan,nan,nan,nan,0.06474714814
91680,0.2670478386,0.2661889164,0.2636062471,0.2592811342,0.2531775474,0.2452339523,0.23534846,0.223349554,0.2089379151,0.1915511948,0.1699836257,0.1408341454,0.07411282078,nan,nan,nan,nan,nan,nan,nan,0.06472061183
91740,0.2668596036,0.2660016267,0.2634217905,0.2591013901,0.2530043842,0.2450692305,0.2351940445,0.2232073438,0.208809908,0.1914396299,0.1698913399,0.1407657602,0.07408516645,nan,nan,nan,nan,nan,nan,nan,0.06469414525
91800,0.2666717247,0.2658146912,0.2632376819,0.2589219836,0.2528315445,0.2449048143,0.2350399128,0.2230653919,0.2086821299,0.1913282609,0.1697992125,0.1406974885,0.07405757091,nan,nan,nan,nan,nan,nan,nan,0.06466774821
91860,0.266484201,0.2656281087,0.2630539203,0.258742914,0.2526590274,0.2447407028,0.234886064,0.2229236975,0.2085545802,0.1912170874,0.1697072428,0.1406293301,0.07403003397,nan,nan,nan,nan,nan,nan,nan,0.06464142049
91920,0.2662970315,0.2654418784,0.2628705047,0.2585641803,0.2524868322,0.2445768952,0.2347324975,0.22278226,0.2084272584,0.1911061088,0.1696154305,0.1405612847,0.07400255545,nan,nan,nan,nan,nan,nan,nan,0.06461516187
91980,0.2661102152,0.2652559993,0.2626874342,0.2583857815,0.252314958,0.2444133906,0.2345792124,0.2226410787,0.2083001638,0.1909953247,0.1695237752,0.1404933519,0.07397513519,nan,nan,nan,nan,nan,nan,nan,0.06458897213
92040,0.2659237513,0.2650704705,0.2625047079,0.2582077169,0.2521434038,0.2442501883,0.234426208,0.2225001528,0.2081732959,0.1908847344,0.1694322766,0.1404255316,0.073947773,nan,nan,nan,nan,nan,nan,nan,0.06456285106
92100,0.2657376387,0.264885291,0.2623223249,0.2580299855,0.2519721689,0.2440872875,0.2342734836,0.2223594818,0.208046654,0.1907743376,0.1693409342,0.1403578234,0.07392046869,nan,nan,nan,nan,nan,nan,nan,0.06453679844
92160,0.2655518764,0.2647004599,0.2621402841,0.2578525864,0.2518012524,0.2439246874,0.2341210385,0.222219065,0.2079202375,0.1906641337,0.1692497475,0.140290227,0.0738932221,nan,nan,nan,nan,nan,nan,nan,0.06451081405
92220,0.2653664636,0.2645159761,0.2619585847,0.2576755186,0.2516306534,0.243762387,0.2339688718,0.2220789017,0.207794046,0.1905541223,0.1691587163,0.1402227422,0.07386603304,nan,nan,nan,nan,nan,nan,nan,0.06448489767
92280,0.2651813993,0.2643318389,0.2617772259,0.2574987814,0.251460371,0.2436003858,0.2338169828,0.2219389912,0.2076680787,0.1904443027,0.1690678401,0.1401553687,0.07383890132,nan,nan,nan,nan,nan,nan,nan,0.06445904909
92340,0.2649966825,0.2641480472,0.2615962065,0.2573223738,0.2512904045,0.2434386828,0.2336653709,0.2217993328,0.2075423352,0.1903346746,0.1689771185,0.1400881063,0.07381182678,nan,nan,nan,nan,nan,nan,nan,0.06443326808
92400,0.2648123123,0.2639646001,0.2614155258,0.2571462949,0.251120753,0.2432772772,0.2335140352,0.221659926,0.2074168147,0.1902252374,0.1688865511,0.1400209546,0.07378480922,nan,nan,nan,nan,nan,nan,nan,0.06440755443
92460,0.2646282878,0.2637814966,0.2612351829,0.2569705439,0.2509514156,0.2431161683,0.2333629751,0.22152077,0.2072915168,0.1901159906,0.1687961376,0.1399539134,0.07375784848,nan,nan,nan,nan,nan,nan,nan,0.06438190793
92520,0.264444608,0.263598736,0.2610551767,0.2567951198,0.2507823914,0.2429553553,0.2332121898,0.2213818642,0.2071664409,0.1900069338,0.1687058775,0.1398869824,0.07373094437,nan,nan,nan,nan,nan,nan,nan,0.06435632834
92580,0.2642612721,0.2634163171,0.2608755064,0.2566200219,0.2506136798,0.2427948374,0.2330616786,0.2212432079,0.2070415863,0.1898980665,0.1686157704,0.1398201613,0.0737040967,nan,nan,nan,nan,nan,nan,nan,0.06433081547
92640,0.264078279,0.2632342392,0.2606961712,0.2564452491,0.2504452797,0.2426346138,0.2329114408,0.2211048005,0.2069169526,0.1897893882,0.1685258161,0.13975345,0.07367730531,nan,nan,nan,nan,nan,nan,nan,0.06430536909
92700,0.2638956279,0.2630525013,0.2605171701,0.2562708007,0.2502771905,0.2424746837,0.2327614756,0.2209666413,0.2067925391,0.1896808983,0.168436014,0.139686848,0.07365057002,nan,nan,nan,nan,nan,nan,nan,0.06427998898
92760,0.2637133178,0.2628711024,0.2603385021,0.2560966758,0.2501094112,0.2423150464,0.2326117823,0.2208287296,0.2066683453,0.1895725964,0.1683463638,0.1396203552,0.07362389063,nan,nan,nan,nan,nan,nan,nan,0.06425467492
92820,0.2635313478,0.2626900417,0.2601601665,0.2559228735,0.249941941,0.242155701,0.2324623603,0.2206910649,0.2065443706,0.1894644821,0.1682568651,0.1395539712,0.07359726699,nan,nan,nan,nan,nan,nan,nan,0.06422942672
92880,0.2633497171,0.2625093182,0.2599821623,0.2557493929,0.2497747792,0.2419966469,0.2323132087,0.2205536465,0.2064206144,0.1893565548,0.1681675175,0.1394876958,0.0735706989,nan,nan,nan,nan,nan,nan,nan,0.06420424414
92940,0.2631684247,0.2623289312,0.2598044886,0.2555762333,0.2496079249,0.2418378831,0.232164327,0.2204164737,0.2062970762,0.1892488141,0.1680783207,0.1394215288,0.0735441862,nan,nan,nan,nan,nan,nan,nan,0.06417912697
93000,0.2629874696,0.2621488795,0.2596271446,0.2554033936,0.2494413772,0.241679409,0.2320157143,0.220279546,0.2061737553,0.1891412595,0.1679892743,0.1393554699,0.0735177287,nan,nan,nan,nan,nan,nan,nan,0.06415407501
93060,0.262806851,0.2619691624,0.2594501294,0.2552308732,0.2492751354,0.2415212239,0.23186737,0.2201428625,0.2060506514,0.1890338905,0.1679003779,0.1392895187,0.07349132624,nan,nan,nan,nan,nan,nan,nan,0.06412908804
93120,0.262626568,0.261789779,0.259273442,0.2550586711,0.2491091986,0.2413633268,0.2317192933,0.2200064228,0.2059277637,0.1889267067,0.1678116311,0.1392236751,0.07346497862,nan,nan,nan,nan,nan,nan,nan,0.06410416584
93180,0.2624466197,0.2616107284,0.2590970817,0.2548867864,0.248943566,0.2412057171,0.2315714836,0.2198702262,0.2058050917,0.1888197075,0.1677230335,0.1391579388,0.07343868569,nan,nan,nan,nan,nan,nan,nan,0.0640793082
93240,0.2622670052,0.2614320096,0.2589210475,0.2547152184,0.2487782369,0.241048394,0.2314239402,0.2197342721,0.2056826349,0.1887128925,0.1676345848,0.1390923094,0.07341244726,nan,nan,nan,nan,nan,nan,nan,0.06405451492
93300,0.2620877236,0.2612536218,0.2587453385,0.2545439662,0.2486132105,0.2408913568,0.2312766623,0.2195985597,0.2055603927,0.1886062612,0.1675462846,0.1390267869,0.07338626316,nan,nan,nan,nan,nan,nan,nan,0.06402978577
93360,0.261908774,0.2610755641,0.258569954,0.254373029,0.2484484858,0.2407346046,0.2311296494,0.2194630886,0.2054383646,0.1884998132,0.1674581325,0.1389613708,0.07336013321,nan,nan,nan,nan,nan,nan,nan,0.06400512056
93420,0.2617301555,0.2608978356,0.258394893,0.2542024058,0.2482840622,0.2405781369,0.2309829005,0.219327858,0.20531655,0.1883935481,0.1673701282,0.1388960609,0.07333405726,nan,nan,nan,nan,nan,nan,nan,0.06398051907
93480,0.2615518673,0.2607204355,0.2582201547,0.254032096,0.2481199388,0.2404219527,0.2308364152,0.2191928674,0.2051949484,0.1882874652,0.1672822712,0.138830857,0.07330803511,nan,nan,nan,nan,nan,nan,nan,0.0639559811
93540,0.2613739084,0.2605433629,0.2580457383,0.2538620986,0.2479561148,0.2402660514,0.2306901927,0.2190581162,0.2050735592,0.1881815642,0.1671945613,0.1387657589,0.07328206661,nan,nan,nan,nan,nan,nan,nan,0.06393150643
93600,0.261196278,0.2603666168,0.2578716428,0.2536924128,0.2477925895,0.2401104322,0.2305442323,0.2189236036,0.2049523818,0.1880758446,0.167106998,0.1387007662,0.07325615157,nan,nan,nan,nan,nan,nan,nan,0.06390709486
93660,0.2610189753,0.2601901965,0.2576978674,0.2535230378,0.2476293621,0.2399550943,0.2303985334,0.2187893291,0.2048314158,0.187970306,0.167019581,0.1386358786,0.07323028983,nan,nan,nan,nan,nan,nan,nan,0.06388274618
93720,0.2608419992,0.2600141011,0.2575244112,0.2533539728,0.2474664317,0.2398000372,0.2302530951,0.2186552921,0.2047106606,0.1878649479,0.1669323099,0.1385710961,0.07320448123,nan,nan,nan,nan,nan,nan,nan,0.06385846019
93780,0.2606653491,0.2598383296,0.2573512735,0.253185217,0.2473037976,0.2396452599,0.230107917,0.2185214919,0.2045901156,0.1877597698,0.1668451844,0.1385064182,0.07317872558,nan,nan,nan,nan,nan,nan,nan,0.06383423668
93840,0.2604890239,0.2596628813,0.2571784534,0.2530167695,0.247141459,0.2394907617,0.2299629982,0.218387928,0.2044697804,0.1876547713,0.1667582041,0.1384418447,0.07315302272,nan,nan,nan,nan,nan,nan,nan,0.06381007545
93900,0.2603130229,0.2594877553,0.25700595,0.2528486296,0.2469794152,0.2393365421,0.2298183382,0.2182545998,0.2043496543,0.1875499519,0.1666713686,0.1383773754,0.07312737249,nan,nan,nan,nan,nan,nan,nan,0.06378597629
93960,0.2601373451,0.2593129507,0.2568337625,0.2526807963,0.2468176653,0.2391826001,0.2296739362,0.2181215065,0.2042297369,0.1874453112,0.1665846775,0.13831301,0.07310177472,nan,nan,nan,nan,nan,nan,nan,0.063761939
94020,0.2599619898,0.2591384667,0.25666189,0.252513269,0.2466562086,0.2390289351,0.2295297916,0.2179886477,0.2041100275,0.1873408487,0.1664981306,0.1382487483,0.07307622923,nan,nan,nan,nan,nan,nan,nan,0.06373796337
94080,0.2597869561,0.2589643025,0.2564903318,0.2523460467,0.2464950443,0.2388755464,0.2293859037,0.2178560228,0.2039905258,0.187236564,0.1664117275,0.13818459,0.07305073587,nan,nan,nan,nan,nan,nan,nan,0.06371404922
94140,0.259612243,0.2587904571,0.256319087,0.2521791288,0.2463341717,0.2387224332,0.2292422719,0.217723631,0.2038712311,0.1871324567,0.1663254678,0.1381205349,0.07302529447,nan,nan,nan,nan,nan,nan,nan,0.06369019633
94200,0.2594378499,0.2586169297,0.2561481547,0.2520125143,0.24617359,0.2385695948,0.2290988954,0.2175914718,0.2037521429,0.1870285262,0.1662393511,0.1380565827,0.07299990486,nan,nan,nan,nan,nan,nan,nan,0.0636664045
94260,0.2592637758,0.2584437196,0.2559775342,0.2518462026,0.2460132983,0.2384170305,0.2289557736,0.2174595447,0.2036332607,0.1869247721,0.1661533771,0.1379927331,0.07297456689,nan,nan,nan,nan,nan,nan,nan,0.06364267354
94320,0.2590900198,0.2582708258,0.2558072246,0.2516801927,0.2458532961,0.2382647396,0.2288129059,0.217327849,0.203514584,0.1868211941,0.1660675454,0.137928986,0.07294928037,nan,nan,nan,nan,nan,nan,nan,0.06361900324
94380,0.2589165812,0.2580982476,0.2556372251,0.251514484,0.2456935824,0.2381127214,0.2286702916,0.2171963842,0.2033961123,0.1867177916,0.1659818558,0.137865341,0.07292404517,nan,nan,nan,nan,nan,nan,nan,0.06359539342
94440,0.2587434591,0.257925984,0.2554675349,0.2513490755,0.2455341566,0.2379609752,0.2285279301,0.2170651496,0.2032778449,0.1866145642,0.1658963077,0.137801798,0.0728988611,nan,nan,nan,nan,nan,nan,nan,0.06357184386
94500,0.2585706527,0.2577540344,0.2552981532,0.2511839666,0.2453750179,0.2378095002,0.2283858206,0.2169341446,0.2031597815,0.1865115115,0.165810901,0.1377383566,0.07287372801,nan,nan,nan,nan,nan,nan,nan,0.06354835438
94560,0.2583981611,0.2575823977,0.2551290791,0.2510191565,0.2452161656,0.2376582958,0.2282439626,0.2168033687,0.2030419215,0.186408633,0.1657256352,0.1376750166,0.07284864574,nan,nan,nan,nan,nan,nan,nan,0.06352492478
94620,0.2582259836,0.2574110733,0.2549603119,0.2508546443,0.2450575988,0.2375073612,0.2281023554,0.2166728213,0.2029242644,0.1863059283,0.16564051,0.1376117778,0.07282361413,nan,nan,nan,nan,nan,nan,nan,0.06350155487
94680,0.2580541192,0.2572400603,0.2547918508,0.2506904293,0.244899317,0.2373566958,0.2279609984,0.2165425018,0.2028068096,0.186203397,0.1655555251,0.13754864,0.07279863302,nan,nan,nan,nan,nan,nan,nan,0.06347824444
94740,0.2578825672,0.2570693579,0.2546236949,0.2505265107,0.2447413192,0.2372062989,0.2278198908,0.2164124095,0.2026895567,0.1861010386,0.1654706801,0.1374856028,0.07277370225,nan,nan,nan,nan,nan,nan,nan,0.06345499331
94800,0.2577113267,0.2568989652,0.2544558434,0.2503628877,0.2445836048,0.2370561697,0.2276790321,0.2162825441,0.2025725051,0.1859988528,0.1653859746,0.1374226661,0.07274882167,nan,nan,nan,nan,nan,nan,nan,0.06343180128
94860,0.257540397,0.2567288815,0.2542882956,0.2501995596,0.244426173,0.2369063075,0.2275384216,0.2161529047,0.2024556543,0.185896839,0.1653014083,0.1373598296,0.0727239911,nan,nan,nan,nan,nan,nan,nan,0.06340866816
94920,0.2573697771,0.2565591059,0.2541210507,0.2500365256,0.2442690232,0.2367567118,0.2273980587,0.216023491,0.2023390039,0.1857949968,0.165216981,0.1372970931,0.0726992104,nan,nan,nan,nan,nan,nan,nan,0.06338559376
94980,0.2571994664,0.2563896377,0.2539541078,0.2498737849,0.2441121545,0.2366073817,0.2272579428,0.2158943022,0.2022225533,0.1856933259,0.1651326921,0.1372344563,0.07267447942,nan,nan,nan,nan,nan,nan,nan,0.06336257789
95040,0.2570294639,0.256220476,0.2537874662,0.2497113367,0.2439555663,0.2364583167,0.2271180732,0.2157653379,0.2021063021,0.1855918257,0.1650485415,0.1371719189,0.07264979799,nan,nan,nan,nan,nan,nan,nan,0.06333962036
95100,0.256859769,0.25605162,0.2536211251,0.2495491804,0.2437992577,0.2363095159,0.2269784492,0.2156365974,0.2019902496,0.185490496,0.1649645287,0.1371094808,0.07262516596,nan,nan,nan,nan,nan,nan,nan,0.06331672098
95160,0.2566903807,0.255883069,0.2534550836,0.2493873151,0.2436432282,0.2361609788,0.2268390704,0.2155080803,0.2018743955,0.1853893361,0.1648806534,0.1370471418,0.07260058317,nan,nan,nan,nan,nan,nan,nan,0.06329387956
95220,0.2565212983,0.2557148221,0.2532893412,0.24922574,0.2434874769,0.2360127047,0.2266999359,0.2153797858,0.2017587392,0.1852883458,0.1647969154,0.1369849014,0.07257604947,nan,nan,nan,nan,nan,nan,nan,0.06327109591
95280,0.2563525209,0.2555468785,0.2531238968,0.2490644545,0.2433320032,0.2358646928,0.2265610452,0.2152517135,0.2016432802,0.1851875246,0.1647133141,0.1369227596,0.07255156472,nan,nan,nan,nan,nan,nan,nan,0.06324836984
95340,0.2561840479,0.2553792375,0.2529587498,0.2489034578,0.2431768063,0.2357169426,0.2264223978,0.2151238628,0.201528018,0.185086872,0.1646298494,0.1368607161,0.07252712875,nan,nan,nan,nan,nan,nan,nan,0.06322570117
95400,0.2560158775,0.2552118975,0.2527938986,0.2487427483,0.2430218848,0.2355694526,0.2262839922,0.2149962325,0.2014129516,0.1849863873,0.1645465205,0.1367987704,0.07250274871,nan,nan,nan,nan,nan,nan,nan,0.06320311916
95460,0.2558480062,0.2550448107,0.2526291605,0.2485819168,0.2428665092,0.2354210657,0.2261441211,0.2148664238,0.2012947791,0.1848815518,0.1644569111,0.1367265083,0.07239943967,nan,nan,nan,nan,nan,nan,nan,0.06318070304
95520,0.255680428,0.2548780155,0.2524647093,0.2484213643,0.2427114017,0.2352729331,0.2260044874,0.2147368327,0.2011768018,0.184776886,0.164367443,0.1366543551,0.07229629031,nan,nan,nan,nan,nan,nan,nan,0.06315851445
95580,0.2555131409,0.2547115098,0.2523005428,0.2482610887,0.2425565603,0.2351250527,0.2258650893,0.2146074577,0.2010590182,0.1846723888,0.164278115,0.1365823101,0.0721932704,nan,nan,nan,nan,nan,nan,nan,0.06313636712
95640,0.2553461449,0.2545452935,0.2521366611,0.2481010901,0.2424019845,0.2349774246,0.2257259268,0.2144782987,0.2009414284,0.1845680536,0.1641889273,0.1365103733,0.07209034498,nan,nan,nan,nan,nan,nan,nan,0.06311428312
95700,0.2551794395,0.2543793664,0.2519730638,0.2479413681,0.2422476713,0.2348300486,0.2255869996,0.2143493556,0.2008240321,0.1844638796,0.1640998796,0.1364385445,0.07198752134,nan,nan,nan,nan,nan,nan,nan,0.06309226481
95760,0.255013024,0.2542137275,0.2518097501,0.247781922,0.2420936231,0.2346829238,0.2254483071,0.2142206277,0.2007068289,0.1843598735,0.1640109716,0.1363668235,0.07188480063,nan,nan,nan,nan,nan,nan,nan,0.06307030846
95820,0.2548468974,0.254048376,0.2516467191,0.2476227509,0.2419398391,0.2345360495,0.2253098485,0.2140921144,0.200589818,0.1842560348,0.1639222029,0.13629521,0.07178037508,nan,nan,nan,nan,nan,nan,nan,0.06304840954
95880,0.2546810591,0.2538833112,0.2514839702,0.247463854,0.2417863187,0.2343894252,0.2251716233,0.2139638152,0.2004729992,0.1841523632,0.1638335732,0.1362237038,0.07167447677,nan,nan,nan,nan,nan,nan,nan,0.06302656709
95940,0.2545155082,0.2537185324,0.2513215025,0.2473052307,0.2416330612,0.2342430501,0.225033631,0.2138357295,0.2003563718,0.1840488582,0.163745082,0.1361523047,0.07156867423,nan,nan,nan,nan,nan,nan,nan,0.06300478069
96000,0.2543502442,0.2535540388,0.2511593155,0.2471468804,0.241480066,0.2340969237,0.2248958708,0.2137078568,0.2002399354,0.1839455194,0.1636567292,0.1360810125,0.07146296724,nan,nan,nan,nan,nan,nan,nan,0.06298304985
96060,0.2541852663,0.2533898298,0.2509974084,0.2469888024,0.2413273324,0.2339510454,0.2247583424,0.2135801966,0.2001236897,0.1838423464,0.1635685144,0.136009827,0.07135735531,nan,nan,nan,nan,nan,nan,nan,0.06296137385
96120,0.2540205737,0.2532259046,0.2508357805,0.246830996,0.2411748599,0.2338054145,0.2246210451,0.2134527484,0.2000076341,0.1837393389,0.1634804372,0.135938748,0.07125183823,nan,nan,nan,nan,nan,nan,nan,0.06293975226
96180,0.2538561658,0.2530622625,0.2506744312,0.2466734605,0.2410226476,0.2336600305,0.2244839783,0.2133255116,0.1998917681,0.1836364965,0.1633924974,0.1358677752,0.07114641582,nan,nan,nan,nan,nan,nan,nan,0.06291818485
96240,0.2536920419,0.2528989029,0.2505133598,0.2465161952,0.2408706951,0.2335148927,0.2243471415,0.2131984859,0.1997760914,0.1835338187,0.1633046751,0.1357968665,0.07104108767,nan,nan,nan,nan,nan,nan,nan,0.06289667098
96300,0.2535282012,0.252735825,0.2503525655,0.2463591996,0.2407190016,0.2333700006,0.2242105341,0.2130716705,0.1996606034,0.1834313052,0.163216986,0.1357260483,0.07093585357,nan,nan,nan,nan,nan,nan,nan,0.06287521038
96360,0.2533646431,0.2525730281,0.2501920476,0.2462024728,0.2405675665,0.2332253535,0.2240741556,0.2129450652,0.1995453038,0.1833289555,0.1631294333,0.1356553356,0.07082808308,nan,nan,nan,nan,nan,nan,nan,0.06285380304
96420,0.2532013668,0.2524105115,0.2500318056,0.2460460143,0.2404163892,0.2330809509,0.2239380054,0.2128186692,0.1994301919,0.1832267694,0.1630420168,0.1355847284,0.07071942297,nan,nan,nan,nan,nan,nan,nan,0.06283244843
96480,0.2530383717,0.2522482746,0.2498718386,0.2458898234,0.2402654691,0.2329367921,0.223802083,0.2126924822,0.1993152675,0.1831247463,0.162954736,0.1355142263,0.07061085612,nan,nan,nan,nan,nan,nan,nan,0.06281114633
96540,0.252875657,0.2520863166,0.2497121461,0.2457338994,0.2401148054,0.2327928765,0.2236663877,0.2125665035,0.1992005301,0.183022886,0.1628675906,0.1354438291,0.07050238257,nan,nan,nan,nan,nan,nan,nan,0.06278989663
96600,0.252713222,0.2519246368,0.2495527272,0.2455782416,0.2399643977,0.2326492035,0.2235309191,0.2124407328,0.1990859791,0.182921188,0.1627805805,0.1353735365,0.0703940021,nan,nan,nan,nan,nan,nan,nan,0.06276869899
96660,0.2525510661,0.2517632346,0.2493935814,0.2454228494,0.2398142451,0.2325057725,0.2233956765,0.2123151695,0.1989716142,0.1828196519,0.1626937051,0.1353033483,0.07028571464,nan,nan,nan,nan,nan,nan,nan,0.0627475532
96720,0.2523891885,0.2516021092,0.249234708,0.2452677222,0.2396643472,0.232362583,0.2232606594,0.2121898131,0.1988574348,0.1827182774,0.1626069643,0.1352332642,0.07017752023,nan,nan,nan,nan,nan,nan,nan,0.06272645914
96780,0.2522275886,0.2514412594,0.2490761063,0.2451128592,0.2395147032,0.2322196344,0.2231258673,0.212064663,0.1987434407,0.182617064,0.1625203577,0.1351632841,0.07006941871,nan,nan,nan,nan,nan,nan,nan,0.06270541655
96840,0.2520662656,0.2512806846,0.2489177756,0.2449582599,0.2393653126,0.232076926,0.2229912997,0.2119397189,0.1986296312,0.1825160115,0.1624338851,0.1350934076,0.06996041167,nan,nan,nan,nan,nan,nan,nan,0.06268442523
96900,0.251905219,0.2511203847,0.2487597152,0.2448039235,0.2392161747,0.2319344533,0.2228569559,0.2118149802,0.198516006,0.1824151193,0.162347546,0.1350236345,0.06984862508,nan,nan,nan,nan,nan,nan,nan,0.06266348503
96960,0.2517444479,0.2509603589,0.2486019245,0.2446498495,0.2390672889,0.231792219,0.2227228355,0.2116904463,0.1984025647,0.1823143872,0.1622613402,0.1349539646,0.06973693077,nan,nan,nan,nan,nan,nan,nan,0.06264259575
97020,0.2515839517,0.2508006065,0.2484444028,0.2444960371,0.2389186546,0.2316502232,0.2225889378,0.2115661169,0.1982893067,0.1822138147,0.1621752674,0.1348843976,0.06962532871,nan,nan,nan,nan,nan,nan,nan,0.06262175719
97080,0.2514237297,0.2506411269,0.2482871495,0.2443424858,0.2387702712,0.2315084653,0.2224552624,0.2114419914,0.1981762317,0.1821134015,0.1620893272,0.1348149333,0.0695138189,nan,nan,nan,nan,nan,nan,nan,0.06260096918
97140,0.2512637814,0.2504819194,0.2481301639,0.2441891949,0.238622138,0.2313669447,0.2223218087,0.2113180648,0.1980633392,0.1820131472,0.1620035195,0.1347455714,0.06940240129,nan,nan,nan,nan,nan,nan,nan,0.06258023153
97200,0.2511041061,0.2503229835,0.2479734455,0.244036164,0.2384742547,0.2312256611,0.2221885764,0.2111943386,0.1979506289,0.1819130516,0.1619178439,0.1346763118,0.06929107102,nan,nan,nan,nan,nan,nan,nan,0.06255952768
97260,0.2509447072,0.2501643663,0.2478171716,0.2438837905,0.238327334,0.2310857445,0.2220572273,0.2110731596,0.1978413207,0.1818175398,0.161838598,0.1346174207,0.06926898906,nan,nan,nan,nan,nan,nan,nan,0.06253871761
97320,0.2507855884,0.2500060276,0.2476611716,0.2437316831,0.2381806682,0.230946069,0.2219261024,0.210952185,0.1977321941,0.1817221838,0.1617594784,0.1345586207,0.06924688134,nan,nan,nan,nan,nan,nan,nan,0.06251786409
97380,0.2506267495,0.2498479672,0.2475054451,0.2435798413,0.2380342572,0.2308066344,0.2217952014,0.2108314146,0.197623249,0.1816269835,0.1616804848,0.1344999115,0.069224797,nan,nan,nan,nan,nan,nan,nan,0.06249704297
97440,0.2504681895,0.2496901841,0.2473499912,0.2434282643,0.2378881002,0.2306674397,0.2216645238,0.2107108478,0.1975144849,0.1815319383,0.161601617,0.1344412929,0.06920274927,nan,nan,nan,nan,nan,nan,nan,0.06247626513
97500,0.2503099076,0.2495326776,0.2471948093,0.2432769514,0.2377421964,0.2305284845,0.2215340687,0.2105904839,0.1974059011,0.1814370478,0.1615228745,0.1343827647,0.06918073805,nan,nan,nan,nan,nan,nan,nan,0.06245552981
97560,0.2501519031,0.2493754469,0.2470398983,0.2431259018,0.237596545,0.2303897679,0.2214038356,0.2104703224,0.1972974972,0.1813423116,0.161444257,0.1343243266,0.06915876527,nan,nan,nan,nan,nan,nan,nan,0.06243483948
97620,0.2499941743,0.2492184903,0.2468852569,0.242975114,0.2374511446,0.2302512887,0.2212738232,0.2103503621,0.1971892722,0.1812477289,0.1613657639,0.134265978,0.06913683407,nan,nan,nan,nan,nan,nan,nan,0.06241419738
97680,0.249836722,0.2490618087,0.2467308857,0.2428245886,0.237305996,0.2301130475,0.2211440322,0.2102306037,0.1970812266,0.1811533,0.1612873955,0.1342077192,0.06911494287,nan,nan,nan,nan,nan,nan,nan,0.06239360189
97740,0.2496795451,0.248905401,0.2465767838,0.2426743249,0.2371610982,0.2299750433,0.2210144616,0.2101110463,0.1969733597,0.1810590245,0.1612091513,0.1341495498,0.06909309273,nan,nan,nan,nan,nan,nan,nan,0.06237305399
97800,0.2495226422,0.2487492656,0.2464229497,0.2425243211,0.2370164498,0.229837275,0.2208851104,0.209991689,0.1968656706,0.1809649015,0.1611310307,0.1340914693,0.06907128521,nan,nan,nan,nan,nan,nan,nan,0.06235255514
97860,0.2493660142,0.2485934037,0.2462693842,0.2423745784,0.2368720517,0.2296997433,0.2207559793,0.2098725323,0.1967581599,0.1808709315,0.1610530341,0.1340334781,0.0690495193,nan,nan,nan,nan,nan,nan,nan,0.0623321044
97920,0.2492096594,0.2484378134,0.2461160859,0.2422250952,0.2367279024,0.2295624468,0.220627067,0.2097535751,0.1966508265,0.1807771137,0.1609751609,0.1339755754,0.06902779567,nan,nan,nan,nan,nan,nan,nan,0.06231170234
97980,0.2490535769,0.2482824938,0.2459630536,0.2420758704,0.236584001,0.2294253847,0.2204983726,0.2096348167,0.1965436699,0.1806834474,0.1608974105,0.1339177611,0.06900611474,nan,nan,nan,nan,nan,nan,nan,0.06229134935
98040,0.2488977663,0.2481274446,0.2458102872,0.2419269038,0.2364403472,0.2292885567,0.220369896,0.2095162568,0.1964366898,0.1805899327,0.1608197828,0.133860035,0.06898447662,nan,nan,nan,nan,nan,nan,nan,0.0622710455
98100,0.2487422271,0.2479726653,0.2456577861,0.2417781949,0.2362969405,0.2291519623,0.2202416367,0.2093978952,0.1963298859,0.1804965691,0.1607422777,0.1338023969,0.06896288073,nan,nan,nan,nan,nan,nan,nan,0.06225079021
98160,0.2485869586,0.2478181552,0.2455055496,0.2416297431,0.2361537804,0.2290156011,0.2201135943,0.2092797313,0.1962232578,0.1804033563,0.1606648948,0.1337448467,0.06894132743,nan,nan,nan,nan,nan,nan,nan,0.0622305838
98220,0.2484319602,0.2476639137,0.2453535771,0.2414815477,0.2360108662,0.2288794724,0.2199857681,0.2091617646,0.1961168051,0.180310294,0.1605876339,0.133687384,0.06891981681,nan,nan,nan,nan,nan,nan,nan,0.06221042633
98280,0.248277231,0.2475099398,0.2452018677,0.2413336079,0.2358681971,0.2287435754,0.2198581576,0.2090439946,0.1960105272,0.1802173818,0.1605104945,0.1336300087,0.06889834846,nan,nan,nan,nan,nan,nan,nan,0.06219031735
98340,0.2481227704,0.247356233,0.2450504209,0.2411859232,0.2357257726,0.2286079098,0.2197307621,0.2089264207,0.1959044237,0.1801246192,0.1604334765,0.1335727205,0.0688769225,nan,nan,nan,nan,nan,nan,nan,0.06217025697
98400,0.2479685777,0.2472027926,0.2448992359,0.2410384928,0.2355835921,0.2284724748,0.2196035813,0.2088090426,0.1957984943,0.180032006,0.1603565795,0.1335155193,0.06885553891,nan,nan,nan,nan,nan,nan,nan,0.06215024513
98460,0.2478146521,0.2470496178,0.2447483121,0.2408913161,0.2354416548,0.2283372698,0.2194766144,0.2086918596,0.1956927384,0.1799395417,0.1602798032,0.1334584047,0.06883419745,nan,nan,nan,nan,nan,nan,nan,0.06213028158
98520,0.247660993,0.246896708,0.2445976487,0.2407443925,0.2352999602,0.2282022943,0.219349861,0.2085748713,0.1955871556,0.1798472259,0.1602031473,0.1334013767,0.06881289811,nan,nan,nan,nan,nan,nan,nan,0.06211036628
98580,0.2475075996,0.2467440624,0.2444472451,0.2405977211,0.2351585077,0.2280675477,0.2192233205,0.2084580772,0.1954817455,0.1797550584,0.1601266115,0.133344435,0.06879164082,nan,nan,nan,nan,nan,nan,nan,0.06209049912
98640,0.2473544714,0.2465916805,0.2442971007,0.2404513016,0.2350172966,0.2279330294,0.2190969924,0.2083414769,0.1953765077,0.1796630387,0.1600501955,0.1332875793,0.06877042543,nan,nan,nan,nan,nan,nan,nan,0.06207067994
98700,0.2472016075,0.2464395615,0.2441472148,0.2403051331,0.2348763263,0.2277987388,0.2189708762,0.2082250698,0.1952714418,0.1795711665,0.1599738991,0.1332308096,0.06874925186,nan,nan,nan,nan,nan,nan,nan,0.06205090864
98760,0.2470490074,0.2462877047,0.2439975867,0.2401592151,0.2347355963,0.2276646754,0.2188449713,0.2081088554,0.1951665473,0.1794794415,0.1598977219,0.1331741256,0.06872812002,nan,nan,nan,nan,nan,nan,nan,0.0620311851
98820,0.2468966705,0.2461361096,0.2438482158,0.240013547,0.2345951059,0.2275308386,0.2187192773,0.2079928334,0.1950618238,0.1793878632,0.1598216637,0.1331175271,0.06870702979,nan,nan,nan,nan,nan,nan,nan,0.06201150917
98880,0.2467445959,0.2459847755,0.2436991015,0.2398681281,0.2344548546,0.2273972279,0.2185937935,0.2078770032,0.1949572709,0.1792964314,0.1597457242,0.1330610139,0.06868598107,nan,nan,nan,nan,nan,nan,nan,0.06199188072
98940,0.2465927832,0.2458337016,0.243550243,0.2397229578,0.2343148417,0.2272638427,0.2184685195,0.2077613644,0.1948528883,0.1792051457,0.1596699031,0.1330045858,0.06866497376,nan,nan,nan,nan,nan,nan,nan,0.06197229965
99000,0.2464412316,0.2456828875,0.2434016399,0.2395780355,0.2341750667,0.2271306824,0.2183434549,0.2076459165,0.1947486754,0.1791140057,0.1595942001,0.1329482427,0.06864400774,nan,nan,nan,nan,nan,nan,nan,0.06195276579
99060,0.2462899404,0.2455323323,0.2432532914,0.2394333606,0.2340355289,0.2269977465,0.218218599,0.2075306591,0.194644632,0.1790230111,0.159518615,0.1328919843,0.0686230829,nan,nan,nan,nan,nan,nan,nan,0.06193327903
99120,0.2461389091,0.2453820356,0.2431051969,0.2392889324,0.2338962279,0.2268650344,0.2180939513,0.2074155916,0.1945407575,0.1789321616,0.1594431475,0.1328358105,0.06860219915,nan,nan,nan,nan,nan,nan,nan,0.06191383922
99180,0.245988137,0.2452319965,0.2429573558,0.2391447504,0.2337571629,0.2267325456,0.2179695114,0.2073007137,0.1944370516,0.1788414568,0.1593677972,0.132779721,0.06858135635,nan,nan,nan,nan,nan,nan,nan,0.06189444624
99240,0.2458376234,0.2450822146,0.2428097674,0.239000814,0.2336183335,0.2266002796,0.2178452788,0.2071860249,0.1943335139,0.1787508964,0.159292564,0.1327237158,0.06856055441,nan,nan,nan,nan,nan,nan,nan,0.06187509994
99300,0.2456873678,0.2449326891,0.2426624311,0.2388571224,0.233479739,0.2264682357,0.2177212529,0.2070715246,0.1942301439,0.17866048,0.1592174475,0.1326677945,0.06853979321,nan,nan,nan,nan,nan,nan,nan,0.06185580019
99360,0.2455373693,0.2447834194,0.2425153463,0.2387136752,0.2333413789,0.2263364135,0.2175974332,0.2069572125,0.1941269414,0.1785702073,0.1591424475,0.132611957,0.06851907263,nan,nan,nan,nan,nan,nan,nan,0.06183654686
99420,0.2453876275,0.2446344048,0.2423685124,0.2385704717,0.2332032525,0.2262048124,0.2174738192,0.2068430881,0.1940239058,0.1784800779,0.1590675637,0.1325562031,0.06849839257,nan,nan,nan,nan,nan,nan,nan,0.0618173398
99480,0.2452381416,0.2444856448,0.2422219287,0.2384275113,0.2330653593,0.2260734318,0.2173504105,0.206729151,0.1939210367,0.1783900916,0.1589927958,0.1325005326,0.0684777529,nan,nan,nan,nan,nan,nan,nan,0.06179817889
99540,0.2450889111,0.2443371387,0.2420755946,0.2382847934,0.2329276988,0.2259422712,0.2172272065,0.2066154006,0.1938183339,0.1783002479,0.1589181435,0.1324449454,0.06845715352,nan,nan,nan,nan,nan,nan,nan,0.06177906398
99600,0.2449399352,0.2441888858,0.2419295095,0.2381423174,0.2327902703,0.2258113301,0.2171042067,0.2065018366,0.1937157968,0.1782105465,0.1588436067,0.1323894412,0.06843659432,nan,nan,nan,nan,nan,nan,nan,0.06175999493
99660,0.2447912134,0.2440408856,0.2417836728,0.2380000828,0.2326530732,0.225680608,0.2169814106,0.2063884585,0.1936134251,0.1781209871,0.158769185,0.1323340198,0.06841607517,nan,nan,nan,nan,nan,nan,nan,0.06174097162
99720,0.244642745,0.2438931374,0.2416380839,0.2378580888,0.2325161071,0.2255501042,0.2168588178,0.2062752658,0.1935112183,0.1780315694,0.1586948781,0.1322786812,0.06839559597,nan,nan,nan,nan,nan,nan,nan,0.0617219939
99780,0.2444945294,0.2437456406,0.241492742,0.2377163349,0.2323793713,0.2254198183,0.2167364277,0.2061622581,0.1934091762,0.177942293,0.1586206858,0.132223425,0.0683751566,nan,nan,nan,nan,nan,nan,nan,0.06170306164
99840,0.244346566,0.2435983945,0.2413476467,0.2375748206,0.2322428652,0.2252897497,0.2166142398,0.2060494349,0.1933072982,0.1778531575,0.1585466078,0.1321682511,0.06835475694,nan,nan,nan,nan,nan,nan,nan,0.06168417469
99900,0.2441988541,0.2434513985,0.2412027974,0.2374335452,0.2321065884,0.2251598979,0.2164922537,0.2059367958,0.1932055841,0.1777641628,0.1584726439,0.1321131593,0.0683343969,nan,nan,nan,nan,nan,nan,nan,0.06166533293
99960,0.2440513932,0.2433046521,0.2410581933,0.2372925081,0.2319705402,0.2250302624,0.2163704689,0.2058243404,0.1931040334,0.1776753083,0.1583987937,0.1320581495,0.06831407634,nan,nan,nan,nan,nan,nan,nan,0.06164653623
100020,0.2439041825,0.2431581545,0.240913834,0.2371517088,0.2318347201,0.2249008426,0.2162488848,0.2057120683,0.1930026456,0.1775865939,0.1583250571,0.1320032214,0.06829379516,nan,nan,nan,nan,nan,nan,nan,0.06162778443
100080,0.2437572215,0.2430119053,0.2407697187,0.2370111466,0.2316991275,0.224771638,0.2161275011,0.2055999789,0.1929014206,0.1774980191,0.1582514337,0.1319483749,0.06827355325,nan,nan,nan,nan,nan,nan,nan,0.06160907741
100140,0.2436105096,0.2428659037,0.2406258469,0.236870821,0.2315637619,0.2246426481,0.2160063171,0.2054880718,0.1928003577,0.1774095836,0.1581779234,0.1318936098,0.0682533505,nan,nan,nan,nan,nan,nan,nan,0.06159041504
100200,0.2434640461,0.2427201491,0.2404822181,0.2367307315,0.2314286227,0.2245138724,0.2158853324,0.2053763466,0.1926994568,0.1773212872,0.1581045257,0.1318389258,0.06823318678,nan,nan,nan,nan,nan,nan,nan,0.06157179717
100260,0.2433178304,0.242574641,0.2403388315,0.2365908773,0.2312937093,0.2243853103,0.2157645466,0.2052648029,0.1925987173,0.1772331294,0.1580312406,0.1317843229,0.06821306199,nan,nan,nan,nan,nan,nan,nan,0.06155322367
100320,0.243171862,0.2424293788,0.2401956867,0.236451258,0.2311590212,0.2242569613,0.2156439592,0.2051534402,0.1924981389,0.17714511,0.1579580676,0.1317298008,0.06819297602,nan,nan,nan,nan,nan,nan,nan,0.06153469442
100380,0.2430261402,0.2422843617,0.2400527829,0.2363118729,0.2310245579,0.2241288249,0.2155235696,0.2050422582,0.1923977212,0.1770572286,0.1578850066,0.1316753594,0.06817292876,nan,nan,nan,nan,nan,nan,nan,0.06151620927
100440,0.2428806643,0.2421395893,0.2399101197,0.2361727216,0.2308903187,0.2240009006,0.2154033774,0.2049312563,0.1922974638,0.1769694849,0.1578120573,0.1316209984,0.06815292009,nan,nan,nan,nan,nan,nan,nan,0.06149776809
100500,0.2427354339,0.2419950609,0.2397676963,0.2360338033,0.2307563032,0.2238731879,0.2152833821,0.2048204341,0.1921973664,0.1768818786,0.1577392195,0.1315667178,0.0681329499,nan,nan,nan,nan,nan,nan,nan,0.06147937075
100560,0.2425904482,0.241850776,0.2396255123,0.2358951176,0.2306225108,0.2237456862,0.2151635833,0.2047097912,0.1920974286,0.1767944094,0.1576664928,0.1315125172,0.06811301809,nan,nan,nan,nan,nan,nan,nan,0.06146101712
100620,0.2424457068,0.2417067338,0.2394835671,0.2357566639,0.230488941,0.2236183951,0.2150439805,0.2045993272,0.19199765,0.1767070769,0.1575938771,0.1314583966,0.06809312454,nan,nan,nan,nan,nan,nan,nan,0.06144270706
100680,0.2423012089,0.2415629339,0.23934186,0.2356184416,0.2303555932,0.223491314,0.2149245731,0.2044890416,0.1918980302,0.1766198808,0.157521372,0.1314043558,0.06807326914,nan,nan,nan,nan,nan,nan,nan,0.06142444044
100740,0.242156954,0.2414193756,0.2392003905,0.2354804501,0.2302224669,0.2233644425,0.2148053608,0.2043789341,0.1917985688,0.1765328208,0.1574489774,0.1313503945,0.06805345178,nan,nan,nan,nan,nan,nan,nan,0.06140621713
100800,0.2420129415,0.2412760584,0.239059158,0.2353426889,0.2300895615,0.2232377799,0.2146863431,0.2042690041,0.1916992655,0.1764458966,0.1573766929,0.1312965127,0.06803367236,nan,nan,nan,nan,nan,nan,nan,0.061388037
100860,0.2418691708,0.2411329816,0.2389181619,0.2352051574,0.2299568765,0.2231113259,0.2145675195,0.2041592514,0.1916001199,0.1763591079,0.1573045183,0.13124271,0.06801393076,nan,nan,nan,nan,nan,nan,nan,0.06136989992
100920,0.2417256412,0.2409901447,0.2387774016,0.2350678551,0.2298244114,0.2229850799,0.2144488895,0.2040496753,0.1915011316,0.1762724544,0.1572324534,0.1311889864,0.06799422688,nan,nan,nan,nan,nan,nan,nan,0.06135180576
100980,0.2415823523,0.240847547,0.2386368766,0.2349307814,0.2296921656,0.2228590414,0.2143304526,0.2039402757,0.1914023003,0.1761859357,0.1571604979,0.1311353417,0.06797456061,nan,nan,nan,nan,nan,nan,nan,0.06133375438
101040,0.2414393035,0.240705188,0.2384965862,0.2347939357,0.2295601386,0.2227332099,0.2142122085,0.2038310519,0.1913036256,0.1760995515,0.1570886516,0.1310817757,0.06795493183,nan,nan,nan,nan,nan,nan,nan,0.06131574567
101100,0.241296494,0.2405630671,0.23835653,0.2346573175,0.2294283299,0.2226075849,0.2140941566,0.2037220036,0.1912051071,0.1760133015,0.1570169142,0.1310282882,0.06793534045,nan,nan,nan,nan,nan,nan,nan,0.06129777948
101160,0.2411539234,0.2404211837,0.2382167073,0.2345209262,0.2292967389,0.2224821659,0.2139762965,0.2036131304,0.1911067444,0.1759271855,0.1569452855,0.1309748791,0.06791578635,nan,nan,nan,nan,nan,nan,nan,0.06127985569
101220,0.2410115911,0.2402795373,0.2380771176,0.2343847613,0.2291653651,0.2223569524,0.2138586277,0.2035044319,0.1910085372,0.175841203,0.1568737652,0.1309215481,0.06789626943,nan,nan,nan,nan,nan,nan,nan,0.06126197417
101280,0.2408694965,0.2401381273,0.2379377603,0.2342488223,0.229034208,0.2222319439,0.2137411497,0.2033959076,0.1909104852,0.1757553538,0.156802353,0.1308682951,0.06787678958,nan,nan,nan,nan,nan,nan,nan,0.0612441348
101340,0.2407276389,0.239996953,0.2377986348,0.2341131085,0.2289032671,0.22210714,0.2136238622,0.2032875571,0.1908125879,0.1756696376,0.1567310488,0.13081512,0.0678573467,nan,nan,nan,nan,nan,nan,nan,0.06122633744
101400,0.2405860179,0.2398560139,0.2376597406,0.2339776195,0.2287725418,0.2219825401,0.2135067647,0.2031793801,0.190714845,0.1755840541,0.1566598523,0.1307620225,0.06783794067,nan,nan,nan,nan,nan,nan,nan,0.06120858197
101460,0.2404446328,0.2397153095,0.2375210771,0.2338423546,0.2286420316,0.2218581437,0.2133898566,0.203071376,0.1906172561,0.1754986029,0.1565887631,0.1307090024,0.0678185714,nan,nan,nan,nan,nan,nan,nan,0.06119086827
101520,0.2403034831,0.2395748391,0.2373826437,0.2337073134,0.228511736,0.2217339504,0.2132731376,0.2029635446,0.1905198209,0.1754132838,0.1565177812,0.1306560597,0.06779923878,nan,nan,nan,nan,nan,nan,nan,0.0611731962
101580,0.2401625683,0.2394346022,0.2372444399,0.2335724953,0.2283816545,0.2216099597,0.2131566072,0.2028558854,0.190422539,0.1753280964,0.1564469063,0.1306031942,0.0677799427,nan,nan,nan,nan,nan,nan,nan,0.06115556564
101640,0.2400218876,0.2392945983,0.2371064652,0.2334378997,0.2282517866,0.221486171,0.2130402649,0.202748398,0.19032541,0.1752430405,0.156376138,0.1305504056,0.06776068306,nan,nan,nan,nan,nan,nan,nan,0.06113797647
101700,0.2398814406,0.2391548267,0.2369687189,0.2333035262,0.2281221318,0.2213625839,0.2129241103,0.2026410819,0.1902284336,0.1751581157,0.1563054762,0.1304976938,0.06774145975,nan,nan,nan,nan,nan,nan,nan,0.06112042855
101760,0.2397412267,0.2390152869,0.2368312006,0.2331693742,0.2279926894,0.221239198,0.212808143,0.2025339368,0.1901316095,0.1750733217,0.1562349206,0.1304450586,0.06772227268,nan,nan,nan,nan,nan,nan,nan,0.06110292177
101820,0.2396012453,0.2388759783,0.2366939096,0.2330354431,0.2278634591,0.2211160127,0.2126923625,0.2024269623,0.1900349373,0.1749886583,0.156164471,0.1303924999,0.06770312173,nan,nan,nan,nan,nan,nan,nan,0.06108545601
101880,0.2394614959,0.2387369005,0.2365568454,0.2329017325,0.2277344403,0.2209930275,0.2125767684,0.202320158,0.1899384166,0.1749041251,0.1560941272,0.1303400175,0.06768400682,nan,nan,nan,nan,nan,nan,nan,0.06106803113
101940,0.2393219778,0.2385980527,0.2364200075,0.2327682417,0.2276056325,0.220870242,0.2124613602,0.2022135235,0.1898420471,0.1748197219,0.1560238888,0.1302876111,0.06766492782,nan,nan,nan,nan,nan,nan,nan,0.06105064701
102000,0.2391826907,0.2384594345,0.2362833954,0.2326349703,0.2274770353,0.2207476557,0.2123461374,0.2021070583,0.1897458284,0.1747354483,0.1559537557,0.1302352808,0.06764588465,nan,nan,nan,nan,nan,nan,nan,0.06103330353
102060,0.2390436338,0.2383210453,0.2361470084,0.2325019177,0.227348648,0.2206252681,0.2122310997,0.2020007621,0.1896497601,0.174651304,0.1558837277,0.1301830262,0.06762687719,nan,nan,nan,nan,nan,nan,nan,0.06101600058
102120,0.2389048066,0.2381828845,0.236010846,0.2323690835,0.2272204702,0.2205030788,0.2121162467,0.2018946345,0.189553842,0.1745672888,0.1558138044,0.1301308473,0.06760790535,nan,nan,nan,nan,nan,nan,nan,0.06099873802
102180,0.2387662086,0.2380449517,0.2358749078,0.232236467,0.2270925014,0.2203810872,0.2120015778,0.201788675,0.1894580737,0.1744834024,0.1557439857,0.1300787437,0.06758896903,nan,nan,nan,nan,nan,nan,nan,0.06098151573
102240,0.2386278392,0.2379072462,0.2357391931,0.2321040677,0.2269647411,0.220259293,0.2118870926,0.2016828834,0.1893624548,0.1743996444,0.1556742713,0.1300267155,0.06757006813,nan,nan,nan,nan,nan,nan,nan,0.0609643336
102300,0.2384896978,0.2377697674,0.2356037014,0.2319718852,0.2268371888,0.2201376956,0.2117727907,0.2015772591,0.1892669849,0.1743160145,0.155604661,0.1299747624,0.06755120254,nan,nan,nan,nan,nan,nan,nan,0.06094719151
102360,0.238351784,0.237632515,0.2354684322,0.231839919,0.226709844,0.2200162945,0.2116586717,0.2014718019,0.1891716638,0.1742325126,0.1555351546,0.1299228843,0.06753237216,nan,nan,nan,nan,nan,nan,nan,0.06093008932
102420,0.2382140972,0.2374954882,0.2353333849,0.2317081684,0.2265827062,0.2198950894,0.2115447351,0.2013665112,0.1890764911,0.1741491382,0.1554657517,0.1298710809,0.06751357691,nan,nan,nan,nan,nan,nan,nan,0.06091302693
102480,0.2380766367,0.2373586866,0.235198559,0.2315766329,0.2264557748,0.2197740797,0.2114309805,0.2012613868,0.1889814665,0.174065891,0.1553964523,0.1298193522,0.06749481666,nan,nan,nan,nan,nan,nan,nan,0.06089600422
102540,0.2379394021,0.2372221097,0.235063954,0.2314453122,0.2263290496,0.2196532649,0.2113174075,0.2011564282,0.1888865895,0.1739827709,0.155327256,0.1297676979,0.06747609134,nan,nan,nan,nan,nan,nan,nan,0.06087902105
102600,0.2378023929,0.2370857568,0.2349295694,0.2313142056,0.2262025298,0.2195326447,0.2112040156,0.2010516351,0.1887918599,0.1738997775,0.1552581626,0.1297161179,0.06745740084,nan,nan,nan,nan,nan,nan,nan,0.06086207732
102660,0.2376656084,0.2369496274,0.2347954046,0.2311833126,0.226076215,0.2194122185,0.2110908045,0.200947007,0.1886972774,0.1738169105,0.1551891719,0.1296646121,0.06743874505,nan,nan,nan,nan,nan,nan,nan,0.06084517291
102720,0.2375290482,0.2368137211,0.234661459,0.2310526327,0.2259501048,0.2192919859,0.2109777736,0.2008425436,0.1886028415,0.1737341696,0.1551202837,0.1296131802,0.06742012389,nan,nan,nan,nan,nan,nan,nan,0.0608283077
102780,0.2373927117,0.2366780372,0.2345277322,0.2309221655,0.2258241987,0.2191719464,0.2108649227,0.2007382445,0.1885085519,0.1736515546,0.1550514977,0.1295618221,0.06740153726,nan,nan,nan,nan,nan,nan,nan,0.06081148158
102840,0.2372565984,0.2365425752,0.2343942237,0.2307919104,0.2256984961,0.2190520996,0.2107522511,0.2006341093,0.1884144084,0.1735690651,0.1549828137,0.1295105377,0.06738298506,nan,nan,nan,nan,nan,nan,nan,0.06079469441
102900,0.2371207077,0.2364073347,0.2342609329,0.2306618669,0.2255729966,0.2189324451,0.2106397586,0.2005301376,0.1883204105,0.1734867009,0.1549142315,0.1294593268,0.06736446719,nan,nan,nan,nan,nan,nan,nan,0.0607779461
102960,0.2369850391,0.236272315,0.2341278593,0.2305320344,0.2254476997,0.2188129823,0.2105274447,0.2004263291,0.188226558,0.1734044616,0.1548457508,0.1294081892,0.06734598355,nan,nan,nan,nan,nan,nan,nan,0.06076123652
103020,0.236849592,0.2361375157,0.2339950023,0.2304024126,0.225322605,0.2186937107,0.210415309,0.2003226834,0.1881328505,0.1733223471,0.1547773714,0.1293571247,0.06732753405,nan,nan,nan,nan,nan,nan,nan,0.06074456555
103080,0.236714366,0.2360029362,0.2338623615,0.2302730008,0.2251977119,0.2185746301,0.2103033511,0.2002192,0.1880392876,0.1732403569,0.1547090932,0.1293061333,0.0673091186,nan,nan,nan,nan,nan,nan,nan,0.06072793308
103140,0.2365793606,0.235868576,0.2337299364,0.2301437987,0.2250730199,0.2184557399,0.2101915705,0.2001158786,0.1879458691,0.173158491,0.1546409158,0.1292552147,0.0672907371,nan,nan,nan,nan,nan,nan,nan,0.06071133901
103200,0.236444575,0.2357344345,0.2335977264,0.2300148056,0.2249485287,0.2183370396,0.2100799668,0.2000127189,0.1878525945,0.1730767488,0.1545728391,0.1292043688,0.06727238945,nan,nan,nan,nan,nan,nan,nan,0.0606947832
103260,0.236310009,0.2356005113,0.233465731,0.2298860212,0.2248242376,0.2182185288,0.2099685397,0.1999097204,0.1877594637,0.1729951302,0.1545048628,0.1291535954,0.06725407556,nan,nan,nan,nan,nan,nan,nan,0.06067826555
103320,0.2361756619,0.2354668059,0.2333339497,0.2297574448,0.2247001463,0.2181002071,0.2098572887,0.1998068829,0.1876664761,0.172913635,0.1544369866,0.1291028944,0.06723579533,nan,nan,nan,nan,nan,nan,nan,0.06066178595
103380,0.2360415332,0.2353333176,0.233202382,0.229629076,0.2245762543,0.217982074,0.2097462134,0.1997042058,0.1875736316,0.1728322627,0.1543692105,0.1290522656,0.06721754868,nan,nan,nan,nan,nan,nan,nan,0.06064534427
103440,0.2359076224,0.235200046,0.2330710274,0.2295009144,0.2244525611,0.2178641292,0.2096353133,0.1996016889,0.1874809298,0.1727510132,0.1543015341,0.1290017089,0.0671993355,nan,nan,nan,nan,nan,nan,nan,0.06062894041
103500,0.2357739289,0.2350669906,0.2329398854,0.2293729594,0.2243290662,0.217746372,0.2095245882,0.1994993317,0.1873883704,0.1726698861,0.1542339572,0.1289512241,0.06718115571,nan,nan,nan,nan,nan,nan,nan,0.06061257426
103560,0.2356404524,0.2349341508,0.2328089555,0.2292452105,0.2242057691,0.2176288021,0.2094140375,0.199397134,0.1872959529,0.1725888812,0.1541664797,0.128900811,0.06716300921,nan,nan,nan,nan,nan,nan,nan,0.0605962457
103620,0.2355071921,0.2348015262,0.2326782371,0.2291176672,0.2240826695,0.2175114191,0.2093036609,0.1992950953,0.1872036772,0.1725079982,0.1540991012,0.1288504695,0.06714489591,nan,nan,nan,nan,nan,nan,nan,0.06057995462
103680,0.2353741477,0.2346691163,0.2325477298,0.2289903292,0.2239597667,0.2173942225,0.209193458,0.1991932152,0.1871115429,0.1724272369,0.1540318216,0.1288001994,0.06712681571,nan,nan,nan,nan,nan,nan,nan,0.06056370091
103740,0.2352413186,0.2345369204,0.2324174331,0.2288631958,0.2238370605,0.2172772119,0.2090834283,0.1990914935,0.1870195497,0.1723465969,0.1539646407,0.1287500006,0.06710876853,nan,nan,nan,nan,nan,nan,nan,0.06054748446
103800,0.2351087043,0.2344049382,0.2322873465,0.2287362665,0.2237145502,0.2171603869,0.2089735715,0.1989899297,0.1869276971,0.172266078,0.1538975582,0.128699873,0.06709075428,nan,nan,nan,nan,nan,nan,nan,0.06053130516
103860,0.2349763042,0.2342731691,0.2321574694,0.228609541,0.2235922355,0.2170437469,0.2088638871,0.1988885234,0.186835985,0.1721856799,0.1538305739,0.1286498163,0.06707277286,nan,nan,nan,nan,nan,nan,nan,0.0605151629
103920,0.234844118,0.2341416125,0.2320278014,0.2284830188,0.2234701159,0.2169272917,0.2087543748,0.1987872744,0.186744413,0.1721054024,0.1537636877,0.1285998304,0.06705482417,nan,nan,nan,nan,nan,nan,nan,0.06049905756
103980,0.234712145,0.2340102681,0.231898342,0.2283566992,0.2233481909,0.2168110207,0.2086450341,0.1986861823,0.1866529808,0.1720252451,0.1536968992,0.1285499152,0.06703690814,nan,nan,nan,nan,nan,nan,nan,0.06048298904
104040,0.2345803848,0.2338791353,0.2317690907,0.228230582,0.2232264601,0.2166949335,0.2085358647,0.1985852466,0.1865616881,0.1719452078,0.1536302082,0.1285000705,0.06701902467,nan,nan,nan,nan,nan,nan,nan,0.06046695723
104100,0.2344488369,0.2337482136,0.2316400469,0.2281046665,0.223104923,0.2165790297,0.2084268662,0.198484467,0.1864705345,0.1718652902,0.1535636147,0.1284502961,0.06700117367,nan,nan,nan,nan,nan,nan,nan,0.06045096203
104160,0.2343175007,0.2336175024,0.2315112103,0.2279789524,0.2229835791,0.2164633088,0.2083180381,0.1983838432,0.1863795197,0.1717854922,0.1534971182,0.128400592,0.06698335505,nan,nan,nan,nan,nan,nan,nan,0.06043500331
104220,0.2341863758,0.2334870014,0.2313825804,0.2278534391,0.222862428,0.2163477705,0.2082093801,0.1982833749,0.1862886434,0.1717058133,0.1534307187,0.1283509579,0.06696556873,nan,nan,nan,nan,nan,nan,nan,0.06041908098
104280,0.2340554617,0.23335671,0.2312541565,0.2277281262,0.2227414693,0.2162324144,0.2081008917,0.1981830615,0.1861979054,0.1716262533,0.1533644159,0.1283013937,0.06694781461,nan,nan,nan,nan,nan,nan,nan,0.06040319493
104340,0.2339247578,0.2332266277,0.2311259383,0.2276030131,0.2226207026,0.2161172399,0.2079925727,0.1980829029,0.1861073052,0.171546812,0.1532982096,0.1282518993,0.0669300926,nan,nan,nan,nan,nan,nan,nan,0.06038734505
104400,0.2337942636,0.2330967539,0.2309979252,0.2274780995,0.2225001271,0.2160022465,0.2078844225,0.1979828986,0.1860168426,0.171467489,0.1532320995,0.1282024744,0.06691240402,nan,nan,nan,nan,nan,nan,nan,0.06037153573
104460,0.2336639757,0.2329670461,0.2308699582,0.227353029,0.2223791042,0.2158864199,0.2077749459,0.1978809336,0.1859236024,0.17138426,0.1531603242,0.1281436422,0.06680889602,nan,nan,nan,nan,nan,nan,nan,0.06035589811
104520,0.2335338888,0.2328375384,0.2307421881,0.2272281503,0.2222582658,0.2157707685,0.2076656335,0.1977791197,0.1858304982,0.17130115,0.1530886485,0.1280848878,0.06670497662,nan,nan,nan,nan,nan,nan,nan,0.06034039451
104580,0.2334040031,0.2327082308,0.2306146149,0.2271034633,0.2221376119,0.2156552926,0.2075564852,0.1976774569,0.1857375301,0.171218159,0.1530170726,0.1280262111,0.06659760328,nan,nan,nan,nan,nan,nan,nan,0.06032492728
104640,0.233274318,0.2325791228,0.2304872383,0.2269789677,0.2220171423,0.2155399915,0.2074475008,0.1975759449,0.1856446977,0.1711352867,0.1529455962,0.1279676122,0.06649032351,nan,nan,nan,nan,nan,nan,nan,0.06030950065
104700,0.2331448332,0.232450214,0.2303600578,0.226854663,0.2218968563,0.2154248651,0.2073386799,0.1974745833,0.1855520008,0.1710525329,0.1528742192,0.1279090907,0.06638313908,nan,nan,nan,nan,nan,nan,nan,0.06029411478
104760,0.2330155482,0.2323215039,0.2302330729,0.2267305488,0.2217767537,0.2153099128,0.2072300221,0.1973733718,0.1854594391,0.1709698974,0.1528029412,0.1278506466,0.06627604629,nan,nan,nan,nan,nan,nan,nan,0.06027876678
104820,0.2328864624,0.2321929921,0.2301062832,0.2266066247,0.2216568339,0.2151951343,0.2071215269,0.19727231,0.1853670123,0.1708873799,0.1527317621,0.1277922797,0.06616904427,nan,nan,nan,nan,nan,nan,nan,0.06026345532
104880,0.2327575755,0.2320646781,0.2299796882,0.2264828901,0.2215370967,0.2150805293,0.2070131942,0.1971713977,0.18527472,0.1708049801,0.1526606818,0.1277339899,0.06606213225,nan,nan,nan,nan,nan,nan,nan,0.0602481797
104940,0.232628887,0.2319365615,0.2298532876,0.2263593448,0.2214175416,0.2149660972,0.2069050234,0.1970706345,0.185182562,0.1707226978,0.1525896998,0.1276757769,0.06595531002,nan,nan,nan,nan,nan,nan,nan,0.06023293971
105000,0.2325003965,0.2318086419,0.2297270808,0.2262359882,0.2212981681,0.2148518377,0.2067970143,0.19697002,0.185090538,0.1706405327,0.1525188162,0.1276176408,0.06584689315,nan,nan,nan,nan,nan,nan,nan,0.06021773489
105060,0.2323721035,0.2316809187,0.2296010674,0.22611282,0.2211789759,0.2147377505,0.2066891665,0.196869554,0.1849986477,0.1705584845,0.1524480306,0.1275595813,0.06573584119,nan,nan,nan,nan,nan,nan,nan,0.06020256482
105120,0.2322440076,0.2315533916,0.229475247,0.2259898397,0.2210599646,0.2146238352,0.2065814796,0.1967692362,0.1849068908,0.1704765531,0.1523773428,0.1275015983,0.06562487922,nan,nan,nan,nan,nan,nan,nan,0.06018742908
105180,0.2321161083,0.2314260601,0.2293496192,0.2258670469,0.2209411337,0.2145100913,0.2064739533,0.1966690661,0.184815267,0.1703947382,0.1523067527,0.1274436917,0.06551400705,nan,nan,nan,nan,nan,nan,nan,0.06017232739
105240,0.2319884052,0.2312989238,0.2292241835,0.2257444412,0.2208224829,0.2143965185,0.2063665872,0.1965690435,0.184723776,0.1703130395,0.15223626,0.1273858614,0.0654032248,nan,nan,nan,nan,nan,nan,nan,0.06015725969
105300,0.2318608978,0.2311719822,0.2290989395,0.2256220221,0.2207040117,0.2142831165,0.206259381,0.196469168,0.1846324176,0.1702314568,0.1521658646,0.1273281071,0.06529253208,nan,nan,nan,nan,nan,nan,nan,0.06014222555
105360,0.2317335857,0.2310452349,0.2289738868,0.2254997893,0.2205857198,0.2141698847,0.2061523342,0.1963694394,0.1845411914,0.1701499897,0.1520955661,0.1272704145,0.06518192881,nan,nan,nan,nan,nan,nan,nan,0.06012722478
105420,0.2316064685,0.2309186814,0.2288490249,0.2253777423,0.2204676068,0.214056823,0.2060454467,0.1962698573,0.1844500972,0.1700686382,0.1520253645,0.1272127581,0.06507137731,nan,nan,nan,nan,nan,nan,nan,0.0601122575
105480,0.2314795458,0.2307923214,0.2287243534,0.2252558807,0.2203496722,0.2139439308,0.205938718,0.1961704213,0.1843591347,0.1699874019,0.1519552596,0.1271551773,0.06495625134,nan,nan,nan,nan,nan,nan,nan,0.06009732334
105540,0.2313528169,0.2306661543,0.2285998719,0.2251342041,0.2202319156,0.2138312078,0.2058321477,0.1960711313,0.1842683035,0.1699062805,0.151885251,0.1270976721,0.06484121612,nan,nan,nan,nan,nan,nan,nan,0.06008242218
105600,0.2312262817,0.2305401798,0.22847558,0.2250127121,0.2201143367,0.2137186536,0.2057257355,0.1959719867,0.1841776035,0.1698252739,0.1518153387,0.1270402422,0.06472627179,nan,nan,nan,nan,nan,nan,nan,0.06006755401
105660,0.2310999396,0.2304143974,0.2283514772,0.2248914043,0.2199969351,0.2136062679,0.2056194811,0.1958729874,0.1840870343,0.1697443818,0.1517455224,0.1269828876,0.06461141825,nan,nan,nan,nan,nan,nan,nan,0.06005271861
105720,0.2309737901,0.2302888067,0.228227563,0.2247702802,0.2198797104,0.2134940503,0.2055133841,0.1957741331,0.1839965956,0.1696636039,0.1516758019,0.126925608,0.0644966555,nan,nan,nan,nan,nan,nan,nan,0.06003791588
105780,0.2308478329,0.2301634073,0.2281038372,0.2246493395,0.2197626621,0.2133820004,0.2054074442,0.1956754233,0.1839062872,0.1695829401,0.151606177,0.1268684034,0.06438198359,nan,nan,nan,nan,nan,nan,nan,0.06002314571
105840,0.2307220675,0.2300381987,0.2279802992,0.2245285817,0.21964579,0.2132701178,0.205301661,0.1955768577,0.1838161087,0.16950239,0.1515366475,0.1268112734,0.06426722259,nan,nan,nan,nan,nan,nan,nan,0.06000840797
105900,0.2305964935,0.2299131805,0.2278569487,0.2244080064,0.2195290935,0.2131584022,0.2051960342,0.1954784362,0.18372606,0.1694219534,0.1514672133,0.1267542181,0.0641477413,nan,nan,nan,nan,nan,nan,nan,0.05999370253
105960,0.2304711105,0.2297883523,0.2277337852,0.2242876132,0.2194125723,0.2130468532,0.2050905634,0.1953801583,0.1836361407,0.16934163,0.1513978741,0.1266972372,0.0640283523,nan,nan,nan,nan,nan,nan,nan,0.05997902931
106020,0.230345918,0.2296637136,0.2276108083,0.2241674018,0.219296226,0.2129354704,0.2049852483,0.1952820237,0.1835463505,0.1692614198,0.1513286297,0.1266403306,0.0639090556,nan,nan,nan,nan,nan,nan,nan,0.05996438816
106080,0.230220916,0.2295392643,0.2274880179,0.224047372,0.2191800546,0.2128242537,0.2048800889,0.1951840324,0.1834566894,0.1691813225,0.1512594796,0.1265834982,0.06378984777,nan,nan,nan,nan,nan,nan,nan,0.05994977327
106140,0.2300961048,0.229415005,0.2273654144,0.2239275242,0.2190640584,0.2127132036,0.2047750854,0.1950861848,0.1833671577,0.1691013384,0.1511904038,0.1265267402,0.06367071917,nan,nan,nan,nan,nan,nan,nan,0.05993516907
106200,0.2299714839,0.229290935,0.2272429974,0.223807858,0.2189482369,0.2126023196,0.2046702375,0.1949884803,0.183277755,0.1690214674,0.1511214229,0.1264700564,0.06355167031,nan,nan,nan,nan,nan,nan,nan,0.05992057702
106260,0.2298470541,0.2291670932,0.2271209193,0.2236887184,0.2188332116,0.2124925903,0.2045670042,0.1948929854,0.1831913328,0.1689456507,0.1510582095,0.1264228166,0.06353599177,nan,nan,nan,nan,nan,nan,nan,0.05990597986
106320,0.2297228181,0.2290434442,0.2269990308,0.2235697632,0.2187183632,0.2123830286,0.2044639271,0.1947976332,0.1831050378,0.1688699437,0.1509950852,0.1263756414,0.06352028921,nan,nan,nan,nan,nan,nan,nan,0.05989133143
106380,0.2295987762,0.2289199882,0.2268773321,0.2234509924,0.218603692,0.2122736348,0.2043610064,0.1947024241,0.1830188704,0.1687943465,0.1509320504,0.1263285309,0.0635045574,nan,nan,nan,nan,nan,nan,nan,0.05987662417
106440,0.2294749293,0.2287967261,0.2267558242,0.2233324072,0.2184891989,0.2121644095,0.2042582429,0.1946073586,0.1829328311,0.1687188596,0.1508691054,0.1262814855,0.06348884089,nan,nan,nan,nan,nan,nan,nan,0.05986195705
106500,0.2293512767,0.2286736573,0.2266345063,0.2232140067,0.2183748833,0.2120553524,0.2041556361,0.1945124365,0.1828469197,0.1686434829,0.15080625,0.1262345049,0.06347316222,nan,nan,nan,nan,nan,nan,nan,0.0598473301
106560,0.2292278174,0.2285507808,0.2265133776,0.2230957901,0.2182607442,0.2119464625,0.2040531851,0.1944176569,0.1827611353,0.1685682156,0.1507434838,0.1261875889,0.06345750943,nan,nan,nan,nan,nan,nan,nan,0.05983273186
106620,0.2291045512,0.2284280962,0.2263924377,0.2229777571,0.2181467814,0.2118377395,0.2039508898,0.1943230195,0.1826754779,0.1684930576,0.1506808065,0.1261407372,0.06344188337,nan,nan,nan,nan,nan,nan,nan,0.05981816311
106680,0.2289814774,0.2283056031,0.226271686,0.2228599072,0.2180329944,0.2117291831,0.2038487497,0.1942285241,0.182589947,0.1684180086,0.150618218,0.1260939497,0.06342628516,nan,nan,nan,nan,nan,nan,nan,0.0598036248
106740,0.228858596,0.2281833013,0.2261511226,0.2227422401,0.2179193831,0.211620793,0.2037467647,0.1941341705,0.1825045427,0.1683430686,0.1505557182,0.1260472264,0.06341071475,nan,nan,nan,nan,nan,nan,nan,0.0597891169
106800,0.2287359062,0.22806119,0.2260307465,0.2226247554,0.2178059468,0.2115125687,0.2036449342,0.1940399582,0.1824192643,0.1682682371,0.1504933068,0.126000567,0.0633951727,nan,nan,nan,nan,nan,nan,nan,0.0597746399
106860,0.2286134078,0.227939269,0.2259105577,0.2225074526,0.2176926852,0.2114045099,0.203543258,0.193945887,0.1823341119,0.1681935141,0.1504309837,0.1259539714,0.06337965895,nan,nan,nan,nan,nan,nan,nan,0.05976019373
106920,0.2284911002,0.2278175379,0.2257905555,0.2223903313,0.217579598,0.2112966162,0.2034417358,0.1938519566,0.182249085,0.1681188992,0.1503687486,0.1259074394,0.06336417365,nan,nan,nan,nan,nan,nan,nan,0.05974577852
106980,0.2283689831,0.2276959962,0.2256707397,0.2222733913,0.2174666847,0.2111888873,0.2033403672,0.1937581666,0.1821641834,0.1680443922,0.1503066014,0.1258609709,0.06334871711,nan,nan,nan,nan,nan,nan,nan,0.05973139454
107040,0.228247056,0.2275746435,0.2255511097,0.2221566319,0.217353945,0.2110813228,0.2032391518,0.1936645168,0.1820794068,0.1679699929,0.1502445419,0.1258145658,0.06333328919,nan,nan,nan,nan,nan,nan,nan,0.05971704166
107100,0.2281253184,0.2274534792,0.2254316652,0.2220400528,0.2172413784,0.2109739223,0.2031380893,0.1935710068,0.1819947549,0.1678957011,0.15018257,0.1257682238,0.06331788991,nan,nan,nan,nan,nan,nan,nan,0.05970271986
107160,0.22800377,0.2273325031,0.2253124057,0.2219236537,0.2171289846,0.2108666854,0.2030371793,0.1934776363,0.1819102275,0.1678215166,0.1501206853,0.1257219448,0.06330251945,nan,nan,nan,nan,nan,nan,nan,0.0596884293
107220,0.2278824102,0.2272117147,0.2251933307,0.2218074339,0.2170167631,0.2107596118,0.2029364216,0.193384405,0.1818258243,0.167747439,0.1500588878,0.1256757287,0.06328717766,nan,nan,nan,nan,nan,nan,nan,0.05967416984
107280,0.2277612387,0.2270911134,0.2250744399,0.2216913933,0.2169047136,0.210652701,0.2028358157,0.1932913126,0.181741545,0.1676734681,0.1499971772,0.1256295754,0.06327186447,nan,nan,nan,nan,nan,nan,nan,0.05965994138
107340,0.227640255,0.2269706989,0.2249557329,0.2215755312,0.2167928356,0.2105459528,0.2027353613,0.1931983587,0.1816573893,0.1675996038,0.1499355533,0.1255834847,0.06325657995,nan,nan,nan,nan,nan,nan,nan,0.05964574398
107400,0.2275194587,0.2268504708,0.2248372091,0.2214598474,0.2166811288,0.2104393667,0.2026350581,0.1931055431,0.181573357,0.1675258457,0.149874016,0.1255374564,0.063241324,nan,nan,nan,nan,nan,nan,nan,0.05963157753
107460,0.2273988493,0.2267304286,0.2247188682,0.2213443415,0.2165695928,0.2103329423,0.2025349057,0.1930128655,0.1814894477,0.1674521937,0.1498125651,0.1254914905,0.06322609654,nan,nan,nan,nan,nan,nan,nan,0.05961744193
107520,0.2272784264,0.2266105719,0.2246007097,0.2212290129,0.2164582272,0.2102266794,0.2024349039,0.1929203255,0.1814056613,0.1673786475,0.1497512003,0.1254455868,0.06321089757,nan,nan,nan,nan,nan,nan,nan,0.05960333717
107580,0.2271581896,0.2264909003,0.2244827334,0.2211138613,0.2163470315,0.2101205775,0.2023350521,0.1928279228,0.1813219974,0.167305207,0.1496899216,0.1253997451,0.063195727,nan,nan,nan,nan,nan,nan,nan,0.05958926316
107640,0.2270381385,0.2263714134,0.2243649386,0.2209988864,0.2162360055,0.2100146363,0.2022353502,0.1927356572,0.1812384558,0.1672318718,0.1496287287,0.1253539654,0.06318058479,nan,nan,nan,nan,nan,nan,nan,0.05957521984
107700,0.2269182726,0.2262521106,0.2242473251,0.2208840877,0.2161251488,0.2099088555,0.2021357978,0.1926435283,0.1811550362,0.1671586417,0.1495676213,0.1253082475,0.06316547089,nan,nan,nan,nan,nan,nan,nan,0.05956120714
107760,0.2267985916,0.2261329917,0.2241298924,0.2207694648,0.2160144609,0.2098032346,0.2020363946,0.1925515359,0.1810717383,0.1670855165,0.1495065995,0.1252625913,0.06315038524,nan,nan,nan,nan,nan,nan,nan,0.059547225
107820,0.226679095,0.2260140562,0.2240126401,0.2206550173,0.2159039415,0.2096977733,0.2019371401,0.1924596795,0.180988562,0.1670124961,0.1494456629,0.1252169966,0.06313532778,nan,nan,nan,nan,nan,nan,nan,0.05953327334
107880,0.2265597823,0.2258953037,0.2238955677,0.2205407449,0.2157935901,0.2095924713,0.2018380342,0.1923679591,0.1809055068,0.1669395801,0.1493848114,0.1251714634,0.06312029845,nan,nan,nan,nan,nan,nan,nan,0.0595193521
107940,0.2264406532,0.2257767338,0.223778675,0.2204266471,0.2156834065,0.2094873281,0.2017390764,0.1922763741,0.1808225726,0.1668667683,0.1493240447,0.1251259914,0.0631052972,nan,nan,nan,nan,nan,nan,nan,0.0595054612
108000,0.2263217073,0.225658346,0.2236619614,0.2203127235,0.2155733903,0.2093823435,0.2016402665,0.1921849244,0.1807397591,0.1667940606,0.1492633628,0.1250805807,0.06309032395,nan,nan,nan,nan,nan,nan,nan,0.05949160057
108060,0.2262029441,0.22554014,0.2235454267,0.2201989737,0.215463541,0.2092775171,0.2015416041,0.1920936096,0.180657066,0.1667214567,0.1492027654,0.125035231,0.06307537865,nan,nan,nan,nan,nan,nan,nan,0.05947777013
108120,0.2260843632,0.2254221153,0.2234290703,0.2200853974,0.2153538583,0.2091728485,0.2014430888,0.1920024295,0.180574493,0.1666489563,0.1491422524,0.1249899423,0.06306046122,nan,nan,nan,nan,nan,nan,nan,0.05946396981
108180,0.2259659642,0.2253042715,0.2233128918,0.2199719942,0.2152443418,0.2090683374,0.2013447204,0.1919113837,0.18049204,0.1665765592,0.1490818236,0.1249447143,0.0630455716,nan,nan,nan,nan,nan,nan,nan,0.05945019952
108240,0.2258477468,0.2251866082,0.2231968909,0.2198587636,0.2151349912,0.2089639834,0.2012464986,0.191820472,0.1804097066,0.1665042653,0.1490214787,0.124899547,0.06303070973,nan,nan,nan,nan,nan,nan,nan,0.05943645919
108300,0.2257297104,0.2250691251,0.2230810672,0.2197457053,0.2150258061,0.2088597862,0.2011484229,0.191729694,0.1803274926,0.1664320743,0.1489612177,0.1248544403,0.06301587553,nan,nan,nan,nan,nan,nan,nan,0.05942274874
108360,0.2256118547,0.2249518216,0.2229654202,0.2196328189,0.214916786,0.2087557454,0.2010504931,0.1916390495,0.1802453977,0.166359986,0.1489010403,0.124809394,0.06300106893,nan,nan,nan,nan,nan,nan,nan,0.0594090681
108420,0.2254941792,0.2248346974,0.2228499496,0.219520104,0.2148079307,0.2086518607,0.2009527089,0.1915485381,0.1801634216,0.1662880001,0.1488409464,0.1247644081,0.06298628987,nan,nan,nan,nan,nan,nan,nan,0.05939541717
108480,0.2253766836,0.2247177521,0.222734655,0.2194075602,0.2146992397,0.2085481317,0.2008550699,0.1914581597,0.1800815642,0.1662161165,0.1487809357,0.1247194823,0.06297153828,nan,nan,nan,nan,nan,nan,nan,0.05938179589
108540,0.2252593675,0.2246009853,0.2226195359,0.2192951871,0.2145907128,0.2084445581,0.2007575758,0.1913679138,0.1799998251,0.1661443349,0.1487210082,0.1246746166,0.06295681409,nan,nan,nan,nan,nan,nan,nan,0.05936820417
108600,0.2251422304,0.2244843966,0.2225045921,0.2191829844,0.2144823494,0.2083411395,0.2006602263,0.1912778002,0.1799182041,0.1660726551,0.1486611636,0.1246298108,0.06294211723,nan,nan,nan,nan,nan,nan,nan,0.05935464193
108660,0.2250252719,0.2243679855,0.2223898229,0.2190709517,0.2143741494,0.2082378757,0.2005630211,0.1911878186,0.179836701,0.1660010769,0.1486014017,0.1245850649,0.06292744763,nan,nan,nan,nan,nan,nan,nan,0.0593411091
108720,0.2249084917,0.2242517517,0.2222752282,0.2189590885,0.2142661122,0.2081347661,0.2004659599,0.1910979687,0.1797553154,0.1659296,0.1485417224,0.1245403786,0.06291280523,nan,nan,nan,nan,nan,nan,nan,0.05932760559
108780,0.2247918894,0.2241356948,0.2221608075,0.2188473946,0.2141582376,0.2080318106,0.2003690423,0.1910082503,0.1796740472,0.1658582243,0.1484821256,0.124495752,0.06289818995,nan,nan,nan,nan,nan,nan,nan,0.05931413133
108840,0.2246754645,0.2240198144,0.2220465604,0.2187358695,0.2140505251,0.2079290088,0.200272268,0.190918663,0.179592896,0.1657869496,0.1484226109,0.1244511848,0.06288360173,nan,nan,nan,nan,nan,nan,nan,0.05930068624
108900,0.2245592166,0.22390411,0.2219324864,0.2186245128,0.2139429745,0.2078263602,0.2001756367,0.1908292066,0.1795118616,0.1657157755,0.1483631784,0.124406677,0.06286904049,nan,nan,nan,nan,nan,nan,nan,0.05928727024
108960,0.2244431453,0.2237885814,0.2218185854,0.2185133242,0.2138355853,0.2077238647,0.2000791481,0.1907398807,0.1794309439,0.165644702,0.1483038277,0.1243622283,0.06285450616,nan,nan,nan,nan,nan,nan,nan,0.05927388324
109020,0.2243272503,0.223673228,0.2217048567,0.2184023033,0.2137283572,0.2076215218,0.1999828019,0.1906506851,0.1793501424,0.1655737288,0.1482445587,0.1243178388,0.06283999869,nan,nan,nan,nan,nan,nan,nan,0.05926052517
109080,0.2242115312,0.2235580495,0.2215913001,0.2182914497,0.2136212898,0.2075193312,0.1998865977,0.1905616196,0.179269457,0.1655028556,0.1481853713,0.1242735083,0.062825518,nan,nan,nan,nan,nan,nan,nan,0.05924719596
109140,0.2240959875,0.2234430456,0.2214779152,0.2181807631,0.2135143828,0.2074172926,0.1997905353,0.1904726837,0.1791888874,0.1654320823,0.1481262653,0.1242292366,0.06281106401,nan,nan,nan,nan,nan,nan,nan,0.05923389551
109200,0.2239806189,0.2233282157,0.2213647015,0.2180702431,0.2134076358,0.2073154056,0.1996946144,0.1903838773,0.1791084334,0.1653614086,0.1480672405,0.1241850236,0.06279663667,nan,nan,nan,nan,nan,nan,nan,0.05922062376
109260,0.2238654249,0.2232135596,0.2212516588,0.2179598892,0.2133010485,0.20721367,0.1995988346,0.1902952,0.1790280947,0.1652908344,0.1480082967,0.1241408693,0.06278223589,nan,nan,nan,nan,nan,nan,nan,0.05920738062
109320,0.2237504053,0.2230990768,0.2211387866,0.2178497012,0.2131946205,0.2071120853,0.1995031956,0.1902066517,0.1789478711,0.1652203594,0.1479494337,0.1240967735,0.06276786163,nan,nan,nan,nan,nan,nan,nan,0.05919416602
109380,0.2236355595,0.222984767,0.2210260845,0.2177396787,0.2130883515,0.2070106512,0.1994076971,0.1901182319,0.1788677623,0.1651499835,0.1478906515,0.1240527361,0.06275351379,nan,nan,nan,nan,nan,nan,nan,0.05918097987
109440,0.2235208872,0.2228706297,0.2209135522,0.2176298212,0.2129822411,0.2069093674,0.1993123388,0.1900299404,0.178787768,0.1650797063,0.1478319498,0.124008757,0.06273919233,nan,nan,nan,nan,nan,nan,nan,0.05916782211
109500,0.223406388,0.2227566647,0.2208011892,0.2175201285,0.2128762889,0.2068082336,0.1992171204,0.189941777,0.1787078881,0.1650095278,0.1477733285,0.123964836,0.06272489716,nan,nan,nan,nan,nan,nan,nan,0.05915469264
109560,0.2232920616,0.2226428714,0.2206889953,0.2174106002,0.2127704946,0.2067072495,0.1991220417,0.1898537413,0.1786281223,0.1649394476,0.1477147873,0.1239209731,0.06271062822,nan,nan,nan,nan,nan,nan,nan,0.0591415914
109620,0.2231779075,0.2225292495,0.2205769699,0.2173012358,0.2126648579,0.2066064146,0.1990271022,0.1897658331,0.1785484703,0.1648694656,0.1476563262,0.1238771681,0.06269638545,nan,nan,nan,nan,nan,nan,nan,0.0591285183
109680,0.2230639254,0.2224157986,0.2204651129,0.2171920351,0.2125593784,0.2065057288,0.1989323017,0.1896780522,0.178468932,0.1647995816,0.1475979449,0.1238334208,0.06268216877,nan,nan,nan,nan,nan,nan,nan,0.05911547327
109740,0.2229501148,0.2223025184,0.2203534237,0.2170829977,0.2124540557,0.2064051916,0.1988376399,0.1895903981,0.178389507,0.1647297953,0.1475396434,0.1237897313,0.06266797811,nan,nan,nan,nan,nan,nan,nan,0.05910245623
109800,0.2228364754,0.2221894085,0.220241902,0.2169741232,0.2123488896,0.2063048027,0.1987431164,0.1895028708,0.178310195,0.1646601066,0.1474814213,0.1237460994,0.06265381342,nan,nan,nan,nan,nan,nan,nan,0.0590894671
109860,0.2227230069,0.2220764685,0.2201305474,0.2168654112,0.2122438796,0.2062045618,0.1986487311,0.1894154698,0.178230996,0.1645905153,0.1474232787,0.1237025249,0.06263967462,nan,nan,nan,nan,nan,nan,nan,0.05907650581
109920,0.2226097087,0.2219636979,0.2200193596,0.2167568614,0.2121390254,0.2061044686,0.1985544835,0.1893281949,0.1781519096,0.1645210211,0.1473652152,0.1236590077,0.06262556165,nan,nan,nan,nan,nan,nan,nan,0.05906357227
109980,0.2224965806,0.2218510965,0.2199083382,0.2166484735,0.2120343268,0.2060045228,0.1984603734,0.1892410459,0.1780729356,0.1644516239,0.1473072308,0.1236155478,0.06261147443,nan,nan,nan,nan,nan,nan,nan,0.05905066643
110040,0.2223836222,0.2217386639,0.2197974829,0.216540247,0.2119297832,0.205904724,0.1983664005,0.1891540224,0.1779940737,0.1643823234,0.1472493252,0.123572145,0.0625974129,nan,nan,nan,nan,nan,nan,nan,0.05903778818
110100,0.2222708331,0.2216263997,0.2196867931,0.2164321817,0.2118253945,0.2058050719,0.1982725645,0.1890671242,0.1779153237,0.1643131194,0.1471914984,0.1235287992,0.062583377,nan,nan,nan,nan,nan,nan,nan,0.05902493747
110160,0.2221582129,0.2215143034,0.2195762687,0.2163242771,0.2117211602,0.2057055662,0.198178865,0.1889803511,0.1778366854,0.1642440117,0.14713375,0.1234855102,0.06256936666,nan,nan,nan,nan,nan,nan,nan,0.05901211421
110220,0.2220457613,0.2214023748,0.2194659092,0.2162165329,0.2116170801,0.2056062066,0.1980853018,0.1888937027,0.1777581586,0.1641750002,0.1470760801,0.1234422781,0.06255538181,nan,nan,nan,nan,nan,nan,nan,0.05899931834
110280,0.2219334778,0.2212906135,0.2193557142,0.2161089488,0.2115131537,0.2055069927,0.1979918747,0.1888071788,0.1776797429,0.1641060847,0.1470184884,0.1233991025,0.06254142239,nan,nan,nan,nan,nan,nan,nan,0.05898654976
110340,0.2218213621,0.2211790191,0.2192456834,0.2160015243,0.2114093807,0.2054079243,0.1978985832,0.1887207792,0.1776014382,0.1640372648,0.1469609748,0.1233559836,0.06252748832,nan,nan,nan,nan,nan,nan,nan,0.05897380841
110400,0.2217094139,0.2210675912,0.2191358165,0.2158942592,0.2113057609,0.205309001,0.1978054271,0.1886345035,0.1775232442,0.1639685405,0.146903539,0.123312921,0.06251357955,nan,nan,nan,nan,nan,nan,nan,0.05896109422
110460,0.2215976327,0.2209563294,0.219026113,0.2157871532,0.2112022938,0.2052102225,0.1977124062,0.1885483515,0.1774451607,0.1638999115,0.146846181,0.1232699148,0.06249969601,nan,nan,nan,nan,nan,nan,nan,0.05894840711
110520,0.2214860182,0.2208452335,0.2189165727,0.2156802057,0.2110989792,0.2051115885,0.1976195201,0.1884623229,0.1773671875,0.1638313776,0.1467889006,0.1232269648,0.06248583764,nan,nan,nan,nan,nan,nan,nan,0.05893574699
110580,0.2213745701,0.2207343029,0.2188071951,0.2155734166,0.2109958167,0.2050130986,0.1975267684,0.1883764175,0.1772893242,0.1637629386,0.1467316976,0.1231840709,0.06247200436,nan,nan,nan,nan,nan,nan,nan,0.05892311381
110640,0.2212632878,0.2206235375,0.2186979798,0.2154667854,0.2108928059,0.2049147526,0.1974341511,0.1882906349,0.1772115708,0.1636945944,0.1466745719,0.1231412329,0.06245819611,nan,nan,nan,nan,nan,nan,nan,0.05891050749
110700,0.2211521712,0.2205129367,0.2185889267,0.2153603119,0.2107899466,0.2048165502,0.1973416676,0.1882049751,0.1771339269,0.1636263447,0.1466175233,0.1230984508,0.06244441284,nan,nan,nan,nan,nan,nan,nan,0.05889792794
110760,0.2210412198,0.2204025003,0.2184800351,0.2152539955,0.2106872384,0.2047184909,0.1972493179,0.1881194376,0.1770563923,0.1635581893,0.1465605516,0.1230557245,0.06243065447,nan,nan,nan,nan,nan,nan,nan,0.05888537511
110820,0.2209304333,0.2202922278,0.218371305,0.2151478362,0.2105846809,0.2046205747,0.1971571015,0.1880340221,0.1769789669,0.1634901281,0.1465036567,0.1230130538,0.06241692094,nan,nan,nan,nan,nan,nan,nan,0.0588728489
110880,0.2208198112,0.220182119,0.2182627357,0.2150418333,0.2104822739,0.204522801,0.1970650182,0.1879487286,0.1769016503,0.1634221608,0.1464468384,0.1229704387,0.06240321219,nan,nan,nan,nan,nan,nan,nan,0.05886034926
110940,0.2207093533,0.2200721734,0.2181543271,0.2149359867,0.210380017,0.2044251696,0.1969730676,0.1878635566,0.1768244423,0.1633542873,0.1463900966,0.1229278789,0.06238952815,nan,nan,nan,nan,nan,nan,nan,0.05884787611
111000,0.2205990592,0.2199623907,0.2180460788,0.214830296,0.2102779099,0.2043276802,0.1968812496,0.187778506,0.1767473427,0.1632865073,0.1463334311,0.1228853745,0.06237586875,nan,nan,nan,nan,nan,nan,nan,0.05883542937
111060,0.2204889284,0.2198527706,0.2179379904,0.2147247609,0.2101759523,0.2042303325,0.1967895638,0.1876935764,0.1766703513,0.1632188206,0.1462768418,0.1228429253,0.06236223395,nan,nan,nan,nan,nan,nan,nan,0.05882300897
111120,0.2203789608,0.2197433126,0.2178300615,0.2146193809,0.2100741438,0.2041331262,0.19669801,0.1876087677,0.1765934678,0.1631512271,0.1462203285,0.1228005312,0.06234862366,nan,nan,nan,nan,nan,nan,nan,0.05881061485
111180,0.2202691558,0.2196340164,0.2177222918,0.2145141558,0.2099724842,0.2040360609,0.1966065878,0.1875240795,0.176516692,0.1630837266,0.146163891,0.1227581921,0.06233503784,nan,nan,nan,nan,nan,nan,nan,0.05879824692
111240,0.2201595132,0.2195248818,0.217614681,0.2144090853,0.209870973,0.2039391365,0.196515297,0.1874395116,0.1764400238,0.1630163188,0.1461075292,0.1227159078,0.0623214764,nan,nan,nan,nan,nan,nan,nan,0.05878590512
111300,0.2200500325,0.2194159082,0.2175072287,0.2143041689,0.20976961,0.2038423525,0.1964241373,0.1873550638,0.1763634628,0.1629490036,0.146051243,0.1226736783,0.06230793931,nan,nan,nan,nan,nan,nan,nan,0.05877358937
111360,0.2199407135,0.2193070954,0.2173999346,0.2141994064,0.2096683948,0.2037457086,0.1963331084,0.1872707357,0.1762870088,0.1628817808,0.1459950321,0.1226315035,0.06229442648,nan,nan,nan,nan,nan,nan,nan,0.05876129961
111420,0.2198315557,0.219198443,0.2172927983,0.2140947974,0.2095673272,0.2036492046,0.19624221,0.1871865272,0.1762106616,0.1628146502,0.1459388965,0.1225893832,0.06228093786,nan,nan,nan,nan,nan,nan,nan,0.05874903576
111480,0.2197225589,0.2190899507,0.2171858195,0.2139903417,0.2094664068,0.2035528402,0.1961514419,0.187102438,0.1761344211,0.1627476116,0.145882836,0.1225473173,0.06226747339,nan,nan,nan,nan,nan,nan,nan,0.05873679775
111540,0.2196137227,0.218981618,0.2170789978,0.2138860387,0.2093656333,0.203456615,0.1960608037,0.1870184677,0.1760582868,0.1626806648,0.1458268504,0.1225053058,0.062254033,nan,nan,nan,nan,nan,nan,nan,0.05872458551
111600,0.2195050466,0.2188734448,0.2169723329,0.2137818883,0.2092650063,0.2033605288,0.1959702952,0.1869346163,0.1759822588,0.1626138097,0.1457709396,0.1224633485,0.06224061663,nan,nan,nan,nan,nan,nan,nan,0.05871239897
111660,0.2193965305,0.2187654305,0.2168658245,0.2136778901,0.2091645256,0.2032645812,0.1958799162,0.1868508834,0.1759063366,0.1625470459,0.1457151033,0.1224214453,0.06222722423,nan,nan,nan,nan,nan,nan,nan,0.05870023806
111720,0.2192881738,0.218657575,0.2167594721,0.2135740437,0.2090641908,0.203168772,0.1957896663,0.1867672687,0.1758305202,0.1624803735,0.1456593416,0.1223795962,0.06221385572,nan,nan,nan,nan,nan,nan,nan,0.05868810271
111780,0.2191799764,0.2185498777,0.2166532756,0.2134703489,0.2089640017,0.2030731009,0.1956995453,0.1866837721,0.1757548092,0.162413792,0.1456036542,0.1223378009,0.06220051105,nan,nan,nan,nan,nan,nan,nan,0.05867599285
111840,0.2190719377,0.2184423384,0.2165472344,0.2133668052,0.2088639578,0.2029775675,0.1956095528,0.1866003932,0.1756792035,0.1623473015,0.1455480409,0.1222960594,0.06218719016,nan,nan,nan,nan,nan,nan,nan,0.0586639084
111900,0.2189640576,0.2183349568,0.2164413484,0.2132634125,0.208764059,0.2028821717,0.1955196887,0.1865171319,0.1756037028,0.1622809016,0.1454925017,0.1222543716,0.06217389299,nan,nan,nan,nan,nan,nan,nan,0.05865184931
111960,0.2188563356,0.2182277324,0.2163356171,0.2131601703,0.2086643048,0.2027869129,0.1954299526,0.1864339879,0.1755283069,0.1622145922,0.1454370363,0.1222127374,0.06216061947,nan,nan,nan,nan,nan,nan,nan,0.0586398155
112020,0.2187487713,0.218120665,0.2162300402,0.2130570783,0.208564695,0.2026917911,0.1953403443,0.1863509608,0.1754530156,0.1621483731,0.1453816447,0.1221711567,0.06214736955,nan,nan,nan,nan,nan,nan,nan,0.05862780691
112080,0.2186413645,0.2180137542,0.2161246175,0.2129541362,0.2084652293,0.2025968058,0.1952508634,0.1862680506,0.1753778287,0.1620822441,0.1453263266,0.1221296294,0.06213414316,nan,nan,nan,nan,nan,nan,nan,0.05861582345
112140,0.2185341149,0.2179069997,0.2160193484,0.2128513437,0.2083659073,0.2025019569,0.1951615099,0.1861852569,0.1753027459,0.1620162051,0.145271082,0.1220881553,0.06212094025,nan,nan,nan,nan,nan,nan,nan,0.05860386507
112200,0.218427022,0.2178004011,0.2159142328,0.2127487004,0.2082667288,0.2024072439,0.1950722832,0.1861025794,0.1752277671,0.1619502558,0.1452159106,0.1220467344,0.06210776076,nan,nan,nan,nan,nan,nan,nan,0.0585919317
112260,0.2183200855,0.2176939581,0.2158092703,0.2126462061,0.2081676934,0.2023126667,0.1949831833,0.186020018,0.175152892,0.1618843961,0.1451608124,0.1220053665,0.06209460462,nan,nan,nan,nan,nan,nan,nan,0.05858002327
112320,0.2182133051,0.2175876703,0.2157044605,0.2125438603,0.2080688008,0.2022182249,0.1948942097,0.1859375725,0.1750781204,0.1618186258,0.1451057871,0.1219640516,0.06208147178,nan,nan,nan,nan,nan,nan,nan,0.05856813971
112380,0.2181066804,0.2174815375,0.2155998032,0.2124416629,0.2079700507,0.2021239182,0.1948053624,0.1858552424,0.1750034521,0.1617529446,0.1450508347,0.1219227896,0.06206836218,nan,nan,nan,nan,nan,nan,nan,0.05855628095
112440,0.2180002112,0.2173755592,0.215495298,0.2123396134,0.2078714428,0.2020297464,0.1947166409,0.1857730277,0.1749288869,0.1616873525,0.1449959549,0.1218815803,0.06205527576,nan,nan,nan,nan,nan,nan,nan,0.05854444692
112500,0.217893897,0.2172697352,0.2153909445,0.2122377116,0.2077729769,0.2019357091,0.194628045,0.1856909281,0.1748544246,0.1616218492,0.1449411477,0.1218404236,0.06204221245,nan,nan,nan,nan,nan,nan,nan,0.05853263757
112560,0.2177877376,0.2171640651,0.2152867424,0.2121359571,0.2076746525,0.2018418061,0.1945395744,0.1856089432,0.1747800649,0.1615564346,0.1448864129,0.1217993195,0.06202917221,nan,nan,nan,nan,nan,nan,nan,0.05852085281
112620,0.2176817326,0.2170585485,0.2151826915,0.2120343496,0.2075764694,0.201748037,0.194451229,0.185527073,0.1747058076,0.1614911084,0.1448317503,0.1217582678,0.06201615497,nan,nan,nan,nan,nan,nan,nan,0.05850909259
112680,0.2175758816,0.2169531852,0.2150787914,0.2119328888,0.2074784274,0.2016544017,0.1943630084,0.1854453171,0.1746316526,0.1614258705,0.1447771598,0.1217172684,0.06200316068,nan,nan,nan,nan,nan,nan,nan,0.05849735684
112740,0.2174701844,0.2168479749,0.2149750417,0.2118315744,0.207380526,0.2015608998,0.1942749123,0.1853636753,0.1745575996,0.1613607207,0.1447226413,0.1216763213,0.06199018927,nan,nan,nan,nan,nan,nan,nan,0.0584856455
112800,0.2173646406,0.2167429171,0.2148714422,0.211730406,0.207282765,0.201467531,0.1941869405,0.1852821474,0.1744836484,0.1612956589,0.1446681946,0.1216354263,0.0619772407,nan,nan,nan,nan,nan,nan,nan,0.05847395848
112860,0.2172592499,0.2166380116,0.2147679924,0.2116293835,0.2071851441,0.2013742951,0.1940990928,0.1852007332,0.1744097987,0.1612306848,0.1446138196,0.1215945833,0.06196431489,nan,nan,nan,nan,nan,nan,nan,0.05846229574
112920,0.2171540119,0.216533258,0.2146646922,0.2115285063,0.207087663,0.2012811918,0.1940113688,0.1851194323,0.1743360505,0.1611657982,0.144559516,0.1215537923,0.0619514118,nan,nan,nan,nan,nan,nan,nan,0.0584506572
112980,0.2170489263,0.216428656,0.2145615412,0.2114277743,0.2069903214,0.2011882207,0.1939237683,0.1850382446,0.1742624034,0.1611009991,0.1445052839,0.1215130531,0.06193853136,nan,nan,nan,nan,nan,nan,nan,0.0584390428
113040,0.2169439928,0.2163242054,0.214458539,0.2113271871,0.206893119,0.2010953816,0.1938362911,0.1849571697,0.1741888573,0.1610362872,0.144451123,0.1214723656,0.06192567353,nan,nan,nan,nan,nan,nan,nan,0.05842745247
113100,0.2168392111,0.2162199056,0.2143556853,0.2112267444,0.2067960556,0.2010026743,0.1937489369,0.1848762076,0.1741154119,0.1609716622,0.1443970332,0.1214317297,0.06191283823,nan,nan,nan,nan,nan,nan,nan,0.05841588615
113160,0.2167345808,0.2161157565,0.2142529798,0.2111264459,0.2066991307,0.2009100984,0.1936617054,0.1847953579,0.1740420671,0.1609071242,0.1443430144,0.1213911453,0.06190002542,nan,nan,nan,nan,nan,nan,nan,0.05840434378
113220,0.2166301017,0.2160117577,0.2141504223,0.2110262913,0.2066023441,0.2008176536,0.1935745963,0.1847146205,0.1739688227,0.1608426728,0.1442890664,0.1213506124,0.06188723505,nan,nan,nan,nan,nan,nan,nan,0.05839282528
113280,0.2165257733,0.2159079089,0.2140480123,0.2109262803,0.2065056955,0.2007253398,0.1934876095,0.184633995,0.1738956783,0.160778308,0.144235189,0.1213101307,0.06187446704,nan,nan,nan,nan,nan,nan,nan,0.0583813306
113340,0.2164215953,0.2158042097,0.2139457496,0.2108264126,0.2064091847,0.2006331565,0.1934007447,0.1845534813,0.1738226339,0.1607140295,0.1441813822,0.1212697003,0.06186172135,nan,nan,nan,nan,nan,nan,nan,0.05836985966
113400,0.2163175676,0.2157006599,0.2138436338,0.2107266879,0.2063128113,0.2005411037,0.1933140015,0.1844730791,0.1737496892,0.1606498371,0.1441276457,0.1212293211,0.06184899793,nan,nan,nan,nan,nan,nan,nan,0.05835841242
113460,0.2162136896,0.2155972591,0.2137416647,0.2106271058,0.206216575,0.2004491808,0.1932273798,0.1843927881,0.173676844,0.1605857307,0.1440739795,0.1211889928,0.0618362967,nan,nan,nan,nan,nan,nan,nan,0.05834698879
113520,0.2161099611,0.215494007,0.2136398419,0.2105276661,0.2061204756,0.2003573878,0.1931408793,0.1843126082,0.1736040981,0.1605217101,0.1440203835,0.1211487154,0.06182361763,nan,nan,nan,nan,nan,nan,nan,0.05833558873
113580,0.2160063818,0.2153909033,0.2135381651,0.2104283684,0.2060245127,0.2002657242,0.1930544997,0.1842325392,0.1735314513,0.1604577751,0.1439668574,0.1211084889,0.06181096065,nan,nan,nan,nan,nan,nan,nan,0.05832421216
113640,0.2159029514,0.2152879476,0.213436634,0.2103292125,0.2059286861,0.20017419,0.1929682408,0.1841525807,0.1734589035,0.1603939256,0.1439134011,0.1210683131,0.06179832571,nan,nan,nan,nan,nan,nan,nan,0.05831285902
113700,0.2157996695,0.2151851397,0.2133352482,0.2102301981,0.2058329955,0.2000827846,0.1928821024,0.1840727326,0.1733864543,0.1603301614,0.1438600145,0.121028188,0.06178571276,nan,nan,nan,nan,nan,nan,nan,0.05830152925
113760,0.2156965359,0.2150824793,0.2132340076,0.2101313248,0.2057374406,0.199991508,0.1927960841,0.1839929946,0.1733141036,0.1602664822,0.1438066975,0.1209881133,0.06177312173,nan,nan,nan,nan,nan,nan,nan,0.05829022279
113820,0.2155935501,0.2149799659,0.2131329117,0.2100325924,0.2056420211,0.1999003598,0.1927101857,0.1839133665,0.1732418512,0.1602028881,0.1437534498,0.1209480891,0.06176055258,nan,nan,nan,nan,nan,nan,nan,0.05827893957
113880,0.2154907119,0.2148775994,0.2130319603,0.2099340005,0.2055467367,0.1998093398,0.192624407,0.1838338481,0.173169697,0.1601393787,0.1437002715,0.1209081152,0.06174800525,nan,nan,nan,nan,nan,nan,nan,0.05826767953
113940,0.215388021,0.2147753794,0.2129311531,0.2098355489,0.2054515871,0.1997184476,0.1925387478,0.1837544392,0.1730976406,0.1600759538,0.1436471623,0.1208681916,0.06173547968,nan,nan,nan,nan,nan,nan,nan,0.05825644261
114000,0.2152854771,0.2146733055,0.2128304896,0.2097372373,0.2053565721,0.1996276831,0.1924532077,0.1836751395,0.1730256819,0.1600126134,0.1435941221,0.120828318,0.06172297582,nan,nan,nan,nan,nan,nan,nan,0.05824522875
114060,0.2151830798,0.2145713776,0.2127299698,0.2096390653,0.2052616914,0.1995370459,0.1923677866,0.1835959488,0.1729538206,0.1599493573,0.1435411508,0.1207884946,0.06171049362,nan,nan,nan,nan,nan,nan,nan,0.05823403789
114120,0.2150808289,0.2144695951,0.2126295931,0.2095410327,0.2051669446,0.1994465358,0.1922824842,0.1835168668,0.1728820567,0.1598861853,0.1434882482,0.120748721,0.06169803303,nan,nan,nan,nan,nan,nan,nan,0.05822286995
114180,0.214978724,0.214367958,0.2125293594,0.2094431391,0.2050723315,0.1993561525,0.1921973002,0.1834378934,0.1728103899,0.1598230971,0.1434354141,0.1207089973,0.06168559398,nan,nan,nan,nan,nan,nan,nan,0.05821172489
114240,0.2148767648,0.2142664658,0.2124292684,0.2093453844,0.2049778519,0.1992658958,0.1921122343,0.1833590283,0.17273882,0.1597600927,0.1433826486,0.1206693234,0.06167317643,nan,nan,nan,nan,nan,nan,nan,0.05820060265
114300,0.214774951,0.2141651182,0.2123293196,0.2092477681,0.2048835053,0.1991757653,0.1920272865,0.1832802714,0.1726673467,0.1596971719,0.1433299514,0.1206296991,0.06166078033,nan,nan,nan,nan,nan,nan,nan,0.05818950315
114360,0.2146732823,0.2140639149,0.2122295129,0.2091502901,0.2047892917,0.1990857609,0.1919424563,0.1832016223,0.17259597,0.1596343345,0.1432773223,0.1205901244,0.06164840561,nan,nan,nan,nan,nan,nan,nan,0.05817842634
114420,0.2145717584,0.2139628557,0.2121298479,0.2090529499,0.2046952106,0.1989958822,0.1918577436,0.1831230808,0.1725246896,0.1595715804,0.1432247613,0.1205505991,0.06163605223,nan,nan,nan,nan,nan,nan,nan,0.05816737216
114480,0.214470379,0.2138619402,0.2120303243,0.2089557474,0.2046012618,0.198906129,0.1917731481,0.1830446468,0.1724535053,0.1595089093,0.1431722683,0.1205111233,0.06162372013,nan,nan,nan,nan,nan,nan,nan,0.05815634055
114540,0.2143691438,0.2137611681,0.2119309419,0.2088586822,0.2045074451,0.1988165011,0.1916886695,0.18296632,0.1723824169,0.1594463211,0.143119843,0.1204716966,0.06161140927,nan,nan,nan,nan,nan,nan,nan,0.05814533145
114600,0.2142680524,0.2136605391,0.2118317002,0.208761754,0.2044137601,0.1987269981,0.1916043077,0.1828881002,0.1723114242,0.1593838157,0.1430674854,0.1204323192,0.06159911958,nan,nan,nan,nan,nan,nan,nan,0.05813434479
114660,0.2141671046,0.2135600529,0.2117325991,0.2086649625,0.2043202065,0.1986376199,0.1915200624,0.1828099872,0.1722405271,0.1593213928,0.1430151952,0.1203929908,0.06158685102,nan,nan,nan,nan,nan,nan,nan,0.05812338052
114720,0.2140663001,0.2134597092,0.2116336383,0.2085683076,0.2042267842,0.1985483661,0.1914359333,0.1827319807,0.1721697252,0.1592590524,0.1429629725,0.1203537115,0.06157460354,nan,nan,nan,nan,nan,nan,nan,0.05811243859
114780,0.2139656385,0.2133595078,0.2115348174,0.2084717888,0.2041334927,0.1984592365,0.1913519202,0.1826540806,0.1720990185,0.1591967942,0.1429108171,0.120314481,0.06156237708,nan,nan,nan,nan,nan,nan,nan,0.05810151892
114840,0.2138651196,0.2132594482,0.2114361361,0.2083754058,0.2040403319,0.1983702308,0.1912680229,0.1825762866,0.1720284068,0.1591346181,0.1428587287,0.1202752993,0.06155017159,nan,nan,nan,nan,nan,nan,nan,0.05809062146
114900,0.213764743,0.2131595302,0.2113375942,0.2082791585,0.2039473015,0.1982813488,0.1911842411,0.1824985985,0.1719578898,0.1590725239,0.1428067073,0.1202361664,0.06153798702,nan,nan,nan,nan,nan,nan,nan,0.05807974616
114960,0.2136645086,0.2130597536,0.2112391913,0.2081830465,0.2038544012,0.1981925902,0.1911005746,0.1824210161,0.1718874674,0.1590105114,0.1427547528,0.120197082,0.06152582331,nan,nan,nan,nan,nan,nan,nan,0.05806889294
115020,0.2135644158,0.2129601179,0.2111409272,0.2080870695,0.2037616307,0.1981039548,0.1910170232,0.1823435391,0.1718171393,0.1589485806,0.1427028651,0.1201580462,0.06151368043,nan,nan,nan,nan,nan,nan,nan,0.05805806176
115080,0.2134644645,0.212860623,0.2110428016,0.2079912273,0.2036689898,0.1980154423,0.1909335865,0.1822661674,0.1717469054,0.1588867312,0.1426510439,0.1201190588,0.0615015583,nan,nan,nan,nan,nan,nan,nan,0.05804725256
115140,0.2133646544,0.2127612685,0.2109448141,0.2078955195,0.2035764781,0.1979270524,0.1908502644,0.1821889007,0.1716767655,0.158824963,0.1425992892,0.1200801197,0.0614894569,nan,nan,nan,nan,nan,nan,nan,0.05803646527
115200,0.2132649852,0.2126620541,0.2108469645,0.207799946,0.2034840955,0.197838785,0.1907670567,0.1821117389,0.1716067194,0.158763276,0.1425476008,0.1200412289,0.06147737616,nan,nan,nan,nan,nan,nan,nan,0.05802569984
115260,0.2131654565,0.2125629795,0.2107492526,0.2077045063,0.2033918416,0.1977506396,0.1906839631,0.1820346816,0.1715367669,0.1587016699,0.1424959786,0.1200023862,0.06146531603,nan,nan,nan,nan,nan,nan,nan,0.05801495621
115320,0.2130660681,0.2124640445,0.2106516779,0.2076092002,0.2032997162,0.1976626162,0.1906009833,0.1819577288,0.1714669078,0.1586401445,0.1424444226,0.1199635916,0.06145327646,nan,nan,nan,nan,nan,nan,nan,0.05800423433
115380,0.2129668197,0.2123652487,0.2105542403,0.2075140275,0.203207719,0.1975747144,0.1905181172,0.1818808801,0.171397142,0.1585786998,0.1423929324,0.119924845,0.06144125741,nan,nan,nan,nan,nan,nan,nan,0.05799353413
115440,0.212867711,0.2122665919,0.2104569394,0.2074189879,0.2031158497,0.197486934,0.1904353644,0.1818041354,0.1713274692,0.1585173356,0.1423415081,0.1198861462,0.06142925882,nan,nan,nan,nan,nan,nan,nan,0.05798285556
115500,0.2127687416,0.2121680737,0.210359775,0.207324081,0.2030241081,0.1973992748,0.1903527248,0.1817274945,0.1712578892,0.1584560516,0.1422901495,0.1198474952,0.06141728064,nan,nan,nan,nan,nan,nan,nan,0.05797219856
115560,0.2126699114,0.2120696939,0.2102627467,0.2072293067,0.202932494,0.1973117364,0.1902701982,0.1816509571,0.171188402,0.1583948478,0.1422388564,0.119808892,0.06140532282,nan,nan,nan,nan,nan,nan,nan,0.05796156307
115620,0.2125712199,0.2119714521,0.2101658544,0.2071346646,0.2028410069,0.1972243187,0.1901877843,0.1815745231,0.1711190072,0.158333724,0.1421876287,0.1197703363,0.06139338532,nan,nan,nan,nan,nan,nan,nan,0.05795094904
115680,0.212472667,0.2118733482,0.2100690976,0.2070401545,0.2027496468,0.1971370213,0.1901054828,0.1814981922,0.1710497047,0.15827268,0.1421364664,0.1197318281,0.06138146808,nan,nan,nan,nan,nan,nan,nan,0.05794035642
115740,0.2123742523,0.2117753817,0.2099724761,0.206945776,0.2026584133,0.1970498441,0.1900232936,0.1814219642,0.1709804943,0.1582117157,0.1420853693,0.1196933674,0.06136957105,nan,nan,nan,nan,nan,nan,nan,0.05792978513
115800,0.2122759756,0.2116775525,0.2098759897,0.206851529,0.2025673062,0.1969627868,0.1899412164,0.1813458389,0.1709113758,0.1581508309,0.1420343372,0.119654954,0.06135769419,nan,nan,nan,nan,nan,nan,nan,0.05791923514
115860,0.2121778365,0.2115798601,0.209779638,0.2067574131,0.2024763251,0.1968758491,0.189859251,0.1812698161,0.1708423491,0.1580900254,0.14198337,0.1196165878,0.06134583745,nan,nan,nan,nan,nan,nan,nan,0.05790870637
115920,0.2120798348,0.2114823045,0.2096834208,0.206663428,0.2023854699,0.1967890308,0.1897773971,0.1811938956,0.1707734139,0.1580292991,0.1419324676,0.1195782688,0.06133400077,nan,nan,nan,nan,nan,nan,nan,0.05789819879
115980,0.2119819701,0.2113848851,0.2095873378,0.2065695736,0.2022947403,0.1967023317,0.1896956546,0.1811180772,0.1707045701,0.1579686519,0.1418816299,0.1195399968,0.06132218412,nan,nan,nan,nan,nan,nan,nan,0.05788771232
116040,0.2118842422,0.2112876019,0.2094913886,0.2064758494,0.2022041359,0.1966157515,0.1896140231,0.1810423606,0.1706358175,0.1579080835,0.1418308568,0.1195017718,0.06131038743,nan,nan,nan,nan,nan,nan,nan,0.05787724692
116100,0.2117866509,0.2111904544,0.2093955732,0.2063822554,0.2021136567,0.1965292899,0.1895325025,0.1809667458,0.1705671559,0.1578475939,0.1417801481,0.1194635937,0.06129861066,nan,nan,nan,nan,nan,nan,nan,0.05786680252
116160,0.2116891958,0.2110934425,0.2092998911,0.2062887911,0.2020233022,0.1964429468,0.1894510926,0.1808912324,0.1704985851,0.1577871828,0.1417295036,0.1194254625,0.06128685377,nan,nan,nan,nan,nan,nan,nan,0.05785637909
116220,0.2115918766,0.2109965657,0.209204342,0.2061954563,0.2019330723,0.1963567218,0.1893697931,0.1808158202,0.170430105,0.1577268502,0.1416789234,0.1193873779,0.06127511671,nan,nan,nan,nan,nan,nan,nan,0.05784597655
116280,0.211494693,0.2108998239,0.2091089258,0.2061022508,0.2018429667,0.1962706148,0.1892886038,0.1807405092,0.1703617153,0.1576665958,0.1416284072,0.1193493399,0.06126339942,nan,nan,nan,nan,nan,nan,nan,0.05783559485
116340,0.2113976449,0.2108032168,0.2090136421,0.2060091742,0.2017529851,0.1961846254,0.1892075245,0.180665299,0.170293416,0.1576064195,0.1415779549,0.1193113485,0.06125170186,nan,nan,nan,nan,nan,nan,nan,0.05782523395
116400,0.2113007318,0.210706744,0.2089184906,0.2059162264,0.2016631272,0.1960987535,0.1891265549,0.1805901894,0.1702252067,0.1575463211,0.1415275665,0.1192734035,0.06124002398,nan,nan,nan,nan,nan,nan,nan,0.05781489378
116460,0.2112039535,0.2106104054,0.2088234711,0.205823407,0.2015733929,0.1960129989,0.1890456948,0.1805151803,0.1701570873,0.1574863006,0.1414772417,0.1192355048,0.06122836574,nan,nan,nan,nan,nan,nan,nan,0.05780457429
116520,0.2111073098,0.2105142005,0.2087285833,0.2057307158,0.2014837819,0.1959273612,0.188964944,0.1804402714,0.1700890577,0.1574263577,0.1414269804,0.1191976525,0.06121672708,nan,nan,nan,nan,nan,nan,nan,0.05779427543
116580,0.2110108003,0.2104181293,0.208633827,0.2056381525,0.2013942939,0.1958418402,0.1888843024,0.1803654625,0.1700211177,0.1573664923,0.1413767826,0.1191598463,0.06120510797,nan,nan,nan,nan,nan,nan,nan,0.05778399714
116640,0.2109144248,0.2103221912,0.2085392018,0.2055457169,0.2013049286,0.1957564357,0.1888037695,0.1802907535,0.169953267,0.1573067043,0.1413266482,0.1191220862,0.06119350835,nan,nan,nan,nan,nan,nan,nan,0.05777373937
116700,0.210818183,0.2102263862,0.2084447075,0.2054534086,0.2012156858,0.1956711475,0.1887233453,0.1802161442,0.1698855056,0.1572469934,0.1412765769,0.1190843721,0.06118192817,nan,nan,nan,nan,nan,nan,nan,0.05776350206
116760,0.2107220746,0.2101307139,0.2083503438,0.2053612275,0.2011265653,0.1955859753,0.1886430296,0.1801416343,0.1698178332,0.1571873596,0.1412265686,0.119046704,0.0611703674,nan,nan,nan,nan,nan,nan,nan,0.05775328517
116820,0.2106260994,0.2100351741,0.2082561105,0.2052691732,0.2010375668,0.1955009189,0.188562822,0.1800672236,0.1697502496,0.1571278026,0.1411766234,0.1190090816,0.06115882598,nan,nan,nan,nan,nan,nan,nan,0.05774308864
116880,0.210530257,0.2099397664,0.2081620072,0.2051772456,0.2009486901,0.195415978,0.1884827224,0.179992912,0.1696827547,0.1570683224,0.1411267409,0.1189715051,0.06114730386,nan,nan,nan,nan,nan,nan,nan,0.05773291241
116940,0.2104345472,0.2098444906,0.2080680338,0.2050854442,0.2008599348,0.1953311524,0.1884027306,0.1799186992,0.1696153483,0.1570089188,0.1410769212,0.1189339742,0.06113580101,nan,nan,nan,nan,nan,nan,nan,0.05772275643
117000,0.2103389697,0.2097493464,0.2079741899,0.204993769,0.2007713009,0.1952464419,0.1883228463,0.179844585,0.1695480303,0.1569495916,0.141027164,0.1188964888,0.06112431737,nan,nan,nan,nan,nan,nan,nan,0.05771262066
117060,0.2102435243,0.2096543336,0.2078804752,0.2049022196,0.2006827879,0.1951618463,0.1882430693,0.1797705694,0.1694808004,0.1568903407,0.1409774693,0.118859049,0.0611128529,nan,nan,nan,nan,nan,nan,nan,0.05770250503
117120,0.2101482107,0.2095594519,0.2077868896,0.2048107958,0.2005943957,0.1950773652,0.1881633995,0.1796966519,0.1694136584,0.156831166,0.1409278369,0.1188216546,0.06110140755,nan,nan,nan,nan,nan,nan,nan,0.05769240949
117180,0.2100530285,0.209464701,0.2076934328,0.2047194972,0.200506124,0.1949929986,0.1880838365,0.1796228325,0.1693466043,0.1567720672,0.1408782668,0.1187843054,0.06108998128,nan,nan,nan,nan,nan,nan,nan,0.057682334
117240,0.2099579776,0.2093700806,0.2076001044,0.2046283238,0.2004179726,0.194908746,0.1880043802,0.179549111,0.1692796378,0.1567130443,0.1408287588,0.1187470016,0.06107857404,nan,nan,nan,nan,nan,nan,nan,0.0576722785
117300,0.2098630577,0.2092755905,0.2075069042,0.2045372751,0.2003299412,0.1948246074,0.1879250304,0.1794754871,0.1692127588,0.1566540971,0.1407793127,0.1187097428,0.06106718578,nan,nan,nan,nan,nan,nan,nan,0.05766224294
117360,0.2097682684,0.2091812304,0.207413832,0.2044463509,0.2002420295,0.1947405825,0.1878457868,0.1794019607,0.169145967,0.1565952254,0.1407299286,0.1186725292,0.06105581647,nan,nan,nan,nan,nan,nan,nan,0.05765222726
117420,0.2096736096,0.2090870001,0.2073208875,0.2043555511,0.2001542375,0.194656671,0.1877666493,0.1793285316,0.1690792624,0.1565364291,0.1406806061,0.1186353605,0.06104446605,nan,nan,nan,nan,nan,nan,nan,0.05764223142
117480,0.2095790809,0.2089928992,0.2072280704,0.2042648753,0.2000665647,0.1945728727,0.1876876175,0.1792551995,0.1690126447,0.1564777081,0.1406313453,0.1185982368,0.06103313449,nan,nan,nan,nan,nan,nan,nan,0.05763225536
117540,0.2094846822,0.2088989275,0.2071353804,0.2041743232,0.1999790109,0.1944891874,0.1876086914,0.1791819644,0.1689461138,0.1564190621,0.1405821461,0.1185611578,0.06102182172,nan,nan,nan,nan,nan,nan,nan,0.05762229904
117600,0.209390413,0.2088050848,0.2070428174,0.2040838947,0.199891576,0.1944056149,0.1875298707,0.1791088259,0.1688796694,0.1563604912,0.1405330082,0.1185241236,0.06101052773,nan,nan,nan,nan,nan,nan,nan,0.0576123624
117660,0.2092962732,0.2087113708,0.2069503811,0.2039935895,0.1998042596,0.1943221549,0.1874511552,0.1790357839,0.1688133115,0.156301995,0.1404839316,0.118487134,0.06099925244,nan,nan,nan,nan,nan,nan,nan,0.05760244538
117720,0.2092022625,0.2086177851,0.2068580711,0.2039034072,0.1997170615,0.1942388073,0.1873725446,0.1789628382,0.1687470398,0.1562435735,0.1404349161,0.118450189,0.06098799583,nan,nan,nan,nan,nan,nan,nan,0.05759254795
117780,0.2091083806,0.2085243276,0.2067658872,0.2038133478,0.1996299816,0.1941555717,0.1872940388,0.1788899887,0.1686808543,0.1561852266,0.1403859617,0.1184132885,0.06097675785,nan,nan,nan,nan,nan,nan,nan,0.05758267004
117840,0.2090146273,0.208430998,0.2066738292,0.2037234108,0.1995430194,0.1940724479,0.1872156375,0.1788172351,0.1686147546,0.156126954,0.1403370682,0.1183764324,0.06096553845,nan,nan,nan,nan,nan,nan,nan,0.05757281162
117900,0.2089210022,0.2083377961,0.2065818969,0.2036335962,0.1994561749,0.1939894358,0.1871373406,0.1787445772,0.1685487407,0.1560687556,0.1402882356,0.1183396205,0.06095433759,nan,nan,nan,nan,nan,nan,nan,0.05756297262
117960,0.2088275052,0.2082447215,0.2064900899,0.2035439035,0.1993694478,0.1939065351,0.1870591478,0.1786720148,0.1684828124,0.1560106314,0.1402394636,0.118302853,0.06094315523,nan,nan,nan,nan,nan,nan,nan,0.057553153
118020,0.208734136,0.208151774,0.206398408,0.2034543327,0.1992828377,0.1938237456,0.186981059,0.1785995478,0.1684169694,0.1559525811,0.1401907523,0.1182661296,0.06093199132,nan,nan,nan,nan,nan,nan,nan,0.0575433527
118080,0.2086408943,0.2080589533,0.2063068509,0.2033648833,0.1991963446,0.193741067,0.1869030738,0.178527176,0.1683512118,0.1558946046,0.1401421013,0.1182294502,0.06092084582,nan,nan,nan,nan,nan,nan,nan,0.05753357169
118140,0.2085477799,0.2079662593,0.2062154185,0.2032755553,0.1991099681,0.1936584991,0.1868251922,0.1784548991,0.1682855392,0.1558367017,0.1400935108,0.1181928149,0.06090971869,nan,nan,nan,nan,nan,nan,nan,0.0575238099
118200,0.2084547924,0.2078736916,0.2061241103,0.2031863483,0.1990237081,0.1935760418,0.1867474139,0.1783827171,0.1682199515,0.1557788724,0.1400449805,0.1181562234,0.06089860988,nan,nan,nan,nan,nan,nan,nan,0.05751406729
118260,0.2083619317,0.2077812499,0.2060329263,0.203097262,0.1989375642,0.1934936947,0.1866697386,0.1783106296,0.1681544485,0.1557211164,0.1399965103,0.1181196758,0.06088751934,nan,nan,nan,nan,nan,nan,nan,0.05750434381
118320,0.2082691974,0.2076889341,0.2059418661,0.2030082963,0.1988515363,0.1934114577,0.1865921663,0.1782386365,0.1680890302,0.1556634337,0.1399481001,0.1180831719,0.06087644704,nan,nan,nan,nan,nan,nan,nan,0.05749463941
118380,0.2081765894,0.2075967438,0.2058509295,0.2029194509,0.1987656241,0.1933293306,0.1865146967,0.1781667377,0.1680236962,0.1556058241,0.1398997498,0.1180467117,0.06086539294,nan,nan,nan,nan,nan,nan,nan,0.05748495405
118440,0.2080841074,0.2075046788,0.2057601162,0.2028307256,0.1986798274,0.1932473131,0.1864373295,0.1780949329,0.1679584465,0.1555482874,0.1398514592,0.1180102951,0.06085435699,nan,nan,nan,nan,nan,nan,nan,0.05747528766
118500,0.207991751,0.2074127389,0.2056694261,0.2027421201,0.1985941459,0.1931654049,0.1863600646,0.178023222,0.1678932809,0.1554908236,0.1398032284,0.117973922,0.06084333914,nan,nan,nan,nan,nan,nan,nan,0.05746564021
118560,0.2078995201,0.2073209238,0.2055788587,0.2026536341,0.1985085794,0.193083606,0.1862829018,0.1779516048,0.1678281992,0.1554334324,0.1397550571,0.1179375923,0.06083233936,nan,nan,nan,nan,nan,nan,nan,0.05745601164
118620,0.2078074144,0.2072292332,0.2054884139,0.2025652675,0.1984231277,0.193001916,0.1862058408,0.177880081,0.1677632013,0.1553761138,0.1397069453,0.1179013059,0.0608213576,nan,nan,nan,nan,nan,nan,nan,0.05744640191
118680,0.2077154336,0.2071376669,0.2053980915,0.20247702,0.1983377906,0.1929203348,0.1861288815,0.1778086505,0.1676982869,0.1553188675,0.1396588927,0.1178650628,0.06081039382,nan,nan,nan,nan,nan,nan,nan,0.05743681096
118740,0.2076235775,0.2070462246,0.2053078911,0.2023888913,0.1982525678,0.1928388621,0.1860520237,0.1777373132,0.167633456,0.1552616935,0.1396108994,0.1178288629,0.06079944798,nan,nan,nan,nan,nan,nan,nan,0.05742723876
118800,0.2075318459,0.2069549062,0.2052178126,0.2023008812,0.1981674591,0.1927574977,0.1859752672,0.1776660687,0.1675687083,0.1552045916,0.1395629653,0.1177927061,0.06078852004,nan,nan,nan,nan,nan,nan,nan,0.05741768525
118860,0.2074402384,0.2068637112,0.2051278557,0.2022129895,0.1980824643,0.1926762414,0.1858986117,0.1775949171,0.1675040438,0.1551475617,0.1395150901,0.1177565923,0.06077760995,nan,nan,nan,nan,nan,nan,nan,0.05740815038
118920,0.2073487549,0.2067726396,0.2050380201,0.2021252159,0.1979975831,0.192595093,0.185822057,0.177523858,0.1674394622,0.1550906037,0.1394672737,0.1177205215,0.06076671768,nan,nan,nan,nan,nan,nan,nan,0.05739863411
118980,0.2072573951,0.2066816909,0.2049483057,0.2020375602,0.1979128153,0.1925140523,0.1857456031,0.1774528913,0.1673749633,0.1550337173,0.1394195162,0.1176844935,0.06075584318,nan,nan,nan,nan,nan,nan,nan,0.05738913638
119040,0.2071661586,0.2065908651,0.204858712,0.2019500221,0.1978281607,0.192433119,0.1856692496,0.1773820168,0.1673105471,0.1549769025,0.1393718173,0.1176485083,0.0607449864,nan,nan,nan,nan,nan,nan,nan,0.05737965716
119100,0.2070750454,0.2065001618,0.2047692391,0.2018626015,0.1977436191,0.192352293,0.1855929963,0.1773112343,0.1672462134,0.1549201591,0.139324177,0.1176125658,0.06073414732,nan,nan,nan,nan,nan,nan,nan,0.05737019639
119160,0.2069840551,0.2064095808,0.2046798864,0.2017752981,0.1976591901,0.1922715739,0.1855168432,0.1772405437,0.1671819619,0.1548634871,0.1392765951,0.117576666,0.06072332588,nan,nan,nan,nan,nan,nan,nan,0.05736075403
119220,0.2068931875,0.2063191219,0.204590654,0.2016881116,0.1975748737,0.1921909617,0.1854407899,0.1771699447,0.1671177926,0.1548068861,0.1392290716,0.1175408087,0.06071252205,nan,nan,nan,nan,nan,nan,nan,0.05735133003
119280,0.2068024423,0.2062287847,0.2045015414,0.2016010418,0.1974906696,0.1921104561,0.1853648363,0.1770994372,0.1670537053,0.1547503562,0.1391816062,0.1175049939,0.06070173579,nan,nan,nan,nan,nan,nan,nan,0.05734192434
119340,0.2067118193,0.2061385691,0.2044125484,0.2015140885,0.1974065775,0.1920300569,0.1852889821,0.177029021,0.1669896998,0.1546938972,0.139134199,0.1174692214,0.06069096705,nan,nan,nan,nan,nan,nan,nan,0.05733253692
119400,0.2066213182,0.2060484748,0.2043236749,0.2014272514,0.1973225972,0.1919497638,0.1852132272,0.176958696,0.166925776,0.1546375089,0.1390868498,0.1174334913,0.06068021579,nan,nan,nan,nan,nan,nan,nan,0.05732316772
119460,0.2065309389,0.2059585016,0.2042349205,0.2013405304,0.1972387286,0.1918695767,0.1851375714,0.1768884619,0.1668619336,0.1545811912,0.1390395585,0.1173978035,0.06066948198,nan,nan,nan,nan,nan,nan,nan,0.05731381669
119520,0.206440681,0.2058686492,0.204146285,0.2012539251,0.1971549713,0.1917894953,0.1850620145,0.1768183185,0.1667981726,0.154524944,0.138992325,0.1173621578,0.06065876557,nan,nan,nan,nan,nan,nan,nan,0.05730448379
119580,0.2063505443,0.2057789173,0.2040577682,0.2011674353,0.1970713252,0.1917095195,0.1849865563,0.1767482658,0.1667344929,0.1544687672,0.1389451491,0.1173265541,0.06064806653,nan,nan,nan,nan,nan,nan,nan,0.05729516897
119640,0.2062605286,0.2056893059,0.2039693699,0.2010810609,0.19698779,0.1916296491,0.1849111966,0.1766783035,0.1666708941,0.1544126605,0.1388980309,0.1172909925,0.0606373848,nan,nan,nan,nan,nan,nan,nan,0.05728587218
119700,0.2061706336,0.2055998144,0.2038810898,0.2009948016,0.1969043656,0.1915498837,0.1848359352,0.1766084314,0.1666073762,0.154356624,0.1388509701,0.1172554729,0.06062672036,nan,nan,nan,nan,nan,nan,nan,0.05727659339
119760,0.206080859,0.2055104429,0.2037929277,0.2009086571,0.1968210516,0.1914702233,0.1847607719,0.1765386494,0.1665439391,0.1543006573,0.1388039666,0.1172199951,0.06061607316,nan,nan,nan,nan,nan,nan,nan,0.05726733253
119820,0.2059912047,0.205421191,0.2037048833,0.2008226273,0.196737848,0.1913906676,0.1846857065,0.1764689572,0.1664805825,0.1542447605,0.1387570204,0.117184559,0.06060544317,nan,nan,nan,nan,nan,nan,nan,0.05725808958
119880,0.2059016704,0.2053320584,0.2036169564,0.2007367118,0.1966547544,0.1913112164,0.1846107389,0.1763993548,0.1664173063,0.1541889334,0.1387101313,0.1171491647,0.06059483034,nan,nan,nan,nan,nan,nan,nan,0.05724886448
119940,0.2058122559,0.205243045,0.2035291468,0.2006509105,0.1965717706,0.1912318695,0.1845358688,0.176329842,0.1663541104,0.1541331758,0.1386632993,0.117113812,0.06058423463,nan,nan,nan,nan,nan,nan,nan,0.05723965718
120000,0.2057229609,0.2051541504,0.2034414542,0.2005652232,0.1964888965,0.1911526266,0.184461096,0.1762604185,0.1662909946,0.1540774876,0.1386165242,0.1170785009,0.060573656,nan,nan,nan,nan,nan,nan,nan,0.05723046765
120060,0.2056337851,0.2050653745,0.2033538784,0.2004796495,0.1964061317,0.1910734877,0.1843864204,0.1761910841,0.1662279587,0.1540218687,0.1385698059,0.1170432312,0.06056309442,nan,nan,nan,nan,nan,nan,nan,0.05722129584
120120,0.2055447284,0.2049767171,0.2032664192,0.2003941894,0.1963234762,0.1909944524,0.1843118417,0.1761218388,0.1661650026,0.1539663189,0.1385231444,0.1170080029,0.06055254985,nan,nan,nan,nan,nan,nan,nan,0.0572121417
120180,0.2054557905,0.2048881778,0.2031790763,0.2003088425,0.1962409296,0.1909155206,0.1842373598,0.1760526824,0.1661021262,0.1539108382,0.1384765394,0.116972816,0.06054202224,nan,nan,nan,nan,nan,nan,nan,0.05720300518
120240,0.2053669711,0.2047997564,0.2030918495,0.2002236087,0.1961584918,0.1908366921,0.1841629745,0.1759836146,0.1660393293,0.1538554263,0.138429991,0.1169376703,0.06053151156,nan,nan,nan,nan,nan,nan,nan,0.05719388625
120300,0.2052782701,0.2047114528,0.2030047386,0.2001384876,0.1960761625,0.1907579667,0.1840886856,0.1759146353,0.1659766117,0.1538000832,0.1383834989,0.1169025658,0.06052101777,nan,nan,nan,nan,nan,nan,nan,0.05718478486
120360,0.2051896872,0.2046232667,0.2029177434,0.2000534792,0.1959939415,0.1906793441,0.1840144929,0.1758457444,0.1659139733,0.1537448088,0.1383370632,0.1168675024,0.06051054083,nan,nan,nan,nan,nan,nan,nan,0.05717570097
120420,0.2051012221,0.2045351978,0.2028308635,0.1999685831,0.1959118287,0.1906008242,0.1839403962,0.1757769416,0.1658514139,0.1536896028,0.1382906836,0.11683248,0.06050008069,nan,nan,nan,nan,nan,nan,nan,0.05716663452
120480,0.2050128746,0.2044472459,0.2027440988,0.1998837991,0.1958298238,0.1905224067,0.1838663953,0.1757082268,0.1657889334,0.1536344652,0.1382443602,0.1167974985,0.06048963734,nan,nan,nan,nan,nan,nan,nan,0.05715758548
120540,0.2049246445,0.2043594107,0.2026574491,0.1997991271,0.1957479265,0.1904440915,0.1837924901,0.1756395998,0.1657265316,0.1535793958,0.1381980927,0.116762558,0.06047921071,nan,nan,nan,nan,nan,nan,nan,0.05714855381
120600,0.2048365316,0.2042716922,0.2025709141,0.1997145668,0.1956661367,0.1903658784,0.1837186804,0.1755710605,0.1656642084,0.1535243946,0.1381518811,0.1167276582,0.06046880078,nan,nan,nan,nan,nan,nan,nan,0.05713953945
120660,0.2047485356,0.2041840899,0.2024844936,0.1996301179,0.1955844542,0.1902877671,0.1836449659,0.1755026086,0.1656019636,0.1534694613,0.1381057253,0.1166927992,0.06045840752,nan,nan,nan,nan,nan,nan,nan,0.05713054237
120720,0.2046606563,0.2040966037,0.2023981873,0.1995457803,0.1955028787,0.1902097575,0.1835713465,0.1754342441,0.1655397972,0.1534145959,0.1380596251,0.1166579809,0.06044803087,nan,nan,nan,nan,nan,nan,nan,0.05712156252
120780,0.2045728934,0.2040092334,0.2023119951,0.1994615538,0.1954214101,0.1901318493,0.183497822,0.1753659667,0.1654777088,0.1533597982,0.1380135806,0.1166232031,0.0604376708,nan,nan,nan,nan,nan,nan,nan,0.05711259985
120840,0.2044852467,0.2039219786,0.2022259167,0.199377438,0.1953400481,0.1900540424,0.1834243922,0.1752977763,0.1654156984,0.1533050681,0.1379675914,0.1165884658,0.06042732727,nan,nan,nan,nan,nan,nan,nan,0.05710365434
120900,0.2043977161,0.2038348393,0.2021399519,0.1992934329,0.1952587925,0.1899763366,0.1833510569,0.1752296726,0.1653537659,0.1532504055,0.1379216577,0.116553769,0.06041700026,nan,nan,nan,nan,nan,nan,nan,0.05709472592
120960,0.2043103012,0.2037478151,0.2020541005,0.1992095381,0.1951776431,0.1898987316,0.183277816,0.1751616557,0.165291911,0.1531958102,0.1378757792,0.1165191125,0.06040668971,nan,nan,nan,nan,nan,nan,nan,0.05708581457
121020,0.2042230018,0.2036609059,0.2019683622,0.1991257535,0.1950965997,0.1898212273,0.1832046692,0.1750937251,0.1652301337,0.1531412821,0.1378299559,0.1164844964,0.06039639559,nan,nan,nan,nan,nan,nan,nan,0.05707692023
121080,0.2041358177,0.2035741114,0.2018827368,0.1990420788,0.1950156622,0.1897438235,0.1831316165,0.1750258809,0.1651684338,0.1530868211,0.1377841876,0.1164499204,0.06038611787,nan,nan,nan,nan,nan,nan,nan,0.05706804287
121140,0.2040487487,0.2034874313,0.2017972242,0.1989585139,0.1949348302,0.1896665199,0.1830586575,0.1749581229,0.1651068111,0.1530324271,0.1377384743,0.1164153846,0.06037585651,nan,nan,nan,nan,nan,nan,nan,0.05705918243
121200,0.2039617946,0.2034008655,0.2017118239,0.1988750584,0.1948541035,0.1895893164,0.1829857922,0.1748904508,0.1650452655,0.1529781,0.1376928159,0.1163808889,0.06036561146,nan,nan,nan,nan,nan,nan,nan,0.05705033889
121260,0.203874955,0.2033144137,0.201626536,0.1987917123,0.1947734821,0.1895122128,0.1829130202,0.1748228645,0.1649837969,0.1529238395,0.1376472122,0.1163464332,0.0603553827,nan,nan,nan,nan,nan,nan,nan,0.05704151219
121320,0.2037882299,0.2032280758,0.20154136,0.1987084752,0.1946929656,0.1894352089,0.1828403416,0.1747553638,0.164922405,0.1528696456,0.1376016631,0.1163120174,0.06034517018,nan,nan,nan,nan,nan,nan,nan,0.0570327023
121380,0.2037016189,0.2031418514,0.2014562959,0.198625347,0.1946125539,0.1893583045,0.182767756,0.1746879487,0.1648610898,0.1528155182,0.1375561687,0.1162776415,0.06033497387,nan,nan,nan,nan,nan,nan,nan,0.05702390917
121440,0.2036151219,0.2030557403,0.2013713434,0.1985423275,0.1945322467,0.1892814994,0.1826952633,0.1746206188,0.1647998511,0.1527614572,0.1375107286,0.1162433053,0.06032479374,nan,nan,nan,nan,nan,nan,nan,0.05701513276
121500,0.2035287385,0.2029697424,0.2012865022,0.1984594164,0.1944520439,0.1892047934,0.1826228633,0.1745533741,0.1647386888,0.1527074623,0.1374653429,0.1162090089,0.06031462974,nan,nan,nan,nan,nan,nan,nan,0.05700637303
121560,0.2034424687,0.2028838574,0.2012017722,0.1983766135,0.1943719452,0.1891281864,0.1825505559,0.1744862144,0.1646776027,0.1526535336,0.1374200115,0.1161747521,0.06030448184,nan,nan,nan,nan,nan,nan,nan,0.05699762994
121620,0.2033563121,0.202798085,0.2011171531,0.1982939186,0.1942919505,0.189051678,0.1824783408,0.1744191396,0.1646165927,0.1525996708,0.1373747343,0.1161405349,0.06029435,nan,nan,nan,nan,nan,nan,nan,0.05698890344
121680,0.2032702686,0.2027124251,0.2010326447,0.1982113316,0.1942120595,0.1889752682,0.1824062179,0.1743521494,0.1645556586,0.1525458739,0.137329511,0.1161063572,0.06028423419,nan,nan,nan,nan,nan,nan,nan,0.05698019349
121740,0.2031843379,0.2026268775,0.2009482468,0.1981288521,0.194132272,0.1888989567,0.182334187,0.1742852436,0.1644948003,0.1524921426,0.1372843418,0.1160722189,0.06027413437,nan,nan,nan,nan,nan,nan,nan,0.05697150006
121800,0.2030985198,0.2025414419,0.2008639592,0.19804648,0.1940525879,0.1888227434,0.1822622479,0.1742184223,0.1644340177,0.152438477,0.1372392264,0.11603812,0.0602640505,nan,nan,nan,nan,nan,nan,nan,0.0569628231
121860,0.2030128141,0.2024561181,0.2007797816,0.197964215,0.1939730069,0.188746628,0.1821904005,0.1741516851,0.1643733106,0.1523848769,0.1371941647,0.1160040604,0.06025398256,nan,nan,nan,nan,nan,nan,nan,0.05695416258
121920,0.2029272205,0.2023709058,0.2006957139,0.1978820571,0.1938935288,0.1886706104,0.1821186446,0.1740850319,0.1643126788,0.1523313421,0.1371491567,0.11597004,0.06024393049,nan,nan,nan,nan,nan,nan,nan,0.05694551844
121980,0.2028417389,0.2022858049,0.2006117558,0.1978000059,0.1938141535,0.1885946903,0.1820469799,0.1740184626,0.1642521222,0.1522778726,0.1371042023,0.1159360588,0.06023389428,nan,nan,nan,nan,nan,nan,nan,0.05693689065
122040,0.202756369,0.2022008152,0.2005279071,0.1977180612,0.1937348807,0.1885188677,0.1819754064,0.173951977,0.1641916407,0.1522244681,0.1370593014,0.1159021166,0.06022387387,nan,nan,nan,nan,nan,nan,nan,0.05692827917
122100,0.2026711106,0.2021159364,0.2004441677,0.1976362228,0.1936557102,0.1884431423,0.1819039238,0.1738855749,0.1641312342,0.1521711287,0.1370144538,0.1158682135,0.06021386924,nan,nan,nan,nan,nan,nan,nan,0.05691968396
122160,0.2025859635,0.2020311682,0.2003605372,0.1975544906,0.1935766419,0.1883675139,0.1818325319,0.1738192562,0.1640709024,0.1521178541,0.1369696594,0.1158343493,0.06020388036,nan,nan,nan,nan,nan,nan,nan,0.05691110498
122220,0.2025009274,0.2019465106,0.2002770154,0.1974728643,0.1934976755,0.1882919823,0.1817612307,0.1737530208,0.1640106453,0.1520646443,0.1369249183,0.1158005239,0.06019390717,nan,nan,nan,nan,nan,nan,nan,0.05690254218
122280,0.2024160022,0.2018619633,0.2001936023,0.1973913437,0.1934188108,0.1882165473,0.1816900199,0.1736868684,0.1639504627,0.1520114991,0.1368802302,0.1157667374,0.06018394966,nan,nan,nan,nan,nan,nan,nan,0.05689399553
122340,0.2023311876,0.201777526,0.2001102975,0.1973099286,0.1933400477,0.1881412089,0.1816188993,0.1736207989,0.1638903545,0.1519584185,0.1368355951,0.1157329896,0.06017400779,nan,nan,nan,nan,nan,nan,nan,0.05688546499
122400,0.2022464834,0.2016931985,0.2000271008,0.1972286189,0.1932613859,0.1880659666,0.1815478689,0.1735548121,0.1638303205,0.1519054022,0.1367910129,0.1156992805,0.06016408151,nan,nan,nan,nan,nan,nan,nan,0.05687695051
122460,0.2021618894,0.2016089807,0.1999440121,0.1971474142,0.1931828253,0.1879908205,0.1814769283,0.173488908,0.1637703606,0.1518524502,0.1367464835,0.11566561,0.0601541708,nan,nan,nan,nan,nan,nan,nan,0.05686845207
122520,0.2020774053,0.2015248723,0.199861031,0.1970663144,0.1931043656,0.1879157702,0.1814060774,0.1734230863,0.1637104747,0.1517995623,0.1367020067,0.115631978,0.06014427562,nan,nan,nan,nan,nan,nan,nan,0.05685996961
122580,0.2019930311,0.201440873,0.1997781575,0.1969853193,0.1930260067,0.1878408157,0.1813353161,0.1733573468,0.1636506625,0.1517467385,0.1366575826,0.1155983844,0.06013439593,nan,nan,nan,nan,nan,nan,nan,0.0568515031
122640,0.2019087664,0.2013569828,0.1996953913,0.1969044287,0.1929477484,0.1877659567,0.1812646442,0.1732916895,0.1635909241,0.1516939786,0.1366132109,0.1155648293,0.06012453171,nan,nan,nan,nan,nan,nan,nan,0.0568430525
122700,0.201824611,0.2012732014,0.1996127321,0.1968236423,0.1928695904,0.1876911931,0.1811940616,0.1732261141,0.1635312592,0.1516412825,0.1365688917,0.1155313125,0.06011468292,nan,nan,nan,nan,nan,nan,nan,0.05683461777
122760,0.2017405648,0.2011895285,0.1995301799,0.1967429601,0.1927915326,0.1876165246,0.1811235679,0.1731606206,0.1634716677,0.1515886501,0.1365246248,0.1154978339,0.06010484951,nan,nan,nan,nan,nan,nan,nan,0.05682619887
122820,0.2016566275,0.2011059639,0.1994477343,0.1966623817,0.1927135747,0.1875419511,0.1810531632,0.1730952087,0.1634121495,0.1515360812,0.13648041,0.1154643936,0.06009503147,nan,nan,nan,nan,nan,nan,nan,0.05681779576
122880,0.2015727988,0.2010225075,0.1993653952,0.196581907,0.1926357167,0.1874674723,0.1809828471,0.1730298784,0.1633527043,0.1514835758,0.1364362474,0.1154309913,0.06008522875,nan,nan,nan,nan,nan,nan,nan,0.0568094084
122940,0.2014890787,0.200939159,0.1992831623,0.1965015358,0.1925579582,0.1873930883,0.1809126196,0.1729646293,0.1632933322,0.1514311337,0.1363921368,0.1153976271,0.06007544132,nan,nan,nan,nan,nan,nan,nan,0.05680103676
123000,0.2014054668,0.2008559183,0.1992010355,0.1964212679,0.1924802992,0.1873187986,0.1808424805,0.1728994615,0.1632340329,0.1513787548,0.1363480782,0.1153643009,0.06006566914,nan,nan,nan,nan,nan,nan,nan,0.05679268079
123060,0.201321963,0.200772785,0.1991190145,0.196341103,0.1924027393,0.1872446032,0.1807724295,0.1728343747,0.1631748064,0.151326439,0.1363040714,0.1153310126,0.06005591219,nan,nan,nan,nan,nan,nan,nan,0.05678434046
123120,0.2012385671,0.2006897591,0.1990370992,0.196261041,0.1923252785,0.1871705018,0.1807024666,0.1727693688,0.1631156524,0.1512741862,0.1362601163,0.1152977622,0.06004617043,nan,nan,nan,nan,nan,nan,nan,0.05677601573
123180,0.2011552788,0.2006068402,0.1989552893,0.1961810817,0.1922479165,0.1870964944,0.1806325916,0.1727044436,0.1630565709,0.1512219963,0.1362162129,0.1152645496,0.06003644382,nan,nan,nan,nan,nan,nan,nan,0.05676770655
123240,0.2010720979,0.2005240283,0.1988735846,0.1961012249,0.1921706531,0.1870225806,0.1805628043,0.1726395991,0.1629975617,0.1511698691,0.136172361,0.1152313746,0.06002673233,nan,nan,nan,nan,nan,nan,nan,0.0567594129
123300,0.2009890243,0.200441323,0.198791985,0.1960214703,0.1920934882,0.1869487604,0.1804931045,0.1725748349,0.1629386247,0.1511178045,0.1361285606,0.1151982374,0.06001703594,nan,nan,nan,nan,nan,nan,nan,0.05675113473
123360,0.2009060577,0.2003587242,0.1987104902,0.1959418179,0.1920164216,0.1868750336,0.1804234921,0.1725101511,0.1628797597,0.1510658025,0.1360848115,0.1151651377,0.06000735459,nan,nan,nan,nan,nan,nan,nan,0.05674287201
123420,0.2008231979,0.2002762316,0.1986291,0.1958622673,0.191939453,0.1868013999,0.1803539668,0.1724455473,0.1628209666,0.1510138629,0.1360411138,0.1151320755,0.05999768827,nan,nan,nan,nan,nan,nan,nan,0.05673462469
123480,0.2007404447,0.2001938451,0.1985478142,0.1957828184,0.1918625823,0.1867278593,0.1802845286,0.1723810236,0.1627622453,0.1509619855,0.1359974672,0.1150990508,0.05998803694,nan,nan,nan,nan,nan,nan,nan,0.05672639275
123540,0.2006577979,0.2001115645,0.1984666327,0.195703471,0.1917858093,0.1866544114,0.1802151773,0.1723165797,0.1627035956,0.1509101703,0.1359538717,0.1150660635,0.05997840056,nan,nan,nan,nan,nan,nan,nan,0.05671817613
123600,0.2005752573,0.2000293895,0.1983855551,0.1956242249,0.1917091338,0.1865810562,0.1801459127,0.1722522154,0.1626450175,0.1508584172,0.1359103272,0.1150331135,0.0599687791,nan,nan,nan,nan,nan,nan,nan,0.05670997481
123660,0.2004928227,0.19994732,0.1983045814,0.19554508,0.1916325557,0.1865077935,0.1800767347,0.1721879307,0.1625865107,0.150806726,0.1358668336,0.1150002008,0.05995917254,nan,nan,nan,nan,nan,nan,nan,0.05670178875
123720,0.2004104939,0.1998653557,0.1982237113,0.1954660359,0.1915560746,0.186434623,0.180007643,0.1721237254,0.1625280752,0.1507550967,0.1358233909,0.1149673252,0.05994958083,nan,nan,nan,nan,nan,nan,nan,0.05669361791
123780,0.2003282707,0.1997834965,0.1981429446,0.1953870926,0.1914796906,0.1863615447,0.1799386375,0.1720595993,0.1624697108,0.1507035291,0.1357799988,0.1149344868,0.05994000394,nan,nan,nan,nan,nan,nan,nan,0.05668546225
123840,0.2002461528,0.199701742,0.1980622812,0.1953082498,0.1914034032,0.1862885583,0.1798697181,0.1719955523,0.1624114173,0.1506520231,0.1357366574,0.1149016855,0.05993044185,nan,nan,nan,nan,nan,nan,nan,0.05667732173
123900,0.2001641401,0.1996200923,0.1979817207,0.1952295073,0.1913272125,0.1862156637,0.1798008846,0.1719315842,0.1623531947,0.1506005786,0.1356933666,0.1148689211,0.05992089451,nan,nan,nan,nan,nan,nan,nan,0.05666919632
123960,0.2000822324,0.1995385469,0.1979012631,0.1951508649,0.1912511182,0.1861428607,0.1797321368,0.1718676949,0.1622950429,0.1505491954,0.1356501262,0.1148361937,0.0599113619,nan,nan,nan,nan,nan,nan,nan,0.05666108599
124020,0.2000004295,0.1994571058,0.1978209081,0.1950723225,0.19117512,0.1860701491,0.1796634746,0.1718038843,0.1622369616,0.1504978736,0.1356069361,0.1148035031,0.05990184399,nan,nan,nan,nan,nan,nan,nan,0.05665299068
124080,0.1999187311,0.1993757687,0.1977406556,0.1949938799,0.1910992179,0.1859975287,0.1795948978,0.1717401521,0.1621789507,0.1504466129,0.1355637964,0.1147708494,0.05989234074,nan,nan,nan,nan,nan,nan,nan,0.05664491038
124140,0.1998371371,0.1992945355,0.1976605052,0.1949155368,0.1910234117,0.1859249994,0.1795264062,0.1716764983,0.1621210102,0.1503954132,0.1355207068,0.1147382324,0.05988285212,nan,nan,nan,nan,nan,nan,nan,0.05663684504
124200,0.199755647,0.1992134056,0.1975804566,0.1948372928,0.1909477008,0.1858525608,0.1794579994,0.1716129225,0.1620631397,0.1503442743,0.1354776671,0.1147056519,0.05987338502,nan,nan,nan,nan,nan,nan,nan,0.05662880835
124260,0.1996742587,0.1991323466,0.1975003867,0.1947588707,0.1908715859,0.1857794161,0.1793884973,0.1715477442,0.1620030045,0.150289935,0.1354299362,0.1146651416,0.05976943522,nan,nan,nan,nan,nan,nan,nan,0.05662087135
124320,0.1995929701,0.1990513868,0.1974204144,0.1946805439,0.1907955631,0.1857063593,0.1793190778,0.1714826425,0.161942938,0.150235652,0.1353822578,0.1146246733,0.05966321327,nan,nan,nan,nan,nan,nan,nan,0.0566130008
124380,0.1995117801,0.1989705252,0.197340539,0.1946023116,0.1907196315,0.1856333895,0.1792497402,0.1714176167,0.1618829339,0.15018143,0.1353346313,0.1145842467,0.05955709293,nan,nan,nan,nan,nan,nan,nan,0.05660514726
124440,0.1994306891,0.1988897621,0.1972607606,0.1945241739,0.1906437913,0.1855605069,0.1791804848,0.1713526669,0.161822999,0.1501272692,0.1352870569,0.1145438619,0.05945106798,nan,nan,nan,nan,nan,nan,nan,0.05659731439
124500,0.199349697,0.1988090974,0.1971810792,0.194446131,0.1905680424,0.1854877116,0.1791113114,0.1712877933,0.1617631331,0.1500731695,0.1352395347,0.1145035189,0.05934514387,nan,nan,nan,nan,nan,nan,nan,0.05658950075
124560,0.1992688035,0.1987285308,0.1971014946,0.1943681824,0.1904923848,0.1854150031,0.1790422199,0.1712229955,0.1617033362,0.1500191308,0.1351920643,0.1144632175,0.05923931627,nan,nan,nan,nan,nan,nan,nan,0.05658170365
124620,0.1991880083,0.1986480621,0.1970220064,0.194290328,0.1904168179,0.1853423814,0.17897321,0.1711582733,0.161643608,0.1499651529,0.1351446458,0.1144229577,0.05913162973,nan,nan,nan,nan,nan,nan,nan,0.05657392229
124680,0.1991073112,0.198567691,0.1969426145,0.1942125675,0.1903413418,0.1852698462,0.1789042816,0.1710936266,0.1615839483,0.1499112357,0.1350972789,0.1143827394,0.05902108286,nan,nan,nan,nan,nan,nan,nan,0.05656615469
124740,0.1990267121,0.1984874174,0.1968633186,0.1941349007,0.1902659562,0.1851973974,0.1788354345,0.1710290553,0.1615243572,0.1498573791,0.1350499637,0.1143425625,0.05891063564,nan,nan,nan,nan,nan,nan,nan,0.05655840189
124800,0.1989462108,0.1984072412,0.1967841187,0.1940573276,0.190190661,0.1851250348,0.1787666686,0.1709645592,0.1614648344,0.149803583,0.1350027,0.114302427,0.05880028844,nan,nan,nan,nan,nan,nan,nan,0.05655066432
124860,0.1988658072,0.1983271622,0.1967050147,0.193979848,0.1901154561,0.1850527584,0.1786979838,0.1709001383,0.1614053799,0.1497498473,0.1349554878,0.1142623328,0.0586900407,nan,nan,nan,nan,nan,nan,nan,0.05654294141
124920,0.198785501,0.1982471801,0.1966260062,0.1939024617,0.1900403412,0.1849805679,0.1786293799,0.1708357924,0.1613459935,0.1496961719,0.1349083269,0.1142222799,0.05857989199,nan,nan,nan,nan,nan,nan,nan,0.05653523278
124980,0.1987052921,0.198167295,0.1965470932,0.1938251685,0.1899653163,0.1849084633,0.1785608568,0.1707715213,0.1612866752,0.1496425568,0.1348612174,0.1141822682,0.05846584275,nan,nan,nan,nan,nan,nan,nan,0.05652753851
125040,0.1986251803,0.1980875064,0.1964682754,0.1937479683,0.1898903811,0.1848364442,0.1784924143,0.1707073249,0.1612274247,0.1495890017,0.134814159,0.1141422976,0.05835087626,nan,nan,nan,nan,nan,nan,nan,0.05651985822
125100,0.1985451655,0.1980078143,0.1963895527,0.1936708609,0.1898155355,0.1847645107,0.1784240523,0.1706432032,0.161168242,0.1495355066,0.1347671518,0.1141023681,0.05823601395,nan,nan,nan,nan,nan,nan,nan,0.05651219155
125160,0.1984652474,0.1979282185,0.196310925,0.193593846,0.1897407793,0.1846926624,0.1783557706,0.1705791559,0.161109127,0.1494820714,0.1347201955,0.1140624796,0.05812125634,nan,nan,nan,nan,nan,nan,nan,0.05650453895
125220,0.1983854259,0.1978487189,0.196232392,0.1935169237,0.1896661124,0.1846208994,0.1782875692,0.1705151829,0.1610500795,0.1494286959,0.1346732902,0.114022632,0.05800660325,nan,nan,nan,nan,nan,nan,nan,0.05649690024
125280,0.1983057008,0.1977693151,0.1961539535,0.1934400936,0.1895915346,0.1845492214,0.1782194478,0.1704512841,0.1609910994,0.1493753802,0.1346264358,0.1139828254,0.05788838695,nan,nan,nan,nan,nan,nan,nan,0.05648927523
125340,0.1982260719,0.1976900071,0.1960756094,0.1933633557,0.1895170457,0.1844776282,0.1781514063,0.1703874593,0.1609321866,0.149322124,0.1345796321,0.1139430139,0.0577689405,nan,nan,nan,nan,nan,nan,nan,0.056481664
125400,0.198146539,0.1976107948,0.1959973596,0.1932867097,0.1894426456,0.1844061198,0.1780834445,0.1703237085,0.1608733411,0.1492689273,0.1345328791,0.1139032413,0.05764960452,nan,nan,nan,nan,nan,nan,nan,0.05647406649
125460,0.198067102,0.1975316778,0.1959192038,0.1932101555,0.1893683342,0.1843346959,0.1780155624,0.1702600315,0.1608145625,0.1492157899,0.1344861766,0.1138635094,0.05753037898,nan,nan,nan,nan,nan,nan,nan,0.05646648262
125520,0.1979877607,0.1974526561,0.1958411419,0.1931336929,0.1892941111,0.1842633565,0.1779477598,0.1701964282,0.1607558509,0.1491627118,0.1344395247,0.1138238181,0.05740997401,nan,nan,nan,nan,nan,nan,nan,0.05645891232
125580,0.197908515,0.1973737294,0.1957631737,0.1930573218,0.1892199764,0.1841921013,0.1778800365,0.1701328984,0.1606972062,0.1491096929,0.1343929232,0.1137841674,0.0572861769,nan,nan,nan,nan,nan,nan,nan,0.05645135554
125640,0.1978293646,0.1972948977,0.1956852991,0.1929810419,0.1891459299,0.1841209302,0.1778123924,0.170069442,0.1606386282,0.149056733,0.134346372,0.1137445573,0.05716249618,nan,nan,nan,nan,nan,nan,nan,0.05644381222
125700,0.1977503094,0.1972161607,0.1956075178,0.1929048532,0.1890719713,0.1840498431,0.1777448274,0.1700060589,0.1605801167,0.1490038321,0.1342998711,0.1137049877,0.05703893185,nan,nan,nan,nan,nan,nan,nan,0.05643628233
125760,0.1976713492,0.1971375182,0.1955298298,0.1928287554,0.1889981006,0.1839788398,0.1776773413,0.169942749,0.1605216718,0.14895099,0.1342534203,0.1136654584,0.05691335123,nan,nan,nan,nan,nan,nan,nan,0.05642876582
125820,0.1975924838,0.1970589702,0.1954522347,0.1927527485,0.1889243175,0.1839079201,0.1776099324,0.169879512,0.1604632932,0.1488982067,0.1342070197,0.1136259695,0.05678576327,nan,nan,nan,nan,nan,nan,nan,0.05642126263
125880,0.1975137132,0.1969805165,0.1953747327,0.1926768323,0.1888506221,0.1838370842,0.1775425996,0.1698163481,0.1604049809,0.1488454821,0.1341606691,0.1135865208,0.05665829463,nan,nan,nan,nan,nan,nan,nan,0.05641377001
125940,0.1974350373,0.196902157,0.1952973236,0.1926010067,0.1887770142,0.1837663317,0.1774753454,0.169753257,0.1603467349,0.1487928162,0.1341143685,0.1135471125,0.05652912378,nan,nan,nan,nan,nan,nan,nan,0.05640628745
126000,0.1973564559,0.1968238915,0.1952200072,0.1925252716,0.1887034936,0.1836956626,0.1774081698,0.1696902388,0.1602885551,0.1487402089,0.1340681178,0.1135077443,0.0563988145,nan,nan,nan,nan,nan,nan,nan,0.0563988145
126060,0.1972779704,0.1967457514,0.1951429038,0.1924498989,0.1886305506,0.1836258594,0.177342237,0.1696289461,0.1602327465,0.1486908776,0.1340265921,0.1134763308,0.05639127739,nan,nan,nan,nan,nan,nan,nan,0.05639127739
126120,0.1971995828,0.1966677087,0.1950658964,0.1923746196,0.1885576977,0.1835561417,0.1772763843,0.1695677271,0.1601770041,0.1486416038,0.1339851137,0.113444952,0.0563836953,nan,nan,nan,nan,nan,nan,nan,0.0563836953
126180,0.1971212937,0.1965897639,0.1949889854,0.1922994342,0.1884849351,0.18348651,0.1772106121,0.169506582,0.1601213281,0.1485923877,0.1339436827,0.1134136079,0.05637611976,nan,nan,nan,nan,nan,nan,nan,0.05637611976
126240,0.1970431025,0.1965119166,0.1949121705,0.1922243423,0.1884122625,0.1834169638,0.1771449199,0.1694455106,0.1600657183,0.148543229,0.133902299,0.1133822985,0.05636855486,nan,nan,nan,nan,nan,nan,nan,0.05636855486
126300,0.1969650091,0.1964341666,0.1948354512,0.1921493437,0.1883396798,0.183347503,0.1770793078,0.1693845127,0.1600101744,0.1484941277,0.1338609624,0.1133510237,0.05636100048,nan,nan,nan,nan,nan,nan,nan,0.05636100048
126360,0.1968870133,0.1963565136,0.1947588276,0.1920744382,0.1882671867,0.1832781274,0.1770137753,0.1693235881,0.1599546964,0.1484450836,0.1338196729,0.1133197834,0.05635345766,nan,nan,nan,nan,nan,nan,nan,0.05635345766
126420,0.1968091148,0.1962789576,0.1946822994,0.1919996257,0.1881947832,0.1832088369,0.1769483226,0.1692627368,0.1598992842,0.1483960966,0.1337784304,0.1132885776,0.05634592657,nan,nan,nan,nan,nan,nan,nan,0.05634592657
126480,0.1967313136,0.1962014983,0.1946058664,0.1919249059,0.1881224689,0.1831396312,0.1768829493,0.1692019586,0.1598439376,0.1483471666,0.1337372348,0.1132574062,0.05633840791,nan,nan,nan,nan,nan,nan,nan,0.05633840791
126540,0.1966536095,0.1961241355,0.1945295285,0.1918502787,0.1880502438,0.1830705104,0.1768176554,0.1691412533,0.1597886566,0.1482982935,0.1336960861,0.1132262691,0.05633090158,nan,nan,nan,nan,nan,nan,nan,0.05633090158
126600,0.1965760022,0.1960468691,0.1944532855,0.191775744,0.1879781077,0.1830014741,0.1767524407,0.1690806209,0.159733441,0.1482494772,0.1336549841,0.1131951663,0.0563234081,nan,nan,nan,nan,nan,nan,nan,0.0563234081
126660,0.1964984915,0.1959696989,0.1943771372,0.1917013015,0.1879060605,0.1829325223,0.1766873051,0.1690200612,0.1596782907,0.1482007177,0.1336139287,0.1131640977,0.05631592783,nan,nan,nan,nan,nan,nan,nan,0.05631592783
126720,0.1964210774,0.1958926247,0.1943010834,0.1916269511,0.1878341019,0.1828636547,0.1766222484,0.168959574,0.1596232056,0.1481520148,0.13357292,0.1131330633,0.05630846026,nan,nan,nan,nan,nan,nan,nan,0.05630846026
126780,0.1963437596,0.1958156463,0.194225124,0.1915526927,0.1877622318,0.1827948713,0.1765572705,0.1688991594,0.1595681855,0.1481033684,0.1335319577,0.1131020629,0.05630100586,nan,nan,nan,nan,nan,nan,nan,0.05630100586
126840,0.196266538,0.1957387636,0.1941492588,0.191478526,0.1876904501,0.1827261718,0.1764923712,0.168838817,0.1595132304,0.1480547785,0.1334910419,0.1130710965,0.0562935648,nan,nan,nan,nan,nan,nan,nan,0.0562935648
126900,0.1961894123,0.1956619764,0.1940734876,0.1914044508,0.1876187565,0.1826575562,0.1764275504,0.1687785468,0.1594583401,0.1480062448,0.1334501724,0.113040164,0.05628613663,nan,nan,nan,nan,nan,nan,nan,0.05628613663
126960,0.1961123823,0.1955852844,0.1939978102,0.1913304671,0.187547151,0.1825890242,0.176362808,0.1687183486,0.1594035145,0.1479577674,0.1334093492,0.1130092655,0.05627872161,nan,nan,nan,nan,nan,nan,nan,0.05627872161
127020,0.196035448,0.1955086875,0.1939222265,0.1912565746,0.1874756332,0.1825205757,0.1762981437,0.1686582223,0.1593487535,0.147909346,0.1333685722,0.1129784007,0.05627131977,nan,nan,nan,nan,nan,nan,nan,0.05627131977
127080,0.1959586091,0.1954321856,0.1938467362,0.1911827731,0.1874042032,0.1824522106,0.1762335575,0.1685981679,0.1592940569,0.1478609807,0.1333278413,0.1129475696,0.05626393094,nan,nan,nan,nan,nan,nan,nan,0.05626393094
127140,0.1958818654,0.1953557784,0.1937713392,0.1911090626,0.1873328607,0.1823839286,0.1761690492,0.168538185,0.1592394248,0.1478126714,0.1332871564,0.1129167722,0.0562565552,nan,nan,nan,nan,nan,nan,nan,0.0562565552
127200,0.1958052167,0.1952794658,0.1936960354,0.1910354427,0.1872616055,0.1823157297,0.1761046187,0.1684782737,0.1591848569,0.1477644178,0.1332465174,0.1128860085,0.05624919253,nan,nan,nan,nan,nan,nan,nan,0.05624919253
127260,0.1957286629,0.1952032476,0.1936208245,0.1909619134,0.1871904376,0.1822476136,0.1760402658,0.1684184338,0.1591303531,0.1477162199,0.1332059243,0.1128552782,0.0562418429,nan,nan,nan,nan,nan,nan,nan,0.0562418429
127320,0.1956522039,0.1951271235,0.1935457064,0.1908884744,0.1871193566,0.1821795803,0.1759759904,0.1683586651,0.1590759133,0.1476680777,0.133165377,0.1128245815,0.05623450633,nan,nan,nan,nan,nan,nan,nan,0.05623450633
127380,0.1955758393,0.1950510936,0.1934706809,0.1908151257,0.1870483625,0.1821116296,0.1759117923,0.1682989676,0.1590215374,0.147619991,0.1331248754,0.1127939182,0.05622718278,nan,nan,nan,nan,nan,nan,nan,0.05622718278
127440,0.1954995691,0.1949751575,0.1933957478,0.1907418671,0.1869774552,0.1820437613,0.1758476714,0.168239341,0.1589672253,0.1475719597,0.1330844194,0.1127632882,0.05621987226,nan,nan,nan,nan,nan,nan,nan,0.05621987226
127500,0.195423393,0.1948993151,0.193320907,0.1906686983,0.1869066344,0.1819759753,0.1757836275,0.1681797854,0.1589129768,0.1475239838,0.1330440089,0.1127326916,0.05621257473,nan,nan,nan,nan,nan,nan,nan,0.05621257473
127560,0.195347311,0.1948235662,0.1932461583,0.1905956192,0.1868358999,0.1819082714,0.1757196606,0.1681203005,0.158858792,0.147476063,0.1330036439,0.1127021282,0.0562052902,nan,nan,nan,nan,nan,nan,nan,0.0562052902
127620,0.1952713228,0.1947479106,0.1931715014,0.1905226296,0.1867652517,0.1818406495,0.1756557705,0.1680608861,0.1588046705,0.1474281974,0.1329633243,0.1126715981,0.05619801862,nan,nan,nan,nan,nan,nan,nan,0.05619801862
127680,0.1951954282,0.1946723483,0.1930969364,0.1904497295,0.1866946896,0.1817731094,0.175591957,0.1680015423,0.1587506124,0.1473803869,0.13292305,0.112641101,0.05619075998,nan,nan,nan,nan,nan,nan,nan,0.05619075998
127740,0.1951196271,0.1945968789,0.1930224629,0.1903769185,0.1866242134,0.181705651,0.17552822,0.1679422689,0.1586966175,0.1473326312,0.1328828209,0.1126106371,0.05618351427,nan,nan,nan,nan,nan,nan,nan,0.05618351427
127800,0.1950439193,0.1945215023,0.1929480808,0.1903041966,0.186553823,0.1816382741,0.1754645593,0.1678830657,0.1586426857,0.1472849305,0.1328426369,0.1125802061,0.05617628144,nan,nan,nan,nan,nan,nan,nan,0.05617628144
127860,0.1949683046,0.1944462184,0.19287379,0.1902315636,0.1864835181,0.1815709786,0.1754009749,0.1678239325,0.1585888169,0.1472372844,0.132802498,0.1125498082,0.05616906148,nan,nan,nan,nan,nan,nan,nan,0.05616906148
127920,0.1948927829,0.194371027,0.1927995902,0.1901590193,0.1864132987,0.1815037643,0.1753374665,0.1677648694,0.158535011,0.147189693,0.1327624041,0.1125194431,0.05616185435,nan,nan,nan,nan,nan,nan,nan,0.05616185435
127980,0.1948173539,0.1942959279,0.1927254813,0.1900865636,0.1863431645,0.1814366311,0.1752740341,0.1677058761,0.1584812678,0.1471421562,0.1327223551,0.1124891109,0.05615466004,nan,nan,nan,nan,nan,nan,nan,0.05615466004
128040,0.1947420176,0.1942209209,0.1926514632,0.1900141962,0.1862731155,0.1813695788,0.1752106775,0.1676469526,0.1584275873,0.1470946738,0.1326823509,0.1124588115,0.05614747851,nan,nan,nan,nan,nan,nan,nan,0.05614747851
128100,0.1946667736,0.1941460059,0.1925775356,0.1899419171,0.1862031514,0.1813026073,0.1751473966,0.1675880986,0.1583739694,0.1470472458,0.1326423915,0.1124285449,0.05614030974,nan,nan,nan,nan,nan,nan,nan,0.05614030974
128160,0.194591622,0.1940711827,0.1925036984,0.1898697261,0.1861332722,0.1812357165,0.1750841912,0.1675293142,0.1583204138,0.146999872,0.1326024767,0.112398311,0.05613315371,nan,nan,nan,nan,nan,nan,nan,0.05613315371
128220,0.1945165624,0.1939964511,0.1924299515,0.1897976229,0.1860634776,0.1811689061,0.1750210612,0.167470599,0.1582669206,0.1469525524,0.1325626066,0.1123681096,0.05612601038,nan,nan,nan,nan,nan,nan,nan,0.05612601038
128280,0.1944415948,0.193921811,0.1923562946,0.1897256075,0.1859937675,0.181102176,0.1749580064,0.1674119532,0.1582134896,0.1469052869,0.1325227809,0.1123379409,0.05611887974,nan,nan,nan,nan,nan,nan,nan,0.05611887974
128340,0.1943667189,0.1938472621,0.1922827276,0.1896536797,0.1859241418,0.1810355262,0.1748950268,0.1673533764,0.1581601207,0.1468580754,0.1324829997,0.1123078047,0.05611176175,nan,nan,nan,nan,nan,nan,nan,0.05611176175
128400,0.1942919346,0.1937728044,0.1922092503,0.1895818393,0.1858546002,0.1809689564,0.1748321221,0.1672948686,0.1581068138,0.1468109177,0.1324432629,0.112277701,0.05610465638,nan,nan,nan,nan,nan,nan,nan,0.05610465638
128460,0.1942172417,0.1936984376,0.1921358626,0.1895100861,0.1857851427,0.1809024665,0.1747692923,0.1672364296,0.1580535687,0.1467638139,0.1324035703,0.1122476297,0.05609756362,nan,nan,nan,nan,nan,nan,nan,0.05609756362
128520,0.1941426401,0.1936241616,0.1920625643,0.1894384201,0.1857157691,0.1808360563,0.1747065372,0.1671780594,0.1580003855,0.1467167637,0.1323639219,0.1122175908,0.05609048342,nan,nan,nan,nan,nan,nan,nan,0.05609048342
128580,0.1940681295,0.1935499762,0.1919893552,0.189366841,0.1856464792,0.1807697258,0.1746438567,0.1671197578,0.1579472639,0.1466697671,0.1323243177,0.1121875841,0.05608341578,nan,nan,nan,nan,nan,nan,nan,0.05608341578
128640,0.1939937098,0.1934758813,0.1919162352,0.1892953486,0.1855772729,0.1807034747,0.1745812506,0.1670615247,0.1578942038,0.1466228241,0.1322847576,0.1121576098,0.05607636064,nan,nan,nan,nan,nan,nan,nan,0.05607636064
128700,0.1939193809,0.1934018767,0.1918432042,0.1892239429,0.18550815,0.180637303,0.1745187188,0.1670033599,0.1578412052,0.1465759345,0.1322452414,0.1121276676,0.056069318,nan,nan,nan,nan,nan,nan,nan,0.056069318
128760,0.1938451426,0.1933279621,0.1917702618,0.1891526237,0.1854391104,0.1805712104,0.1744562612,0.1669452634,0.1577882679,0.1465290981,0.1322057691,0.1120977576,0.05606228782,nan,nan,nan,nan,nan,nan,nan,0.05606228782
128820,0.1937709946,0.1932541376,0.191697408,0.1890813907,0.1853701539,0.1805051969,0.1743938777,0.166887235,0.1577353918,0.146482315,0.1321663406,0.1120678797,0.05605527008,nan,nan,nan,nan,nan,nan,nan,0.05605527008
128880,0.1936969369,0.1931804028,0.1916246427,0.1890102439,0.1853012803,0.1804392622,0.174331568,0.1668292747,0.1576825769,0.1464355851,0.1321269559,0.1120380338,0.05604826474,nan,nan,nan,nan,nan,nan,nan,0.05604826474
128940,0.1936229693,0.1931067576,0.1915519656,0.1889391831,0.1852324896,0.1803734063,0.1742693321,0.1667713821,0.1576298229,0.1463889082,0.1320876149,0.1120082199,0.05604127178,nan,nan,nan,nan,nan,nan,nan,0.05604127178
129000,0.1935490916,0.1930332019,0.1914793766,0.1888682081,0.1851637815,0.180307629,0.1742071699,0.1667135574,0.1575771299,0.1463422842,0.1320483175,0.111978438,0.05603429117,nan,nan,nan,nan,nan,nan,nan,0.05603429117
129060,0.1934753036,0.1929597354,0.1914068755,0.1887973188,0.185095156,0.1802419302,0.1741450812,0.1666558003,0.1575244976,0.1462957131,0.1320090636,0.111948688,0.05602732288,nan,nan,nan,nan,nan,nan,nan,0.05602732288
129120,0.1934016052,0.1928863581,0.1913344623,0.188726515,0.1850266128,0.1801763097,0.1740830658,0.1665981107,0.1574719261,0.1462491948,0.1319698531,0.1119189697,0.05602036689,nan,nan,nan,nan,nan,nan,nan,0.05602036689
129180,0.1933279962,0.1928130698,0.1912621366,0.1886557966,0.1849581519,0.1801107673,0.1740211237,0.1665404884,0.1574194151,0.1462027291,0.131930686,0.1118892833,0.05601342317,nan,nan,nan,nan,nan,nan,nan,0.05601342317
129240,0.1932544765,0.1927398702,0.1911898983,0.1885851634,0.184889773,0.180045303,0.1739592547,0.1664829335,0.1573669645,0.146156316,0.1318915623,0.1118596286,0.05600649169,nan,nan,nan,nan,nan,nan,nan,0.05600649169
129300,0.1931810458,0.1926667593,0.1911177474,0.1885146152,0.184821476,0.1799799166,0.1738974587,0.1664254457,0.1573145744,0.1461099554,0.1318524817,0.1118300056,0.05599957242,nan,nan,nan,nan,nan,nan,nan,0.05599957242
129360,0.1931077041,0.1925937369,0.1910456836,0.1884441519,0.1847532608,0.179914608,0.1738357355,0.166368025,0.1572622445,0.1460636472,0.1318134443,0.1118004142,0.05599266534,nan,nan,nan,nan,nan,nan,nan,0.05599266534
129420,0.1930344511,0.1925208028,0.1909737067,0.1883737733,0.1846851272,0.179849377,0.1737740851,0.1663106711,0.1572099747,0.1460173913,0.13177445,0.1117708544,0.05598577041,nan,nan,nan,nan,nan,nan,nan,0.05598577041
129480,0.1929612868,0.1924479568,0.1909018167,0.1883034794,0.1846170751,0.1797842234,0.1737125072,0.1662533841,0.157157765,0.1459711877,0.1317354987,0.1117413261,0.05597888762,nan,nan,nan,nan,nan,nan,nan,0.05597888762
129540,0.1928882108,0.1923751988,0.1908300133,0.1882332698,0.1845491043,0.1797191472,0.1736510018,0.1661961637,0.1571056153,0.1459250361,0.1316965904,0.1117118292,0.05597201693,nan,nan,nan,nan,nan,nan,nan,0.05597201693
129600,0.1928152232,0.1923025287,0.1907582965,0.1881631446,0.1844812146,0.1796541481,0.1735895688,0.1661390099,0.1570535254,0.1458789366,0.1316577248,0.1116823638,0.05596515831,nan,nan,nan,nan,nan,nan,nan,0.05596515831
129660,0.1927423236,0.1922299462,0.1906866659,0.1880931034,0.184413406,0.1795892262,0.1735282079,0.1660819226,0.1570014952,0.145832889,0.1316189021,0.1116529297,0.05595831175,nan,nan,nan,nan,nan,nan,nan,0.05595831175
129720,0.192669512,0.1921574512,0.1906151216,0.1880231463,0.1843456783,0.1795243811,0.1734669191,0.1660249015,0.1569495246,0.1457868933,0.1315801221,0.111623527,0.0559514772,nan,nan,nan,nan,nan,nan,nan,0.0559514772
129780,0.1925967882,0.1920850436,0.1905436632,0.1879532729,0.1842780314,0.1794596128,0.1734057022,0.1659679467,0.1568976136,0.1457409494,0.1315413847,0.1115941555,0.05594465465,nan,nan,nan,nan,nan,nan,nan,0.05594465465
129840,0.1925241521,0.1920127232,0.1904722908,0.1878834832,0.184210465,0.1793949212,0.1733445572,0.165911058,0.1568457619,0.1456950571,0.1315026899,0.1115648152,0.05593784406,nan,nan,nan,nan,nan,nan,nan,0.05593784406
129900,0.1924516034,0.1919404898,0.190401004,0.1878137771,0.184142979,0.1793303061,0.1732834838,0.1658542352,0.1567939696,0.1456492164,0.1314640376,0.1115355061,0.05593104541,nan,nan,nan,nan,nan,nan,nan,0.05593104541
129960,0.192379142,0.1918683432,0.1903298028,0.1877441543,0.1840755734,0.1792657673,0.173222482,0.1657974783,0.1567422365,0.1456034272,0.1314254277,0.1115062281,0.05592425868,nan,nan,nan,nan,nan,nan,nan,0.05592425868
130020,0.1923067677,0.1917962834,0.190258687,0.1876746147,0.1840082479,0.1792013048,0.1731615517,0.1657407871,0.1566905625,0.1455576895,0.1313868602,0.1114769812,0.05591748383,nan,nan,nan,nan,nan,nan,nan,0.05591748383
130080,0.1922344805,0.1917243102,0.1901876564,0.1876051582,0.1839410025,0.1791369183,0.1731006926,0.1656841616,0.1566389475,0.145512003,0.1313483349,0.1114477653,0.05591072083,nan,nan,nan,nan,nan,nan,nan,0.05591072083
130140,0.1921622801,0.1916524233,0.190116711,0.1875357846,0.1838738368,0.1790726078,0.1730399047,0.1656276015,0.1565873914,0.1454663678,0.1313098519,0.1114185803,0.05590396967,nan,nan,nan,nan,nan,nan,nan,0.05590396967
130200,0.1920901664,0.1915806227,0.1900458505,0.1874664937,0.183806751,0.1790083731,0.1729791879,0.1655711069,0.1565358941,0.1454207837,0.131271411,0.1113894262,0.05589723031,nan,nan,nan,nan,nan,nan,nan,0.05589723031
130260,0.1920181392,0.1915089082,0.1899750747,0.1873972855,0.1837397447,0.1789442141,0.1729185419,0.1655146775,0.1564844555,0.1453752506,0.1312330121,0.111360303,0.05589050273,nan,nan,nan,nan,nan,nan,nan,0.05589050273
130320,0.1919461983,0.1914372796,0.1899043836,0.1873281597,0.1836728178,0.1788801307,0.1728579668,0.1654583133,0.1564330754,0.1453297686,0.1311946553,0.1113312106,0.0558837869,nan,nan,nan,nan,nan,nan,nan,0.0558837869
130380,0.1918743437,0.1913657368,0.1898337769,0.1872591162,0.1836059702,0.1788161227,0.1727974624,0.1654020141,0.1563817539,0.1452843374,0.1311563403,0.1113021489,0.05587708279,nan,nan,nan,nan,nan,nan,nan,0.05587708279
130440,0.1918025751,0.1912942796,0.1897632546,0.1871901549,0.1835392018,0.1787521899,0.1727370285,0.1653457799,0.1563304908,0.145238957,0.1311180673,0.1112731179,0.05587039038,nan,nan,nan,nan,nan,nan,nan,0.05587039038
130500,0.1917308925,0.1912229078,0.1896928165,0.1871212756,0.1834725123,0.1786883323,0.172676665,0.1652896104,0.1562792859,0.1451936273,0.131079836,0.1112441176,0.05586370964,nan,nan,nan,nan,nan,nan,nan,0.05586370964
130560,0.1916592955,0.1911516214,0.1896224623,0.1870524782,0.1834059018,0.1786245497,0.1726163718,0.1652335057,0.1562281392,0.1451483482,0.1310416464,0.1112151479,0.05585704054,nan,nan,nan,nan,nan,nan,nan,0.05585704054
130620,0.1915877842,0.1910804201,0.1895521921,0.1869837625,0.18333937,0.178560842,0.1725561488,0.1651774656,0.1561770506,0.1451031196,0.1310034984,0.1111862088,0.05585038306,nan,nan,nan,nan,nan,nan,nan,0.05585038306
130680,0.1915163582,0.1910093038,0.1894820055,0.1869151284,0.1832729167,0.178497209,0.1724959958,0.1651214899,0.15612602,0.1450579415,0.130965392,0.1111573001,0.05584373717,nan,nan,nan,nan,nan,nan,nan,0.05584373717
130740,0.1914450176,0.1909382724,0.1894119025,0.1868465757,0.1832065419,0.1784336507,0.1724359127,0.1650655786,0.1560750472,0.1450128138,0.1309273271,0.1111284219,0.05583710284,nan,nan,nan,nan,nan,nan,nan,0.05583710284
130800,0.191373762,0.1908673257,0.189341883,0.1867781043,0.1831402454,0.1783701668,0.1723758995,0.1650097316,0.1560241323,0.1449677363,0.1308893037,0.1110995741,0.05583048005,nan,nan,nan,nan,nan,nan,nan,0.05583048005
130860,0.1913025915,0.1907964635,0.1892719466,0.186709714,0.1830740271,0.1783067572,0.1723159559,0.1649539487,0.155973275,0.144922709,0.1308513216,0.1110707567,0.05582386878,nan,nan,nan,nan,nan,nan,nan,0.05582386878
130920,0.1912315057,0.1907256857,0.1892020934,0.1866414047,0.1830078867,0.1782434219,0.1722560819,0.1648982298,0.1559224753,0.1448777318,0.1308133808,0.1110419695,0.05581726899,nan,nan,nan,nan,nan,nan,nan,0.05581726899
130980,0.1911605046,0.1906549921,0.1891323232,0.1865731763,0.1829418243,0.1781801606,0.1721962773,0.1648425748,0.1558717331,0.1448328046,0.1307754812,0.1110132127,0.05581068065,nan,nan,nan,nan,nan,nan,nan,0.05581068065
131040,0.1910895881,0.1905843826,0.1890626358,0.1865050285,0.1828758396,0.1781169733,0.172136542,0.1647869837,0.1558210482,0.1447879273,0.1307376227,0.110984486,0.05580410375,nan,nan,nan,nan,nan,nan,nan,0.05580410375
131100,0.1910187558,0.1905138571,0.188993031,0.1864369613,0.1828099325,0.1780538598,0.1720768759,0.1647314562,0.1557704207,0.1447430999,0.1306998054,0.1109557895,0.05579753826,nan,nan,nan,nan,nan,nan,nan,0.05579753826
131160,0.1909480078,0.1904434153,0.1889235088,0.1863689746,0.1827441029,0.17799082,0.1720172788,0.1646759923,0.1557198503,0.1446983222,0.130662029,0.1109271231,0.05579098415,nan,nan,nan,nan,nan,nan,nan,0.05579098415
131220,0.1908773438,0.1903730571,0.1888540689,0.186301068,0.1826783506,0.1779278537,0.1719577507,0.1646205918,0.155669337,0.1446535942,0.1306242936,0.1108984867,0.0557844414,nan,nan,nan,nan,nan,nan,nan,0.0557844414
131280,0.1908067638,0.1903027825,0.1887847112,0.1862332416,0.1826126755,0.1778649609,0.1718982914,0.1645652548,0.1556188806,0.1446089158,0.1305865991,0.1108698804,0.05577790997,nan,nan,nan,nan,nan,nan,nan,0.05577790997
131340,0.1907362674,0.1902325912,0.1887154356,0.1861654952,0.1825470774,0.1778021413,0.1718389008,0.1645099809,0.1555684812,0.1445642868,0.1305489454,0.110841304,0.05577138985,nan,nan,nan,nan,nan,nan,nan,0.05577138985
131400,0.1906658547,0.190162483,0.188646242,0.1860978286,0.1824815562,0.1777393949,0.1717795788,0.1644547702,0.1555181386,0.1445197073,0.1305113324,0.1108127575,0.055764881,nan,nan,nan,nan,nan,nan,nan,0.055764881
131460,0.1905955254,0.1900924579,0.1885771301,0.1860302418,0.1824161119,0.1776767216,0.1717203252,0.1643996225,0.1554678526,0.1444751771,0.1304737601,0.1107842409,0.05575838341,nan,nan,nan,nan,nan,nan,nan,0.05575838341
131520,0.1905252795,0.1900225157,0.1885080999,0.1859627344,0.1823507441,0.1776141211,0.17166114,0.1643445378,0.1554176232,0.1444306962,0.1304362284,0.1107557541,0.05575189705,nan,nan,nan,nan,nan,nan,nan,0.05575189705
131580,0.1904551167,0.1899526561,0.1884391511,0.1858953065,0.1822854529,0.1775515935,0.171602023,0.1642895158,0.1553674503,0.1443862644,0.1303987372,0.1107272971,0.05574542188,nan,nan,nan,nan,nan,nan,nan,0.05574542188
131640,0.1903850368,0.1898828792,0.1883702837,0.1858279578,0.1822202381,0.1774891384,0.171542974,0.1642345565,0.1553173339,0.1443418818,0.1303612865,0.1106988698,0.0557389579,nan,nan,nan,nan,nan,nan,nan,0.0557389579
131700,0.1903150399,0.1898131848,0.1883014974,0.1857606883,0.1821550994,0.1774267559,0.1714839931,0.1641796598,0.1552672737,0.1442975481,0.1303238762,0.1106704721,0.05573250506,nan,nan,nan,nan,nan,nan,nan,0.05573250506
131760,0.1902451256,0.1897435726,0.1882327923,0.1856934977,0.1820900369,0.1773644458,0.17142508,0.1641248256,0.1552172697,0.1442532633,0.1302865062,0.1106421041,0.05572606335,nan,nan,nan,nan,nan,nan,nan,0.05572606335
131820,0.1901752939,0.1896740425,0.188164168,0.185626386,0.1820250503,0.177302208,0.1713662347,0.1640700538,0.1551673218,0.1442090273,0.1302491765,0.1106137657,0.05571963274,nan,nan,nan,nan,nan,nan,nan,0.05571963274
131880,0.1901055446,0.1896045945,0.1880956245,0.185559353,0.1819601396,0.1772400422,0.1713074569,0.1640153442,0.1551174299,0.1441648401,0.130211887,0.1105854568,0.0557132132,nan,nan,nan,nan,nan,nan,nan,0.0557132132
131940,0.1900358776,0.1895352283,0.1880271616,0.1854923986,0.1818953046,0.1771779485,0.1712487467,0.1639606968,0.155067594,0.1441207016,0.1301746376,0.1105571773,0.05570680472,nan,nan,nan,nan,nan,nan,nan,0.05570680472
132000,0.1899662926,0.1894659438,0.1879587791,0.1854255225,0.1818305451,0.1771159267,0.1711901038,0.1639061114,0.1550178138,0.1440766116,0.1301374283,0.1105289273,0.05570040726,nan,nan,nan,nan,nan,nan,nan,0.05570040726
132060,0.1898967897,0.1893967408,0.187890477,0.1853587248,0.181765861,0.1770539766,0.1711315282,0.1638515879,0.1549680894,0.1440325702,0.1301002589,0.1105007067,0.0556940208,nan,nan,nan,nan,nan,nan,nan,0.0556940208
132120,0.1898273685,0.1893276193,0.1878222551,0.1852920052,0.1817012523,0.1769920981,0.1710730198,0.1637971263,0.1549184206,0.1439885771,0.1300631296,0.1104725154,0.05568764531,nan,nan,nan,nan,nan,nan,nan,0.05568764531
132180,0.1897580291,0.189258579,0.1877541132,0.1852253636,0.1816367186,0.1769302912,0.1710145784,0.1637427264,0.1548688073,0.1439446324,0.13002604,0.1104443534,0.05568128077,nan,nan,nan,nan,nan,nan,nan,0.05568128077
132240,0.1896887711,0.1891896199,0.1876860513,0.1851587999,0.1815722601,0.1768685556,0.1709562039,0.1636883881,0.1548192494,0.143900736,0.1299889903,0.1104162207,0.05567492716,nan,nan,nan,nan,nan,nan,nan,0.05567492716
132300,0.1896195946,0.1891207417,0.187618069,0.1850923139,0.1815078764,0.1768068913,0.1708978962,0.1636341113,0.1547697469,0.1438568877,0.1299519803,0.1103881171,0.05566858445,nan,nan,nan,nan,nan,nan,nan,0.05566858445
132360,0.1895504993,0.1890519444,0.1875501664,0.1850259055,0.1814435674,0.1767452981,0.1708396552,0.1635798959,0.1547202997,0.1438130875,0.1299150099,0.1103600427,0.05566225262,nan,nan,nan,nan,nan,nan,nan,0.05566225262
132420,0.189481485,0.1889832277,0.1874823433,0.1849595746,0.1813793331,0.1766837759,0.1707814807,0.1635257419,0.1546709076,0.1437693353,0.1298780792,0.1103319974,0.05565593164,nan,nan,nan,nan,nan,nan,nan,0.05565593164
132480,0.1894125518,0.1889145916,0.1874145995,0.1848933209,0.1813151733,0.1766223246,0.1707233727,0.163471649,0.1546215705,0.143725631,0.129841188,0.1103039811,0.05564962149,nan,nan,nan,nan,nan,nan,nan,0.05564962149
132540,0.1893436993,0.1888460359,0.1873469349,0.1848271445,0.1812510879,0.176560944,0.170665331,0.1634176171,0.1545722884,0.1436819746,0.1298043362,0.1102759938,0.05564332214,nan,nan,nan,nan,nan,nan,nan,0.05564332214
132600,0.1892749275,0.1887775605,0.1872793494,0.1847610451,0.1811870767,0.176499634,0.1706073555,0.1633636463,0.1545230612,0.143638366,0.1297675239,0.1102480355,0.05563703356,nan,nan,nan,nan,nan,nan,nan,0.05563703356
132660,0.1892062362,0.1887091652,0.1872118428,0.1846950226,0.1811231396,0.1764383946,0.1705494461,0.1633097363,0.1544738887,0.143594805,0.1297307509,0.1102201062,0.05563075574,nan,nan,nan,nan,nan,nan,nan,0.05563075574
132720,0.1891376253,0.1886408498,0.1871444149,0.1846290768,0.1810592765,0.1763772255,0.1704916027,0.1632558871,0.1544247709,0.1435512917,0.1296940172,0.1101922056,0.05562448865,nan,nan,nan,nan,nan,nan,nan,0.05562448865
132780,0.1890690946,0.1885726143,0.1870770657,0.1845632078,0.1809954872,0.1763161267,0.1704338252,0.1632020986,0.1543757077,0.1435078259,0.1296573226,0.1101643339,0.05561823227,nan,nan,nan,nan,nan,nan,nan,0.05561823227
132840,0.1890006441,0.1885044585,0.1870097949,0.1844974152,0.1809317716,0.1762550981,0.1703761134,0.1631483706,0.154326699,0.1434644075,0.1296206673,0.110136491,0.05561198657,nan,nan,nan,nan,nan,nan,nan,0.05561198657
132900,0.1889322734,0.1884363822,0.1869426026,0.1844316989,0.1808681296,0.1761941394,0.1703184673,0.1630947031,0.1542777447,0.1434210364,0.129584051,0.1101086768,0.05560575153,nan,nan,nan,nan,nan,nan,nan,0.05560575153
132960,0.1888639826,0.1883683854,0.1868754884,0.1843660589,0.1808045611,0.1761332506,0.1702608867,0.1630410959,0.1542288447,0.1433777127,0.1295474737,0.1100808913,0.05559952712,nan,nan,nan,nan,nan,nan,nan,0.05559952712
133020,0.1887957714,0.1883004678,0.1868084523,0.184300495,0.1807410659,0.1760724316,0.1702033715,0.162987549,0.1541799989,0.1433344362,0.1295109353,0.1100531344,0.05559331331,nan,nan,nan,nan,nan,nan,nan,0.05559331331
133080,0.1887276398,0.1882326293,0.1867414942,0.1842350071,0.1806776439,0.1760116823,0.1701459217,0.1629340622,0.1541312072,0.1432912068,0.1294744359,0.1100254061,0.0555871101,nan,nan,nan,nan,nan,nan,nan,0.0555871101
133140,0.1886595875,0.1881648698,0.1866746138,0.184169595,0.180614295,0.1759510024,0.170088537,0.1628806355,0.1540824696,0.1432480244,0.1294379753,0.1099977064,0.05558091745,nan,nan,nan,nan,nan,nan,nan,0.05558091745
133200,0.1885916145,0.1880971892,0.1866078112,0.1841042586,0.180551019,0.175890392,0.1700312173,0.1628272686,0.1540337859,0.1432048891,0.1294015534,0.1099700351,0.05557473533,nan,nan,nan,nan,nan,nan,nan,0.05557473533
133260,0.1885237206,0.1880295873,0.186541086,0.1840389977,0.1804878158,0.1758298509,0.1699739627,0.1627739617,0.153985156,0.1431618006,0.1293651702,0.1099423923,0.05556856373,nan,nan,nan,nan,nan,nan,nan,0.05556856373
133320,0.1884559057,0.187962064,0.1864744383,0.1839738123,0.1804246853,0.1757693789,0.1699167729,0.1627207144,0.1539365799,0.1431187589,0.1293288257,0.1099147779,0.05556240262,nan,nan,nan,nan,nan,nan,nan,0.05556240262
133380,0.1883881696,0.187894619,0.1864078678,0.1839087022,0.1803616274,0.1757089759,0.1698596478,0.1626675268,0.1538880575,0.1430757639,0.1292925197,0.1098871919,0.05555625198,nan,nan,nan,nan,nan,nan,nan,0.05555625198
133440,0.1883205121,0.1878272524,0.1863413744,0.1838436672,0.1802986419,0.1756486419,0.1698025873,0.1626143987,0.1538395886,0.1430328156,0.1292562522,0.1098596342,0.05555011178,nan,nan,nan,nan,nan,nan,nan,0.05555011178
133500,0.1882529333,0.187759964,0.186274958,0.1837787073,0.1802357287,0.1755883767,0.1697455914,0.16256133,0.1537911733,0.1429899139,0.1292200231,0.1098321047,0.05554398201,nan,nan,nan,nan,nan,nan,nan,0.05554398201
133560,0.1881854328,0.1876927535,0.1862086184,0.1837138223,0.1801728876,0.1755281801,0.1696886599,0.1625083207,0.1537428113,0.1429470587,0.1291838325,0.1098046035,0.05553786263,nan,nan,nan,nan,nan,nan,nan,0.05553786263
133620,0.1881180106,0.187625621,0.1861423556,0.1836490121,0.1801101187,0.1754680521,0.1696317926,0.1624553705,0.1536945026,0.1429042499,0.1291476801,0.1097771304,0.05553175362,nan,nan,nan,nan,nan,nan,nan,0.05553175362
133680,0.1880506665,0.1875585661,0.1860761694,0.1835842764,0.1800474216,0.1754079926,0.1695749896,0.1624024795,0.1536462471,0.1428614874,0.129111566,0.1097496855,0.05552565497,nan,nan,nan,nan,nan,nan,nan,0.05552565497
133740,0.1879834004,0.1874915889,0.1860100596,0.1835196153,0.1799847964,0.1753480014,0.1695182506,0.1623496475,0.1535980448,0.1428187713,0.1290754901,0.1097222687,0.05551956664,nan,nan,nan,nan,nan,nan,nan,0.05551956664
133800,0.1879162122,0.1874246892,0.1859440261,0.1834550286,0.1799222428,0.1752880784,0.1694615755,0.1622968744,0.1535498954,0.1427761013,0.1290394523,0.1096948799,0.05551348862,nan,nan,nan,nan,nan,nan,nan,0.05551348862
133860,0.1878491017,0.1873578668,0.1858780687,0.1833905161,0.1798597608,0.1752282234,0.1694049643,0.1622441602,0.153501799,0.1427334774,0.1290034526,0.1096675192,0.05550742088,nan,nan,nan,nan,nan,nan,nan,0.05550742088
133920,0.1877820688,0.1872911216,0.1858121875,0.1833260778,0.1797973502,0.1751684365,0.1693484169,0.1621915046,0.1534537555,0.1426908995,0.1289674909,0.1096401864,0.0555013634,nan,nan,nan,nan,nan,nan,nan,0.0555013634
133980,0.1877151134,0.1872244535,0.1857463821,0.1832617134,0.179735011,0.1751087174,0.1692919331,0.1621389077,0.1534057647,0.1426483676,0.1289315671,0.1096128815,0.05549531615,nan,nan,nan,nan,nan,nan,nan,0.05549531615
134040,0.1876482352,0.1871578622,0.1856806525,0.1831974229,0.1796727429,0.175049066,0.1692355128,0.1620863693,0.1533578266,0.1426058816,0.1288956812,0.1095856044,0.05548927912,nan,nan,nan,nan,nan,nan,nan,0.05548927912
134100,0.1875814343,0.1870913478,0.1856149986,0.1831332061,0.1796105458,0.1749894823,0.1691791559,0.1620338893,0.1533099411,0.1425634414,0.1288598331,0.1095583552,0.05548325227,nan,nan,nan,nan,nan,nan,nan,0.05548325227
134160,0.1875147103,0.1870249101,0.1855494201,0.183069063,0.1795484197,0.174929966,0.1691228623,0.1619814676,0.1532621081,0.1425210469,0.1288240227,0.1095311338,0.0554772356,nan,nan,nan,nan,nan,nan,nan,0.0554772356
134220,0.1874480633,0.1869585488,0.1854839171,0.1830049933,0.1794863644,0.1748705172,0.1690666319,0.1619291042,0.1532143275,0.1424786981,0.1287882501,0.1095039401,0.05547122907,nan,nan,nan,nan,nan,nan,nan,0.05547122907
134280,0.1873814931,0.186892264,0.1854184893,0.1829409969,0.1794243798,0.1748111356,0.1690104646,0.1618767988,0.1531665992,0.1424363949,0.1287525151,0.1094767741,0.05546523266,nan,nan,nan,nan,nan,nan,nan,0.05546523266
134340,0.1873149995,0.1868260554,0.1853531366,0.1828770738,0.1793624658,0.1747518211,0.1689543603,0.1618245515,0.1531189232,0.1423941371,0.1287168176,0.1094496357,0.05545924635,nan,nan,nan,nan,nan,nan,nan,0.05545924635
134400,0.1872485824,0.186759923,0.1852878589,0.1828132237,0.1793006221,0.1746925737,0.1688983188,0.1617723621,0.1530712993,0.1423519248,0.1286811576,0.109422525,0.05545327012,nan,nan,nan,nan,nan,nan,nan,0.05545327012
134460,0.1871822416,0.1866938665,0.1852226561,0.1827494466,0.1792388489,0.1746333932,0.1688423401,0.1617202305,0.1530237274,0.1423097579,0.1286455351,0.1093954418,0.05544730394,nan,nan,nan,nan,nan,nan,nan,0.05544730394
134520,0.1871159771,0.1866278859,0.185157528,0.1826857424,0.1791771458,0.1745742795,0.1687864241,0.1616681567,0.1529762075,0.1422676362,0.12860995,0.1093683861,0.05544134779,nan,nan,nan,nan,nan,nan,nan,0.05544134779
134580,0.1870497888,0.186561981,0.1850924744,0.1826221109,0.1791155127,0.1745152326,0.1687305706,0.1616161404,0.1529287395,0.1422255597,0.1285744022,0.1093413579,0.05543540166,nan,nan,nan,nan,nan,nan,nan,0.05543540166
134640,0.1869836763,0.1864961517,0.1850274954,0.1825585519,0.1790539497,0.1744562521,0.1686747796,0.1615641817,0.1528813233,0.1421835283,0.1285388917,0.1093143571,0.05542946551,nan,nan,nan,nan,nan,nan,nan,0.05542946551
134700,0.1869176398,0.1864303979,0.1849625907,0.1824950654,0.1789924564,0.1743973382,0.1686190508,0.1615122805,0.1528339588,0.142141542,0.1285034184,0.1092873837,0.05542353933,nan,nan,nan,nan,nan,nan,nan,0.05542353933
134760,0.1868516789,0.1863647194,0.1848977601,0.1824316513,0.1789310329,0.1743384906,0.1685633844,0.1614604365,0.1527866459,0.1420996007,0.1284679822,0.1092604376,0.05541762309,nan,nan,nan,nan,nan,nan,nan,0.05541762309
134820,0.1867857936,0.1862991161,0.1848330037,0.1823683093,0.178869679,0.1742797092,0.16850778,0.1614086498,0.1527393845,0.1420577043,0.1284325831,0.1092335189,0.05541171678,nan,nan,nan,nan,nan,nan,nan,0.05541171678
134880,0.1867199837,0.1862335879,0.1847683212,0.1823050395,0.1788083946,0.1742209939,0.1684522376,0.1613569203,0.1526921746,0.1420158527,0.128397221,0.1092066274,0.05540582036,nan,nan,nan,nan,nan,nan,nan,0.05540582036
134940,0.1866542492,0.1861681347,0.1847037126,0.1822418416,0.1787471795,0.1741623447,0.1683967572,0.1613052478,0.1526450161,0.1419740458,0.1283618959,0.1091797631,0.05539993382,nan,nan,nan,nan,nan,nan,nan,0.05539993382
135000,0.1865885899,0.1861027562,0.1846391776,0.1821787155,0.1786860336,0.1741037613,0.1683413385,0.1612536322,0.1525979088,0.1419322837,0.1283266077,0.1091529259,0.05539405714,nan,nan,nan,nan,nan,nan,nan,0.05539405714
135060,0.1865230055,0.1860374524,0.1845747162,0.1821156611,0.1786249568,0.1740452438,0.1682859816,0.1612020735,0.1525508528,0.1418905661,0.1282913563,0.1091261159,0.05538819029,nan,nan,nan,nan,nan,nan,nan,0.05538819029
135120,0.1864574962,0.1859722232,0.1845103282,0.1820526783,0.1785639491,0.1739867918,0.1682306862,0.1611505715,0.1525038478,0.1418488931,0.1282561417,0.109099333,0.05538233325,nan,nan,nan,nan,nan,nan,nan,0.05538233325
135180,0.1863920616,0.1859070683,0.1844460135,0.181989767,0.1785030102,0.1739284055,0.1681754524,0.1610991262,0.1524568938,0.1418072645,0.1282209639,0.1090725772,0.05537648601,nan,nan,nan,nan,nan,nan,nan,0.05537648601
135240,0.1863267016,0.1858419878,0.1843817721,0.181926927,0.1784421401,0.1738700846,0.1681202799,0.1610477375,0.1524099908,0.1417656803,0.1281858227,0.1090458483,0.05537064853,nan,nan,nan,nan,nan,nan,nan,0.05537064853
135300,0.1862614162,0.1857769814,0.1843176036,0.1818641583,0.1783813386,0.173811829,0.1680651687,0.1609964052,0.1523631387,0.1417241405,0.1281507181,0.1090191464,0.0553648208,nan,nan,nan,nan,nan,nan,nan,0.0553648208
135360,0.1861962052,0.1857120491,0.1842535081,0.1818014606,0.1783206057,0.1737536386,0.1680101187,0.1609451294,0.1523163373,0.1416826449,0.12811565,0.1089924714,0.0553590028,nan,nan,nan,nan,nan,nan,nan,0.0553590028
135420,0.1861310685,0.1856471907,0.1841894854,0.1817388339,0.1782599411,0.1736955134,0.1679551297,0.1608939097,0.1522695865,0.1416411934,0.1280806185,0.1089658232,0.0553531945,nan,nan,nan,nan,nan,nan,nan,0.0553531945
135480,0.1860660059,0.185582406,0.1841255354,0.1816762781,0.1781993448,0.1736374531,0.1679002018,0.1608427463,0.1522228864,0.141599786,0.1280456233,0.1089392019,0.05534739588,nan,nan,nan,nan,nan,nan,nan,0.05534739588
135540,0.1860010173,0.185517695,0.184061658,0.1816137929,0.1781388167,0.1735794577,0.1678453346,0.160791639,0.1521762368,0.1415584227,0.1280106646,0.1089126074,0.05534160692,nan,nan,nan,nan,nan,nan,nan,0.05534160692
135600,0.1859361027,0.1854530576,0.1839978529,0.1815513784,0.1780783567,0.1735215271,0.1677905283,0.1607405876,0.1521296376,0.1415171033,0.1279757421,0.1088860396,0.05533582761,nan,nan,nan,nan,nan,nan,nan,0.05533582761
135660,0.1858712618,0.1853884935,0.1839341202,0.1814890343,0.1780179646,0.1734636612,0.1677357826,0.1606895922,0.1520830888,0.1414758278,0.1279408559,0.1088594986,0.05533005791,nan,nan,nan,nan,nan,nan,nan,0.05533005791
135720,0.1858064945,0.1853240027,0.1838704597,0.1814267607,0.1779576403,0.1734058598,0.1676810975,0.1606386526,0.1520365902,0.1414345961,0.1279060059,0.1088329842,0.05532429781,nan,nan,nan,nan,nan,nan,nan,0.05532429781
135780,0.1857418007,0.185259585,0.1838068712,0.1813645572,0.1778973837,0.1733481228,0.1676264728,0.1605877687,0.1519901418,0.1413934082,0.127871192,0.1088064964,0.05531854729,nan,nan,nan,nan,nan,nan,nan,0.05531854729
135840,0.1856771803,0.1851952404,0.1837433546,0.1813024239,0.1778371947,0.1732904502,0.1675719084,0.1605369404,0.1519437435,0.1413522639,0.1278364142,0.1087800352,0.05531280633,nan,nan,nan,nan,nan,nan,nan,0.05531280633
135900,0.1856126331,0.1851309686,0.1836799098,0.1812403606,0.1777770732,0.1732328419,0.1675174044,0.1604861676,0.1518973952,0.1413111632,0.1278016724,0.1087536005,0.0553070749,nan,nan,nan,nan,nan,nan,nan,0.0553070749
135960,0.1855481591,0.1850667696,0.1836165368,0.1811783671,0.177717019,0.1731752976,0.1674629604,0.1604354502,0.1518510968,0.141270106,0.1277669666,0.1087271923,0.05530135298,nan,nan,nan,nan,nan,nan,nan,0.05530135298
136020,0.1854837581,0.1850026432,0.1835532352,0.1811164434,0.1776570321,0.1731178173,0.1674085765,0.1603847883,0.1518048483,0.1412290923,0.1277322967,0.1087008106,0.05529564055,nan,nan,nan,nan,nan,nan,nan,0.05529564055
136080,0.18541943,0.1849385894,0.1834900051,0.1810545894,0.1775971123,0.173060401,0.1673542526,0.1603341815,0.1517586495,0.1411881219,0.1276976626,0.1086744553,0.0552899376,nan,nan,nan,nan,nan,nan,nan,0.0552899376
136140,0.1853551746,0.184874608,0.1834268464,0.1809928049,0.1775372595,0.1730030484,0.1672999885,0.1602836299,0.1517125004,0.1411471948,0.1276630643,0.1086481263,0.0552842441,nan,nan,nan,nan,nan,nan,nan,0.0552842441
136200,0.1852909918,0.1848106988,0.1833637588,0.1809310897,0.1774774736,0.1729457595,0.1672457841,0.1602331334,0.1516664009,0.141106311,0.1276285018,0.1086218237,0.05527856003,nan,nan,nan,nan,nan,nan,nan,0.05527856003
136260,0.1852268815,0.1847468617,0.1833007423,0.1808694439,0.1774177545,0.1728885342,0.1671916394,0.1601826918,0.1516203509,0.1410654704,0.1275939749,0.1085955474,0.05527288537,nan,nan,nan,nan,nan,nan,nan,0.05527288537
136320,0.1851628436,0.1846830967,0.1832377967,0.1808078672,0.1773581021,0.1728313723,0.1671375543,0.1601323052,0.1515743504,0.1410246728,0.1275594837,0.1085692973,0.0552672201,nan,nan,nan,nan,nan,nan,nan,0.0552672201
136380,0.185098878,0.1846194036,0.183174922,0.1807463596,0.1772985162,0.1727742738,0.1670835285,0.1600819733,0.1515283992,0.1409839183,0.127525028,0.1085430734,0.0552615642,nan,nan,nan,nan,nan,nan,nan,0.0552615642
136440,0.1850349845,0.1845557822,0.1831121179,0.1806849209,0.1772389968,0.1727172386,0.1670295621,0.1600316961,0.1514824973,0.1409432068,0.1274906078,0.1085168757,0.05525591764,nan,nan,nan,nan,nan,nan,nan,0.05525591764
136500,0.1849711629,0.1844922325,0.1830493845,0.180623551,0.1771795437,0.1726602665,0.166975655,0.1599814735,0.1514366445,0.1409025381,0.127456223,0.1084907041,0.05525028042,nan,nan,nan,nan,nan,nan,nan,0.05525028042
136560,0.1849074133,0.1844287543,0.1829867215,0.1805622498,0.1771201568,0.1726033574,0.166921807,0.1599313054,0.1513908409,0.1408619122,0.1274218736,0.1084645586,0.0552446525,nan,nan,nan,nan,nan,nan,nan,0.0552446525
136620,0.1848437354,0.1843653475,0.1829241288,0.1805010171,0.177060836,0.1725465113,0.166868018,0.1598811918,0.1513450863,0.1408213291,0.1273875596,0.1084384392,0.05523903386,nan,nan,nan,nan,nan,nan,nan,0.05523903386
136680,0.1847801292,0.184302012,0.1828616064,0.180439853,0.1770015812,0.172489728,0.166814288,0.1598311325,0.1512993807,0.1407807887,0.1273532809,0.1084123457,0.0552334245,nan,nan,nan,nan,nan,nan,nan,0.0552334245
136740,0.1847165944,0.1842387477,0.1827991541,0.1803787571,0.1769423923,0.1724330074,0.1667606169,0.1597811274,0.1512537239,0.1407402908,0.1273190373,0.1083862782,0.05522782438,nan,nan,nan,nan,nan,nan,nan,0.05522782438
136800,0.1846531311,0.1841755544,0.1827367717,0.1803177295,0.1768832692,0.1723763494,0.1667070044,0.1597311765,0.1512081159,0.1406998355,0.127284829,0.1083602366,0.05522223349,nan,nan,nan,nan,nan,nan,nan,0.05522223349
136860,0.184589739,0.184112432,0.1826744593,0.18025677,0.1768242117,0.172319754,0.1666534507,0.1596812797,0.1511625566,0.1406594227,0.1272506557,0.1083342209,0.0552166518,nan,nan,nan,nan,nan,nan,nan,0.0552166518
136920,0.184526418,0.1840493804,0.1826122165,0.1801958786,0.1767652198,0.1722632209,0.1665999554,0.1596314368,0.1511170459,0.1406190523,0.1272165175,0.1083082311,0.0552110793,nan,nan,nan,nan,nan,nan,nan,0.0552110793
136980,0.1844631681,0.1839863994,0.1825500434,0.1801350549,0.1767062933,0.1722067501,0.1665465187,0.1595816478,0.1510715838,0.1405787242,0.1271824143,0.108282267,0.05520551597,nan,nan,nan,nan,nan,nan,nan,0.05520551597
137040,0.1843999891,0.183923489,0.1824879398,0.1800742991,0.1766474321,0.1721503415,0.1664931402,0.1595319126,0.1510261701,0.1405384384,0.127148346,0.1082563287,0.05519996178,nan,nan,nan,nan,nan,nan,nan,0.05519996178
137100,0.1843368809,0.1838606491,0.1824259056,0.1800136109,0.1765886362,0.172093995,0.1664398201,0.1594822311,0.1509808048,0.1404981947,0.1271143126,0.1082304162,0.05519441672,nan,nan,nan,nan,nan,nan,nan,0.05519441672
137160,0.1842738433,0.1837978795,0.1823639406,0.1799529902,0.1765299053,0.1720377105,0.1663865581,0.1594326032,0.1509354879,0.1404579932,0.1270803141,0.1082045293,0.05518888076,nan,nan,nan,nan,nan,nan,nan,0.05518888076
137220,0.1842108763,0.18373518,0.1823020448,0.1798924369,0.1764712395,0.1719814879,0.1663333541,0.1593830289,0.1508902191,0.1404178338,0.1270463503,0.108178668,0.05518335389,nan,nan,nan,nan,nan,nan,nan,0.05518335389
137280,0.1841479797,0.1836725507,0.1822402181,0.179831951,0.1764126385,0.171925327,0.1662802082,0.159333508,0.1508449985,0.1403777163,0.1270124212,0.1081528324,0.05517783609,nan,nan,nan,nan,nan,nan,nan,0.05517783609
137340,0.1840851533,0.1836099913,0.1821784602,0.1797715322,0.1763541023,0.1718692278,0.1662271201,0.1592840404,0.150799826,0.1403376408,0.1269785268,0.1081270223,0.05517232734,nan,nan,nan,nan,nan,nan,nan,0.05517232734
137400,0.1840223972,0.1835475017,0.1821167712,0.1797111805,0.1762956308,0.1718131902,0.1661740897,0.1592346261,0.1507547015,0.1402976071,0.126944667,0.1081012378,0.05516682761,nan,nan,nan,nan,nan,nan,nan,0.05516682761
137460,0.1839597111,0.1834850818,0.1820551508,0.1796508958,0.1762372238,0.171757214,0.1661211171,0.159185265,0.1507096249,0.1402576152,0.1269108418,0.1080754787,0.05516133689,nan,nan,nan,nan,nan,nan,nan,0.05516133689
137520,0.183897095,0.1834227315,0.181993599,0.1795906779,0.1761788813,0.1717012992,0.166068202,0.159135957,0.1506645961,0.140217665,0.126877051,0.108049745,0.05515585516,nan,nan,nan,nan,nan,nan,nan,0.05515585516
137580,0.1838345487,0.1833604508,0.1819321156,0.1795305268,0.1761206031,0.1716454457,0.1660153444,0.1590867019,0.1506196151,0.1401777565,0.1268432947,0.1080240368,0.0551503824,nan,nan,nan,nan,nan,nan,nan,0.0551503824
137640,0.1837720721,0.1832982393,0.1818707006,0.1794704423,0.1760623891,0.1715896533,0.1659625442,0.1590374998,0.1505746817,0.1401378896,0.1268095728,0.107998354,0.05514491858,nan,nan,nan,nan,nan,nan,nan,0.05514491858
137700,0.183709665,0.1832360972,0.1818093538,0.1794104243,0.1760042393,0.171533922,0.1659098013,0.1589883505,0.150529796,0.1400980641,0.1267758852,0.1079726964,0.0551394637,nan,nan,nan,nan,nan,nan,nan,0.0551394637
137760,0.1836473275,0.1831740241,0.1817480751,0.1793504727,0.1759461535,0.1714782516,0.1658571156,0.1589392539,0.1504849577,0.1400582802,0.1267422319,0.1079470642,0.05513401773,nan,nan,nan,nan,nan,nan,nan,0.05513401773
137820,0.1835850593,0.1831120201,0.1816868644,0.1792905874,0.1758881316,0.171422642,0.165804487,0.15889021,0.1504401669,0.1400185376,0.1267086129,0.1079214572,0.05512858065,nan,nan,nan,nan,nan,nan,nan,0.05512858065
137880,0.1835228603,0.1830500849,0.1816257216,0.1792307682,0.1758301735,0.1713670932,0.1657519154,0.1588412187,0.1503954235,0.1399788363,0.126675028,0.1078958754,0.05512315244,nan,nan,nan,nan,nan,nan,nan,0.05512315244
137940,0.1834607305,0.1829882185,0.1815646465,0.1791710152,0.1757722791,0.1713116051,0.1656994007,0.1587922798,0.1503507274,0.1399391763,0.1266414772,0.1078703188,0.05511773309,nan,nan,nan,nan,nan,nan,nan,0.05511773309
138000,0.1833986696,0.1829264208,0.1815036391,0.179111328,0.1757144482,0.1712561775,0.1656469428,0.1587433933,0.1503060785,0.1398995575,0.1266079605,0.1078447873,0.05511232257,nan,nan,nan,nan,nan,nan,nan,0.05511232257
138060,0.1833366776,0.1828646916,0.1814426992,0.1790517068,0.1756566809,0.1712008103,0.1655945416,0.1586945591,0.1502614767,0.1398599798,0.1265744778,0.1078192809,0.05510692086,nan,nan,nan,nan,nan,nan,nan,0.05510692086
138120,0.1832747544,0.1828030309,0.1813818267,0.1789921512,0.1755989769,0.1711455035,0.1655421971,0.1586457772,0.150216922,0.1398204431,0.1265410291,0.1077937996,0.05510152795,nan,nan,nan,nan,nan,nan,nan,0.05510152795
138180,0.1832128999,0.1827414385,0.1813210215,0.1789326613,0.1755413362,0.171090257,0.1654899091,0.1585970473,0.1501724142,0.1397809475,0.1265076142,0.1077683432,0.05509614382,nan,nan,nan,nan,nan,nan,nan,0.05509614382
138240,0.1831511138,0.1826799142,0.1812602835,0.1788732369,0.1754837587,0.1710350705,0.1654376776,0.1585483695,0.1501279534,0.1397414927,0.1264742333,0.1077429119,0.05509076844,nan,nan,nan,nan,nan,nan,nan,0.05509076844
138300,0.1830893962,0.1826184581,0.1811996126,0.1788138778,0.1754262442,0.1709799441,0.1653855024,0.1584997437,0.1500835394,0.1397020788,0.1264408861,0.1077175055,0.05508540181,nan,nan,nan,nan,nan,nan,nan,0.05508540181
138360,0.1830277469,0.1825570699,0.1811390087,0.1787545841,0.1753687926,0.1709248777,0.1653333835,0.1584511698,0.1500391722,0.1396627057,0.1264075726,0.107692124,0.05508004389,nan,nan,nan,nan,nan,nan,nan,0.05508004389
138420,0.1829661658,0.1824957496,0.1810784715,0.1786953556,0.1753114039,0.1708698711,0.1652813207,0.1584026476,0.1499948516,0.1396233734,0.1263742929,0.1076667674,0.05507469468,nan,nan,nan,nan,nan,nan,nan,0.05507469468
138480,0.1829046527,0.182434497,0.1810180012,0.1786361921,0.175254078,0.1708149242,0.165229314,0.1583541772,0.1499505776,0.1395840817,0.1263410468,0.1076414355,0.05506935415,nan,nan,nan,nan,nan,nan,nan,0.05506935415
138540,0.1828432076,0.182373312,0.1809575974,0.1785770936,0.1751968147,0.170760037,0.1651773633,0.1583057583,0.1499063502,0.1395448306,0.1263078342,0.1076161285,0.05506402228,nan,nan,nan,nan,nan,nan,nan,0.05506402228
138600,0.1827818304,0.1823121945,0.1808972602,0.1785180599,0.1751396139,0.1707052093,0.1651254685,0.1582573911,0.1498621692,0.13950562,0.1262746552,0.1075908462,0.05505869906,nan,nan,nan,nan,nan,nan,nan,0.05505869906
138660,0.1827205209,0.1822511445,0.1808369894,0.178459091,0.1750824755,0.1706504411,0.1650736294,0.1582090752,0.1498180346,0.1394664499,0.1262415097,0.1075655887,0.05505338446,nan,nan,nan,nan,nan,nan,nan,0.05505338446
138720,0.1826592789,0.1821901617,0.1807767848,0.1784001867,0.1750253995,0.1705957322,0.1650218461,0.1581608107,0.1497739463,0.1394273201,0.1262083976,0.1075403558,0.05504807848,nan,nan,nan,nan,nan,nan,nan,0.05504807848
138780,0.1825981045,0.1821292461,0.1807166465,0.1783413469,0.1749683856,0.1705410825,0.1649701184,0.1581125976,0.1497299043,0.1393882308,0.1261753189,0.1075151475,0.05504278108,nan,nan,nan,nan,nan,nan,nan,0.05504278108
138840,0.1825369975,0.1820683975,0.1806565742,0.1782825716,0.1749114339,0.170486492,0.1649184461,0.1580644356,0.1496859083,0.1393491816,0.1261422735,0.1074899639,0.05503749226,nan,nan,nan,nan,nan,nan,nan,0.05503749226
138900,0.1824759578,0.1820076159,0.1805965678,0.1782238606,0.1748545442,0.1704319606,0.1648668294,0.1580163247,0.1496419585,0.1393101727,0.1261092614,0.1074648048,0.05503221198,nan,nan,nan,nan,nan,nan,nan,0.05503221198
138960,0.1824149852,0.1819469011,0.1805366274,0.1781652138,0.1747977164,0.1703774881,0.1648152679,0.1579682649,0.1495980546,0.139271204,0.1260762825,0.1074396702,0.05502694025,nan,nan,nan,nan,nan,nan,nan,0.05502694025
139020,0.1823540797,0.1818862531,0.1804767526,0.178106631,0.1747409504,0.1703230745,0.1647637617,0.157920256,0.1495541967,0.1392322753,0.1260433368,0.1074145601,0.05502167703,nan,nan,nan,nan,nan,nan,nan,0.05502167703
139080,0.1822932411,0.1818256716,0.1804169435,0.1780481123,0.1746842462,0.1702687196,0.1647123107,0.157872298,0.1495103847,0.1391933867,0.1260104242,0.1073894745,0.0550164223,nan,nan,nan,nan,nan,nan,nan,0.0550164223
139140,0.1822324693,0.1817651567,0.1803571999,0.1779896575,0.1746276035,0.1702144234,0.1646609147,0.1578243908,0.1494666184,0.139154538,0.1259775446,0.1073644132,0.05501117606,nan,nan,nan,nan,nan,nan,nan,0.05501117606
139200,0.1821717642,0.1817047081,0.1802975217,0.1779312664,0.1745710223,0.1701601858,0.1646095737,0.1577765342,0.1494228978,0.1391157291,0.125944698,0.1073393764,0.05500593828,nan,nan,nan,nan,nan,nan,nan,0.05500593828
139260,0.1821111258,0.1816443258,0.1802379088,0.177872939,0.1745145025,0.1701060066,0.1645582875,0.1577287283,0.1493792229,0.1390769601,0.1259118845,0.1073143639,0.05500070895,nan,nan,nan,nan,nan,nan,nan,0.05500070895
139320,0.1820505538,0.1815840097,0.1801783611,0.1778146752,0.174458044,0.1700518858,0.1645070562,0.157680973,0.1493355935,0.1390382309,0.1258791038,0.1072893757,0.05499548803,nan,nan,nan,nan,nan,nan,nan,0.05499548803
139380,0.1819900482,0.1815237596,0.1801188784,0.1777564748,0.1744016467,0.1699978233,0.1644558796,0.157633268,0.1492920096,0.1389995414,0.125846356,0.1072644117,0.05499027553,nan,nan,nan,nan,nan,nan,nan,0.05499027553
139440,0.1819296089,0.1814635755,0.1800594608,0.1776983378,0.1743453105,0.1699438189,0.1644047576,0.1575856135,0.1492484712,0.1389608915,0.1258136409,0.107239472,0.05498507142,nan,nan,nan,nan,nan,nan,nan,0.05498507142
139500,0.1818692357,0.1814034572,0.180000108,0.177640264,0.1742890353,0.1698898727,0.1643536901,0.1575380093,0.149204978,0.1389222812,0.1257809587,0.1072145564,0.05497987568,nan,nan,nan,nan,nan,nan,nan,0.05497987568
139560,0.1818089286,0.1813434046,0.1799408199,0.1775822534,0.1742328209,0.1698359844,0.164302677,0.1574904552,0.1491615302,0.1388837104,0.1257483091,0.1071896651,0.05497468829,nan,nan,nan,nan,nan,nan,nan,0.05497468829
139620,0.1817486874,0.1812834177,0.1798815965,0.1775243058,0.1741766674,0.169782154,0.1642517183,0.1574429513,0.1491181275,0.138845179,0.1257156922,0.1071647978,0.05496950924,nan,nan,nan,nan,nan,nan,nan,0.05496950924
139680,0.181688512,0.1812234962,0.1798224377,0.1774664211,0.1741205745,0.1697283814,0.1642008139,0.1573954975,0.14907477,0.138806687,0.1256831079,0.1071399546,0.05496433851,nan,nan,nan,nan,nan,nan,nan,0.05496433851
139740,0.1816284024,0.1811636402,0.1797633433,0.1774085993,0.1740645422,0.1696746665,0.1641499636,0.1573480936,0.1490314575,0.1387682344,0.1256505562,0.1071151355,0.05495917607,nan,nan,nan,nan,nan,nan,nan,0.05495917607
139800,0.1815683583,0.1811038494,0.1797043132,0.1773508402,0.1740085704,0.1696210093,0.1640991674,0.1573007395,0.14898819,0.138729821,0.1256180369,0.1070903403,0.05495402193,nan,nan,nan,nan,nan,nan,nan,0.05495402193
139860,0.1815083798,0.1810441238,0.1796453473,0.1772931438,0.173952659,0.1695674095,0.1640484251,0.1572534353,0.1489449673,0.1386914468,0.1255855501,0.1070655692,0.05494887604,nan,nan,nan,nan,nan,nan,nan,0.05494887604
139920,0.1814484666,0.1809844633,0.1795864455,0.1772355098,0.1738968079,0.1695138671,0.1639977368,0.1572061809,0.1489017896,0.1386531118,0.1255530957,0.1070408219,0.05494373841,nan,nan,nan,nan,nan,nan,nan,0.05494373841
139980,0.1813886188,0.1809248677,0.1795276078,0.1771779383,0.173841017,0.1694603821,0.1639471023,0.157158976,0.1488586566,0.1386148158,0.1255206737,0.1070160986,0.054938609,nan,nan,nan,nan,nan,nan,nan,0.054938609
140040,0.1813288361,0.180865337,0.1794688339,0.177120429,0.1737852862,0.1694069543,0.1638965216,0.1571118207,0.1488155682,0.1385765588,0.1254882839,0.1069913991,0.05493348781,nan,nan,nan,nan,nan,nan,nan,0.05493348781
140100,0.1812691184,0.180805871,0.1794101239,0.177062982,0.1737296153,0.1693535837,0.1638459945,0.157064715,0.1487725245,0.1385383408,0.1254559264,0.1069667235,0.05492837482,nan,nan,nan,nan,nan,nan,nan,0.05492837482
140160,0.1812094657,0.1807464697,0.1793514775,0.1770055971,0.1736740044,0.1693002701,0.1637955209,0.1570176586,0.1487295254,0.1385001617,0.1254236011,0.1069420716,0.05492327,nan,nan,nan,nan,nan,nan,nan,0.05492327
140220,0.1811498779,0.1806871329,0.1792928947,0.1769482742,0.1736184532,0.1692470134,0.1637451008,0.1569706515,0.1486865707,0.1384620214,0.125391308,0.1069174435,0.05491817334,nan,nan,nan,nan,nan,nan,nan,0.05491817334
140280,0.1810903548,0.1806278605,0.1792343754,0.1768910132,0.1735629617,0.1691938136,0.1636947341,0.1569236937,0.1486436605,0.1384239199,0.1253590469,0.1068928391,0.05491308483,nan,nan,nan,nan,nan,nan,nan,0.05491308483
140340,0.1810308964,0.1805686525,0.1791759194,0.1768338139,0.1735075299,0.1691406706,0.1636444206,0.156876785,0.1486007945,0.1383858571,0.1253268179,0.1068682584,0.05490800444,nan,nan,nan,nan,nan,nan,nan,0.05490800444
140400,0.1809715024,0.1805095087,0.1791175268,0.1767766764,0.1734521575,0.1690875842,0.1635941604,0.1568299255,0.1485579729,0.1383478329,0.1252946209,0.1068437013,0.05490293216,nan,nan,nan,nan,nan,nan,nan,0.05490293216
140460,0.1809121729,0.1804504289,0.1790591972,0.1767196005,0.1733968445,0.1690345544,0.1635439533,0.1567831149,0.1485151954,0.1383098473,0.1252624559,0.1068191679,0.05489786797,nan,nan,nan,nan,nan,nan,nan,0.05489786797
140520,0.1808529077,0.1803914132,0.1790009308,0.1766625861,0.1733415908,0.1689815811,0.1634937992,0.1567363533,0.148472462,0.1382719003,0.1252303227,0.106794658,0.05489281186,nan,nan,nan,nan,nan,nan,nan,0.05489281186
140580,0.1807937067,0.1803324613,0.1789427273,0.176605633,0.1732863964,0.1689286642,0.1634436981,0.1566896405,0.1484297727,0.1382339917,0.1251982214,0.1067701717,0.05488776381,nan,nan,nan,nan,nan,nan,nan,0.05488776381
140640,0.1807345698,0.1802735733,0.1788845866,0.1765487413,0.173231261,0.1688758036,0.1633936498,0.1566429765,0.1483871274,0.1381961215,0.1251661519,0.1067457089,0.05488272379,nan,nan,nan,nan,nan,nan,nan,0.05488272379
140700,0.1806754969,0.1802147489,0.1788265087,0.1764919107,0.1731761847,0.1688229992,0.1633436544,0.1565963612,0.148344526,0.1381582897,0.1251341142,0.1067212695,0.0548776918,nan,nan,nan,nan,nan,nan,nan,0.0548776918
140760,0.1806164878,0.1801559881,0.1787684935,0.1764351413,0.1731211672,0.1687702509,0.1632937116,0.1565497944,0.1483019685,0.1381204961,0.1251021082,0.1066968536,0.05487266782,nan,nan,nan,nan,nan,nan,nan,0.05487266782
140820,0.1805575426,0.1800972908,0.1787105408,0.1763784328,0.1730662086,0.1687175586,0.1632438214,0.1565032763,0.1482594547,0.1380827408,0.1250701338,0.1066724611,0.05486765182,nan,nan,nan,nan,nan,nan,nan,0.05486765182
140880,0.180498661,0.1800386568,0.1786526505,0.1763217852,0.1730113087,0.1686649223,0.1631939837,0.1564568066,0.1482169846,0.1380450236,0.125038191,0.1066480919,0.0548626438,nan,nan,nan,nan,nan,nan,nan,0.0548626438
140940,0.1804398431,0.1799800861,0.1785948225,0.1762651984,0.1729564675,0.1686123418,0.1631441985,0.1564103852,0.1481745582,0.1380073445,0.1250062798,0.1066237461,0.05485764374,nan,nan,nan,nan,nan,nan,nan,0.05485764374
141000,0.1803810885,0.1799215786,0.1785370568,0.1762086723,0.1729016847,0.1685598171,0.1630944656,0.1563640122,0.1481321753,0.1379697035,0.1249744001,0.1065994235,0.05485265161,nan,nan,nan,nan,nan,nan,nan,0.05485265161
141060,0.1803223974,0.1798631341,0.1784793532,0.1761522068,0.1728469604,0.1685073481,0.163044785,0.1563176874,0.1480898359,0.1379321005,0.1249425519,0.1065751243,0.05484766741,nan,nan,nan,nan,nan,nan,nan,0.05484766741
141120,0.1802637695,0.1798047525,0.1784217117,0.1760958017,0.1727922945,0.1684549346,0.1629951566,0.1562714107,0.14804754,0.1378945354,0.124910735,0.1065508482,0.05484269111,nan,nan,nan,nan,nan,nan,nan,0.05484269111
141180,0.1802052047,0.1797464338,0.178364132,0.1760394571,0.1727376868,0.1684025766,0.1629455802,0.1562251822,0.1480052874,0.1378570081,0.1248789496,0.1065265953,0.0548377227,nan,nan,nan,nan,nan,nan,nan,0.0548377227
141240,0.180146703,0.1796881779,0.1783066142,0.1759831728,0.1726831372,0.1683502739,0.1628960559,0.1561790016,0.1479630781,0.1378195187,0.1248471954,0.1065023656,0.05483276216,nan,nan,nan,nan,nan,nan,nan,0.05483276216
141300,0.1800882643,0.1796299846,0.1782491581,0.1759269486,0.1726286457,0.1682980266,0.1628465835,0.1561328689,0.147920912,0.137782067,0.1248154726,0.106478159,0.05482780948,nan,nan,nan,nan,nan,nan,nan,0.05482780948
141360,0.1800298883,0.1795718538,0.1781917637,0.1758707845,0.1725742121,0.1682458345,0.162797163,0.1560867841,0.1478787891,0.137744653,0.1247837809,0.1064539755,0.05482286464,nan,nan,nan,nan,nan,nan,nan,0.05482286464
141420,0.1799715752,0.1795137855,0.1781344307,0.1758146805,0.1725198364,0.1681936976,0.1627477942,0.156040747,0.1478367093,0.1377072766,0.1247521205,0.1064298151,0.05481792763,nan,nan,nan,nan,nan,nan,nan,0.05481792763
141480,0.1799133246,0.1794557795,0.1780771592,0.1757586363,0.1724655185,0.1681416156,0.1626984771,0.1559947576,0.1477946725,0.1376699378,0.1247204911,0.1064056776,0.05481299842,nan,nan,nan,nan,nan,nan,nan,0.05481299842
141540,0.1798551366,0.1793978357,0.178019949,0.175702652,0.1724112583,0.1680895886,0.1626492116,0.1559488159,0.1477526786,0.1376326365,0.1246888928,0.1063815632,0.054808077,nan,nan,nan,nan,nan,nan,nan,0.054808077
141600,0.1797970111,0.1793399541,0.1779628,0.1756467273,0.1723570556,0.1680376165,0.1625999976,0.1559029216,0.1477107276,0.1375953727,0.1246573256,0.1063574717,0.05480316335,nan,nan,nan,nan,nan,nan,nan,0.05480316335
141660,0.1797389478,0.1792821344,0.1779057122,0.1755908623,0.1723029105,0.1679856991,0.162550835,0.1558570749,0.1476688194,0.1375581463,0.1246257893,0.1063334031,0.05479825746,nan,nan,nan,nan,nan,nan,nan,0.05479825746
141720,0.1796809468,0.1792243767,0.1778486853,0.1755350567,0.1722488227,0.1679338364,0.1625017238,0.1558112755,0.147626954,0.1375209572,0.124594284,0.1063093573,0.05479335932,nan,nan,nan,nan,nan,nan,nan,0.05479335932
141780,0.1796230079,0.1791666809,0.1777917194,0.1754793106,0.1721947923,0.1678820283,0.1624526639,0.1557655234,0.1475851313,0.1374838053,0.1245628096,0.1062853345,0.05478846889,nan,nan,nan,nan,nan,nan,nan,0.05478846889
141840,0.1795651311,0.1791090467,0.1777348143,0.1754236238,0.172140819,0.1678302747,0.1624036551,0.1557198186,0.1475433511,0.1374466908,0.124531366,0.1062613344,0.05478358618,nan,nan,nan,nan,nan,nan,nan,0.05478358618
141900,0.1795073161,0.1790514742,0.1776779699,0.1753679962,0.1720869029,0.1677785755,0.1623546974,0.1556741609,0.1475016136,0.1374096133,0.1244999532,0.1062373571,0.05477871116,nan,nan,nan,nan,nan,nan,nan,0.05477871116
141960,0.179449563,0.1789939632,0.1776211861,0.1753124277,0.1720330438,0.1677269307,0.1623057908,0.1556285503,0.1474599185,0.137372573,0.1244685711,0.1062134026,0.05477384382,nan,nan,nan,nan,nan,nan,nan,0.05477384382
142020,0.1793918716,0.1789365136,0.1775644629,0.1752569183,0.1719792416,0.16767534,0.1622569351,0.1555829867,0.1474182658,0.1373355697,0.1244372198,0.1061894708,0.05476898414,nan,nan,nan,nan,nan,nan,nan,0.05476898414
142080,0.1793342418,0.1788791254,0.1775078,0.1752014678,0.1719254962,0.1676238036,0.1622081302,0.1555374701,0.1473766554,0.1372986034,0.1244058991,0.1061655616,0.0547641321,nan,nan,nan,nan,nan,nan,nan,0.0547641321
142140,0.1792766736,0.1788217983,0.1774511976,0.1751460761,0.1718718077,0.1675723212,0.1621593762,0.1554920003,0.1473350873,0.1372616741,0.124374609,0.1061416751,0.05475928769,nan,nan,nan,nan,nan,nan,nan,0.05475928769
142200,0.1792191667,0.1787645324,0.1773946553,0.1750907432,0.1718181757,0.1675208927,0.1621106728,0.1554465773,0.1472935615,0.1372247816,0.1243433495,0.1061178112,0.05475445089,nan,nan,nan,nan,nan,nan,nan,0.05475445089
142260,0.1791617212,0.1787073275,0.1773381731,0.1750354689,0.1717646004,0.1674695182,0.16206202,0.155401201,0.1472520778,0.137187926,0.1243121205,0.1060939699,0.0547496217,nan,nan,nan,nan,nan,nan,nan,0.0547496217
142320,0.1791043369,0.1786501835,0.177281751,0.1749802531,0.1717110815,0.1674181975,0.1620134178,0.1553558713,0.1472106361,0.1371511071,0.1242809219,0.1060701511,0.05474480008,nan,nan,nan,nan,nan,nan,nan,0.05474480008
142380,0.1790470137,0.1785931004,0.1772253889,0.1749250958,0.171657619,0.1673669305,0.161964866,0.1553105882,0.1471692365,0.1371143249,0.1242497538,0.1060463548,0.05473998603,nan,nan,nan,nan,nan,nan,nan,0.05473998603
142440,0.1789897515,0.1785360779,0.1771690865,0.1748699969,0.1716042127,0.1673157171,0.1619163646,0.1552653516,0.1471278788,0.1370775794,0.1242186161,0.106022581,0.05473517952,nan,nan,nan,nan,nan,nan,nan,0.05473517952
142500,0.1789325503,0.1784791161,0.1771128439,0.1748149562,0.1715508627,0.1672645572,0.1618679135,0.1552201615,0.147086563,0.1370408704,0.1241875086,0.1059988296,0.05473038056,nan,nan,nan,nan,nan,nan,nan,0.05473038056
142560,0.1788754099,0.1784222148,0.177056661,0.1747599737,0.1714975688,0.1672134509,0.1618195125,0.1551750176,0.1470452891,0.137004198,0.1241564315,0.1059751007,0.0547255891,nan,nan,nan,nan,nan,nan,nan,0.0547255891
142620,0.1788183302,0.178365374,0.1770005376,0.1747050493,0.1714443309,0.1671623979,0.1617711618,0.1551299201,0.1470040568,0.1369675621,0.1241253846,0.1059513941,0.05472080516,nan,nan,nan,nan,nan,nan,nan,0.05472080516
142680,0.1787613111,0.1783085934,0.1769444736,0.1746501829,0.171391149,0.1671113981,0.161722861,0.1550848687,0.1469628663,0.1369309626,0.1240943679,0.1059277099,0.0547160287,nan,nan,nan,nan,nan,nan,nan,0.0547160287
142740,0.1787043525,0.1782518732,0.176888469,0.1745953743,0.1713380229,0.1670604516,0.1616746103,0.1550398634,0.1469217174,0.1368943995,0.1240633813,0.1059040479,0.05471125971,nan,nan,nan,nan,nan,nan,nan,0.05471125971
142800,0.1786474544,0.178195213,0.1768325236,0.1745406236,0.1712849525,0.1670095582,0.1616264094,0.1549949042,0.14688061,0.1368578727,0.1240324249,0.1058804083,0.05470649817,nan,nan,nan,nan,nan,nan,nan,0.05470649817
142860,0.1785906166,0.1781386129,0.1767766374,0.1744859305,0.1712319378,0.1669587179,0.1615782583,0.154949991,0.1468395441,0.1368213821,0.1240014985,0.1058567909,0.05470174408,nan,nan,nan,nan,nan,nan,nan,0.05470174408
142920,0.178533839,0.1780820727,0.1767208103,0.1744312951,0.1711789787,0.1669079305,0.161530157,0.1549051237,0.1467985197,0.1367849277,0.123970602,0.1058331957,0.05469699741,nan,nan,nan,nan,nan,nan,nan,0.05469699741
142980,0.1784771216,0.1780255923,0.1766650422,0.1743767171,0.171126075,0.1668571959,0.1614821053,0.1548603023,0.1467575366,0.1367485095,0.1239397356,0.1058096227,0.05469225815,nan,nan,nan,nan,nan,nan,nan,0.05469225815
143040,0.1784204641,0.1779691717,0.1766093329,0.1743221966,0.1710732267,0.1668065141,0.1614341033,0.1548155265,0.1467165948,0.1367121274,0.1239088991,0.1057860718,0.05468752629,nan,nan,nan,nan,nan,nan,nan,0.05468752629
143100,0.1783638667,0.1779128108,0.1765536824,0.1742677335,0.1710204338,0.166755885,0.1613861507,0.1547707965,0.1466756943,0.1366757813,0.1238780924,0.1057625431,0.0546828018,nan,nan,nan,nan,nan,nan,nan,0.0546828018
143160,0.1783073291,0.1778565094,0.1764980905,0.1742133275,0.170967696,0.1667053086,0.1613382475,0.1547261121,0.1466348349,0.1366394712,0.1238473156,0.1057390364,0.05467808468,nan,nan,nan,nan,nan,nan,nan,0.05467808468
143220,0.1782508512,0.1778002675,0.1764425573,0.1741589787,0.1709150134,0.1666547846,0.1612903936,0.1546814733,0.1465940166,0.136603197,0.1238165686,0.1057155517,0.05467337491,nan,nan,nan,nan,nan,nan,nan,0.05467337491
143280,0.1781944329,0.1777440849,0.1763870826,0.174104687,0.1708623858,0.1666043131,0.161242589,0.1546368799,0.1465532394,0.1365669586,0.1237858513,0.1056920891,0.05466867247,nan,nan,nan,nan,nan,nan,nan,0.05466867247
143340,0.1781380743,0.1776879616,0.1763316663,0.1740504522,0.1708098132,0.166553894,0.1611948337,0.1545923319,0.1465125031,0.1365307561,0.1237551637,0.1056686485,0.05466397734,nan,nan,nan,nan,nan,nan,nan,0.05466397734
143400,0.178081775,0.1776318974,0.1762763082,0.1739962743,0.1707572954,0.1665035271,0.1611471274,0.1545478292,0.1464718078,0.1364945893,0.1237245057,0.1056452298,0.05465928952,nan,nan,nan,nan,nan,nan,nan,0.05465928952
143460,0.1780255352,0.1775758923,0.1762210084,0.1739421532,0.1707048324,0.1664532125,0.1610994701,0.1545033719,0.1464311533,0.1364584583,0.1236938774,0.105621833,0.05465460899,nan,nan,nan,nan,nan,nan,nan,0.05465460899
143520,0.1779693546,0.1775199462,0.1761657667,0.1738880888,0.1706524241,0.1664029499,0.1610518618,0.1544589597,0.1463905396,0.1364223629,0.1236632786,0.1055984582,0.05464993573,nan,nan,nan,nan,nan,nan,nan,0.05464993573
143580,0.1779132331,0.177464059,0.176110583,0.1738340809,0.1706000704,0.1663527394,0.1610043023,0.1544145926,0.1463499666,0.1363863031,0.1236327093,0.1055751051,0.05464526973,nan,nan,nan,nan,nan,nan,nan,0.05464526973
143640,0.1778571708,0.1774082306,0.1760554573,0.1737801296,0.1705477712,0.1663025808,0.1609567917,0.1543702706,0.1463094342,0.1363502788,0.1236021695,0.1055517739,0.05464061097,nan,nan,nan,nan,nan,nan,nan,0.05464061097
143700,0.1778011674,0.1773524609,0.1760003894,0.1737262347,0.1704955264,0.166252474,0.1609093298,0.1543259935,0.1462689425,0.13631429,0.1235716591,0.1055284645,0.05463595944,nan,nan,nan,nan,nan,nan,nan,0.05463595944
143760,0.1777452229,0.1772967497,0.1759453793,0.1736723961,0.170443336,0.1662024191,0.1608619165,0.1542817614,0.1462284913,0.1362783366,0.1235411781,0.1055051769,0.05463131512,nan,nan,nan,nan,nan,nan,nan,0.05463131512
143820,0.1776893372,0.1772410971,0.1758904268,0.1736186138,0.1703911998,0.1661524158,0.1608145518,0.1542375741,0.1461880806,0.1362424186,0.1235107264,0.1054819109,0.054626678,nan,nan,nan,nan,nan,nan,nan,0.054626678
143880,0.1776335102,0.1771855029,0.1758355318,0.1735648876,0.1703391178,0.1661024642,0.1607672355,0.1541934315,0.1461477103,0.1362065359,0.123480304,0.1054586667,0.05462204807,nan,nan,nan,nan,nan,nan,nan,0.05462204807
143940,0.1775777418,0.177129967,0.1757806943,0.1735112174,0.1702870898,0.1660525641,0.1607199677,0.1541493337,0.1461073803,0.1361706885,0.1234499109,0.1054354441,0.0546174253,nan,nan,nan,nan,nan,nan,nan,0.0546174253
144000,0.1775220319,0.1770744893,0.1757259143,0.1734576032,0.1702351159,0.1660027154,0.1606727482,0.1541052805,0.1460670906,0.1361348763,0.123419547,0.1054122432,0.05461280968,nan,nan,nan,nan,nan,nan,nan,0.05461280968
144060,0.1774663804,0.1770190697,0.1756711914,0.1734040449,0.1701831958,0.1659529181,0.160625577,0.1540612718,0.1460268411,0.1360990993,0.1233892122,0.1053890639,0.05460820121,nan,nan,nan,nan,nan,nan,nan,0.05460820121
144120,0.1774107872,0.1769637082,0.1756165258,0.1733505424,0.1701313296,0.1659031721,0.160578454,0.1540173076,0.1459866318,0.1360633574,0.1233589066,0.1053659061,0.05460359986,nan,nan,nan,nan,nan,nan,nan,0.05460359986
144180,0.1773552522,0.1769084047,0.1755619173,0.1732970956,0.1700795171,0.1658534773,0.1605313791,0.1539733879,0.1459464626,0.1360276505,0.12332863,0.1053427699,0.05459900562,nan,nan,nan,nan,nan,nan,nan,0.05459900562
144240,0.1772997754,0.1768531589,0.1755073658,0.1732437044,0.1700277583,0.1658038337,0.1604843522,0.1539295125,0.1459063334,0.1359919786,0.1232983825,0.1053196551,0.05459441847,nan,nan,nan,nan,nan,nan,nan,0.05459441847
144300,0.1772443566,0.176797971,0.1754528712,0.1731903687,0.169976053,0.165754241,0.1604373732,0.1538856814,0.1458662442,0.1359563417,0.1232681639,0.1052965619,0.0545898384,nan,nan,nan,nan,nan,nan,nan,0.0545898384
144360,0.1771889958,0.1767428407,0.1753984335,0.1731370884,0.1699244012,0.1657046994,0.1603904422,0.1538418945,0.1458261949,0.1359207397,0.1232379743,0.1052734901,0.0545852654,nan,nan,nan,nan,nan,nan,nan,0.0545852654
144420,0.1771336928,0.176687768,0.1753440525,0.1730838635,0.1698728028,0.1656552086,0.1603435589,0.1537981517,0.1457861855,0.1358851725,0.1232078136,0.1052504397,0.05458069946,nan,nan,nan,nan,nan,nan,nan,0.05458069946
144480,0.1770784475,0.1766327527,0.1752897281,0.1730306939,0.1698212577,0.1656057686,0.1602967234,0.153754453,0.1457462158,0.1358496401,0.1231776818,0.1052274106,0.05457614054,nan,nan,nan,nan,nan,nan,nan,0.05457614054
144540,0.17702326,0.1765777949,0.1752354603,0.1729775794,0.1697697658,0.1655563794,0.1602499355,0.1537107983,0.1457062859,0.1358141424,0.1231475787,0.105204403,0.05457158866,nan,nan,nan,nan,nan,nan,nan,0.05457158866
144600,0.17696813,0.1765228943,0.1751812489,0.17292452,0.1697183271,0.1655070408,0.1602031952,0.1536671876,0.1456663957,0.1357786794,0.1231175045,0.1051814166,0.05456704377,nan,nan,nan,nan,nan,nan,nan,0.05456704377
144660,0.1769130575,0.176468051,0.1751270939,0.1728715155,0.1696669414,0.1654577528,0.1601565025,0.1536236207,0.145626545,0.1357432511,0.123087459,0.1051584515,0.05456250589,nan,nan,nan,nan,nan,nan,nan,0.05456250589
144720,0.1768580424,0.1764132647,0.1750729953,0.172818566,0.1696156087,0.1654085152,0.1601098571,0.1535800976,0.1455867339,0.1357078573,0.1230574421,0.1051355077,0.05455797498,nan,nan,nan,nan,nan,nan,nan,0.05455797498
144780,0.1768030846,0.1763585355,0.1750189528,0.1727656713,0.1695643289,0.1653593281,0.1600632592,0.1535366183,0.1455469623,0.1356724981,0.1230274539,0.1051125851,0.05455345104,nan,nan,nan,nan,nan,nan,nan,0.05455345104
144840,0.176748184,0.1763038632,0.1749649664,0.1727128314,0.1695131019,0.1653101912,0.1600167085,0.1534931826,0.1455072301,0.1356371733,0.1229974943,0.1050896837,0.05454893405,nan,nan,nan,nan,nan,nan,nan,0.05454893405
144900,0.1766933405,0.1762492478,0.174911036,0.1726600461,0.1694619276,0.1652611047,0.159970205,0.1534497905,0.1454675373,0.1356018829,0.1229675633,0.1050668035,0.054544424,nan,nan,nan,nan,nan,nan,nan,0.054544424
144960,0.176638554,0.1761946891,0.1748571616,0.1726073153,0.1694108059,0.1652120683,0.1599237486,0.1534064419,0.1454278837,0.1355666269,0.1229376607,0.1050439444,0.05453992087,nan,nan,nan,nan,nan,nan,nan,0.05453992087
145020,0.1765838245,0.1761401871,0.174803343,0.172554639,0.1693597369,0.1651630819,0.1598773394,0.1533631369,0.1453882694,0.1355314052,0.1229077867,0.1050211064,0.05453542464,nan,nan,nan,nan,nan,nan,nan,0.05453542464
145080,0.1765291518,0.1760857417,0.1747495801,0.1725020171,0.1693087202,0.1651141456,0.1598309771,0.1533198752,0.1453486943,0.1354962178,0.1228779411,0.1049982895,0.05453093532,nan,nan,nan,nan,nan,nan,nan,0.05453093532
145140,0.1764745359,0.1760313527,0.174695873,0.1724494495,0.169257756,0.1650652593,0.1597846617,0.1532766568,0.1453091583,0.1354610646,0.1228481238,0.1049754936,0.05452645287,nan,nan,nan,nan,nan,nan,nan,0.05452645287
145200,0.1764199766,0.1759770201,0.1746422214,0.1723969361,0.1692068441,0.1650164227,0.1597383932,0.1532334817,0.1452696614,0.1354259455,0.1228183349,0.1049527187,0.05452197729,nan,nan,nan,nan,nan,nan,nan,0.05452197729
145260,0.1763654739,0.1759227438,0.1745886252,0.1723444769,0.1691559844,0.164967636,0.1596921714,0.1531903498,0.1452302035,0.1353908606,0.1227885743,0.1049299648,0.05451750856,nan,nan,nan,nan,nan,nan,nan,0.05451750856
145320,0.1763110277,0.1758685238,0.1745350845,0.1722920717,0.1691051768,0.1649188989,0.1596459964,0.153147261,0.1451907845,0.1353558097,0.122758842,0.1049072319,0.05451304667,nan,nan,nan,nan,nan,nan,nan,0.05451304667
145380,0.1762566379,0.1758143599,0.1744815991,0.1722397204,0.1690544213,0.1648702115,0.1595998679,0.1531042153,0.1451514044,0.1353207929,0.1227291379,0.1048845199,0.05450859161,nan,nan,nan,nan,nan,nan,nan,0.05450859161
145440,0.1762023044,0.175760252,0.1744281689,0.172187423,0.1690037178,0.1648215736,0.159553786,0.1530612125,0.1451120632,0.1352858099,0.122699462,0.1048618287,0.05450414336,nan,nan,nan,nan,nan,nan,nan,0.05450414336
145500,0.1761480271,0.1757062,0.1743747939,0.1721351794,0.1689530662,0.1647729852,0.1595077506,0.1530182527,0.1450727607,0.1352508609,0.1226698142,0.1048391584,0.0544997019,nan,nan,nan,nan,nan,nan,nan,0.0544997019
145560,0.1760938059,0.1756522039,0.1743214739,0.1720829895,0.1689024664,0.1647244461,0.1594617617,0.1529753358,0.1450334969,0.1352159457,0.1226401945,0.104816509,0.05449526723,nan,nan,nan,nan,nan,nan,nan,0.05449526723
145620,0.1760396408,0.1755982636,0.1742682088,0.1720308532,0.1688519183,0.1646759564,0.159415819,0.1529324616,0.1449942717,0.1351810644,0.1226106029,0.1047938803,0.05449083932,nan,nan,nan,nan,nan,nan,nan,0.05449083932
145680,0.1759855316,0.1755443789,0.1742149986,0.1719787705,0.1688014219,0.1646275159,0.1593699226,0.1528896302,0.1449550852,0.1351462168,0.1225810393,0.1047712725,0.05448641817,nan,nan,nan,nan,nan,nan,nan,0.05448641817
145740,0.1759314783,0.1754905499,0.1741618433,0.1719267411,0.168750977,0.1645791246,0.1593240724,0.1528468415,0.1449159371,0.1351114029,0.1225515036,0.1047486853,0.05448200377,nan,nan,nan,nan,nan,nan,nan,0.05448200377
145800,0.1758774808,0.1754367763,0.1741087426,0.1718747652,0.1687005836,0.1645307823,0.1592782683,0.1528040953,0.1448768276,0.1350766226,0.1225219959,0.1047261189,0.05447759609,nan,nan,nan,nan,nan,nan,nan,0.05447759609
145860,0.1758235389,0.1753830582,0.1740556965,0.1718228425,0.1686502417,0.164482489,0.1592325103,0.1527613917,0.1448377564,0.1350418759,0.122492516,0.1047035731,0.05447319512,nan,nan,nan,nan,nan,nan,nan,0.05447319512
145920,0.1757696527,0.1753293954,0.174002705,0.1717709731,0.1685999511,0.1644342447,0.1591867983,0.1527187306,0.1447987236,0.1350071628,0.122463064,0.104681048,0.05446880086,nan,nan,nan,nan,nan,nan,nan,0.05446880086
145980,0.1757158219,0.1752757878,0.1739497679,0.1717191567,0.1685497117,0.1643860492,0.1591411321,0.1526761118,0.1447597291,0.1349724832,0.1224336399,0.1046585436,0.05446441329,nan,nan,nan,nan,nan,nan,nan,0.05446441329
146040,0.1756620466,0.1752222354,0.1738968852,0.1716673934,0.1684995235,0.1643379025,0.1590955118,0.1526335354,0.1447207728,0.134937837,0.1224042434,0.1046360597,0.05446003238,nan,nan,nan,nan,nan,nan,nan,0.05446003238
146100,0.1756083266,0.1751687381,0.1738440567,0.171615683,0.1684493864,0.1642898045,0.1590499373,0.1525910013,0.1446818548,0.1349032242,0.1223748747,0.1046135963,0.05445565814,nan,nan,nan,nan,nan,nan,nan,0.05445565814
146160,0.1755546618,0.1751152957,0.1737912824,0.1715640255,0.1683993003,0.1642417551,0.1590044084,0.1525485093,0.1446429748,0.1348686448,0.1223455337,0.1045911535,0.05445129055,nan,nan,nan,nan,nan,nan,nan,0.05445129055
146220,0.1755010522,0.1750619082,0.1737385623,0.1715124207,0.1683492651,0.1641937542,0.1589589252,0.1525060595,0.1446041329,0.1348340987,0.1223162204,0.1045687312,0.05444692959,nan,nan,nan,nan,nan,nan,nan,0.05444692959
146280,0.1754474977,0.1750085756,0.1736858961,0.1714608687,0.1682992807,0.1641458019,0.1589134876,0.1524636518,0.144565329,0.1347995858,0.1222869346,0.1045463294,0.05444257525,nan,nan,nan,nan,nan,nan,nan,0.05444257525
146340,0.1753939982,0.1749552976,0.1736332839,0.1714093693,0.1682493472,0.1640978979,0.1588680954,0.1524212861,0.144526563,0.1347651061,0.1222576764,0.104523948,0.05443822751,nan,nan,nan,nan,nan,nan,nan,0.05443822751
146400,0.1753405535,0.1749020743,0.1735807255,0.1713579224,0.1681994643,0.1640500422,0.1588227486,0.1523789624,0.144487835,0.1347306596,0.1222284457,0.1045015871,0.05443388637,nan,nan,nan,nan,nan,nan,nan,0.05443388637
146460,0.1752871637,0.1748489056,0.1735282209,0.1713065279,0.168149632,0.1640022348,0.1587774472,0.1523366805,0.1444491447,0.1346962461,0.1221992425,0.1044792465,0.05442955181,nan,nan,nan,nan,nan,nan,nan,0.05442955181
146520,0.1752338286,0.1747957913,0.1734757699,0.1712551858,0.1680998503,0.1639544756,0.158732191,0.1522944405,0.1444104923,0.1346618657,0.1221700667,0.1044569263,0.05442522382,nan,nan,nan,nan,nan,nan,nan,0.05442522382
146580,0.1751805481,0.1747427314,0.1734233726,0.171203896,0.168050119,0.1639067644,0.1586869801,0.1522522422,0.1443718776,0.1346275183,0.1221409184,0.1044346264,0.05442090238,nan,nan,nan,nan,nan,nan,nan,0.05442090238
146640,0.1751273222,0.1746897258,0.1733710287,0.1711526584,0.1680004381,0.1638591013,0.1586418142,0.1522100856,0.1443333005,0.1345932039,0.1221117974,0.1044123468,0.05441658748,nan,nan,nan,nan,nan,nan,nan,0.05441658748
146700,0.1750741508,0.1746367744,0.1733187383,0.171101473,0.1679508075,0.1638114861,0.1585966935,0.1521679707,0.144294761,0.1345589224,0.1220827037,0.1043900874,0.05441227911,nan,nan,nan,nan,nan,nan,nan,0.05441227911
146760,0.1750210337,0.1745838771,0.1732665013,0.1710503395,0.1679012271,0.1637639188,0.1585516177,0.1521258973,0.1442562591,0.1345246737,0.1220536373,0.1043678483,0.05440797725,nan,nan,nan,nan,nan,nan,nan,0.05440797725
146820,0.174967971,0.1745310338,0.1732143175,0.1709992581,0.1678516969,0.1637163993,0.1585065869,0.1520838654,0.1442177947,0.1344904578,0.1220245981,0.1043456294,0.0544036819,nan,nan,nan,nan,nan,nan,nan,0.0544036819
146880,0.1749149625,0.1744782445,0.1731621868,0.1709482285,0.1678022167,0.1636689275,0.1584616009,0.1520418749,0.1441793677,0.1344562747,0.1219955861,0.1043234307,0.05439939303,nan,nan,nan,nan,nan,nan,nan,0.05439939303
146940,0.174862008,0.1744255091,0.1731101093,0.1708972507,0.1677527865,0.1636215034,0.1584166597,0.1519999259,0.1441409781,0.1344221242,0.1219666013,0.1043012522,0.05439511063,nan,nan,nan,nan,nan,nan,nan,0.05439511063
147000,0.1748091077,0.1743728275,0.1730580847,0.1708463246,0.1677034062,0.1635741268,0.1583717633,0.1519580181,0.1441026258,0.1343880065,0.1219376436,0.1042790938,0.0543908347,nan,nan,nan,nan,nan,nan,nan,0.0543908347
147060,0.1747562613,0.1743201995,0.1730061131,0.1707954502,0.1676540758,0.1635267977,0.1583269114,0.1519161516,0.1440643107,0.1343539213,0.121908713,0.1042569554,0.05438656522,nan,nan,nan,nan,nan,nan,nan,0.05438656522
147120,0.1747034687,0.1742676252,0.1729541944,0.1707446273,0.1676047951,0.1634795161,0.1582821042,0.1518743263,0.1440260329,0.1343198687,0.1218798095,0.1042348372,0.05438230217,nan,nan,nan,nan,nan,nan,nan,0.05438230217
147180,0.17465073,0.1742151044,0.1729023284,0.1706938559,0.167555564,0.1634322818,0.1582373415,0.1518325421,0.1439877923,0.1342858486,0.1218509329,0.1042127389,0.05437804555,nan,nan,nan,nan,nan,nan,nan,0.05437804555
147240,0.1745980449,0.1741626371,0.172850515,0.1706431359,0.1675063826,0.1633850949,0.1581926232,0.1517907989,0.1439495887,0.134251861,0.1218220833,0.1041906607,0.05437379533,nan,nan,nan,nan,nan,nan,nan,0.05437379533
147300,0.1745454135,0.1741102231,0.1727987543,0.1705924672,0.1674572507,0.1633379551,0.1581479493,0.1517490968,0.1439114222,0.1342179058,0.1217932606,0.1041686025,0.05436955151,nan,nan,nan,nan,nan,nan,nan,0.05436955151
147360,0.1744928356,0.1740578624,0.1727470461,0.1705418497,0.1674081682,0.1632908625,0.1581033197,0.1517074356,0.1438732926,0.1341839829,0.1217644648,0.1041465642,0.05436531408,nan,nan,nan,nan,nan,nan,nan,0.05436531408
147420,0.1744403112,0.1740055549,0.1726953903,0.1704912834,0.1673591351,0.1632438169,0.1580587343,0.1516658153,0.1438352,0.1341500924,0.1217356958,0.1041245458,0.05436108302,nan,nan,nan,nan,nan,nan,nan,0.05436108302
147480,0.1743878401,0.1739533005,0.1726437869,0.1704407682,0.1673101513,0.1631968183,0.1580141932,0.1516242358,0.1437971443,0.1341162342,0.1217069537,0.1041025473,0.05435685832,nan,nan,nan,nan,nan,nan,nan,0.05435685832
147540,0.1743354224,0.1739010992,0.1725922357,0.1703903039,0.1672612167,0.1631498667,0.1579696961,0.151582697,0.1437591253,0.1340824081,0.1216782383,0.1040805688,0.05435263997,nan,nan,nan,nan,nan,nan,nan,0.05435263997
147600,0.1742830578,0.1738489508,0.1725407368,0.1703398906,0.1672123313,0.1631029619,0.1579252431,0.151541199,0.1437211432,0.1340486143,0.1216495496,0.10405861,0.05434842795,nan,nan,nan,nan,nan,nan,nan,0.05434842795
147660,0.1742307464,0.1737968553,0.1724892899,0.1702895281,0.1671634949,0.1630561038,0.157880834,0.1514997416,0.1436831977,0.1340148525,0.1216208877,0.104036671,0.05434422225,nan,nan,nan,nan,nan,nan,nan,0.05434422225
147720,0.174178488,0.1737448126,0.1724378951,0.1702392164,0.1671147075,0.1630092925,0.1578364688,0.1514583247,0.1436452889,0.1339811229,0.1215922523,0.1040147519,0.05434002285,nan,nan,nan,nan,nan,nan,nan,0.05434002285
147780,0.1741262825,0.1736928225,0.1723865522,0.1701889554,0.167065969,0.1629625278,0.1577921475,0.1514169483,0.1436074168,0.1339474253,0.1215636436,0.1039928525,0.05433582976,nan,nan,nan,nan,nan,nan,nan,0.05433582976
147840,0.1740741299,0.1736408851,0.1723352611,0.170138745,0.1670172793,0.1629158097,0.15774787,0.1513756124,0.1435695811,0.1339137597,0.1215350615,0.1039709728,0.05433164294,nan,nan,nan,nan,nan,nan,nan,0.05433164294
147900,0.1740220302,0.1735890002,0.1722840219,0.1700885851,0.1669686384,0.1628691381,0.1577036361,0.1513343169,0.143531782,0.133880126,0.1215065059,0.1039491128,0.0543274624,nan,nan,nan,nan,nan,nan,nan,0.0543274624
147960,0.1739699831,0.1735371678,0.1722328344,0.1700384756,0.1669200462,0.1628225128,0.1576594459,0.1512930617,0.1434940192,0.1338465242,0.1214779768,0.1039272725,0.05432328812,nan,nan,nan,nan,nan,nan,nan,0.05432328812
148020,0.1739179887,0.1734853878,0.1721816985,0.1699884165,0.1668715026,0.162775934,0.1576152993,0.1512518467,0.1434562929,0.1338129542,0.1214494741,0.1039054518,0.05431912008,nan,nan,nan,nan,nan,nan,nan,0.05431912008
148080,0.1738660468,0.1734336601,0.1721306141,0.1699384077,0.1668230076,0.1627294014,0.1575711962,0.151210672,0.1434186029,0.133779416,0.1214209979,0.1038836508,0.05431495827,nan,nan,nan,nan,nan,nan,nan,0.05431495827
148140,0.1738141573,0.1733819845,0.1720795812,0.1698884491,0.166774561,0.162682915,0.1575271365,0.1511695374,0.1433809491,0.1337459096,0.121392548,0.1038618693,0.05431080269,nan,nan,nan,nan,nan,nan,nan,0.05431080269
148200,0.1737623203,0.1733303611,0.1720285997,0.1698385407,0.1667261628,0.1626364747,0.1574831201,0.1511284428,0.1433433316,0.1337124349,0.1213641245,0.1038401074,0.05430665331,nan,nan,nan,nan,nan,nan,nan,0.05430665331
148260,0.1737105356,0.1732787898,0.1719776695,0.1697886823,0.1666778129,0.1625900806,0.1574391471,0.1510873883,0.1433057502,0.1336789919,0.1213357273,0.103818365,0.05430251013,nan,nan,nan,nan,nan,nan,nan,0.05430251013
148320,0.173658803,0.1732272705,0.1719267905,0.1697388739,0.1666295112,0.1625437324,0.1573952173,0.1510463738,0.143268205,0.1336455804,0.1213073563,0.1037966422,0.05429837314,nan,nan,nan,nan,nan,nan,nan,0.05429837314
148380,0.1736071227,0.173175803,0.1718759626,0.1696891154,0.1665812578,0.1624974301,0.1573513308,0.1510053991,0.1432306958,0.1336122006,0.1212790116,0.1037749388,0.05429424231,nan,nan,nan,nan,nan,nan,nan,0.05429424231
148440,0.1735554944,0.1731243873,0.1718251859,0.1696394067,0.1665330524,0.1624511737,0.1573074873,0.1509644643,0.1431932226,0.1335788522,0.1212506931,0.1037532549,0.05429011765,nan,nan,nan,nan,nan,nan,nan,0.05429011765
148500,0.173503918,0.1730730234,0.1717744601,0.1695897478,0.166484895,0.1624049631,0.1572636868,0.1509235693,0.1431557853,0.1335455353,0.1212224007,0.1037315903,0.05428599913,nan,nan,nan,nan,nan,nan,nan,0.05428599913
148560,0.1734523936,0.1730217111,0.1717237852,0.1695401386,0.1664367855,0.1623587982,0.1572199294,0.150882714,0.143118384,0.1335122499,0.1211941344,0.1037099452,0.05428188675,nan,nan,nan,nan,nan,nan,nan,0.05428188675
148620,0.173400921,0.1729704504,0.1716731612,0.1694905789,0.166388724,0.1623126789,0.1571762148,0.1508418983,0.1430810185,0.1334789958,0.1211658943,0.1036883195,0.05427778049,nan,nan,nan,nan,nan,nan,nan,0.05427778049
148680,0.1733495001,0.1729192412,0.1716225879,0.1694410688,0.1663407102,0.1622666052,0.1571325431,0.1508011223,0.1430436888,0.133445773,0.1211376801,0.1036667131,0.05427368034,nan,nan,nan,nan,nan,nan,nan,0.05427368034
148740,0.1732981309,0.1728680834,0.1715720653,0.1693916081,0.1662927442,0.162220577,0.1570889142,0.1507603858,0.1430063948,0.1334125816,0.121109492,0.103645126,0.05426958629,nan,nan,nan,nan,nan,nan,nan,0.05426958629
148800,0.1732468133,0.172816977,0.1715215933,0.1693421968,0.1662448258,0.1621745943,0.157045328,0.1507196887,0.1429691365,0.1333794213,0.1210813298,0.1036235582,0.05426549832,nan,nan,nan,nan,nan,nan,nan,0.05426549832
148860,0.1731955471,0.1727659218,0.1714711718,0.1692928348,0.166196955,0.1621286569,0.1570017844,0.1506790311,0.1429319138,0.1333462923,0.1210531935,0.1036020096,0.05426141643,nan,nan,nan,nan,nan,nan,nan,0.05426141643
148920,0.1731443324,0.1727149178,0.1714208008,0.169243522,0.1661491316,0.1620827648,0.1569582835,0.1506384129,0.1428947267,0.1333131944,0.1210250831,0.1035804803,0.0542573406,nan,nan,nan,nan,nan,nan,nan,0.0542573406
148980,0.173093169,0.1726639648,0.1713704801,0.1691942584,0.1661013558,0.162036918,0.1569148251,0.1505978339,0.1428575751,0.1332801276,0.1209969986,0.1035589702,0.05425327082,nan,nan,nan,nan,nan,nan,nan,0.05425327082
149040,0.1730420569,0.1726130629,0.1713202097,0.1691450438,0.1660536273,0.1619911163,0.1568714091,0.1505572942,0.142820459,0.1332470919,0.1209689399,0.1035374793,0.05424920708,nan,nan,nan,nan,nan,nan,nan,0.05424920708
149100,0.172990996,0.172562212,0.1712699895,0.1690958782,0.166005946,0.1619453597,0.1568280355,0.1505167937,0.1427833783,0.1332140872,0.120940907,0.1035160075,0.05424514937,nan,nan,nan,nan,nan,nan,nan,0.05424514937
149160,0.1729399862,0.1725114119,0.1712198194,0.1690467615,0.165958312,0.1618996481,0.1567847043,0.1504763323,0.142746333,0.1331811135,0.1209128998,0.1034945548,0.05424109767,nan,nan,nan,nan,nan,nan,nan,0.05424109767
149220,0.1728890274,0.1724606625,0.1711696994,0.1689976937,0.1659107251,0.1618539815,0.1567414153,0.15043591,0.142709323,0.1331481706,0.1208849183,0.1034731213,0.05423705198,nan,nan,nan,nan,nan,nan,nan,0.05423705198
149280,0.1728381195,0.1724099639,0.1711196294,0.1689486746,0.1658631853,0.1618083597,0.1566981686,0.1503955267,0.1426723482,0.1331152587,0.1208569625,0.1034517068,0.05423301227,nan,nan,nan,nan,nan,nan,nan,0.05423301227
149340,0.1727872626,0.1723593159,0.1710696093,0.1688997043,0.1658156925,0.1617627828,0.156654964,0.1503551823,0.1426354087,0.1330823776,0.1208290323,0.1034303114,0.05422897854,nan,nan,nan,nan,nan,nan,nan,0.05422897854
149400,0.1727364564,0.1723087185,0.171019639,0.1688507825,0.1657682467,0.1617172507,0.1566118014,0.1503148769,0.1425985043,0.1330495273,0.1208011277,0.1034089349,0.05422495078,nan,nan,nan,nan,nan,nan,nan,0.05422495078
149460,0.1726857009,0.1722581715,0.1709697185,0.1688019093,0.1657208477,0.1616717632,0.1565686809,0.1502746102,0.1425616351,0.1330167077,0.1207732486,0.1033875775,0.05422092898,nan,nan,nan,nan,nan,nan,nan,0.05422092898
149520,0.1726349961,0.172207675,0.1709198476,0.1687530846,0.1656734954,0.1616263203,0.1565256023,0.1502343824,0.1425248008,0.1329839188,0.1207453951,0.103366239,0.05421691312,nan,nan,nan,nan,nan,nan,nan,0.05421691312
149580,0.1725843418,0.1721572287,0.1708700264,0.1687043083,0.1656261899,0.161580922,0.1564825657,0.1501941933,0.1424880016,0.1329511606,0.1207175671,0.1033449195,0.05421290319,nan,nan,nan,nan,nan,nan,nan,0.05421290319
149640,0.172533738,0.1721068327,0.1708202546,0.1686555803,0.1655789311,0.1615355682,0.1564395708,0.1501540428,0.1424512373,0.1329184329,0.1206897645,0.1033236189,0.05420889919,nan,nan,nan,nan,nan,nan,nan,0.05420889919
149700,0.1724831846,0.1720564869,0.1707705323,0.1686069005,0.1655317188,0.1614902588,0.1563966177,0.1501139309,0.142414508,0.1328857359,0.1206619873,0.1033023372,0.05420490109,nan,nan,nan,nan,nan,nan,nan,0.05420490109
149760,0.1724326816,0.1720061911,0.1707208594,0.1685582689,0.165484553,0.1614449937,0.1563537063,0.1500738576,0.1423778134,0.1328530693,0.1206342355,0.1032810743,0.05420090889,nan,nan,nan,nan,nan,nan,nan,0.05420090889
149820,0.1723822288,0.1719559454,0.1706712358,0.1685096854,0.1654374336,0.1613997729,0.1563108366,0.1500338228,0.1423411537,0.1328204332,0.120606509,0.1032598303,0.05419692257,nan,nan,nan,nan,nan,nan,nan,0.05419692257
149880,0.1723318261,0.1719057496,0.1706216614,0.16846115,0.1653903606,0.1613545963,0.1562680084,0.1499938264,0.1423045287,0.1327878276,0.1205788078,0.103238605,0.05419294213,nan,nan,nan,nan,nan,nan,nan,0.05419294213
149940,0.1722814736,0.1718556036,0.1705721361,0.1684126625,0.1653433339,0.1613094639,0.1562252218,0.1499538684,0.1422679384,0.1327552523,0.1205511319,0.1032173986,0.05418896755,nan,nan,nan,nan,nan,nan,nan,0.05418896755
150000,0.172231171,0.1718055074,0.1705226599,0.1683642229,0.1652963534,0.1612643755,0.1561824766,0.1499139487,0.1422313828,0.1327227074,0.1205234812,0.1031962109,0.05418499882,nan,nan,nan,nan,nan,nan,nan,0.05418499882
150060,0.1721809185,0.171755461,0.1704732327,0.1683158311,0.1652494191,0.1612193312,0.1561397728,0.1498740673,0.1421948617,0.1326901928,0.1204958557,0.1031750419,0.05418103593,nan,nan,nan,nan,nan,nan,nan,0.05418103593
150120,0.1721307158,0.1717054641,0.1704238544,0.168267487,0.1652025309,0.1611743308,0.1560971103,0.149834224,0.1421583752,0.1326577084,0.1204682554,0.1031538917,0.05417707887,nan,nan,nan,nan,nan,nan,nan,0.05417707887
150180,0.1720805628,0.1716555169,0.170374525,0.1682191906,0.1651556886,0.1611293743,0.156054489,0.1497944189,0.1421219232,0.1326252543,0.1204406802,0.1031327601,0.05417312763,nan,nan,nan,nan,nan,nan,nan,0.05417312763
150240,0.1720304596,0.1716056191,0.1703252443,0.1681709418,0.1651088923,0.1610844616,0.156011909,0.149754652,0.1420855056,0.1325928303,0.12041313,0.1031116471,0.05416918219,nan,nan,nan,nan,nan,nan,nan,0.05416918219
150300,0.1719804061,0.1715557707,0.1702760124,0.1681227405,0.1650621419,0.1610395927,0.1559693702,0.149714923,0.1420491224,0.1325604364,0.120385605,0.1030905528,0.05416524254,nan,nan,nan,nan,nan,nan,nan,0.05416524254
150360,0.1719304021,0.1715059716,0.170226829,0.1680745867,0.1650154373,0.1609947674,0.1559268724,0.149675232,0.1420127735,0.1325280726,0.1203581049,0.1030694771,0.05416130868,nan,nan,nan,nan,nan,nan,nan,0.05416130868
150420,0.1718804475,0.1714562218,0.1701776943,0.1680264802,0.1649687784,0.1609499858,0.1558844156,0.149635579,0.141976459,0.1324957389,0.1203306298,0.10304842,0.05415738059,nan,nan,nan,nan,nan,nan,nan,0.05415738059
150480,0.1718305424,0.1714065212,0.170128608,0.1679784211,0.1649221652,0.1609052477,0.1558419998,0.1495959638,0.1419401786,0.1324634351,0.1203031797,0.1030273814,0.05415345825,nan,nan,nan,nan,nan,nan,nan,0.05415345825
150540,0.1717806867,0.1713568696,0.17007957,0.1679304092,0.1648755976,0.1608605531,0.1557996249,0.1495563864,0.1419039325,0.1324311613,0.1202757544,0.1030063613,0.05414954167,nan,nan,nan,nan,nan,nan,nan,0.05414954167
150600,0.1717308802,0.1713072671,0.1700305805,0.1678824444,0.1648290755,0.1608159019,0.1557572908,0.1495168468,0.1418677204,0.1323989174,0.1202483541,0.1029853597,0.05414563083,nan,nan,nan,nan,nan,nan,nan,0.05414563083
150660,0.1716811229,0.1712577136,0.1699816392,0.1678345268,0.1647825988,0.1607712941,0.1557149975,0.1494773449,0.1418315425,0.1323667033,0.1202209785,0.1029643766,0.05414172571,nan,nan,nan,nan,nan,nan,nan,0.05414172571
150720,0.1716314147,0.1712082089,0.169932746,0.1677866561,0.1647361676,0.1607267296,0.1556727449,0.1494378806,0.1417953986,0.1323345191,0.1201936278,0.102943412,0.0541378263,nan,nan,nan,nan,nan,nan,nan,0.0541378263
150780,0.1715817555,0.1711587531,0.169883901,0.1677388324,0.1646897817,0.1606822082,0.155630533,0.1493984539,0.1417592887,0.1323023646,0.1201663019,0.1029224657,0.0541339326,nan,nan,nan,nan,nan,nan,nan,0.0541339326
150840,0.1715321453,0.171109346,0.169835104,0.1676910556,0.164643441,0.1606377301,0.1555883617,0.1493590647,0.1417232128,0.1322702399,0.1201390006,0.1029015379,0.05413004459,nan,nan,nan,nan,nan,nan,nan,0.05413004459
150900,0.171482584,0.1710599875,0.169786355,0.1676433256,0.1645971455,0.1605932951,0.1555462309,0.149319713,0.1416871707,0.1322381449,0.1201117241,0.1028806284,0.05412616227,nan,nan,nan,nan,nan,nan,nan,0.05412616227
150960,0.1714330715,0.1710106776,0.1697376538,0.1675956423,0.1645508951,0.1605489031,0.1555041405,0.1492803988,0.1416511625,0.1322060795,0.1200844722,0.1028597373,0.05412228561,nan,nan,nan,nan,nan,nan,nan,0.05412228561
151020,0.1713836078,0.1709614163,0.1696890005,0.1675480057,0.1645046898,0.160504554,0.1554620906,0.1492411219,0.141615188,0.1321740437,0.120057245,0.1028388645,0.05411841462,nan,nan,nan,nan,nan,nan,nan,0.05411841462
151080,0.1713341927,0.1709122033,0.169640395,0.1675004157,0.1644585295,0.1604602479,0.1554200811,0.1492018823,0.1415792473,0.1321420375,0.1200300423,0.1028180099,0.05411454927,nan,nan,nan,nan,nan,nan,nan,0.05411454927
151140,0.1712848262,0.1708630388,0.1695918371,0.1674528723,0.1644124141,0.1604159846,0.1553781118,0.14916268,0.1415433403,0.1321100608,0.1200028642,0.1027971737,0.05411068956,nan,nan,nan,nan,nan,nan,nan,0.05411068956
151200,0.1712355083,0.1708139225,0.1695433268,0.1674053752,0.1643663435,0.1603717641,0.1553361828,0.1491235148,0.1415074669,0.1320781136,0.1199757106,0.1027763557,0.05410683548,nan,nan,nan,nan,nan,nan,nan,0.05410683548
151260,0.1711862388,0.1707648545,0.169494864,0.1673579246,0.1643203177,0.1603275863,0.1552942939,0.1490843869,0.1414716271,0.1320461958,0.1199485815,0.1027555559,0.05410298702,nan,nan,nan,nan,nan,nan,nan,0.05410298702
151320,0.1711370176,0.1707158345,0.1694464487,0.1673105203,0.1642743367,0.1602834511,0.1552524451,0.149045296,0.1414358209,0.1320143074,0.1199214769,0.1027347742,0.05409914415,nan,nan,nan,nan,nan,nan,nan,0.05409914415
151380,0.1710878448,0.1706668627,0.1693980808,0.1672631622,0.1642284002,0.1602393585,0.1552106365,0.1490062421,0.1414000482,0.1319824483,0.1198943967,0.1027140108,0.05409530689,nan,nan,nan,nan,nan,nan,nan,0.05409530689
151440,0.1710387202,0.1706179389,0.1693497602,0.1672158503,0.1641825084,0.1601953085,0.1551688678,0.1489672253,0.1413643089,0.1319506186,0.1198673408,0.1026932655,0.0540914752,nan,nan,nan,nan,nan,nan,nan,0.0540914752
151500,0.1709896437,0.170569063,0.1693014869,0.1671685845,0.164136661,0.1601513009,0.155127139,0.1489282453,0.141328603,0.1319188181,0.1198403094,0.1026725383,0.05408764909,nan,nan,nan,nan,nan,nan,nan,0.05408764909
151560,0.1709406154,0.1705202349,0.1692532607,0.1671213647,0.1640908582,0.1601073357,0.1550854501,0.1488893023,0.1412929304,0.1318870468,0.1198133022,0.1026518292,0.05408382854,nan,nan,nan,nan,nan,nan,nan,0.05408382854
151620,0.170891635,0.1704714547,0.1692050817,0.167074191,0.1640450996,0.1600634128,0.1550438011,0.148850396,0.1412572912,0.1318553048,0.1197863193,0.1026311382,0.05408001354,nan,nan,nan,nan,nan,nan,nan,0.05408001354
151680,0.1708427026,0.1704227221,0.1691569496,0.1670270631,0.1639993855,0.1600195322,0.1550021918,0.1488115265,0.1412216852,0.1318235918,0.1197593606,0.1026104652,0.05407620408,nan,nan,nan,nan,nan,nan,nan,0.05407620408
151740,0.170793818,0.1703740372,0.1691088646,0.166979981,0.1639537155,0.1599756939,0.1549606222,0.1487726938,0.1411861124,0.131791908,0.1197324262,0.1025898103,0.05407240015,nan,nan,nan,nan,nan,nan,nan,0.05407240015
151800,0.1707449813,0.1703253999,0.1690608264,0.1669329447,0.1639080897,0.1599318976,0.1549190922,0.1487338977,0.1411505728,0.1317602532,0.1197055159,0.1025691733,0.05406860174,nan,nan,nan,nan,nan,nan,nan,0.05406860174
151860,0.1706961923,0.17027681,0.169012835,0.1668859541,0.1638625081,0.1598881435,0.1548776019,0.1486951382,0.1411150662,0.1317286275,0.1196786298,0.1025485543,0.05406480883,nan,nan,nan,nan,nan,nan,nan,0.05406480883
151920,0.1706474509,0.1702282676,0.1689648904,0.1668390092,0.1638169705,0.1598444313,0.154836151,0.1486564152,0.1410795928,0.1316970307,0.1196517678,0.1025279532,0.05406102142,nan,nan,nan,nan,nan,nan,nan,0.05406102142
151980,0.1705987571,0.1701797726,0.1689169925,0.1667921098,0.1637714769,0.1598007611,0.1547947396,0.1486177288,0.1410441523,0.1316654628,0.1196249299,0.1025073701,0.0540572395,nan,nan,nan,nan,nan,nan,nan,0.0540572395
152040,0.1705501108,0.1701313248,0.1688691412,0.1667452558,0.1637260272,0.1597571329,0.1547533677,0.1485790788,0.1410087448,0.1316339238,0.119598116,0.1024868048,0.05405346306,nan,nan,nan,nan,nan,nan,nan,0.05405346306
152100,0.1705015119,0.1700829242,0.1688213364,0.1666984473,0.1636806213,0.1597135464,0.154712035,0.1485404652,0.1409733703,0.1316024137,0.1195713261,0.1024662574,0.05404969208,nan,nan,nan,nan,nan,nan,nan,0.05404969208
152160,0.1704529604,0.1700345708,0.1687735781,0.1666516842,0.1636352593,0.1596700017,0.1546707417,0.1485018879,0.1409380286,0.1315709324,0.1195445602,0.1024457279,0.05404592656,nan,nan,nan,nan,nan,nan,nan,0.05404592656
152220,0.1704044562,0.1699862644,0.1687258662,0.1666049663,0.163589941,0.1596264987,0.1546294876,0.1484633469,0.1409027197,0.1315394799,0.1195178183,0.1024252162,0.05404216648,nan,nan,nan,nan,nan,nan,nan,0.05404216648
152280,0.1703559993,0.1699380051,0.1686782006,0.1665582937,0.1635446663,0.1595830374,0.1545882727,0.1484248422,0.1408674436,0.131508056,0.1194911002,0.1024047223,0.05403841183,nan,nan,nan,nan,nan,nan,nan,0.05403841183
152340,0.1703075894,0.1698897927,0.1686305813,0.1665116662,0.1634994352,0.1595396177,0.1545470969,0.1483863736,0.1408322002,0.1314766609,0.119464406,0.1023842461,0.05403466261,nan,nan,nan,nan,nan,nan,nan,0.05403466261
152400,0.1702592267,0.1698416271,0.1685830082,0.1664650838,0.1634542477,0.1594962394,0.1545059602,0.1483479411,0.1407969895,0.1314452944,0.1194377357,0.1023637877,0.0540309188,nan,nan,nan,nan,nan,nan,nan,0.0540309188
152460,0.170210911,0.1697935083,0.1685354812,0.1664185464,0.1634091036,0.1594529027,0.1544648625,0.1483095448,0.1407618115,0.1314139565,0.1194110892,0.1023433471,0.05402718039,nan,nan,nan,nan,nan,nan,nan,0.05402718039
152520,0.1701626422,0.1697454363,0.1684880003,0.166372054,0.1633640029,0.1594096073,0.1544238037,0.1482711844,0.140726666,0.1313826472,0.1193844664,0.1023229241,0.05402344738,nan,nan,nan,nan,nan,nan,nan,0.05402344738
152580,0.1701144203,0.1696974109,0.1684405654,0.1663256064,0.1633189455,0.1593663533,0.1543827838,0.14823286,0.1406915531,0.1313513664,0.1193578674,0.1023025188,0.05401971975,nan,nan,nan,nan,nan,nan,nan,0.05401971975
152640,0.1700662451,0.1696494321,0.1683931763,0.1662792037,0.1632739314,0.1593231406,0.1543418028,0.1481945716,0.1406564726,0.1313201141,0.1193312921,0.1022821311,0.05401599749,nan,nan,nan,nan,nan,nan,nan,0.05401599749
152700,0.1700181168,0.1696014998,0.1683458332,0.1662328457,0.1632289606,0.1592799691,0.1543008605,0.148156319,0.1406214246,0.1312888902,0.1193047405,0.1022617611,0.05401228059,nan,nan,nan,nan,nan,nan,nan,0.05401228059
152760,0.169970035,0.1695536139,0.1682985358,0.1661865323,0.1631840328,0.1592368387,0.154259957,0.1481181022,0.140586409,0.1312576947,0.1192782125,0.1022414087,0.05400856904,nan,nan,nan,nan,nan,nan,nan,0.05400856904
152820,0.1699219999,0.1695057744,0.1682512841,0.1661402637,0.1631391482,0.1591937494,0.1542190921,0.1480799212,0.1405514258,0.1312265276,0.1192517081,0.1022210739,0.05400486283,nan,nan,nan,nan,nan,nan,nan,0.05400486283
152880,0.1698740113,0.1694579812,0.1682040781,0.1660940395,0.1630943065,0.1591507012,0.1541782658,0.1480417758,0.1405164748,0.1311953888,0.1192252273,0.1022007566,0.05400116195,nan,nan,nan,nan,nan,nan,nan,0.05400116195
152940,0.1698260691,0.1694102342,0.1681569176,0.1660478598,0.1630495078,0.159107694,0.1541374781,0.1480036662,0.1404815561,0.1311642783,0.11919877,0.1021804568,0.05399746639,nan,nan,nan,nan,nan,nan,nan,0.05399746639
153000,0.1697781734,0.1693625334,0.1681098027,0.1660017246,0.163004752,0.1590647276,0.1540967288,0.1479655921,0.1404466697,0.131133196,0.1191723363,0.1021601746,0.05399377614,nan,nan,nan,nan,nan,nan,nan,0.05399377614
153060,0.1697303239,0.1693148787,0.1680627332,0.1659556337,0.1629600391,0.1590218022,0.1540560181,0.1479275536,0.1404118154,0.1311021419,0.119145926,0.1021399098,0.05399009119,nan,nan,nan,nan,nan,nan,nan,0.05399009119
153120,0.1696825207,0.1692672701,0.168015709,0.1659095871,0.1629153688,0.1589789175,0.1540153456,0.1478895506,0.1403769932,0.131071116,0.1191195391,0.1021196625,0.05398641154,nan,nan,nan,nan,nan,nan,nan,0.05398641154
153180,0.1696347637,0.1692197074,0.1679687302,0.1658635847,0.1628707413,0.1589360735,0.1539747116,0.1478515831,0.1403422031,0.1310401182,0.1190931757,0.1020994327,0.05398273716,nan,nan,nan,nan,nan,nan,nan,0.05398273716
153240,0.1695870527,0.1691721905,0.1679217966,0.1658176265,0.1628261564,0.1588932703,0.1539341157,0.1478136509,0.140307445,0.1310091485,0.1190668357,0.1020792202,0.05397906805,nan,nan,nan,nan,nan,nan,nan,0.05397906805
153300,0.1695393878,0.1691247195,0.1678749082,0.1657717124,0.1627816141,0.1588505076,0.1538935581,0.1477757541,0.1402727189,0.1309782068,0.119040519,0.1020590252,0.0539754042,nan,nan,nan,nan,nan,nan,nan,0.0539754042
153360,0.1694917689,0.1690772943,0.1678280649,0.1657258422,0.1627371143,0.1588077855,0.1538530387,0.1477378926,0.1402380247,0.1309472931,0.1190142256,0.1020388475,0.05397174559,nan,nan,nan,nan,nan,nan,nan,0.05397174559
153420,0.1694441959,0.1690299147,0.1677812667,0.1656800161,0.162692657,0.1587651039,0.1538125573,0.1477000664,0.1402033624,0.1309164074,0.1189879555,0.1020186871,0.05396809223,nan,nan,nan,nan,nan,nan,nan,0.05396809223
153480,0.1693966687,0.1689825808,0.1677345134,0.1656342338,0.162648242,0.1587224628,0.1537721141,0.1476622753,0.140168732,0.1308855496,0.1189617086,0.1019985441,0.0539644441,nan,nan,nan,nan,nan,nan,nan,0.0539644441
153540,0.1693491873,0.1689352924,0.167687805,0.1655884954,0.1626038693,0.158679862,0.1537317088,0.1476245194,0.1401341334,0.1308547197,0.118935485,0.1019784184,0.05396080118,nan,nan,nan,nan,nan,nan,nan,0.05396080118
153600,0.1693017516,0.1688880495,0.1676411414,0.1655428007,0.162559539,0.1586373015,0.1536913414,0.1475867986,0.1400995665,0.1308239176,0.1189092846,0.1019583099,0.05395716348,nan,nan,nan,nan,nan,nan,nan,0.05395716348
153660,0.1692543615,0.168840852,0.1675945227,0.1654971498,0.1625152508,0.1585947813,0.1536510119,0.1475491128,0.1400650314,0.1307931434,0.1188831073,0.1019382187,0.05395353097,nan,nan,nan,nan,nan,nan,nan,0.05395353097
153720,0.169207017,0.1687936999,0.1675479486,0.1654515424,0.1624710047,0.1585523013,0.1536107203,0.147511462,0.1400305279,0.1307623969,0.1188569531,0.1019181447,0.05394990366,nan,nan,nan,nan,nan,nan,nan,0.05394990366
153780,0.1691597179,0.168746593,0.1675014192,0.1654059787,0.1624268007,0.1585098614,0.1535704664,0.1474738462,0.139996056,0.1307316781,0.118830822,0.1018980879,0.05394628152,nan,nan,nan,nan,nan,nan,nan,0.05394628152
153840,0.1691124643,0.1686995314,0.1674549343,0.1653604584,0.1623826387,0.1584674617,0.1535302502,0.1474362652,0.1399616157,0.130700987,0.118804714,0.1018780483,0.05394266455,nan,nan,nan,nan,nan,nan,nan,0.05394266455
153900,0.1690652561,0.1686525149,0.167408494,0.1653149816,0.1623385187,0.1584251019,0.1534900717,0.1473987191,0.1399272069,0.1306703235,0.118778629,0.1018580258,0.05393905275,nan,nan,nan,nan,nan,nan,nan,0.05393905275
153960,0.1690180932,0.1686055435,0.1673620981,0.1652695482,0.1622944406,0.1583827821,0.1534499308,0.1473612078,0.1398928296,0.1306396877,0.118752567,0.1018380205,0.05393544609,nan,nan,nan,nan,nan,nan,nan,0.05393544609
154020,0.1689709754,0.1685586171,0.1673157466,0.1652241581,0.1622504043,0.1583405023,0.1534098275,0.1473237312,0.1398584837,0.1306090794,0.1187265279,0.1018180323,0.05393184457,nan,nan,nan,nan,nan,nan,nan,0.05393184457
154080,0.1689239029,0.1685117356,0.1672694394,0.1651788112,0.1622064097,0.1582982623,0.1533697616,0.1472862894,0.1398241693,0.1305784987,0.1187005118,0.1017980612,0.05392824819,nan,nan,nan,nan,nan,nan,nan,0.05392824819
154140,0.1688768754,0.1684648991,0.1672231764,0.1651335076,0.1621624569,0.158256062,0.1533297332,0.1472488821,0.1397898862,0.1305479455,0.1186745186,0.1017781071,0.05392465692,nan,nan,nan,nan,nan,nan,nan,0.05392465692
154200,0.168829893,0.1684181073,0.1671769576,0.165088247,0.1621185457,0.1582139015,0.1532897422,0.1472115095,0.1397556344,0.1305174197,0.1186485482,0.1017581701,0.05392107077,nan,nan,nan,nan,nan,nan,nan,0.05392107077
154260,0.1687829555,0.1683713603,0.167130783,0.1650430295,0.1620746761,0.1581717807,0.1532497885,0.1471741714,0.1397214138,0.1304869213,0.1186226007,0.1017382501,0.05391748971,nan,nan,nan,nan,nan,nan,nan,0.05391748971
154320,0.1687360629,0.168324658,0.1670846524,0.164997855,0.162030848,0.1581296995,0.1532098721,0.1471368677,0.1396872245,0.1304564503,0.118596676,0.1017183471,0.05391391375,nan,nan,nan,nan,nan,nan,nan,0.05391391375
154380,0.1686892152,0.1682780003,0.1670385657,0.1649527235,0.1619870614,0.1580876579,0.153169993,0.1470995986,0.1396530663,0.1304260066,0.118570774,0.101698461,0.05391034287,nan,nan,nan,nan,nan,nan,nan,0.05391034287
154440,0.1686424122,0.1682313872,0.166992523,0.1649076348,0.1619433162,0.1580456557,0.153130151,0.1470623638,0.1396189393,0.1303955903,0.1185448948,0.1016785919,0.05390677706,nan,nan,nan,nan,nan,nan,nan,0.05390677706
154500,0.1685956539,0.1681848185,0.1669465242,0.1648625889,0.1618996123,0.1580036931,0.1530903461,0.1470251634,0.1395848433,0.1303652012,0.1185190383,0.1016587398,0.05390321632,nan,nan,nan,nan,nan,nan,nan,0.05390321632
154560,0.1685489402,0.1681382943,0.1669005691,0.1648175858,0.1618559497,0.1579617698,0.1530505783,0.1469879972,0.1395507784,0.1303348393,0.1184932045,0.1016389045,0.05389966062,nan,nan,nan,nan,nan,nan,nan,0.05389966062
154620,0.1685022711,0.1680918144,0.1668546578,0.1647726254,0.1618123283,0.1579198858,0.1530108475,0.1469508653,0.1395167445,0.1303045046,0.1184673933,0.1016190861,0.05389610997,nan,nan,nan,nan,nan,nan,nan,0.05389610997
154680,0.1684556465,0.1680453788,0.1668087902,0.1647277076,0.161768748,0.1578780411,0.1529711537,0.1469137676,0.1394827415,0.1302741971,0.1184416048,0.1015992846,0.05389256436,nan,nan,nan,nan,nan,nan,nan,0.05389256436
154740,0.1684090664,0.1679989874,0.1667629661,0.1646828323,0.1617252089,0.1578362356,0.1529314967,0.1468767041,0.1394487695,0.1302439166,0.1184158388,0.1015794999,0.05388902377,nan,nan,nan,nan,nan,nan,nan,0.05388902377
154800,0.1683625306,0.1679526402,0.1667171856,0.1646379995,0.1616817108,0.1577944693,0.1528918767,0.1468396746,0.1394148283,0.1302136633,0.1183900954,0.101559732,0.05388548819,nan,nan,nan,nan,nan,nan,nan,0.05388548819
154860,0.1683160391,0.1679063371,0.1666714485,0.1645932092,0.1616382537,0.1577527421,0.1528522934,0.1468026792,0.1393809179,0.130183437,0.1183643745,0.1015399809,0.05388195762,nan,nan,nan,nan,nan,nan,nan,0.05388195762
154920,0.1682695918,0.167860078,0.1666257549,0.1645484612,0.1615948375,0.157711054,0.1528127469,0.1467657178,0.1393470383,0.1301532376,0.1183386761,0.1015202466,0.05387843205,nan,nan,nan,nan,nan,nan,nan,0.05387843205
154980,0.1682231887,0.1678138629,0.1665801046,0.1645037556,0.1615514622,0.1576694048,0.152773237,0.1467287904,0.1393131894,0.1301230653,0.1183130001,0.101500529,0.05387491146,nan,nan,nan,nan,nan,nan,nan,0.05387491146
155040,0.1681768297,0.1677676917,0.1665344976,0.1644590922,0.1615081277,0.1576277946,0.1527337638,0.1466918968,0.1392793713,0.1300929198,0.1182873466,0.1014808282,0.05387139585,nan,nan,nan,nan,nan,nan,nan,0.05387139585
155100,0.1681305148,0.1677215643,0.1664889338,0.164414471,0.1614648339,0.1575862232,0.1526943272,0.1466550372,0.1392455837,0.1300628012,0.1182617155,0.101461144,0.05386788521,nan,nan,nan,nan,nan,nan,nan,0.05386788521
155160,0.1680842439,0.1676754807,0.1664434132,0.1643698919,0.1614215808,0.1575446907,0.1526549272,0.1466182113,0.1392118268,0.1300327095,0.1182361067,0.1014414766,0.05386437952,nan,nan,nan,nan,nan,nan,nan,0.05386437952
155220,0.1680380168,0.1676294408,0.1663979356,0.1643253549,0.1613783683,0.1575031969,0.1526155636,0.1465814192,0.1391781004,0.1300026446,0.1182105203,0.1014218257,0.05386087879,nan,nan,nan,nan,nan,nan,nan,0.05386087879
155280,0.1679918336,0.1675834446,0.1663525011,0.1642808599,0.1613351964,0.1574617418,0.1525762365,0.1465446608,0.1391444046,0.1299726064,0.1181849562,0.1014021916,0.05385738299,nan,nan,nan,nan,nan,nan,nan,0.05385738299
155340,0.1679456942,0.1675374919,0.1663071096,0.1642364068,0.161292065,0.1574203254,0.1525369457,0.146507936,0.1391107392,0.129942595,0.1181594144,0.101382574,0.05385389213,nan,nan,nan,nan,nan,nan,nan,0.05385389213
155400,0.1678995986,0.1674915828,0.1662617609,0.1641919956,0.161248974,0.1573789476,0.1524976912,0.1464712449,0.1390771042,0.1299126103,0.1181338948,0.101362973,0.05385040618,nan,nan,nan,nan,nan,nan,nan,0.05385040618
155460,0.1678535465,0.1674457171,0.1662164551,0.1641476262,0.1612059234,0.1573376084,0.1524584731,0.1464345874,0.1390434997,0.1298826522,0.1181083974,0.1013433886,0.05384692515,nan,nan,nan,nan,nan,nan,nan,0.05384692515
155520,0.1678075381,0.1673998948,0.1661711921,0.1641032986,0.1611629132,0.1572963076,0.1524192911,0.1463979633,0.1390099254,0.1298527208,0.1180829223,0.1013238207,0.05384344902,nan,nan,nan,nan,nan,nan,nan,0.05384344902
155580,0.1677615732,0.1673541158,0.1661259718,0.1640590127,0.1611199432,0.1572550453,0.1523801454,0.1463613728,0.1389763815,0.129822816,0.1180574692,0.1013042694,0.05383997778,nan,nan,nan,nan,nan,nan,nan,0.05383997778
155640,0.1677156518,0.1673083801,0.1660807942,0.1640147684,0.1610770135,0.1572138213,0.1523410357,0.1463248156,0.1389428679,0.1297929377,0.1180320383,0.1012847345,0.05383651143,nan,nan,nan,nan,nan,nan,nan,0.05383651143
155700,0.1676697738,0.1672626876,0.1660356591,0.1639705657,0.1610341238,0.1571726357,0.1523019621,0.1462882919,0.1389093844,0.1297630859,0.1180066295,0.1012652162,0.05383304995,nan,nan,nan,nan,nan,nan,nan,0.05383304995
155760,0.1676239391,0.1672170382,0.1659905666,0.1639264046,0.1609912743,0.1571314883,0.1522629246,0.1462518015,0.1388759312,0.1297332606,0.1179812428,0.1012457143,0.05382959334,nan,nan,nan,nan,nan,nan,nan,0.05382959334
155820,0.1675781477,0.1671714319,0.1659455165,0.1638822848,0.1609484649,0.1570903791,0.152223923,0.1462153443,0.138842508,0.1297034617,0.1179558781,0.1012262288,0.05382614159,nan,nan,nan,nan,nan,nan,nan,0.05382614159
155880,0.1675323995,0.1671258686,0.1659005089,0.1638382065,0.1609056954,0.1570493081,0.1521849573,0.1461789204,0.138809115,0.1296736892,0.1179305354,0.1012067597,0.05382269468,nan,nan,nan,nan,nan,nan,nan,0.05382269468
155940,0.1674866945,0.1670803483,0.1658555436,0.1637941695,0.1608629658,0.1570082752,0.1521460274,0.1461425297,0.138775752,0.1296439431,0.1179052146,0.1011873071,0.05381925261,nan,nan,nan,nan,nan,nan,nan,0.05381925261
156000,0.1674410325,0.1670348709,0.1658106206,0.1637501738,0.1608202761,0.1569672803,0.1521071334,0.1461061721,0.138742419,0.1296142233,0.1178799159,0.1011678708,0.05381581538,nan,nan,nan,nan,nan,nan,nan,0.05381581538
156060,0.1673954136,0.1669894362,0.1657657398,0.1637062193,0.1607776262,0.1569263234,0.1520682752,0.1460698476,0.138709116,0.1295845298,0.117854639,0.1011484508,0.05381238296,nan,nan,nan,nan,nan,nan,nan,0.05381238296
156120,0.1673498376,0.1669440444,0.1657209011,0.163662306,0.1607350161,0.1568854045,0.1520294526,0.1460335562,0.1386758429,0.1295548626,0.117829384,0.1011290472,0.05380895535,nan,nan,nan,nan,nan,nan,nan,0.05380895535
156180,0.1673043046,0.1668986952,0.1656761046,0.1636184337,0.1606924456,0.1568445234,0.1519906657,0.1459972978,0.1386425996,0.1295252215,0.1178041509,0.1011096599,0.05380553255,nan,nan,nan,nan,nan,nan,nan,0.05380553255
156240,0.1672588144,0.1668533887,0.1656313501,0.1635746025,0.1606499148,0.1568036802,0.1519519144,0.1459610723,0.1386093862,0.1294956067,0.1177789396,0.1010902888,0.05380211453,nan,nan,nan,nan,nan,nan,nan,0.05380211453
156300,0.1672133669,0.1668081248,0.1655866376,0.1635308123,0.1606074236,0.1567628748,0.1519131987,0.1459248797,0.1385762026,0.129466018,0.11775375,0.1010709341,0.05379870131,nan,nan,nan,nan,nan,nan,nan,0.05379870131
156360,0.1671679622,0.1667629034,0.165541967,0.163487063,0.1605649719,0.156722107,0.1518745185,0.14588872,0.1385430488,0.1294364554,0.1177285823,0.1010515955,0.05379529286,nan,nan,nan,nan,nan,nan,nan,0.05379529286
156420,0.1671226001,0.1667177244,0.1654973382,0.1634433546,0.1605225596,0.156681377,0.1518358737,0.1458525931,0.1385099247,0.1294069189,0.1177034363,0.1010322732,0.05379188917,nan,nan,nan,nan,nan,nan,nan,0.05379188917
156480,0.1670772807,0.1666725878,0.1654527513,0.1633996869,0.1604801868,0.1566406845,0.1517972644,0.145816499,0.1384768302,0.1293774085,0.117678312,0.1010129671,0.05378849025,nan,nan,nan,nan,nan,nan,nan,0.05378849025
156540,0.1670320037,0.1666274936,0.1654082061,0.16335606,0.1604378533,0.1566000296,0.1517586904,0.1457804376,0.1384437654,0.129347924,0.1176532094,0.1009936772,0.05378509607,nan,nan,nan,nan,nan,nan,nan,0.05378509607
156600,0.1669867692,0.1665824416,0.1653637025,0.1633124738,0.1603955591,0.1565594122,0.1517201517,0.1457444089,0.1384107301,0.1293184655,0.1176281284,0.1009744034,0.05378170663,nan,nan,nan,nan,nan,nan,nan,0.05378170663
156660,0.1669415772,0.1665374319,0.1653192406,0.1632689282,0.1603533042,0.1565188323,0.1516816482,0.1457084128,0.1383777245,0.1292890329,0.117603069,0.1009551457,0.05377832192,nan,nan,nan,nan,nan,nan,nan,0.05377832192
156720,0.1668964274,0.1664924642,0.1652748202,0.1632254232,0.1603110884,0.1564782898,0.15164318,0.1456724493,0.1383447483,0.1292596263,0.1175780313,0.1009359042,0.05377494194,nan,nan,nan,nan,nan,nan,nan,0.05377494194
156780,0.16685132,0.1664475387,0.1652304414,0.1631819587,0.1602689118,0.1564377846,0.1516047469,0.1456365184,0.1383118015,0.1292302455,0.117553015,0.1009166787,0.05377156667,nan,nan,nan,nan,nan,nan,nan,0.05377156667
156840,0.1668062548,0.1664026552,0.1651861039,0.1631385347,0.1602267742,0.1563973167,0.1515663489,0.1456006199,0.1382788842,0.1292008905,0.1175280204,0.1008974694,0.0537681961,nan,nan,nan,nan,nan,nan,nan,0.0537681961
156900,0.1667612317,0.1663578137,0.1651418079,0.163095151,0.1601846756,0.156356886,0.151527986,0.1455647539,0.1382459963,0.1291715613,0.1175030472,0.100878276,0.05376483023,nan,nan,nan,nan,nan,nan,nan,0.05376483023
156960,0.1667162507,0.166313014,0.1650975531,0.1630518077,0.160142616,0.1563164925,0.151489658,0.1455289202,0.1382131378,0.1291422578,0.1174780955,0.1008590987,0.05376146905,nan,nan,nan,nan,nan,nan,nan,0.05376146905
157020,0.1666713118,0.1662682562,0.1650533396,0.1630085046,0.1601005953,0.1562761362,0.1514513651,0.145493119,0.1381803085,0.1291129801,0.1174531652,0.1008399374,0.05375811254,nan,nan,nan,nan,nan,nan,nan,0.05375811254
157080,0.1666264149,0.1662235402,0.1650091674,0.1629652418,0.1600586135,0.1562358169,0.151413107,0.14545735,0.1381475085,0.1290837281,0.1174282564,0.1008207921,0.05375476071,nan,nan,nan,nan,nan,nan,nan,0.05375476071
157140,0.1665815599,0.1661788659,0.1649650362,0.1629220191,0.1600166704,0.1561955346,0.1513748838,0.1454216133,0.1381147377,0.1290545017,0.1174033689,0.1008016628,0.05375141354,nan,nan,nan,nan,nan,nan,nan,0.05375141354
157200,0.1665367467,0.1661342333,0.1649209461,0.1628788365,0.1599747661,0.1561552894,0.1513366954,0.1453859089,0.1380819961,0.1290253009,0.1173785028,0.1007825493,0.05374807101,nan,nan,nan,nan,nan,nan,nan,0.05374807101
157260,0.1664919753,0.1660896423,0.1648768971,0.162835694,0.1599329005,0.156115081,0.1512985417,0.1453502366,0.1380492836,0.1289961257,0.1173536581,0.1007634519,0.05374473314,nan,nan,nan,nan,nan,nan,nan,0.05374473314
157320,0.1664472457,0.1660450928,0.164832889,0.1627925915,0.1598910735,0.1560749095,0.1512604228,0.1453145964,0.1380166002,0.128966976,0.1173288346,0.1007443703,0.05374139989,nan,nan,nan,nan,nan,nan,nan,0.05374139989
157380,0.1664025578,0.1660005849,0.1647889218,0.1627495289,0.159849285,0.1560347749,0.1512223385,0.1452789883,0.1379839459,0.1289378518,0.1173040324,0.1007253046,0.05373807128,nan,nan,nan,nan,nan,nan,nan,0.05373807128
157440,0.1663579114,0.1659561183,0.1647449954,0.1627065061,0.1598075351,0.155994677,0.1511842889,0.1452434123,0.1379513206,0.1289087531,0.1172792514,0.1007062547,0.05373474728,nan,nan,nan,nan,nan,nan,nan,0.05373474728
157500,0.1663133066,0.1659116931,0.1647011099,0.1626635232,0.1597658236,0.1559546158,0.1511462738,0.1452078682,0.1379187243,0.1288796799,0.1172544917,0.1006872207,0.05373142789,nan,nan,nan,nan,nan,nan,nan,0.05373142789
157560,0.1662687434,0.1658673092,0.164657265,0.16262058,0.1597241506,0.1559145912,0.1511082932,0.1451723561,0.1378861569,0.128850632,0.1172297531,0.1006682025,0.05372811311,nan,nan,nan,nan,nan,nan,nan,0.05372811311
157620,0.1662242215,0.1658229665,0.1646134609,0.1625776766,0.1596825159,0.1558746033,0.151070347,0.145136876,0.1378536184,0.1288216095,0.1172050357,0.1006492001,0.05372480291,nan,nan,nan,nan,nan,nan,nan,0.05372480291
157680,0.1661797411,0.1657786651,0.1645696973,0.1625348128,0.1596409194,0.1558346519,0.1510324353,0.1451014276,0.1378211087,0.1287926124,0.1171803394,0.1006302135,0.0537214973,nan,nan,nan,nan,nan,nan,nan,0.0537214973
157740,0.1661353019,0.1657344047,0.1645259743,0.1624919886,0.1595993613,0.1557947371,0.150994558,0.1450660111,0.1377886279,0.1287636405,0.1171556643,0.1006112427,0.05371819627,nan,nan,nan,nan,nan,nan,nan,0.05371819627
157800,0.1660909041,0.1656901855,0.1644822918,0.1624492039,0.1595578413,0.1557548587,0.150956715,0.1450306264,0.1377561759,0.128734694,0.1171310102,0.1005922875,0.0537148998,nan,nan,nan,nan,nan,nan,nan,0.0537148998
157860,0.1660465474,0.1656460072,0.1644386497,0.1624064587,0.1595163594,0.1557150166,0.1509189062,0.1449952734,0.1377237526,0.1287057726,0.1171063771,0.1005733481,0.05371160789,nan,nan,nan,nan,nan,nan,nan,0.05371160789
157920,0.1660022318,0.1656018699,0.164395048,0.1623637529,0.1594749157,0.155675211,0.1508811317,0.144959952,0.137691358,0.1286768764,0.1170817651,0.1005544244,0.05370832053,nan,nan,nan,nan,nan,nan,nan,0.05370832053
157980,0.1659579574,0.1655577735,0.1643514866,0.1623210865,0.1594335099,0.1556354416,0.1508433913,0.1449246624,0.137658992,0.1286480054,0.117057174,0.1005355163,0.05370503771,nan,nan,nan,nan,nan,nan,nan,0.05370503771
158040,0.165913724,0.1655137179,0.1643079655,0.1622784593,0.1593921421,0.1555957085,0.1508056851,0.1448894043,0.1376266547,0.1286191595,0.1170326039,0.100516624,0.05370175943,nan,nan,nan,nan,nan,nan,nan,0.05370175943
158100,0.1658695315,0.1654697031,0.1642644845,0.1622358715,0.1593508123,0.1555560116,0.150768013,0.1448541777,0.1375943459,0.1285903388,0.1170080547,0.1004977472,0.05369848567,nan,nan,nan,nan,nan,nan,nan,0.05369848567
158160,0.16582538,0.165425729,0.1642210438,0.1621933228,0.1593095203,0.1555163508,0.1507303748,0.1448189827,0.1375620657,0.128561543,0.1169835265,0.100478886,0.05369521643,nan,nan,nan,nan,nan,nan,nan,0.05369521643
158220,0.1657812693,0.1653817956,0.1641776431,0.1621508133,0.1592682661,0.1554767261,0.1506927707,0.1447838191,0.137529814,0.1285327723,0.1169590191,0.1004600405,0.05369195169,nan,nan,nan,nan,nan,nan,nan,0.05369195169
158280,0.1657371993,0.1653379028,0.1641342824,0.1621083428,0.1592270496,0.1554371374,0.1506552005,0.144748687,0.1374975907,0.1285040266,0.1169345325,0.1004412105,0.05368869146,nan,nan,nan,nan,nan,nan,nan,0.05368869146
158340,0.1656931702,0.1652940505,0.1640909617,0.1620659114,0.1591858709,0.1553975848,0.1506176642,0.1447135862,0.1374653959,0.1284753058,0.1169100668,0.1004223961,0.05368543572,nan,nan,nan,nan,nan,nan,nan,0.05368543572
158400,0.1656491816,0.1652502387,0.164047681,0.162023519,0.1591447298,0.1553580681,0.1505801617,0.1446785168,0.1374332295,0.12844661,0.1168856219,0.1004035972,0.05368218446,nan,nan,nan,nan,nan,nan,nan,0.05368218446
158460,0.1656052338,0.1652064673,0.1640044401,0.1619811654,0.1591036263,0.1553185872,0.1505426931,0.1446434786,0.1374010914,0.128417939,0.1168611977,0.1003848138,0.05367893767,nan,nan,nan,nan,nan,nan,nan,0.05367893767
158520,0.1655613264,0.1651627363,0.163961239,0.1619388508,0.1590625604,0.1552791423,0.1505052581,0.1446084717,0.1373689816,0.1283892929,0.1168367943,0.1003660459,0.05367569536,nan,nan,nan,nan,nan,nan,nan,0.05367569536
158580,0.1655174596,0.1651190456,0.1639180777,0.1618965749,0.1590215319,0.1552397331,0.1504678569,0.144573496,0.1373369,0.1283606717,0.1168124115,0.1003472934,0.0536724575,nan,nan,nan,nan,nan,nan,nan,0.0536724575
158640,0.1654736332,0.1650753952,0.163874956,0.1618543378,0.1589805409,0.1552003596,0.1504304893,0.1445385514,0.1373048467,0.1283320752,0.1167880495,0.1003285564,0.05366922409,nan,nan,nan,nan,nan,nan,nan,0.05366922409
158700,0.1654298472,0.165031785,0.163831874,0.1618121394,0.1589395873,0.1551610218,0.1503931553,0.144503638,0.1372728216,0.1283035034,0.1167637081,0.1003098349,0.05366599513,nan,nan,nan,nan,nan,nan,nan,0.05366599513
158760,0.1653861015,0.1649882149,0.1637888315,0.1617699797,0.158898671,0.1551217197,0.1503558549,0.1444687557,0.1372408246,0.1282749564,0.1167393873,0.1002911287,0.05366277059,nan,nan,nan,nan,nan,nan,nan,0.05366277059
158820,0.1653423961,0.1649446849,0.1637458286,0.1617278585,0.1588577919,0.1550824531,0.150318588,0.1444339043,0.1372088558,0.1282464341,0.1167150872,0.100272438,0.05365955049,nan,nan,nan,nan,nan,nan,nan,0.05365955049
158880,0.1652987309,0.1649011949,0.1637028652,0.1616857759,0.1588169501,0.1550432221,0.1502813546,0.144399084,0.137176915,0.1282179364,0.1166908076,0.1002537626,0.0536563348,nan,nan,nan,nan,nan,nan,nan,0.0536563348
158940,0.1652551058,0.1648577448,0.1636599411,0.1616437317,0.1587761455,0.1550040266,0.1502441545,0.1443642946,0.1371450022,0.1281894633,0.1166665485,0.1002351026,0.05365312353,nan,nan,nan,nan,nan,nan,nan,0.05365312353
159000,0.1652115209,0.1648143347,0.1636170564,0.161601726,0.158735378,0.1549648665,0.1502069879,0.1443295361,0.1371131174,0.1281610148,0.11664231,0.1002164578,0.05364991665,nan,nan,nan,nan,nan,nan,nan,0.05364991665
159060,0.165167976,0.1647709645,0.1635742111,0.1615597586,0.1586946475,0.1549257418,0.1501698545,0.1442948084,0.1370812606,0.1281325909,0.1166180919,0.1001978284,0.05364671417,nan,nan,nan,nan,nan,nan,nan,0.05364671417
159120,0.1651244711,0.164727634,0.1635314049,0.1615178295,0.1586539541,0.1548866525,0.1501327545,0.1442601116,0.1370494318,0.1281041915,0.1165938943,0.1001792143,0.05364351607,nan,nan,nan,nan,nan,nan,nan,0.05364351607
159180,0.1650810061,0.1646843433,0.163488638,0.1614759387,0.1586132976,0.1548475984,0.1500956877,0.1442254456,0.1370176308,0.1280758166,0.1165697171,0.1001606155,0.05364032236,nan,nan,nan,nan,nan,nan,nan,0.05364032236
159240,0.165037581,0.1646410923,0.1634459101,0.1614340862,0.1585726781,0.1548085796,0.150058654,0.1441908102,0.1369858576,0.1280474661,0.1165455604,0.1001420319,0.05363713301,nan,nan,nan,nan,nan,nan,nan,0.05363713301
159300,0.1649941957,0.1645978809,0.1634032214,0.1613922717,0.1585320954,0.154769596,0.1500216535,0.1441562056,0.1369541122,0.1280191401,0.116521424,0.1001234636,0.05363394802,nan,nan,nan,nan,nan,nan,nan,0.05363394802
159360,0.1649508501,0.1645547091,0.1633605717,0.1613504954,0.1584915495,0.1547306475,0.1499846861,0.1441216316,0.1369223946,0.1279908384,0.116497308,0.1001049104,0.05363076739,nan,nan,nan,nan,nan,nan,nan,0.05363076739
159420,0.1649075443,0.1645115768,0.1633179609,0.1613087571,0.1584510403,0.1546917341,0.1499477518,0.1440870882,0.1368907048,0.1279625611,0.1164732123,0.1000863725,0.0536275911,nan,nan,nan,nan,nan,nan,nan,0.0536275911
159480,0.1648642781,0.1644684839,0.163275389,0.1612670568,0.1584105679,0.1546528557,0.1499108504,0.1440525754,0.1368590426,0.1279343081,0.1164491369,0.1000678497,0.05362441915,nan,nan,nan,nan,nan,nan,nan,0.05362441915
159540,0.1648210515,0.1644254305,0.1632328561,0.1612253945,0.1583701321,0.1546140123,0.149873982,0.1440180931,0.1368274081,0.1279060794,0.1164250818,0.100049342,0.05362125153,nan,nan,nan,nan,nan,nan,nan,0.05362125153
159600,0.1647778644,0.1643824164,0.1631903619,0.16118377,0.158329733,0.1545752039,0.1498371465,0.1439836412,0.1367958012,0.127877875,0.1164010469,0.1000308496,0.05361808823,nan,nan,nan,nan,nan,nan,nan,0.05361808823
159660,0.1647347168,0.1643394416,0.1631479064,0.1611421834,0.1582893703,0.1545364304,0.1498003439,0.1439492198,0.1367642218,0.1278496948,0.1163770322,0.1000123722,0.05361492925,nan,nan,nan,nan,nan,nan,nan,0.05361492925
159720,0.1646916086,0.1642965061,0.1631054897,0.1611006345,0.1582490442,0.1544976917,0.149763574,0.1439148288,0.1367326701,0.1278215387,0.1163530378,0.09999390988,0.05361177457,nan,nan,nan,nan,nan,nan,nan,0.05361177457
159780,0.1646485398,0.1642536097,0.1630631115,0.1610591234,0.1582087545,0.1544589878,0.149726837,0.1438804682,0.1367011458,0.1277934069,0.1163290634,0.09997546266,0.05360862419,nan,nan,nan,nan,nan,nan,nan,0.05360862419
159840,0.1646055103,0.1642107525,0.163020772,0.1610176499,0.1581685013,0.1544203187,0.1496901327,0.1438461378,0.1366696489,0.1277652991,0.1163051093,0.0999570305,0.05360547811,nan,nan,nan,nan,nan,nan,nan,0.05360547811
159900,0.16456252,0.1641679343,0.162978471,0.1609762141,0.1581282843,0.1543816843,0.1496534611,0.1438118378,0.1366381795,0.1277372155,0.1162811752,0.09993861337,0.0536023363,nan,nan,nan,nan,nan,nan,nan,0.0536023363
159960,0.164519569,0.1641251552,0.1629362085,0.1609348158,0.1580881037,0.1543430845,0.1496168221,0.1437775679,0.1366067375,0.1277091559,0.1162572612,0.09992021126,0.05359919877,nan,nan,nan,nan,nan,nan,nan,0.05359919877
160020,0.1644766571,0.164082415,0.1628939844,0.1608934551,0.1580479593,0.1543045194,0.1495802157,0.1437433283,0.1365753229,0.1276811203,0.1162333673,0.09990182414,0.05359606551,nan,nan,nan,nan,nan,nan,nan,0.05359606551
160080,0.1644337843,0.1640397137,0.1628517986,0.1608521318,0.1580078511,0.1542659888,0.1495436418,0.1437091187,0.1365439355,0.1276531088,0.1162094934,0.099883452,0.0535929365,nan,nan,nan,nan,nan,nan,nan,0.0535929365
160140,0.1643909505,0.1639970513,0.1628096512,0.1608108459,0.157967779,0.1542274927,0.1495071004,0.1436749393,0.1365125755,0.1276251212,0.1161856396,0.09986509482,0.05358981175,nan,nan,nan,nan,nan,nan,nan,0.05358981175
160200,0.1643481557,0.1639544277,0.162767542,0.1607695974,0.157927743,0.154189031,0.1494705915,0.14364079,0.1364812427,0.1275971575,0.1161618057,0.09984675258,0.05358669124,nan,nan,nan,nan,nan,nan,nan,0.05358669124
160260,0.1643053998,0.1639118428,0.162725471,0.1607283861,0.1578877431,0.1541506038,0.1494341151,0.1436066706,0.1364499371,0.1275692177,0.1161379917,0.09982842526,0.05358357497,nan,nan,nan,nan,nan,nan,nan,0.05358357497
160320,0.1642626828,0.1638692966,0.1626834382,0.1606872122,0.1578477792,0.154112211,0.1493976709,0.1435725812,0.1364186586,0.1275413018,0.1161141977,0.09981011284,0.05358046293,nan,nan,nan,nan,nan,nan,nan,0.05358046293
160380,0.1642200046,0.1638267891,0.1626414435,0.1606460754,0.1578078512,0.1540738524,0.1493612591,0.1435385218,0.1363874073,0.1275134097,0.1160904236,0.09979181529,0.0535773551,nan,nan,nan,nan,nan,nan,nan,0.0535773551
160440,0.1641773652,0.1637843201,0.1625994868,0.1606049758,0.1577679591,0.1540355282,0.1493248796,0.1435044923,0.1363561831,0.1274855415,0.1160666693,0.09977353262,0.05357425149,nan,nan,nan,nan,nan,nan,nan,0.05357425149
160500,0.1641347644,0.1637418897,0.1625575681,0.1605639132,0.1577281028,0.1539972381,0.1492885323,0.1434704926,0.1363249859,0.127457697,0.1160429349,0.09975526478,0.05357115209,nan,nan,nan,nan,nan,nan,nan,0.05357115209
160560,0.1640922024,0.1636994977,0.1625156874,0.1605228877,0.1576882824,0.1539589822,0.1492522172,0.1434365228,0.1362938158,0.1274298762,0.1160192203,0.09973701177,0.05356805688,nan,nan,nan,nan,nan,nan,nan,0.05356805688
160620,0.1640496789,0.1636571441,0.1624738445,0.1604818992,0.1576484976,0.1539207605,0.1492159343,0.1434025827,0.1362626726,0.1274020792,0.1159955256,0.09971877356,0.05356496587,nan,nan,nan,nan,nan,nan,nan,0.05356496587
160680,0.164007194,0.1636148289,0.1624320395,0.1604409477,0.1576087486,0.1538825728,0.1491796834,0.1433686723,0.1362315564,0.1273743058,0.1159718506,0.09970055014,0.05356187904,nan,nan,nan,nan,nan,nan,nan,0.05356187904
160740,0.1639647475,0.1635725521,0.1623902722,0.160400033,0.1575690352,0.1538444192,0.1491434646,0.1433347917,0.1362004671,0.1273465561,0.1159481953,0.09968234148,0.05355879638,nan,nan,nan,nan,nan,nan,nan,0.05355879638
160800,0.1639223395,0.1635303134,0.1623485427,0.1603591552,0.1575293574,0.1538062996,0.1491072778,0.1433009407,0.1361694047,0.12731883,0.1159245597,0.09966414758,0.05355571789,nan,nan,nan,nan,nan,nan,nan,0.05355571789
160860,0.1638799699,0.163488113,0.1623068508,0.1603183142,0.1574897151,0.1537682139,0.149071123,0.1432671193,0.1361383691,0.1272911275,0.1159009439,0.0996459684,0.05355264356,nan,nan,nan,nan,nan,nan,nan,0.05355264356
160920,0.1638376386,0.1634459508,0.1622651966,0.1602775099,0.1574501084,0.1537301621,0.1490350001,0.1432333274,0.1361073603,0.1272634485,0.1158773477,0.09962780393,0.05354957338,nan,nan,nan,nan,nan,nan,nan,0.05354957338
160980,0.1637953455,0.1634038266,0.1622235799,0.1602367422,0.157410537,0.1536921441,0.1489989091,0.1431995651,0.1360763783,0.127235793,0.1158537711,0.09960965416,0.05354650735,nan,nan,nan,nan,nan,nan,nan,0.05354650735
161040,0.1637530907,0.1633617405,0.1621820008,0.1601960112,0.1573710011,0.15365416,0.1489628499,0.1431658323,0.136045423,0.1272081611,0.1158302142,0.09959151906,0.05354344546,nan,nan,nan,nan,nan,nan,nan,0.05354344546
161100,0.1637108741,0.1633196924,0.1621404591,0.1601553168,0.1573315005,0.1536162096,0.1489268225,0.143132129,0.1360144944,0.1271805526,0.1158066768,0.09957339861,0.05354038769,nan,nan,nan,nan,nan,nan,nan,0.05354038769
161160,0.1636686956,0.1632776822,0.1620989548,0.160114659,0.1572920353,0.1535782928,0.1488908269,0.143098455,0.1359835925,0.1271529675,0.115783159,0.0995552928,0.05353733405,nan,nan,nan,nan,nan,nan,nan,0.05353733405
161220,0.1636265551,0.1632357098,0.1620574879,0.1600740376,0.1572526052,0.1535404098,0.1488548629,0.1430648105,0.1359527171,0.1271254058,0.1157596608,0.0995372016,0.05353428453,nan,nan,nan,nan,nan,nan,nan,0.05353428453
161280,0.1635844526,0.1631937754,0.1620160582,0.1600334526,0.1572132104,0.1535025604,0.1488189307,0.1430311952,0.1359218684,0.1270978675,0.1157361821,0.099519125,0.05353123911,nan,nan,nan,nan,nan,nan,nan,0.05353123911
161340,0.1635423881,0.1631518787,0.1619746659,0.159992904,0.1571738507,0.1534647445,0.14878303,0.1429976093,0.1358910462,0.1270703525,0.1157127228,0.09950106298,0.05352819779,nan,nan,nan,nan,nan,nan,nan,0.05352819779
161400,0.1635003615,0.1631100197,0.1619333107,0.1599523917,0.1571345261,0.1534269622,0.1487471609,0.1429640526,0.1358602506,0.1270428608,0.115689283,0.09948301553,0.05352516056,nan,nan,nan,nan,nan,nan,nan,0.05352516056
161460,0.1634583727,0.1630681984,0.1618919927,0.1599119157,0.1570952366,0.1533892133,0.1487113234,0.1429305251,0.1358294814,0.1270153924,0.1156658627,0.09946498261,0.05352212743,nan,nan,nan,nan,nan,nan,nan,0.05352212743
161520,0.1634164218,0.1630264147,0.1618507118,0.159871476,0.1570559821,0.1533514979,0.1486755173,0.1428970268,0.1357987386,0.1269879472,0.1156424617,0.09944696422,0.05351909836,nan,nan,nan,nan,nan,nan,nan,0.05351909836
161580,0.1633745086,0.1629846686,0.1618094679,0.1598310724,0.1570167625,0.1533138158,0.1486397427,0.1428635576,0.1357680223,0.1269605252,0.1156190802,0.09942896033,0.05351607338,nan,nan,nan,nan,nan,nan,nan,0.05351607338
161640,0.163332633,0.16294296,0.161768261,0.159790705,0.1569775778,0.1532761671,0.1486039995,0.1428301175,0.1357373323,0.1269331264,0.115595718,0.09941097093,0.05351305245,nan,nan,nan,nan,nan,nan,nan,0.05351305245
161700,0.1632907951,0.1629012889,0.1617270911,0.1597503736,0.156938428,0.1532385516,0.1485682877,0.1427967065,0.1357066687,0.1269057507,0.1155723751,0.099392996,0.05351003558,nan,nan,nan,nan,nan,nan,nan,0.05351003558
161760,0.1632489948,0.1628596552,0.1616859581,0.1597100782,0.156899313,0.1532009695,0.1485326072,0.1427633244,0.1356760314,0.1268783982,0.1155490515,0.09937503552,0.05350702276,nan,nan,nan,nan,nan,nan,nan,0.05350702276
161820,0.1632072321,0.1628180588,0.1616448619,0.1596698188,0.1568602328,0.1531634205,0.1484969579,0.1427299714,0.1356454203,0.1268510688,0.1155257473,0.09935708947,0.05350401398,nan,nan,nan,nan,nan,nan,nan,0.05350401398
161880,0.1631655068,0.1627764998,0.1616038025,0.1596295954,0.1568211873,0.1531259046,0.1484613399,0.1426966473,0.1356148355,0.1268237624,0.1155024622,0.09933915783,0.05350100924,nan,nan,nan,nan,nan,nan,nan,0.05350100924
161940,0.1631238189,0.162734978,0.1615627798,0.1595894078,0.1567821765,0.1530884219,0.148425753,0.142663352,0.1355842769,0.126796479,0.1154791965,0.09932124059,0.05349800852,nan,nan,nan,nan,nan,nan,nan,0.05349800852
162000,0.1630821684,0.1626934934,0.1615217938,0.1595492561,0.1567432002,0.1530509723,0.1483901974,0.1426300857,0.1355537444,0.1267692186,0.1154559499,0.09930333773,0.05349501182,nan,nan,nan,nan,nan,nan,nan,0.05349501182
162060,0.1630405553,0.162652046,0.1614808445,0.1595091401,0.1567042586,0.1530135556,0.1483546728,0.1425968481,0.1355232381,0.1267419812,0.1154327225,0.09928544922,0.05349201914,nan,nan,nan,nan,nan,nan,nan,0.05349201914
162120,0.1629989794,0.1626106357,0.1614399318,0.1594690599,0.1566653515,0.1529761719,0.1483191793,0.1425636394,0.1354927578,0.1267147667,0.1154095143,0.09926757506,0.05348903046,nan,nan,nan,nan,nan,nan,nan,0.05348903046
162180,0.1629574407,0.1625692624,0.1613990555,0.1594290153,0.1566264788,0.1529388212,0.1482837168,0.1425304593,0.1354623036,0.1266875751,0.1153863252,0.09924971521,0.05348604578,nan,nan,nan,nan,nan,nan,nan,0.05348604578
162240,0.1629159392,0.1625279261,0.1613582158,0.1593890064,0.1565876406,0.1529015033,0.1482482852,0.142497308,0.1354318754,0.1266604064,0.1153631552,0.09923186968,0.05348306509,nan,nan,nan,nan,nan,nan,nan,0.05348306509
162300,0.1628744748,0.1624866268,0.1613174125,0.1593490331,0.1565488368,0.1528642183,0.1482128846,0.1424641853,0.1354014732,0.1266332606,0.1153400043,0.09921403842,0.05348008839,nan,nan,nan,nan,nan,nan,nan,0.05348008839
162360,0.1628330475,0.1624453643,0.1612766456,0.1593090952,0.1565100673,0.1528269661,0.148177515,0.1424310913,0.135371097,0.1266061375,0.1153168724,0.09919622144,0.05347711566,nan,nan,nan,nan,nan,nan,nan,0.05347711566
162420,0.1627916572,0.1624041387,0.161235915,0.1592691929,0.1564713321,0.1527897466,0.1481421761,0.1423980258,0.1353407467,0.1265790373,0.1152937596,0.0991784187,0.05347414691,nan,nan,nan,nan,nan,nan,nan,0.05347414691
162480,0.1627503039,0.1623629499,0.1611952208,0.159229326,0.1564326311,0.1527525598,0.1481068681,0.1423649889,0.1353104223,0.1265519597,0.1152706658,0.0991606302,0.05347118211,nan,nan,nan,nan,nan,nan,nan,0.05347118211
162540,0.1627089875,0.1623217979,0.1611545627,0.1591894945,0.1563939643,0.1527154056,0.1480715908,0.1423319805,0.1352801237,0.126524905,0.115247591,0.09914285591,0.05346822128,nan,nan,nan,nan,nan,nan,nan,0.05346822128
162600,0.1626677079,0.1622806825,0.1611139408,0.1591496983,0.1563553317,0.1526782841,0.1480363443,0.1422990006,0.1352498509,0.1264978729,0.1152245352,0.09912509581,0.05346526439,nan,nan,nan,nan,nan,nan,nan,0.05346526439
162660,0.1626264652,0.1622396038,0.1610733551,0.1591099374,0.1563167332,0.1526411952,0.1480011284,0.1422660491,0.1352196039,0.1264708634,0.1152014983,0.0991073499,0.05346231144,nan,nan,nan,nan,nan,nan,nan,0.05346231144
162720,0.1625852592,0.1621985617,0.1610328054,0.1590702118,0.1562781687,0.1526041388,0.1479659432,0.142233126,0.1351893826,0.1264438766,0.1151784803,0.09908961814,0.05345936243,nan,nan,nan,nan,nan,nan,nan,0.05345936243
162780,0.1625440899,0.1621575561,0.1609922918,0.1590305213,0.1562396382,0.1525671148,0.1479307886,0.1422002312,0.1351591871,0.1264169124,0.1151554811,0.09907190053,0.05345641734,nan,nan,nan,nan,nan,nan,nan,0.05345641734
162840,0.1625029573,0.162116587,0.1609518142,0.158990866,0.1562011417,0.1525301233,0.1478956645,0.1421673648,0.1351290172,0.1263899708,0.1151325009,0.09905419704,0.05345347618,nan,nan,nan,nan,nan,nan,nan,0.05345347618
162900,0.1624618613,0.1620756543,0.1609113725,0.1589512458,0.1561626792,0.1524931642,0.147860571,0.1421345266,0.135098873,0.1263630517,0.1151095395,0.09903650765,0.05345053893,nan,nan,nan,nan,nan,nan,nan,0.05345053893
162960,0.1624208018,0.1620347581,0.1608709667,0.1589116606,0.1561242504,0.1524562374,0.147825508,0.1421017167,0.1350687544,0.1263361551,0.1150865969,0.09901883236,0.05344760559,nan,nan,nan,nan,nan,nan,nan,0.05344760559
163020,0.1623797789,0.1619938982,0.1608305967,0.1588721105,0.1560858555,0.152419343,0.1477904753,0.142068935,0.1350386613,0.126309281,0.1150636731,0.09900117114,0.05344467614,nan,nan,nan,nan,nan,nan,nan,0.05344467614
163080,0.1623387924,0.1619530745,0.1607902626,0.1588325952,0.1560474944,0.1523824808,0.1477554731,0.1420361815,0.1350085938,0.1262824294,0.115040768,0.09898352397,0.05344175059,nan,nan,nan,nan,nan,nan,nan,0.05344175059
163140,0.1622978423,0.1619122871,0.1607499641,0.1587931149,0.156009167,0.1523456508,0.1477205012,0.142003456,0.1349785518,0.1262556002,0.1150178817,0.09896589083,0.05343882893,nan,nan,nan,nan,nan,nan,nan,0.05343882893
163200,0.1622569286,0.1618715359,0.1607097014,0.1587536695,0.1559708733,0.152308853,0.1476855597,0.1419707587,0.1349485353,0.1262287934,0.1149950141,0.09894827171,0.05343591114,nan,nan,nan,nan,nan,nan,nan,0.05343591114
163260,0.1622160512,0.1618308209,0.1606694742,0.1587142588,0.1559326132,0.1522720873,0.1476506484,0.1419380894,0.1349185442,0.126202009,0.1149721653,0.0989306666,0.05343299723,nan,nan,nan,nan,nan,nan,nan,0.05343299723
163320,0.16217521,0.1617901419,0.1606292827,0.1586748829,0.1558943867,0.1522353537,0.1476157673,0.1419054482,0.1348885785,0.1261752469,0.114949335,0.09891307547,0.05343008718,nan,nan,nan,nan,nan,nan,nan,0.05343008718
163380,0.1621344051,0.161749499,0.1605891267,0.1586355417,0.1558561938,0.1521986521,0.1475809165,0.1418728349,0.1348586382,0.1261485071,0.1149265235,0.0988954983,0.05342718099,nan,nan,nan,nan,nan,nan,nan,0.05342718099
163440,0.1620936363,0.161708892,0.1605490063,0.1585962352,0.1558180344,0.1521619825,0.1475460958,0.1418402495,0.1348287233,0.1261217895,0.1149037305,0.09887793508,0.05342427865,nan,nan,nan,nan,nan,nan,nan,0.05342427865
163500,0.1620529036,0.161668321,0.1605089212,0.1585569633,0.1557799084,0.1521253449,0.1475113051,0.1418076921,0.1347988336,0.1260950943,0.1148809561,0.09886038579,0.05342138015,nan,nan,nan,nan,nan,nan,nan,0.05342138015
163560,0.162012207,0.1616277859,0.1604688716,0.1585177259,0.1557418158,0.1520887392,0.1474765446,0.1417751625,0.1347689692,0.1260684212,0.1148582004,0.09884285041,0.0534184855,nan,nan,nan,nan,nan,nan,nan,0.0534184855
163620,0.1619715464,0.1615872867,0.1604288573,0.1584785231,0.1557037566,0.1520521654,0.1474418141,0.1417426608,0.13473913,0.1260417704,0.1148354631,0.09882532893,0.05341559467,nan,nan,nan,nan,nan,nan,nan,0.05341559467
163680,0.1619309217,0.1615468232,0.1603888783,0.1584393548,0.1556657307,0.1520156234,0.1474071136,0.1417101868,0.1347093161,0.1260151417,0.1148127444,0.09880782132,0.05341270767,nan,nan,nan,nan,nan,nan,nan,0.05341270767
163740,0.161890333,0.1615063955,0.1603489346,0.1584002209,0.1556277381,0.1519791131,0.147372443,0.1416777406,0.1346795273,0.1259885351,0.1147900442,0.09879032758,0.05340982449,nan,nan,nan,nan,nan,nan,nan,0.05340982449
163800,0.1618497801,0.1614660035,0.160309026,0.1583611213,0.1555897787,0.1519426347,0.1473378023,0.1416453221,0.1346497636,0.1259619507,0.1147673625,0.09877284768,0.05340694512,nan,nan,nan,nan,nan,nan,nan,0.05340694512
163860,0.161809263,0.1614256471,0.1602691526,0.1583220561,0.1555518525,0.1519061879,0.1473031915,0.1416129313,0.1346200251,0.1259353883,0.1147446992,0.0987553816,0.05340406955,nan,nan,nan,nan,nan,nan,nan,0.05340406955
163920,0.1617687817,0.1613853263,0.1602293144,0.1582830252,0.1555139594,0.1518697727,0.1472686105,0.1415805681,0.1345903116,0.1259088479,0.1147220544,0.09873792934,0.05340119778,nan,nan,nan,nan,nan,nan,nan,0.05340119778
163980,0.1617283361,0.1613450411,0.1601895111,0.1582440285,0.1554760994,0.1518333892,0.1472340593,0.1415482326,0.1345606231,0.1258823296,0.1146994279,0.09872049086,0.0533983298,nan,nan,nan,nan,nan,nan,nan,0.0533983298
164040,0.1616879262,0.1613047914,0.1601497429,0.1582050661,0.1554382725,0.1517970372,0.1471995379,0.1415159246,0.1345309597,0.1258558333,0.1146768199,0.09870306616,0.0533954656,nan,nan,nan,nan,nan,nan,nan,0.0533954656
164100,0.1616475519,0.1612645771,0.1601100097,0.1581661377,0.1554004785,0.1517607168,0.1471650462,0.1414836441,0.1345013212,0.125829359,0.1146542302,0.09868565521,0.05339260518,nan,nan,nan,nan,nan,nan,nan,0.05339260518
164160,0.1616072131,0.1612243982,0.1600703114,0.1581272435,0.1553627176,0.1517244278,0.1471305841,0.1414513911,0.1344717077,0.1258029065,0.1146316588,0.09866825801,0.05338974853,nan,nan,nan,nan,nan,nan,nan,0.05338974853
164220,0.1615669099,0.1611842547,0.1600306479,0.1580883833,0.1553249895,0.1516881703,0.1470961516,0.1414191656,0.1344421191,0.125776476,0.1146091058,0.09865087453,0.05338689565,nan,nan,nan,nan,nan,nan,nan,0.05338689565
164280,0.1615266421,0.1611441465,0.1599910193,0.1580495572,0.1552872943,0.1516519442,0.1470617488,0.1413869676,0.1344125553,0.1257500673,0.114586571,0.09863350475,0.05338404652,nan,nan,nan,nan,nan,nan,nan,0.05338404652
164340,0.1614864098,0.1611040736,0.1599514254,0.158010765,0.1552496319,0.1516157494,0.1470273755,0.1413547969,0.1343830164,0.1257236805,0.1145640545,0.09861614866,0.05338120114,nan,nan,nan,nan,nan,nan,nan,0.05338120114
164400,0.1614462128,0.1610640358,0.1599118663,0.1579720067,0.1552120023,0.151579586,0.1469930317,0.1413226535,0.1343535023,0.1256973156,0.1145415563,0.09859880624,0.05337835951,nan,nan,nan,nan,nan,nan,nan,0.05337835951
164460,0.1614060512,0.1610240333,0.1598723418,0.1579332822,0.1551744055,0.1515434538,0.1469587173,0.1412905375,0.134324013,0.1256709724,0.1145190762,0.09858147748,0.05337552161,nan,nan,nan,nan,nan,nan,nan,0.05337552161
164520,0.1613659248,0.1609840658,0.159832852,0.1578945917,0.1551368413,0.1515073528,0.1469244324,0.1412584487,0.1342945484,0.1256446509,0.1144966144,0.09856416235,0.05337268745,nan,nan,nan,nan,nan,nan,nan,0.05337268745
164580,0.1613258337,0.1609441335,0.1597933968,0.1578559348,0.1550993098,0.1514712831,0.1468901769,0.1412263872,0.1342651086,0.1256183512,0.1144741708,0.09854686085,0.05336985701,nan,nan,nan,nan,nan,nan,nan,0.05336985701
164640,0.1612857778,0.1609042361,0.1597539761,0.1578173118,0.1550618109,0.1514352444,0.1468559508,0.1411943529,0.1342356934,0.1255920733,0.1144517452,0.09852957294,0.05336703029,nan,nan,nan,nan,nan,nan,nan,0.05336703029
164700,0.1612457569,0.1608643737,0.1597145899,0.1577787224,0.1550243445,0.1513992369,0.1468217539,0.1411623457,0.1342063028,0.1255658169,0.1144293379,0.09851229863,0.05336420727,nan,nan,nan,nan,nan,nan,nan,0.05336420727
164760,0.1612057712,0.1608245463,0.1596752381,0.1577401666,0.1549869107,0.1513632605,0.1467875863,0.1411303657,0.1341769369,0.1255395823,0.1144069486,0.09849503788,0.05336138797,nan,nan,nan,nan,nan,nan,nan,0.05336138797
164820,0.1611658205,0.1607847537,0.1596359207,0.1577016444,0.1549495093,0.151327315,0.146753448,0.1410984128,0.1341475955,0.1255133692,0.1143845774,0.09847779068,0.05335857236,nan,nan,nan,nan,nan,nan,nan,0.05335857236
164880,0.1611259048,0.1607449959,0.1595966377,0.1576631558,0.1549121404,0.1512914006,0.1467193388,0.141066487,0.1341182787,0.1254871778,0.1143622242,0.09846055702,0.05335576044,nan,nan,nan,nan,nan,nan,nan,0.05335576044
164940,0.1610860241,0.160705273,0.159557389,0.1576247007,0.1548748038,0.151255517,0.1466852588,0.1410345881,0.1340889864,0.1254610079,0.1143398891,0.09844333688,0.05335295221,nan,nan,nan,nan,nan,nan,nan,0.05335295221
165000,0.1610461782,0.1606655847,0.1595181746,0.1575862791,0.1548374996,0.1512196644,0.1466512079,0.1410027163,0.1340597186,0.1254348596,0.114317572,0.09842613025,0.05335014766,nan,nan,nan,nan,nan,nan,nan,0.05335014766
165060,0.1610063672,0.1606259312,0.1594789943,0.1575478909,0.1548002277,0.1511838426,0.1466171861,0.1409708714,0.1340304752,0.1254087327,0.1142952729,0.09840893709,0.05334734677,nan,nan,nan,nan,nan,nan,nan,0.05334734677
165120,0.160966591,0.1605863123,0.1594398482,0.157509536,0.154762988,0.1511480517,0.1465831934,0.1409390535,0.1340012563,0.1253826274,0.1142729918,0.09839175741,0.05334454956,nan,nan,nan,nan,nan,nan,nan,0.05334454956
165180,0.1609268495,0.160546728,0.1594007363,0.1574712145,0.1547257805,0.1511122915,0.1465492296,0.1409072624,0.1339720617,0.1253565435,0.1142507286,0.09837459118,0.053341756,nan,nan,nan,nan,nan,nan,nan,0.053341756
165240,0.1608871428,0.1605071782,0.1593616584,0.1574329262,0.1546886052,0.151076562,0.1465152948,0.1408754981,0.1339428915,0.125330481,0.1142284833,0.09835743838,0.0533389661,nan,nan,nan,nan,nan,nan,nan,0.0533389661
165300,0.1608474707,0.160467663,0.1593226145,0.1573946712,0.154651462,0.1510408632,0.1464813889,0.1408437607,0.1339137457,0.1253044399,0.1142062559,0.098340299,0.05333617984,nan,nan,nan,nan,nan,nan,nan,0.05333617984
165360,0.1608078332,0.1604281822,0.1592836046,0.1573564493,0.1546143509,0.1510051951,0.1464475119,0.1408120501,0.1338846241,0.1252784202,0.1141840464,0.09832317302,0.05333339723,nan,nan,nan,nan,nan,nan,nan,0.05333339723
165420,0.1607682303,0.1603887358,0.1592446287,0.1573182606,0.1545772719,0.1509695576,0.1464136638,0.1407803662,0.1338555268,0.1252524218,0.1141618548,0.09830606043,0.05333061825,nan,nan,nan,nan,nan,nan,nan,0.05333061825
165480,0.1607286619,0.1603493237,0.1592056866,0.1572801051,0.1545402248,0.1509339506,0.1463798444,0.140748709,0.1338264537,0.1252264448,0.114139681,0.09828896121,0.05332784289,nan,nan,nan,nan,nan,nan,nan,0.05332784289
165540,0.160689128,0.160309946,0.1591667784,0.1572419825,0.1545032097,0.1508983742,0.1463460539,0.1407170784,0.1337974048,0.125200489,0.1141175249,0.09827187534,0.05332507116,nan,nan,nan,nan,nan,nan,nan,0.05332507116
165600,0.1606496285,0.1602706026,0.159127904,0.157203893,0.1544662265,0.1508628282,0.146312292,0.1406854745,0.13376838,0.1251745546,0.1140953867,0.09825480281,0.05332230304,nan,nan,nan,nan,nan,nan,nan,0.05332230304
165660,0.1606101634,0.1602312933,0.1590890634,0.1571658364,0.1544292752,0.1508273127,0.1462785589,0.1406538972,0.1337393795,0.1251486413,0.1140732662,0.09823774359,0.05331953853,nan,nan,nan,nan,nan,nan,nan,0.05331953853
165720,0.1605707326,0.1601920183,0.1590502564,0.1571278128,0.1543923556,0.1507918276,0.1462448544,0.1406223465,0.133710403,0.1251227492,0.1140511635,0.09822069768,0.05331677762,nan,nan,nan,nan,nan,nan,nan,0.05331677762
165780,0.1605313361,0.1601527774,0.1590114831,0.157089822,0.1543554679,0.1507563729,0.1462111785,0.1405908223,0.1336814505,0.1250968784,0.1140290785,0.09820366506,0.05331402031,nan,nan,nan,nan,nan,nan,nan,0.05331402031
165840,0.1604919739,0.1601135705,0.1589727434,0.1570518641,0.1543186119,0.1507209484,0.1461775312,0.1405593246,0.1336525222,0.1250710286,0.1140070112,0.0981866457,0.05331126658,nan,nan,nan,nan,nan,nan,nan,0.05331126658
165900,0.1604526458,0.1600743977,0.1589340373,0.157013939,0.1542817876,0.1506855543,0.1461439125,0.1405278534,0.1336236178,0.1250452,0.1139849615,0.0981696396,0.05330851644,nan,nan,nan,nan,nan,nan,nan,0.05330851644
165960,0.1604133519,0.1600352589,0.1588953647,0.1569760466,0.1542449949,0.1506501904,0.1461103222,0.1404964085,0.1335947374,0.1250193925,0.1139629295,0.09815264674,0.05330576988,nan,nan,nan,nan,nan,nan,nan,0.05330576988
166020,0.1603740921,0.1599961541,0.1588567256,0.1569381869,0.1542082339,0.1506148567,0.1460767604,0.1404649901,0.133565881,0.1249936061,0.1139409152,0.0981356671,0.05330302689,nan,nan,nan,nan,nan,nan,nan,0.05330302689
166080,0.1603348663,0.1599570831,0.1588181199,0.1569003599,0.1541715044,0.1505795532,0.1460432271,0.1404335981,0.1335370484,0.1249678407,0.1139189184,0.09811870066,0.05330028746,nan,nan,nan,nan,nan,nan,nan,0.05330028746
166140,0.1602956746,0.159918046,0.1587795477,0.1568625655,0.1541348065,0.1505442798,0.1460097221,0.1404022323,0.1335082398,0.1249420964,0.1138969392,0.09810174741,0.0532975516,nan,nan,nan,nan,nan,nan,nan,0.0532975516
166200,0.1602565168,0.1598790427,0.1587410087,0.1568248036,0.15409814,0.1505090364,0.1459762455,0.1403708929,0.133479455,0.124916373,0.1138749776,0.09808480733,0.05329481928,nan,nan,nan,nan,nan,nan,nan,0.05329481928
166260,0.160217393,0.1598400732,0.1587025031,0.1567870743,0.154061505,0.1504738231,0.1459427972,0.1403395797,0.133450694,0.1248906706,0.1138530335,0.09806788041,0.05329209051,nan,nan,nan,nan,nan,nan,nan,0.05329209051
166320,0.160178303,0.1598011374,0.1586640307,0.1567493775,0.1540249013,0.1504386398,0.1459093772,0.1403082927,0.1334219568,0.1248649891,0.1138311069,0.09805096663,0.05328936528,nan,nan,nan,nan,nan,nan,nan,0.05328936528
166380,0.1601392468,0.1597622353,0.1586255916,0.1567117131,0.1539883291,0.1504034865,0.1458759854,0.1402770319,0.1333932434,0.1248393285,0.1138091978,0.09803406598,0.05328664358,nan,nan,nan,nan,nan,nan,nan,0.05328664358
166440,0.1601002244,0.1597233668,0.1585871856,0.1566740811,0.1539517881,0.1503683631,0.1458426219,0.1402457972,0.1333645537,0.1248136888,0.1137873062,0.09801717843,0.05328392542,nan,nan,nan,nan,nan,nan,nan,0.05328392542
166500,0.1600612358,0.1596845319,0.1585488127,0.1566364815,0.1539152784,0.1503332696,0.1458092865,0.1402145887,0.1333358877,0.12478807,0.1137654321,0.09800030397,0.05328121077,nan,nan,nan,nan,nan,nan,nan,0.05328121077
166560,0.1600222808,0.1596457305,0.1585104729,0.1565989141,0.1538788,0.1502982059,0.1457759792,0.1401834062,0.1333072454,0.124762472,0.1137435754,0.09798344259,0.05327849964,nan,nan,nan,nan,nan,nan,nan,0.05327849964
166620,0.1599833595,0.1596069626,0.1584721661,0.1565613791,0.1538423527,0.150263172,0.1457427,0.1401522498,0.1332786267,0.1247368948,0.1137217361,0.09796659427,0.05327579201,nan,nan,nan,nan,nan,nan,nan,0.05327579201
166680,0.1599444718,0.1595682281,0.1584338923,0.1565238762,0.1538059366,0.1502281679,0.1457094489,0.1401211194,0.1332500316,0.1247113383,0.1136999141,0.09794975899,0.05327308789,nan,nan,nan,nan,nan,nan,nan,0.05327308789
166740,0.1599056177,0.1595295271,0.1583956515,0.1564864055,0.1537695516,0.1501931935,0.1456762258,0.140090015,0.1332214601,0.1246858027,0.1136781096,0.09793293674,0.05327038727,nan,nan,nan,nan,nan,nan,nan,0.05327038727
166800,0.1598667971,0.1594908594,0.1583574436,0.156448967,0.1537331977,0.1501582487,0.1456430307,0.1400589366,0.1331929122,0.1246602877,0.1136563223,0.0979161275,0.05326769014,nan,nan,nan,nan,nan,nan,nan,0.05326769014
166860,0.1598280099,0.1594522251,0.1583192685,0.1564115606,0.1536968748,0.1501233337,0.1456098635,0.140027884,0.1331643878,0.1246347934,0.1136345524,0.09789933125,0.0532649965,nan,nan,nan,nan,nan,nan,nan,0.0532649965
166920,0.1597892562,0.159413624,0.1582811262,0.1563741862,0.1536605829,0.1500884482,0.1455767242,0.1399968573,0.1331358868,0.1246093199,0.1136127998,0.09788254799,0.05326230633,nan,nan,nan,nan,nan,nan,nan,0.05326230633
166980,0.1597505358,0.1593750561,0.1582430168,0.1563368439,0.1536243219,0.1500535923,0.1455436128,0.1399658565,0.1331074093,0.1245838669,0.1135910645,0.09786577769,0.05325961963,nan,nan,nan,nan,nan,nan,nan,0.05325961963
167040,0.1597118488,0.1593365214,0.15820494,0.1562995335,0.1535880918,0.1500187659,0.1455105293,0.1399348815,0.1330789552,0.1245584346,0.1135693464,0.09784902034,0.05325693641,nan,nan,nan,nan,nan,nan,nan,0.05325693641
167100,0.159673195,0.1592980199,0.1581668959,0.156262255,0.1535518926,0.1499839691,0.1454774735,0.1399039323,0.1330505245,0.1245330228,0.1135476455,0.09783227592,0.05325425664,nan,nan,nan,nan,nan,nan,nan,0.05325425664
167160,0.1596345745,0.1592595514,0.1581288845,0.1562250084,0.1535157242,0.1499492016,0.1454444455,0.1398730088,0.1330221172,0.1245076317,0.1135259619,0.09781554441,0.05325158033,nan,nan,nan,nan,nan,nan,nan,0.05325158033
167220,0.1595959872,0.159221116,0.1580909056,0.1561877936,0.1534795866,0.1499144636,0.1454114453,0.139842111,0.1329937332,0.124482261,0.1135042955,0.09779882581,0.05324890747,nan,nan,nan,nan,nan,nan,nan,0.05324890747
167280,0.159557433,0.1591827136,0.1580529593,0.1561506107,0.1534434797,0.1498797549,0.1453784727,0.1398112389,0.1329653726,0.1244569109,0.1134826462,0.09778212009,0.05324623805,nan,nan,nan,nan,nan,nan,nan,0.05324623805
167340,0.159518912,0.1591443441,0.1580150455,0.1561134595,0.1534074035,0.1498450756,0.1453455277,0.1397803924,0.1329370352,0.1244315813,0.113461014,0.09776542724,0.05324357207,nan,nan,nan,nan,nan,nan,nan,0.05324357207
167400,0.159480424,0.1591060076,0.1579771642,0.15607634,0.153371358,0.1498104256,0.1453126104,0.1397495715,0.132908721,0.1244062721,0.113439399,0.09774874725,0.05324090952,nan,nan,nan,nan,nan,nan,nan,0.05324090952
167460,0.1594419691,0.1590677039,0.1579393153,0.1560392522,0.1533353431,0.1497758048,0.1452797207,0.1397187763,0.1328804301,0.1243809833,0.1134178011,0.09773208009,0.05323825039,nan,nan,nan,nan,nan,nan,nan,0.05323825039
167520,0.1594035471,0.1590294331,0.1579014988,0.156002196,0.1532993588,0.1497412133,0.1452468585,0.1396880065,0.1328521623,0.124355715,0.1133962203,0.09771542575,0.05323559469,nan,nan,nan,nan,nan,nan,nan,0.05323559469
167580,0.1593651581,0.1589911951,0.1578637146,0.1559651714,0.153263405,0.1497066509,0.1452140239,0.1396572623,0.1328239177,0.1243304671,0.1133746565,0.09769878422,0.05323294239,nan,nan,nan,nan,nan,nan,nan,0.05323294239
167640,0.1593268019,0.1589529897,0.1578259627,0.1559281783,0.1532274817,0.1496721177,0.1451812166,0.1396265436,0.1327956962,0.1243052395,0.1133531098,0.09768215549,0.05323029351,nan,nan,nan,nan,nan,nan,nan,0.05323029351
167700,0.1592884786,0.1589148171,0.1577882431,0.1558912168,0.1531915888,0.1496376136,0.1451484369,0.1395958503,0.1327674978,0.1242800322,0.1133315801,0.09766553952,0.05322764802,nan,nan,nan,nan,nan,nan,nan,0.05322764802
167760,0.1592501881,0.1588766772,0.1577505556,0.1558542867,0.1531557264,0.1496031385,0.1451156845,0.1395651824,0.1327393225,0.1242548452,0.1133100674,0.09764893632,0.05322500594,nan,nan,nan,nan,nan,nan,nan,0.05322500594
167820,0.1592119304,0.1588385698,0.1577129004,0.155817388,0.1531198943,0.1495686925,0.1450829595,0.1395345399,0.1327111702,0.1242296786,0.1132885717,0.09763234586,0.05322236724,nan,nan,nan,nan,nan,nan,nan,0.05322236724
167880,0.1591737054,0.1588004951,0.1576752772,0.1557805207,0.1530840926,0.1495342754,0.1450502619,0.1395039227,0.1326830409,0.1242045321,0.1132670929,0.09761576813,0.05321973193,nan,nan,nan,nan,nan,nan,nan,0.05321973193
167940,0.159135513,0.1587624528,0.1576376861,0.1557436847,0.1530483212,0.1494998873,0.1450175915,0.1394733308,0.1326549346,0.1241794059,0.113245631,0.09759920311,0.05321709999,nan,nan,nan,nan,nan,nan,nan,0.05321709999
168000,0.1590973533,0.158724443,0.1576001271,0.1557068801,0.15301258,0.1494655281,0.1449849484,0.1394427643,0.1326268513,0.1241542999,0.1132241861,0.09758265079,0.05321447143,nan,nan,nan,nan,nan,nan,nan,0.05321447143
168060,0.1590592262,0.1586864657,0.1575626001,0.1556701067,0.1529768691,0.1494311978,0.1449523325,0.139412223,0.1325987909,0.1241292141,0.1132027581,0.09756611116,0.05321184623,nan,nan,nan,nan,nan,nan,nan,0.05321184623
168120,0.1590211316,0.1586485208,0.157525105,0.1556333645,0.1529411883,0.1493968964,0.1449197438,0.1393817068,0.1325707533,0.1241041484,0.1131813469,0.09754958419,0.0532092244,nan,nan,nan,nan,nan,nan,nan,0.0532092244
168180,0.1589830695,0.1586106082,0.1574876418,0.1555966535,0.1529055377,0.1493626237,0.1448871822,0.1393512159,0.1325427386,0.1240791029,0.1131599526,0.09753306987,0.05320660592,nan,nan,nan,nan,nan,nan,nan,0.05320660592
168240,0.1589450398,0.1585727279,0.1574502105,0.1555599736,0.1528699171,0.1493283798,0.1448546478,0.1393207501,0.1325147468,0.1240540774,0.1131385751,0.09751656819,0.05320399079,nan,nan,nan,nan,nan,nan,nan,0.05320399079
168300,0.1589070426,0.1585348799,0.157412811,0.1555233247,0.1528343266,0.1492941646,0.1448221405,0.1392903095,0.1324867777,0.1240290721,0.1131172144,0.09750007913,0.053201379,nan,nan,nan,nan,nan,nan,nan,0.053201379
168360,0.1588690777,0.1584970641,0.1573754433,0.155486707,0.1527987662,0.1492599781,0.1447896602,0.1392598939,0.1324588314,0.1240040868,0.1130958705,0.09748360267,0.05319877056,nan,nan,nan,nan,nan,nan,nan,0.05319877056
168420,0.1588311452,0.1584592805,0.1573381073,0.1554501202,0.1527632357,0.1492258202,0.1447572069,0.1392295034,0.1324309079,0.1239791215,0.1130745434,0.09746713881,0.05319616544,nan,nan,nan,nan,nan,nan,nan,0.05319616544
168480,0.158793245,0.158421529,0.1573008031,0.1554135645,0.1527277351,0.149191691,0.1447247805,0.1391991379,0.1324030071,0.1239541762,0.113053233,0.09745068752,0.05319356365,nan,nan,nan,nan,nan,nan,nan,0.05319356365
168540,0.158755377,0.1583838097,0.1572635305,0.1553770396,0.1526922645,0.1491575903,0.1446923812,0.1391687974,0.1323751289,0.1239292508,0.1130319393,0.09743424879,0.05319096518,nan,nan,nan,nan,nan,nan,nan,0.05319096518
168600,0.1587175412,0.1583461223,0.1572262895,0.1553405456,0.1526568237,0.1491235182,0.1446600087,0.1391384818,0.1323472734,0.1239043455,0.1130106624,0.09741782261,0.05318837003,nan,nan,nan,nan,nan,nan,nan,0.05318837003
168660,0.1586797375,0.158308467,0.1571890801,0.1553040825,0.1526214127,0.1490894745,0.1446276631,0.1391081912,0.1323194406,0.12387946,0.1129894021,0.09740140895,0.05318577819,nan,nan,nan,nan,nan,nan,nan,0.05318577819
168720,0.158641966,0.1582708437,0.1571519022,0.1552676502,0.1525860315,0.1490554593,0.1445953443,0.1390779254,0.1322916303,0.1238545945,0.1129681585,0.09738500781,0.05318318965,nan,nan,nan,nan,nan,nan,nan,0.05318318965
168780,0.1586042265,0.1582332523,0.1571147558,0.1552312486,0.15255068,0.1490214726,0.1445630524,0.1390476845,0.1322638426,0.1238297488,0.1129469315,0.09736861917,0.0531806044,nan,nan,nan,nan,nan,nan,nan,0.0531806044
168840,0.1585665191,0.1581956927,0.1570776408,0.1551948778,0.1525153583,0.1489875142,0.1445307872,0.1390174685,0.1322360775,0.1238049229,0.1129257211,0.09735224302,0.05317802246,nan,nan,nan,nan,nan,nan,nan,0.05317802246
168900,0.1585288437,0.1581581651,0.1570405573,0.1551585376,0.1524800662,0.1489535842,0.1444985487,0.1389872772,0.1322083348,0.1237801169,0.1129045274,0.09733587933,0.05317544379,nan,nan,nan,nan,nan,nan,nan,0.05317544379
168960,0.1584912002,0.1581206692,0.1570035051,0.1551222281,0.1524448037,0.1489196825,0.144466337,0.1389571107,0.1321806147,0.1237553307,0.1128833502,0.0973195281,0.05317286841,nan,nan,nan,nan,nan,nan,nan,0.05317286841
169020,0.1584535886,0.158083205,0.1569664843,0.1550859492,0.1524095709,0.1488858091,0.1444341519,0.138926969,0.132152917,0.1237305643,0.1128621896,0.0973031893,0.05317029631,nan,nan,nan,nan,nan,nan,nan,0.05317029631
169080,0.1584160088,0.1580457726,0.1569294947,0.1550497008,0.1523743675,0.1488519639,0.1444019934,0.1388968519,0.1321252417,0.1237058176,0.1128410455,0.09728686293,0.05316772747,nan,nan,nan,nan,nan,nan,nan,0.05316772747
169140,0.1583784609,0.1580083719,0.1568925364,0.155013483,0.1523391937,0.1488181469,0.1443698615,0.1388667595,0.1320975888,0.1236810906,0.112819918,0.09727054897,0.0531651619,nan,nan,nan,nan,nan,nan,nan,0.0531651619
169200,0.1583409448,0.1579710028,0.1568556093,0.1549772957,0.1523040494,0.1487843581,0.1443377562,0.1388366918,0.1320699583,0.1236563834,0.1127988069,0.09725424741,0.05316259959,nan,nan,nan,nan,nan,nan,nan,0.05316259959
169260,0.1583034604,0.1579336653,0.1568187133,0.1549411388,0.1522689345,0.1487505974,0.1443056774,0.1388066486,0.1320423502,0.1236316958,0.1127777124,0.09723795822,0.05316004054,nan,nan,nan,nan,nan,nan,nan,0.05316004054
169320,0.1582660077,0.1578963593,0.1567818485,0.1549050123,0.152233849,0.1487168648,0.1442736252,0.13877663,0.1320147643,0.1236070278,0.1127566342,0.0972216814,0.05315748473,nan,nan,nan,nan,nan,nan,nan,0.05315748473
169380,0.1582285866,0.1578590849,0.1567450148,0.1548689161,0.1521987928,0.1486831603,0.1442415993,0.138746636,0.1319872007,0.1235823795,0.1127355726,0.09720541693,0.05315493216,nan,nan,nan,nan,nan,nan,nan,0.05315493216
169440,0.1581911972,0.1578218419,0.156708212,0.1548328503,0.152163766,0.1486494838,0.1442095999,0.1387166665,0.1319596594,0.1235577508,0.1127145273,0.09718916479,0.05315238283,nan,nan,nan,nan,nan,nan,nan,0.05315238283
169500,0.1581538393,0.1577846303,0.1566714403,0.1547968148,0.1521287684,0.1486158353,0.1441776269,0.1386867214,0.1319321403,0.1235331417,0.1126934984,0.09717292497,0.05314983673,nan,nan,nan,nan,nan,nan,nan,0.05314983673
169560,0.158116513,0.1577474502,0.1566346996,0.1547608095,0.1520938001,0.1485822147,0.1441456802,0.1386568008,0.1319046434,0.1235085521,0.1126724859,0.09715669746,0.05314729386,nan,nan,nan,nan,nan,nan,nan,0.05314729386
169620,0.1580792181,0.1577103013,0.1565979897,0.1547248344,0.152058861,0.148548622,0.1441137599,0.1386269046,0.1318771687,0.123483982,0.1126514898,0.09714048224,0.0531447542,nan,nan,nan,nan,nan,nan,nan,0.0531447542
169680,0.1580419547,0.1576731838,0.1565613107,0.1546888895,0.152023951,0.1485150572,0.1440818658,0.1385970329,0.1318497161,0.1234594315,0.11263051,0.09712427929,0.05314221777,nan,nan,nan,nan,nan,nan,nan,0.05314221777
169740,0.1580047227,0.1576360976,0.1565246626,0.1546529747,0.1519890702,0.1484815203,0.144049998,0.1385671854,0.1318222857,0.1234349004,0.1126095465,0.09710808861,0.05313968454,nan,nan,nan,nan,nan,nan,nan,0.05313968454
169800,0.157967522,0.1575990425,0.1564880453,0.1546170899,0.1519542185,0.1484480111,0.1440181564,0.1385373623,0.1317948773,0.1234103888,0.1125885993,0.09709191017,0.05313715451,nan,nan,nan,nan,nan,nan,nan,0.05313715451
169860,0.1579303527,0.1575620186,0.1564514587,0.1545812353,0.1519193958,0.1484145297,0.143986341,0.1385075635,0.131767491,0.1233858966,0.1125676684,0.09707574396,0.05313462769,nan,nan,nan,nan,nan,nan,nan,0.05313462769
169920,0.1578932146,0.1575250259,0.1564149028,0.1545454106,0.1518846021,0.1483810761,0.1439545517,0.1384777889,0.1317401267,0.1233614238,0.1125467537,0.09705958997,0.05313210406,nan,nan,nan,nan,nan,nan,nan,0.05313210406
169980,0.1578561078,0.1574880643,0.1563783776,0.1545096159,0.1518498374,0.1483476501,0.1439227886,0.1384480386,0.1317127845,0.1233369704,0.1125258553,0.09704344818,0.05312958361,nan,nan,nan,nan,nan,nan,nan,0.05312958361
170040,0.1578190322,0.1574511337,0.1563418831,0.1544738512,0.1518151017,0.1483142518,0.1438910516,0.1384183125,0.1316854642,0.1233125363,0.1125049731,0.09702731858,0.05312706635,nan,nan,nan,nan,nan,nan,nan,0.05312706635
170100,0.1577819877,0.1574142342,0.1563054191,0.1544381163,0.1517803948,0.1482808812,0.1438593406,0.1383886105,0.1316581658,0.1232881216,0.1124841071,0.09701120115,0.05312455226,nan,nan,nan,nan,nan,nan,nan,0.05312455226
170160,0.1577449744,0.1573773656,0.1562689857,0.1544024113,0.1517457168,0.1482475381,0.1438276556,0.1383589327,0.1316308894,0.1232637262,0.1124632573,0.09699509589,0.05312204135,nan,nan,nan,nan,nan,nan,nan,0.05312204135
170220,0.1577079922,0.157340528,0.1562325828,0.1543667361,0.1517110677,0.1482142226,0.1437959966,0.138329279,0.1316036348,0.12323935,0.1124424236,0.09697900276,0.0531195336,nan,nan,nan,nan,nan,nan,nan,0.0531195336
170280,0.1576710409,0.1573037212,0.1561962104,0.1543310906,0.1516764473,0.1481809346,0.1437643636,0.1382996493,0.1315764022,0.1232149932,0.1124216061,0.09696292176,0.05311702902,nan,nan,nan,nan,nan,nan,nan,0.05311702902
170340,0.1576341207,0.1572669453,0.1561598684,0.1542954749,0.1516418557,0.148147674,0.1437327564,0.1382700437,0.1315491913,0.1231906556,0.1124008046,0.09694685288,0.05311452759,nan,nan,nan,nan,nan,nan,nan,0.05311452759
170400,0.1575972314,0.1572302003,0.1561235568,0.1542598889,0.1516072928,0.1481144409,0.1437011752,0.1382404622,0.1315220023,0.1231663371,0.1123800193,0.0969307961,0.05311202931,nan,nan,nan,nan,nan,nan,nan,0.05311202931
170460,0.1575603731,0.157193486,0.1560872756,0.1542243326,0.1515727586,0.1480812353,0.1436696198,0.1382109046,0.1314948351,0.1231420379,0.1123592501,0.09691475141,0.05310953417,nan,nan,nan,nan,nan,nan,nan,0.05310953417
170520,0.1575235456,0.1571568024,0.1560510247,0.1541888058,0.151538253,0.148048057,0.1436380903,0.1381813709,0.1314676896,0.1231177578,0.1123384969,0.09689871879,0.05310704217,nan,nan,nan,nan,nan,nan,nan,0.05310704217
170580,0.1574867489,0.1571201495,0.156014804,0.1541533087,0.151503776,0.148014906,0.1436065865,0.1381518612,0.1314405658,0.1230934969,0.1123177597,0.09688269822,0.05310455331,nan,nan,nan,nan,nan,nan,nan,0.05310455331
170640,0.1574499831,0.1570835273,0.1559786136,0.1541178411,0.1514693276,0.1479817824,0.1435751084,0.1381223754,0.1314134637,0.1230692551,0.1122970386,0.0968666897,0.05310206758,nan,nan,nan,nan,nan,nan,nan,0.05310206758
170700,0.157413248,0.1570469357,0.1559424534,0.154082403,0.1514349077,0.147948686,0.1435436561,0.1380929134,0.1313863834,0.1230450324,0.1122763335,0.0968506932,0.05309958497,nan,nan,nan,nan,nan,nan,nan,0.05309958497
170760,0.1573765436,0.1570103747,0.1559063234,0.1540469944,0.1514005163,0.1479156169,0.1435122295,0.1380634753,0.1313593246,0.1230208288,0.1122556443,0.09683470872,0.05309710548,nan,nan,nan,nan,nan,nan,nan,0.05309710548
170820,0.1573398698,0.1569738442,0.1558702235,0.1540116152,0.1513661534,0.1478825749,0.1434808286,0.138034061,0.1313322875,0.1229966442,0.1122349711,0.09681873624,0.0530946291,nan,nan,nan,nan,nan,nan,nan,0.0530946291
170880,0.1573032268,0.1569373442,0.1558341536,0.1539762653,0.1513318188,0.1478495601,0.1434494532,0.1380046705,0.131305272,0.1229724786,0.1122143139,0.09680277575,0.05309215583,nan,nan,nan,nan,nan,nan,nan,0.05309215583
170940,0.1572666143,0.1569008747,0.1557981138,0.1539409449,0.1512975127,0.1478165725,0.1434181035,0.1379753036,0.131278278,0.122948332,0.1121936726,0.09678682722,0.05308968566,nan,nan,nan,nan,nan,nan,nan,0.05308968566
171000,0.1572300323,0.1568644356,0.155762104,0.1539056537,0.1512632349,0.1477836119,0.1433867793,0.1379459606,0.1312513056,0.1229242044,0.1121730471,0.09677089066,0.05308721859,nan,nan,nan,nan,nan,nan,nan,0.05308721859
171060,0.1571934809,0.1568280268,0.1557261242,0.1538703919,0.1512289854,0.1477506785,0.1433554806,0.1379166411,0.1312243547,0.1229000958,0.1121524376,0.09675496603,0.05308475462,nan,nan,nan,nan,nan,nan,nan,0.05308475462
171120,0.15715696,0.1567916484,0.1556901743,0.1538351592,0.1511947642,0.147717772,0.1433242074,0.1378873454,0.1311974252,0.1228760061,0.1121318439,0.09673905334,0.05308229373,nan,nan,nan,nan,nan,nan,nan,0.05308229373
171180,0.1571204695,0.1567553003,0.1556542543,0.1537999558,0.1511605712,0.1476848925,0.1432929597,0.1378580733,0.1311705173,0.1228519353,0.1121112661,0.09672315256,0.05307983592,nan,nan,nan,nan,nan,nan,nan,0.05307983592
171240,0.1570840093,0.1567189825,0.1556183641,0.1537647815,0.1511264065,0.14765204,0.1432617374,0.1378288247,0.1311436307,0.1228278833,0.1120907041,0.09670726368,0.05307738119,nan,nan,nan,nan,nan,nan,nan,0.05307738119
171300,0.1570475796,0.1566826948,0.1555825038,0.1537296364,0.1510922698,0.1476192144,0.1432305405,0.1377995997,0.1311167656,0.1228038503,0.1120701578,0.09669138669,0.05307492953,nan,nan,nan,nan,nan,nan,nan,0.05307492953
171360,0.1570111801,0.1566464374,0.1555466732,0.1536945203,0.1510581614,0.1475864157,0.1431993689,0.1377703983,0.1310899218,0.122779836,0.1120496274,0.09667552156,0.05307248093,nan,nan,nan,nan,nan,nan,nan,0.05307248093
171420,0.156974811,0.1566102101,0.1555108723,0.1536594333,0.151024081,0.1475536439,0.1431682227,0.1377412204,0.1310630994,0.1227558406,0.1120291128,0.0966596683,0.0530700354,nan,nan,nan,nan,nan,nan,nan,0.0530700354
171480,0.1569384721,0.1565740129,0.1554751012,0.1536243753,0.1509900286,0.1475208988,0.1431371018,0.1377120659,0.1310362983,0.122731864,0.1120086139,0.09664382688,0.05306759293,nan,nan,nan,nan,nan,nan,nan,0.05306759293
171540,0.1569021633,0.1565378458,0.1554393597,0.1535893463,0.1509560043,0.1474881806,0.1431060061,0.1376829349,0.1310095185,0.1227079061,0.1119881307,0.09662799729,0.0530651535,nan,nan,nan,nan,nan,nan,nan,0.0530651535
171600,0.1568658848,0.1565017086,0.1554036478,0.1535543462,0.150922008,0.1474554891,0.1430749357,0.1376538273,0.13098276,0.122683967,0.1119676632,0.09661217952,0.05306271712,nan,nan,nan,nan,nan,nan,nan,0.05306271712
171660,0.1568296363,0.1564656015,0.1553679655,0.153519375,0.1508880396,0.1474228243,0.1430438905,0.1376247431,0.1309560227,0.1226600466,0.1119472114,0.09659637355,0.05306028378,nan,nan,nan,nan,nan,nan,nan,0.05306028378
171720,0.156793418,0.1564295243,0.1553323127,0.1534844327,0.1508540991,0.1473901862,0.1430128705,0.1375956822,0.1309293066,0.1226361449,0.1119267753,0.09658057937,0.05305785348,nan,nan,nan,nan,nan,nan,nan,0.05305785348
171780,0.1567572296,0.1563934771,0.1552966894,0.1534495192,0.1508201865,0.1473575748,0.1429818756,0.1375666447,0.1309026117,0.1226122618,0.1119063549,0.09656479696,0.05305542621,nan,nan,nan,nan,nan,nan,nan,0.05305542621
171840,0.1567210713,0.1563574597,0.1552610956,0.1534146345,0.1507863018,0.14732499,0.1429509057,0.1375376304,0.130875938,0.1225883974,0.11188595,0.09654902631,0.05305300196,nan,nan,nan,nan,nan,nan,nan,0.05305300196
171900,0.156684943,0.1563214721,0.1552255313,0.1533797785,0.1507524448,0.1472924317,0.142919961,0.1375086394,0.1308492855,0.1225645517,0.1118655608,0.09653326741,0.05305058073,nan,nan,nan,nan,nan,nan,nan,0.05305058073
171960,0.1566488446,0.1562855143,0.1551899963,0.1533449513,0.1507186156,0.1472599,0.1428890413,0.1374796717,0.130822654,0.1225407245,0.1118451872,0.09651752024,0.05304816252,nan,nan,nan,nan,nan,nan,nan,0.05304816252
172020,0.156612776,0.1562495863,0.1551544906,0.1533101527,0.1506848142,0.1472273948,0.1428581466,0.1374507272,0.1307960436,0.1225169159,0.1118248292,0.09650178478,0.05304574732,nan,nan,nan,nan,nan,nan,nan,0.05304574732
172080,0.1565767374,0.156213688,0.1551190143,0.1532753828,0.1506510404,0.1471949161,0.1428272769,0.1374218058,0.1307694543,0.1224931259,0.1118044867,0.09648606104,0.05304333513,nan,nan,nan,nan,nan,nan,nan,0.05304333513
172140,0.1565407285,0.1561778194,0.1550835673,0.1532406414,0.1506172943,0.1471624638,0.1427964322,0.1373929076,0.130742886,0.1224693544,0.1117841598,0.09647034898,0.05304092593,nan,nan,nan,nan,nan,nan,nan,0.05304092593
172200,0.1565047494,0.1561419804,0.1550481495,0.1532059287,0.1505835759,0.147130038,0.1427656123,0.1373640326,0.1307163387,0.1224456015,0.1117638484,0.0964546486,0.05303851973,nan,nan,nan,nan,nan,nan,nan,0.05303851973
172260,0.1564688,0.156106171,0.1550127609,0.1531712445,0.150549885,0.1470976385,0.1427348174,0.1373351806,0.1306898124,0.122421867,0.1117435525,0.09643895989,0.05303611652,nan,nan,nan,nan,nan,nan,nan,0.05303611652
172320,0.1564328804,0.1560703912,0.1549774014,0.1531365888,0.1505162217,0.1470652654,0.1427040473,0.1373063517,0.1306633071,0.122398151,0.111723272,0.09642328282,0.0530337163,nan,nan,nan,nan,nan,nan,nan,0.0530337163
172380,0.1563969904,0.1560346409,0.1549420711,0.1531019615,0.1504825859,0.1470329186,0.142673302,0.1372775458,0.1306368227,0.1223744534,0.1117030071,0.09640761739,0.05303131906,nan,nan,nan,nan,nan,nan,nan,0.05303131906
172440,0.15636113,0.1559989201,0.1549067699,0.1530673626,0.1504489776,0.147000598,0.1426425815,0.1372487629,0.1306103591,0.1223507743,0.1116827575,0.09639196358,0.05302892479,nan,nan,nan,nan,nan,nan,nan,0.05302892479
172500,0.1563252992,0.1559632287,0.1548714977,0.1530327922,0.1504153967,0.1469683037,0.1426118857,0.137220003,0.1305839165,0.1223271135,0.1116625234,0.09637632139,0.05302653349,nan,nan,nan,nan,nan,nan,nan,0.05302653349
172560,0.156289498,0.1559275668,0.1548362546,0.1529982501,0.1503818433,0.1469360356,0.1425812147,0.1371912661,0.1305574947,0.1223034712,0.1116423047,0.09636069078,0.05302414516,nan,nan,nan,nan,nan,nan,nan,0.05302414516
172620,0.1562537262,0.1558919342,0.1548010404,0.1529637363,0.1503483172,0.1469037937,0.1425505684,0.1371625521,0.1305310937,0.1222798471,0.1116221015,0.09634507176,0.05302175979,nan,nan,nan,nan,nan,nan,nan,0.05302175979
172680,0.1562179839,0.1558563309,0.1547658551,0.1529292508,0.1503148185,0.146871578,0.1425199468,0.1371338609,0.1305047136,0.1222562415,0.1116019135,0.0963294643,0.05301937737,nan,nan,nan,nan,nan,nan,nan,0.05301937737
172740,0.1561822711,0.155820757,0.1547306988,0.1528947935,0.1502813471,0.1468393883,0.1424893498,0.1371051927,0.1304783542,0.1222326541,0.111581741,0.0963138684,0.0530169979,nan,nan,nan,nan,nan,nan,nan,0.0530169979
172800,0.1561465876,0.1557852123,0.1546955713,0.1528603644,0.150247903,0.1468072248,0.1424587773,0.1370765472,0.1304520155,0.122209085,0.1115615837,0.09629828404,0.05301462138,nan,nan,nan,nan,nan,nan,nan,0.05301462138
172860,0.1561109335,0.1557496969,0.1546604727,0.1528259635,0.1502144861,0.1467750872,0.1424282295,0.1370479246,0.1304256976,0.1221855342,0.1115414418,0.09628271121,0.05301224781,nan,nan,nan,nan,nan,nan,nan,0.05301224781
172920,0.1560753088,0.1557142106,0.1546254028,0.1527915907,0.1501810964,0.1467429757,0.1423977062,0.1370193248,0.1303994004,0.1221620016,0.1115213152,0.09626714989,0.05300987716,nan,nan,nan,nan,nan,nan,nan,0.05300987716
172980,0.1560397133,0.1556787535,0.1545903617,0.1527572461,0.1501477339,0.1467108902,0.1423672074,0.1369907476,0.1303731238,0.1221384873,0.1115012038,0.09625160007,0.05300750945,nan,nan,nan,nan,nan,nan,nan,0.05300750945
173040,0.156004147,0.1556433255,0.1545553493,0.1527229294,0.1501143986,0.1466788306,0.1423367331,0.1369621933,0.1303468679,0.1221149911,0.1114811077,0.09623606174,0.05300514467,nan,nan,nan,nan,nan,nan,nan,0.05300514467
173100,0.15596861,0.1556079266,0.1545203656,0.1526886409,0.1500810903,0.1466467969,0.1423062832,0.1369336616,0.1303206326,0.1220915131,0.1114610269,0.09622053488,0.0530027828,nan,nan,nan,nan,nan,nan,nan,0.0530027828
173160,0.1559331021,0.1555725567,0.1544854106,0.1526543803,0.1500478091,0.1466147892,0.1422758578,0.1369051525,0.1302944179,0.1220680533,0.1114409613,0.09620501947,0.05300042385,nan,nan,nan,nan,nan,nan,nan,0.05300042385
173220,0.1558976233,0.1555372158,0.1544504841,0.1526201476,0.150014555,0.1465828072,0.1422454567,0.1368766662,0.1302682238,0.1220446116,0.1114209109,0.09618951552,0.05299806782,nan,nan,nan,nan,nan,nan,nan,0.05299806782
173280,0.1558621737,0.1555019039,0.1544155862,0.1525859429,0.1499813278,0.1465508511,0.14221508,0.1368482024,0.1302420502,0.122021188,0.1114008756,0.096174023,0.05299571469,nan,nan,nan,nan,nan,nan,nan,0.05299571469
173340,0.1558267531,0.1554666208,0.1543807169,0.152551766,0.1499481277,0.1465189207,0.1421847276,0.1368197612,0.1302158971,0.1219977825,0.1113808556,0.0961585419,0.05299336446,nan,nan,nan,nan,nan,nan,nan,0.05299336446
173400,0.1557913615,0.1554313667,0.154345876,0.152517617,0.1499149544,0.1464870162,0.1421543995,0.1367913425,0.1301897645,0.1219743951,0.1113608507,0.0961430722,0.05299101713,nan,nan,nan,nan,nan,nan,nan,0.05299101713
173460,0.1557559989,0.1553961415,0.1543110637,0.1524834959,0.149881808,0.1464551373,0.1421240957,0.1367629464,0.1301636524,0.1219510257,0.1113408609,0.09612761389,0.0529886727,nan,nan,nan,nan,nan,nan,nan,0.0529886727
173520,0.1557206652,0.155360945,0.1542762797,0.1524494024,0.1498486886,0.1464232841,0.1420938161,0.1367345727,0.1301375607,0.1219276743,0.1113208862,0.09611216697,0.05298633115,nan,nan,nan,nan,nan,nan,nan,0.05298633115
173580,0.1556853605,0.1553257774,0.1542415241,0.1524153368,0.1498155959,0.1463914566,0.1420635608,0.1367062216,0.1301114895,0.121904341,0.1113009267,0.09609673141,0.05298399248,nan,nan,nan,nan,nan,nan,nan,0.05298399248
173640,0.1556500846,0.1552906384,0.1542067969,0.1523812988,0.14978253,0.1463596547,0.1420333295,0.1366778928,0.1300854386,0.1218810256,0.1112809822,0.09608130721,0.05298165669,nan,nan,nan,nan,nan,nan,nan,0.05298165669
173700,0.1556148376,0.1552555282,0.154172098,0.1523472885,0.1497494909,0.1463278783,0.1420031225,0.1366495865,0.1300594081,0.1218577281,0.1112610528,0.09606589434,0.05297932378,nan,nan,nan,nan,nan,nan,nan,0.05297932378
173760,0.1555796193,0.1552204467,0.1541374274,0.1523133059,0.1497164786,0.1462961276,0.1419729395,0.1366213026,0.1300333979,0.1218344486,0.1112411384,0.0960504928,0.05297699373,nan,nan,nan,nan,nan,nan,nan,0.05297699373
173820,0.1555444299,0.1551853938,0.1541027851,0.1522793508,0.1496834929,0.1462644023,0.1419427807,0.136593041,0.1300074081,0.1218111871,0.111221239,0.09603510257,0.05297466655,nan,nan,nan,nan,nan,nan,nan,0.05297466655
173880,0.1555092691,0.1551503694,0.1540681709,0.1522454233,0.1496505339,0.1462327026,0.1419126458,0.1365648018,0.1299814386,0.1217879434,0.1112013547,0.09601972365,0.05297234223,nan,nan,nan,nan,nan,nan,nan,0.05297234223
173940,0.155474137,0.1551153737,0.1540335849,0.1522115234,0.1496176015,0.1462010283,0.1418825351,0.1365365848,0.1299554893,0.1217647175,0.1111814853,0.09600435601,0.05297002076,nan,nan,nan,nan,nan,nan,nan,0.05297002076
174000,0.1554390336,0.1550804064,0.1539990271,0.1521776509,0.1495846957,0.1461693795,0.1418524483,0.1365083901,0.1299295602,0.1217415095,0.1111616309,0.09598899964,0.05296770214,nan,nan,nan,nan,nan,nan,nan,0.05296770214
174060,0.1554039588,0.1550454677,0.1539644974,0.1521438059,0.1495518165,0.146137756,0.1418223854,0.1364802177,0.1299036514,0.1217183194,0.1111417915,0.09597365453,0.05296538637,nan,nan,nan,nan,nan,nan,nan,0.05296538637
174120,0.1553689126,0.1550105574,0.1539299957,0.1521099883,0.1495189638,0.1461061579,0.1417923465,0.1364520675,0.1298777628,0.121695147,0.111121967,0.09595832068,0.05296307344,nan,nan,nan,nan,nan,nan,nan,0.05296307344
174180,0.1553338949,0.1549756755,0.153895522,0.1520761982,0.1494861376,0.1460745851,0.1417623315,0.1364239395,0.1298518943,0.1216719925,0.1111021574,0.09594299805,0.05296076334,nan,nan,nan,nan,nan,nan,nan,0.05296076334
174240,0.1552989058,0.154940822,0.1538610764,0.1520424353,0.1494533378,0.1460430377,0.1417323404,0.1363958336,0.129826046,0.1216488557,0.1110823627,0.09592768665,0.05295845607,nan,nan,nan,nan,nan,nan,nan,0.05295845607
174300,0.1552639451,0.1549059968,0.1538266587,0.1520086998,0.1494205645,0.1460115155,0.1417023731,0.1363677499,0.1298002178,0.1216257366,0.1110625829,0.09591238646,0.05295615163,nan,nan,nan,nan,nan,nan,nan,0.05295615163
174360,0.1552290128,0.1548712,0.153792269,0.1519749916,0.1493878175,0.1459800185,0.1416724296,0.1363396882,0.1297744097,0.1216026352,0.111042818,0.09589709746,0.05295385001,nan,nan,nan,nan,nan,nan,nan,0.05295385001
174420,0.1551941089,0.1548364314,0.1537579071,0.1519413107,0.149355097,0.1459485468,0.14164251,0.1363116487,0.1297486216,0.1215795516,0.1110230679,0.09588181964,0.05295155121,nan,nan,nan,nan,nan,nan,nan,0.05295155121
174480,0.1551592334,0.1548016911,0.1537235731,0.1519076569,0.1493224027,0.1459171002,0.141612614,0.1362836312,0.1297228536,0.1215564856,0.1110033327,0.09586655299,0.05294925522,nan,nan,nan,nan,nan,nan,nan,0.05294925522
174540,0.1551243862,0.1547669789,0.1536892669,0.1518740304,0.1492897348,0.1458856788,0.1415827418,0.1362556358,0.1296971057,0.1215334373,0.1109836122,0.0958512975,0.05294696204,nan,nan,nan,nan,nan,nan,nan,0.05294696204
174600,0.1550895673,0.1547322949,0.1536549885,0.151840431,0.1492570931,0.1458542825,0.1415528933,0.1362276623,0.1296713777,0.1215104066,0.1109639065,0.09583605315,0.05294467167,nan,nan,nan,nan,nan,nan,nan,0.05294467167
174660,0.1550547767,0.1546976391,0.1536207378,0.1518068587,0.1492244776,0.1458229112,0.1415230685,0.1361997108,0.1296456697,0.1214873935,0.1109442157,0.09582081993,0.05294238409,nan,nan,nan,nan,nan,nan,nan,0.05294238409
174720,0.1550200143,0.1546630113,0.1535865149,0.1517733135,0.1491918884,0.1457915651,0.1414932673,0.1361717813,0.1296199816,0.121464398,0.1109245395,0.09580559783,0.0529400993,nan,nan,nan,nan,nan,nan,nan,0.0529400993
174780,0.1549852801,0.1546284116,0.1535523196,0.1517397953,0.1491593253,0.1457602439,0.1414634897,0.1361438736,0.1295943134,0.1214414201,0.1109048782,0.09579038684,0.05293781731,nan,nan,nan,nan,nan,nan,nan,0.05293781731
174840,0.154950574,0.1545938399,0.153518152,0.1517063042,0.1491267883,0.1457289477,0.1414337357,0.1361159879,0.1295686652,0.1214184597,0.1108852315,0.09577518693,0.0529355381,nan,nan,nan,nan,nan,nan,nan,0.0529355381
174900,0.154915896,0.1545592962,0.153484012,0.15167284,0.1490942774,0.1456976765,0.1414040052,0.136088124,0.1295430368,0.1213955168,0.1108655996,0.09575999811,0.05293326167,nan,nan,nan,nan,nan,nan,nan,0.05293326167
174960,0.1548812461,0.1545247805,0.1534498995,0.1516394028,0.1490617926,0.1456664302,0.1413742982,0.136060282,0.1295174283,0.1213725915,0.1108459823,0.09574482035,0.05293098801,nan,nan,nan,nan,nan,nan,nan,0.05293098801
175020,0.1548466243,0.1544902927,0.1534158146,0.1516059925,0.1490293339,0.1456352088,0.1413446148,0.1360324618,0.1294918396,0.1213496836,0.1108263797,0.09572965365,0.05292871713,nan,nan,nan,nan,nan,nan,nan,0.05292871713
175080,0.1548120304,0.1544558327,0.1533817573,0.1515726091,0.1489969011,0.1456040122,0.1413149548,0.1360046633,0.1294662707,0.1213267932,0.1108067918,0.09571449798,0.05292644901,nan,nan,nan,nan,nan,nan,nan,0.05292644901
175140,0.1547774645,0.1544214006,0.1533477273,0.1515392525,0.1489644943,0.1455728405,0.1412853182,0.1359768866,0.1294407216,0.1213039202,0.1107872185,0.09569935334,0.05292418366,nan,nan,nan,nan,nan,nan,nan,0.05292418366
175200,0.1547429266,0.1543869963,0.1533137248,0.1515059227,0.1489321134,0.1455416936,0.1412557051,0.1359491317,0.1294151922,0.1212810647,0.1107676598,0.09568421972,0.05292192106,nan,nan,nan,nan,nan,nan,nan,0.05292192106
175260,0.1547084165,0.1543526198,0.1532797498,0.1514726197,0.1488997584,0.1455105715,0.1412261153,0.1359213984,0.1293896826,0.1212582266,0.1107481157,0.0956690971,0.05291966122,nan,nan,nan,nan,nan,nan,nan,0.05291966122
175320,0.1546739344,0.154318271,0.153245802,0.1514393435,0.1488674293,0.1454794741,0.1411965488,0.1358936868,0.1293641926,0.1212354058,0.1107285862,0.09565398547,0.05291740412,nan,nan,nan,nan,nan,nan,nan,0.05291740412
175380,0.15463948,0.1542839499,0.1532118817,0.1514060939,0.148835126,0.1454484014,0.1411670057,0.1358659969,0.1293387224,0.1212126024,0.1107090713,0.09563888482,0.05291514977,nan,nan,nan,nan,nan,nan,nan,0.05291514977
175440,0.1546050535,0.1542496565,0.1531779886,0.1513728711,0.1488028486,0.1454173534,0.1411374859,0.1358383286,0.1293132718,0.1211898163,0.1106895709,0.09562379513,0.05291289816,nan,nan,nan,nan,nan,nan,nan,0.05291289816
175500,0.1545706547,0.1542153908,0.1531441228,0.1513396749,0.1487705969,0.14538633,0.1411079893,0.1358106819,0.1292878408,0.1211670476,0.1106700851,0.0956087164,0.05291064929,nan,nan,nan,nan,nan,nan,nan,0.05291064929
175560,0.1545362836,0.1541811526,0.1531102842,0.1513065053,0.1487383709,0.1453553312,0.1410785159,0.1357830567,0.1292624294,0.1211442961,0.1106506137,0.0955936486,0.05290840314,nan,nan,nan,nan,nan,nan,nan,0.05290840314
175620,0.1545019402,0.154146942,0.1530764728,0.1512733622,0.1487061707,0.1453243571,0.1410490658,0.1357554531,0.1292370377,0.121121562,0.1106311569,0.09557859173,0.05290615972,nan,nan,nan,nan,nan,nan,nan,0.05290615972
175680,0.1544676245,0.1541127589,0.1530426885,0.1512402457,0.1486739961,0.1452934074,0.1410196388,0.1357278711,0.1292116654,0.121098845,0.1106117145,0.09556354577,0.05290391902,nan,nan,nan,nan,nan,nan,nan,0.05290391902
175740,0.1544333364,0.1540786034,0.1530089314,0.1512071558,0.1486418472,0.1452624824,0.140990235,0.1357003105,0.1291863128,0.1210761453,0.1105922867,0.09554851071,0.05290168104,nan,nan,nan,nan,nan,nan,nan,0.05290168104
175800,0.1543990759,0.1540444753,0.1529752014,0.1511740923,0.1486097239,0.1452315818,0.1409608543,0.1356727713,0.1291609796,0.1210534629,0.1105728732,0.09553348655,0.05289944578,nan,nan,nan,nan,nan,nan,nan,0.05289944578
175860,0.1543648429,0.1540103746,0.1529414985,0.1511410552,0.1485776261,0.1452007056,0.1409314967,0.1356452537,0.1291356659,0.1210307976,0.1105534742,0.09551847326,0.05289721322,nan,nan,nan,nan,nan,nan,nan,0.05289721322
175920,0.1543306375,0.1539763013,0.1529078225,0.1511080446,0.1485455539,0.1451698539,0.1409021621,0.1356177574,0.1291103717,0.1210081495,0.1105340896,0.09550347083,0.05289498337,nan,nan,nan,nan,nan,nan,nan,0.05289498337
175980,0.1542964595,0.1539422554,0.1528741736,0.1510750603,0.1485135073,0.1451390266,0.1408728506,0.1355902825,0.129085097,0.1209855185,0.1105147194,0.09548847925,0.05289275621,nan,nan,nan,nan,nan,nan,nan,0.05289275621
176040,0.154262309,0.1539082368,0.1528405516,0.1510421024,0.1484814861,0.1451082237,0.140843562,0.135562829,0.1290598416,0.1209629047,0.1104953636,0.09547349852,0.05289053175,nan,nan,nan,nan,nan,nan,nan,0.05289053175
176100,0.1542281859,0.1538742455,0.1528069566,0.1510091708,0.1484494904,0.1450774451,0.1408142965,0.1355353968,0.1290346057,0.1209403079,0.1104760222,0.09545852861,0.05288830998,nan,nan,nan,nan,nan,nan,nan,0.05288830998
176160,0.1541940901,0.1538402814,0.1527733884,0.1509762655,0.14841752,0.1450466909,0.1407850539,0.1355079859,0.1290093891,0.1209177283,0.1104566951,0.09544356951,0.0528860909,nan,nan,nan,nan,nan,nan,nan,0.0528860909
176220,0.1541600218,0.1538063446,0.1527398471,0.1509433864,0.1483855751,0.1450159609,0.1407558342,0.1354805963,0.1289841919,0.1208951658,0.1104373823,0.09542862121,0.0528838745,nan,nan,nan,nan,nan,nan,nan,0.0528838745
176280,0.1541259807,0.153772435,0.1527063326,0.1509105335,0.1483536556,0.1449852551,0.1407266374,0.1354532279,0.128959014,0.1208726202,0.1104180838,0.09541368371,0.05288166078,nan,nan,nan,nan,nan,nan,nan,0.05288166078
176340,0.1540919669,0.1537385525,0.1526728449,0.1508777068,0.1483217613,0.1449545736,0.1406974634,0.1354258808,0.1289338554,0.1208500918,0.1103987996,0.09539875698,0.05287944973,nan,nan,nan,nan,nan,nan,nan,0.05287944973
176400,0.1540579803,0.1537046971,0.152639384,0.1508449063,0.1482898924,0.1449239163,0.1406683123,0.1353985549,0.1289087161,0.1208275803,0.1103795297,0.09538384102,0.05287724135,nan,nan,nan,nan,nan,nan,nan,0.05287724135
176460,0.154024021,0.1536708689,0.1526059498,0.1508121319,0.1482580487,0.1448932831,0.140639184,0.1353712502,0.128883596,0.1208050858,0.1103602741,0.0953689358,0.05287503564,nan,nan,nan,nan,nan,nan,nan,0.05287503564
176520,0.1539900888,0.1536370676,0.1525725423,0.1507793836,0.1482262303,0.1448626741,0.1406100785,0.1353439666,0.1288584952,0.1207826083,0.1103410327,0.09535404133,0.05287283259,nan,nan,nan,nan,nan,nan,nan,0.05287283259
176580,0.1539561838,0.1536032934,0.1525391614,0.1507466613,0.148194437,0.1448320892,0.1405809957,0.1353167041,0.1288334136,0.1207601477,0.1103218056,0.09533915759,0.05287063219,nan,nan,nan,nan,nan,nan,nan,0.05287063219
176640,0.1539223059,0.1535695462,0.1525058072,0.150713965,0.148162669,0.1448015284,0.1405519356,0.1352894627,0.1288083511,0.1207377041,0.1103025926,0.09532428456,0.05286843444,nan,nan,nan,nan,nan,nan,nan,0.05286843444
176700,0.153888455,0.1535358259,0.1524724795,0.1506812947,0.148130926,0.1447709916,0.1405228983,0.1352622425,0.1287833079,0.1207152773,0.1102833939,0.09530942223,0.05286623935,nan,nan,nan,nan,nan,nan,nan,0.05286623935
176760,0.1538546312,0.1535021326,0.1524391784,0.1506486504,0.1480992082,0.1447404788,0.1404938836,0.1352350432,0.1287582837,0.1206928675,0.1102642093,0.09529457059,0.05286404689,nan,nan,nan,nan,nan,nan,nan,0.05286404689
176820,0.1538208344,0.1534684661,0.1524059039,0.150616032,0.1480675155,0.14470999,0.1404648915,0.135207865,0.1287332787,0.1206704745,0.1102450389,0.09527972964,0.05286185708,nan,nan,nan,nan,nan,nan,nan,0.05286185708
176880,0.1537870645,0.1534348265,0.1523726558,0.1505834395,0.1480358478,0.1446795251,0.1404359221,0.1351807078,0.1287082928,0.1206480983,0.1102258826,0.09526489935,0.0528596699,nan,nan,nan,nan,nan,nan,nan,0.0528596699
176940,0.1537533216,0.1534012137,0.1523394342,0.1505508728,0.1480042051,0.1446490842,0.1404069752,0.1351535716,0.1286833259,0.120625739,0.1102067405,0.09525007971,0.05285748535,nan,nan,nan,nan,nan,nan,nan,0.05285748535
177000,0.1537196056,0.1533676277,0.152306239,0.150518332,0.1479725874,0.1446186672,0.1403780509,0.1351264563,0.1286583781,0.1206033965,0.1101876124,0.09523527072,0.05285530342,nan,nan,nan,nan,nan,nan,nan,0.05285530342
177060,0.1536859165,0.1533340685,0.1522730702,0.150485817,0.1479409946,0.144588274,0.1403491491,0.1350993619,0.1286334494,0.1205810708,0.1101684985,0.09522047235,0.05285312412,nan,nan,nan,nan,nan,nan,nan,0.05285312412
177120,0.1536522542,0.1533005359,0.1522399277,0.1504533277,0.1479094268,0.1445579047,0.1403202698,0.1350722884,0.1286085396,0.1205587619,0.1101493986,0.09520568461,0.05285094744,nan,nan,nan,nan,nan,nan,nan,0.05285094744
177180,0.1536186188,0.1532670301,0.1522068116,0.1504208642,0.1478778839,0.1445275592,0.140291413,0.1350452358,0.1285836488,0.1205364697,0.1101303129,0.09519090746,0.05284877337,nan,nan,nan,nan,nan,nan,nan,0.05284877337
177240,0.15358501,0.1532335509,0.1521737218,0.1503884263,0.1478463658,0.1444972374,0.1402625786,0.1350182041,0.128558777,0.1205141942,0.1101112411,0.09517614092,0.0528466019,nan,nan,nan,nan,nan,nan,nan,0.0528466019
177300,0.1535514281,0.1532000983,0.1521406583,0.1503560142,0.1478148726,0.1444669395,0.1402337667,0.1349911931,0.1285339241,0.1204919354,0.1100921834,0.09516138495,0.05284443305,nan,nan,nan,nan,nan,nan,nan,0.05284443305
177360,0.1535178728,0.1531666723,0.1521076209,0.1503236276,0.1477834041,0.1444366652,0.1402049771,0.134964203,0.1285090901,0.1204696933,0.1100731397,0.09514663956,0.05284226679,nan,nan,nan,nan,nan,nan,nan,0.05284226679
177420,0.1534843442,0.1531332729,0.1520746098,0.1502912667,0.1477519605,0.1444064146,0.1401762099,0.1349372336,0.128484275,0.1204474679,0.11005411,0.09513190472,0.05284010313,nan,nan,nan,nan,nan,nan,nan,0.05284010313
177480,0.1534508422,0.1530998999,0.1520416248,0.1502589313,0.1477205415,0.1443761877,0.1401474651,0.134910285,0.1284594787,0.1204252592,0.1100350943,0.09511718042,0.05283794207,nan,nan,nan,nan,nan,nan,nan,0.05283794207
177540,0.1534173669,0.1530665535,0.152008666,0.1502266215,0.1476891473,0.1443459844,0.1401187425,0.1348833571,0.1284347013,0.120403067,0.1100160925,0.09510246667,0.05283578359,nan,nan,nan,nan,nan,nan,nan,0.05283578359
177600,0.1533839181,0.1530332335,0.1519757333,0.1501943372,0.1476577778,0.1443158048,0.1400900423,0.1348564499,0.1284099428,0.1203808915,0.1099971047,0.09508776343,0.0528336277,nan,nan,nan,nan,nan,nan,nan,0.0528336277
177660,0.1533504959,0.1529999399,0.1519428266,0.1501620783,0.1476264329,0.1442856487,0.1400613643,0.1348295634,0.128385203,0.1203587326,0.1099781308,0.0950730707,0.05283147438,nan,nan,nan,nan,nan,nan,nan,0.05283147438
177720,0.1533171001,0.1529666728,0.151909946,0.1501298449,0.1475951126,0.1442555161,0.1400327085,0.1348026975,0.128360482,0.1203365902,0.1099591709,0.09505838847,0.05282932365,nan,nan,nan,nan,nan,nan,nan,0.05282932365
177780,0.1532837308,0.152933432,0.1518770913,0.150097637,0.1475638169,0.1442254071,0.1400040749,0.1347758522,0.1283357798,0.1203144644,0.1099402248,0.09504371672,0.05282717548,nan,nan,nan,nan,nan,nan,nan,0.05282717548
177840,0.153250388,0.1529002175,0.1518442627,0.1500654544,0.1475325457,0.1441953215,0.1399754635,0.1347490275,0.1283110962,0.1202923551,0.1099212926,0.09502905545,0.05282502988,nan,nan,nan,nan,nan,nan,nan,0.05282502988
177900,0.1532170716,0.1528670293,0.15181146,0.1500332971,0.1475012991,0.1441652595,0.1399468742,0.1347222234,0.1282864314,0.1202702623,0.1099023743,0.09501440464,0.05282288685,nan,nan,nan,nan,nan,nan,nan,0.05282288685
177960,0.1531837816,0.1528338673,0.1517786832,0.1500011652,0.147470077,0.1441352208,0.1399183071,0.1346954398,0.1282617853,0.120248186,0.1098834698,0.09499976428,0.05282074637,nan,nan,nan,nan,nan,nan,nan,0.05282074637
178020,0.1531505179,0.1528007316,0.1517459322,0.1499690586,0.1474388794,0.1441052056,0.139889762,0.1346686768,0.1282371579,0.1202261262,0.1098645792,0.09498513436,0.05281860845,nan,nan,nan,nan,nan,nan,nan,0.05281860845
178080,0.1531172805,0.1527676221,0.1517132071,0.1499369772,0.1474077062,0.1440752137,0.139861239,0.1346419343,0.1282125491,0.1202040828,0.1098457024,0.09497051487,0.05281647309,nan,nan,nan,nan,nan,nan,nan,0.05281647309
178140,0.1530840694,0.1527345387,0.1516805078,0.149904921,0.1473765573,0.1440452452,0.1398327381,0.1346152122,0.1281879589,0.1201820559,0.1098268394,0.09495590579,0.05281434026,nan,nan,nan,nan,nan,nan,nan,0.05281434026
178200,0.1530508845,0.1527014815,0.1516478343,0.1498728901,0.1473454329,0.1440153,0.1398042591,0.1345885106,0.1281633873,0.1201600454,0.1098079902,0.09494130711,0.05281220999,nan,nan,nan,nan,nan,nan,nan,0.05281220999
178260,0.1530177258,0.1526684503,0.1516151866,0.1498408843,0.1473143328,0.143985378,0.1397758022,0.1345618294,0.1281388342,0.1201380513,0.1097891548,0.09492671883,0.05281008225,nan,nan,nan,nan,nan,nan,nan,0.05281008225
178320,0.1529845934,0.1526354453,0.1515825646,0.1498089036,0.1472832571,0.1439554794,0.1397473672,0.1345351686,0.1281142998,0.1201160735,0.1097703331,0.09491214092,0.05280795704,nan,nan,nan,nan,nan,nan,nan,0.05280795704
178380,0.152951487,0.1526024662,0.1515499682,0.1497769481,0.1472522056,0.143925604,0.1397189541,0.1345085281,0.1280897838,0.1200941121,0.1097515251,0.09489757338,0.05280583437,nan,nan,nan,nan,nan,nan,nan,0.05280583437
178440,0.1529184068,0.1525695132,0.1515173975,0.1497450176,0.1472211784,0.1438957517,0.139690563,0.134481908,0.1280652864,0.1200721671,0.1097327309,0.0948830162,0.05280371422,nan,nan,nan,nan,nan,nan,nan,0.05280371422
178500,0.1528853527,0.1525365861,0.1514848524,0.1497131121,0.1471901754,0.1438659227,0.1396621937,0.1344553083,0.1280408075,0.1200502383,0.1097139504,0.09486846936,0.0528015966,nan,nan,nan,nan,nan,nan,nan,0.0528015966
178560,0.1528523246,0.1525036849,0.1514523329,0.1496812317,0.1471591966,0.1438361168,0.1396338463,0.1344287288,0.128016347,0.1200283259,0.1096951835,0.09485393286,0.05279948149,nan,nan,nan,nan,nan,nan,nan,0.05279948149
178620,0.1528193226,0.1524708097,0.151419839,0.1496493763,0.147128242,0.143806334,0.1396055207,0.1344021696,0.127991905,0.1200064297,0.1096764304,0.09483940667,0.0527973689,nan,nan,nan,nan,nan,nan,nan,0.0527973689
178680,0.1527863465,0.1524379604,0.1513873706,0.1496175458,0.1470973115,0.1437765744,0.1395772169,0.1343756307,0.1279674813,0.1199845498,0.1096576909,0.0948248908,0.05279525882,nan,nan,nan,nan,nan,nan,nan,0.05279525882
178740,0.1527533964,0.1524051368,0.1513549277,0.1495857402,0.1470664051,0.1437468377,0.1395489348,0.134349112,0.1279430761,0.1199626862,0.109638965,0.09481038522,0.05279315124,nan,nan,nan,nan,nan,nan,nan,0.05279315124
178800,0.1527204722,0.1523723391,0.1513225102,0.1495539595,0.1470355228,0.1437171241,0.1395206746,0.1343226135,0.1279186893,0.1199408388,0.1096202528,0.09479588993,0.05279104617,nan,nan,nan,nan,nan,nan,nan,0.05279104617
178860,0.1526875739,0.1523395672,0.1512901182,0.1495222037,0.1470046646,0.1436874336,0.139492436,0.1342961352,0.1278943208,0.1199190075,0.1096015542,0.09478140491,0.0527889436,nan,nan,nan,nan,nan,nan,nan,0.0527889436
178920,0.1526547015,0.152306821,0.1512577516,0.1494904727,0.1469738303,0.143657766,0.1394642191,0.134269677,0.1278699707,0.1198971925,0.1095828692,0.09476693015,0.05278684352,nan,nan,nan,nan,nan,nan,nan,0.05278684352
178980,0.1526218549,0.1522741005,0.1512254104,0.1494587665,0.1469430201,0.1436281213,0.139436024,0.134243239,0.1278456388,0.1198753936,0.1095641978,0.09475246565,0.05278474594,nan,nan,nan,nan,nan,nan,nan,0.05278474594
179040,0.1525890341,0.1522414057,0.1511930945,0.149427085,0.1469122338,0.1435984996,0.1394078504,0.134216821,0.1278213253,0.1198536108,0.1095455399,0.09473801139,0.05278265083,nan,nan,nan,nan,nan,nan,nan,0.05278265083
179100,0.152556239,0.1522087366,0.1511608039,0.1493954283,0.1468814715,0.1435689008,0.1393796985,0.1341904232,0.12779703,0.1198318442,0.1095268956,0.09472356735,0.05278055822,nan,nan,nan,nan,nan,nan,nan,0.05278055822
179160,0.1525234697,0.1521760931,0.1511285385,0.1493637963,0.1468507331,0.1435393248,0.1393515681,0.1341640454,0.127772753,0.1198100937,0.1095082648,0.09470913353,0.05277846808,nan,nan,nan,nan,nan,nan,nan,0.05277846808
179220,0.1524907261,0.1521434751,0.1510962985,0.149332189,0.1468200185,0.1435097717,0.1393234594,0.1341376876,0.1277484941,0.1197883593,0.1094896476,0.09469470992,0.05277638041,nan,nan,nan,nan,nan,nan,nan,0.05277638041
179280,0.1524580082,0.1521108827,0.1510640836,0.1493006063,0.1467893278,0.1434802414,0.1392953721,0.1341113499,0.1277242535,0.119766641,0.1094710438,0.0946802965,0.05277429522,nan,nan,nan,nan,nan,nan,nan,0.05277429522
179340,0.1524253159,0.1520783159,0.1510318939,0.1492690483,0.1467586609,0.1434507339,0.1392673064,0.1340850321,0.1277000311,0.1197449387,0.1094524535,0.09466589326,0.05277221249,nan,nan,nan,nan,nan,nan,nan,0.05277221249
179400,0.1523926492,0.1520457745,0.1509997294,0.1492375148,0.1467280178,0.1434212491,0.1392392622,0.1340587343,0.1276758269,0.1197232524,0.1094338767,0.09465150019,0.05277013223,nan,nan,nan,nan,nan,nan,nan,0.05277013223
179460,0.1523600081,0.1520132586,0.15096759,0.1492060059,0.1466973985,0.1433917871,0.1392112394,0.1340324565,0.1276516407,0.1197015822,0.1094153134,0.09463711729,0.05276805442,nan,nan,nan,nan,nan,nan,nan,0.05276805442
179520,0.1523273925,0.1519807682,0.1509354757,0.1491745215,0.1466668029,0.1433623478,0.139183238,0.1340061985,0.1276274727,0.1196799279,0.1093967635,0.09462274453,0.05276597907,nan,nan,nan,nan,nan,nan,nan,0.05276597907
179580,0.1522948024,0.1519483031,0.1509033865,0.1491430616,0.146636231,0.1433329311,0.1391552581,0.1339799605,0.1276033228,0.1196582896,0.109378227,0.09460838191,0.05276390617,nan,nan,nan,nan,nan,nan,nan,0.05276390617
179640,0.1522622378,0.1519158634,0.1508713223,0.1491116262,0.1466056827,0.1433035371,0.1391272995,0.1339537423,0.127579191,0.1196366673,0.109359704,0.09459402941,0.05276183572,nan,nan,nan,nan,nan,nan,nan,0.05276183572
179700,0.1522296987,0.1518834491,0.1508392831,0.1490802152,0.1465751581,0.1432741657,0.1390993624,0.1339275439,0.1275550772,0.1196150609,0.1093411943,0.09457968703,0.05275976772,nan,nan,nan,nan,nan,nan,nan,0.05275976772
179760,0.152197185,0.15185106,0.1508072689,0.1490488286,0.1465446572,0.1432448169,0.1390714465,0.1339013654,0.1275309815,0.1195934705,0.109322698,0.09456535475,0.05275770215,nan,nan,nan,nan,nan,nan,nan,0.05275770215
179820,0.1521646967,0.1518186962,0.1507752796,0.1490174664,0.1465141798,0.1432154907,0.1390435519,0.1338752067,0.1275069037,0.1195718959,0.1093042151,0.09455103256,0.05275563902,nan,nan,nan,nan,nan,nan,nan,0.05275563902
179880,0.1521322337,0.1517863577,0.1507433152,0.1489861285,0.146483726,0.143186187,0.1390156787,0.1338490677,0.127482844,0.1195503373,0.1092857455,0.09453672045,0.05275357832,nan,nan,nan,nan,nan,nan,nan,0.05275357832
179940,0.1520997961,0.1517540444,0.1507113757,0.148954815,0.1464532957,0.1431569059,0.1389878267,0.1338229485,0.1274588022,0.1195287944,0.1092672893,0.09452241841,0.05275152004,nan,nan,nan,nan,nan,nan,nan,0.05275152004
180000,0.1520673838,0.1517217563,0.150679461,0.1489235257,0.1464228889,0.1431276472,0.1389599959,0.1337968491,0.1274347784,0.1195072675,0.1092488464,0.09450812643,0.0527494642,nan,nan,nan,nan,nan,nan,nan,0.0527494642
180060,0.1520349967,0.1516894933,0.1506475712,0.1488922607,0.1463925056,0.143098411,0.1389321863,0.1337707693,0.1274107724,0.1194857564,0.1092304167,0.09449384449,0.05274741077,nan,nan,nan,nan,nan,nan,nan,0.05274741077
180120,0.1520026349,0.1516572555,0.1506157061,0.14886102,0.1463621457,0.1430691972,0.1389043979,0.1337447092,0.1273867844,0.119464261,0.1092120004,0.09447957259,0.05274535976,nan,nan,nan,nan,nan,nan,nan,0.05274535976
180180,0.1519702982,0.1516250427,0.1505838658,0.1488298034,0.1463318092,0.1430400058,0.1388766307,0.1337186687,0.1273628143,0.1194427815,0.1091935973,0.09446531071,0.05274331116,nan,nan,nan,nan,nan,nan,nan,0.05274331116
180240,0.1519379868,0.151592855,0.1505520503,0.148798611,0.1463014961,0.1430108368,0.1388488845,0.1336926479,0.1273388621,0.1194213178,0.1091752075,0.09445105885,0.05274126497,nan,nan,nan,nan,nan,nan,nan,0.05274126497
180300,0.1519057005,0.1515606924,0.1505202594,0.1487674428,0.1462712064,0.1429816901,0.1388211595,0.1336666467,0.1273149277,0.1193998698,0.109156831,0.09443681698,0.05273922118,nan,nan,nan,nan,nan,nan,nan,0.05273922118
180360,0.1518734393,0.1515285547,0.1504884932,0.1487362987,0.1462409401,0.1429525657,0.1387934556,0.1336406651,0.1272910111,0.1193784375,0.1091384676,0.09442258511,0.0527371798,nan,nan,nan,nan,nan,nan,nan,0.0527371798
180420,0.1518412032,0.151496442,0.1504567517,0.1487051786,0.146210697,0.1429234637,0.1387657727,0.1336147031,0.1272671123,0.1193570209,0.1091201175,0.09440836322,0.05273514081,nan,nan,nan,nan,nan,nan,nan,0.05273514081
180480,0.1518089921,0.1514643543,0.1504250347,0.1486740826,0.1461804772,0.1428943839,0.1387381109,0.1335887605,0.1272432313,0.1193356201,0.1091017806,0.09439415129,0.05273310422,nan,nan,nan,nan,nan,nan,nan,0.05273310422
180540,0.151776806,0.1514322914,0.1503933423,0.1486430106,0.1461502806,0.1428653264,0.13871047,0.1335628375,0.127219368,0.1193142349,0.1090834569,0.09437994933,0.05273107002,nan,nan,nan,nan,nan,nan,nan,0.05273107002
180600,0.151744645,0.1514002535,0.1503616745,0.1486119627,0.1461201073,0.1428362911,0.1386828501,0.133536934,0.1271955225,0.1192928654,0.1090651463,0.0943657573,0.0527290382,nan,nan,nan,nan,nan,nan,nan,0.0527290382
180660,0.1517125089,0.1513682404,0.1503300312,0.1485809386,0.1460899572,0.1428072779,0.1386552512,0.13351105,0.1271716947,0.1192715116,0.1090468489,0.09435157522,0.05272700877,nan,nan,nan,nan,nan,nan,nan,0.05272700877
180720,0.1516803977,0.1513362521,0.1502984124,0.1485499386,0.1460598302,0.142778287,0.1386276732,0.1334851854,0.1271478846,0.1192501733,0.1090285646,0.09433740305,0.05272498171,nan,nan,nan,nan,nan,nan,nan,0.05272498171
180780,0.1516483114,0.1513042886,0.1502668181,0.1485189624,0.1460297264,0.1427493181,0.1386001161,0.1334593403,0.1271240922,0.1192288507,0.1090102934,0.0943232408,0.05272295703,nan,nan,nan,nan,nan,nan,nan,0.05272295703
180840,0.15161625,0.1512723498,0.1502352481,0.1484880101,0.1459996456,0.1427203714,0.1385725799,0.1334335145,0.1271003174,0.1192075437,0.1089920354,0.09430908845,0.05272093472,nan,nan,nan,nan,nan,nan,nan,0.05272093472
180900,0.1515842135,0.1512404358,0.1502037026,0.1484570817,0.145969588,0.1426914468,0.1385450646,0.1334077081,0.1270765602,0.1191862522,0.1089737904,0.09429494599,0.05271891478,nan,nan,nan,nan,nan,nan,nan,0.05271891478
180960,0.1515522017,0.1512085465,0.1501721815,0.1484261771,0.1459395534,0.1426625442,0.13851757,0.1333819211,0.1270528207,0.1191649763,0.1089555585,0.09428081341,0.0527168972,nan,nan,nan,nan,nan,nan,nan,0.0527168972
181020,0.1515202148,0.1511766819,0.1501406847,0.1483952963,0.1459095418,0.1426336636,0.1384900963,0.1333561534,0.1270290988,0.119143716,0.1089373397,0.0942666907,0.05271488198,nan,nan,nan,nan,nan,nan,nan,0.05271488198
181080,0.1514882525,0.1511448419,0.1501092122,0.1483644392,0.1458795532,0.1426048051,0.1384626434,0.133330405,0.1270053944,0.1191224711,0.1089191339,0.09425257785,0.05271286912,nan,nan,nan,nan,nan,nan,nan,0.05271286912
181140,0.151456315,0.1511130265,0.1500777639,0.1483336059,0.1458495876,0.1425759685,0.1384352112,0.1333046759,0.1269817076,0.1191012418,0.1089009412,0.09423847485,0.05271085861,nan,nan,nan,nan,nan,nan,nan,0.05271085861
181200,0.1514244022,0.1510812357,0.15004634,0.1483027963,0.145819645,0.1425471539,0.1384077997,0.1332789661,0.1269580383,0.1190800279,0.1088827614,0.09422438168,0.05270885045,nan,nan,nan,nan,nan,nan,nan,0.05270885045
181260,0.1513925141,0.1510494694,0.1500149403,0.1482720104,0.1457897252,0.1425183612,0.138380409,0.1332532755,0.1269343865,0.1190588295,0.1088645947,0.09421029833,0.05270684463,nan,nan,nan,nan,nan,nan,nan,0.05270684463
181320,0.1513606505,0.1510177277,0.1499835647,0.1482412481,0.1457598283,0.1424895904,0.1383530389,0.1332276041,0.1269107523,0.1190376466,0.108846441,0.0941962248,0.05270484116,nan,nan,nan,nan,nan,nan,nan,0.05270484116
181380,0.1513288116,0.1509860104,0.1499522133,0.1482105095,0.1457299543,0.1424608415,0.1383256895,0.1332019519,0.1268871355,0.1190164791,0.1088283002,0.09418216107,0.05270284002,nan,nan,nan,nan,nan,nan,nan,0.05270284002
181440,0.1512969972,0.1509543176,0.1499208861,0.1481797944,0.1457001032,0.1424321144,0.1382983607,0.1331763189,0.1268635361,0.118995327,0.1088101724,0.09416810714,0.05270084122,nan,nan,nan,nan,nan,nan,nan,0.05270084122
181500,0.1512652074,0.1509226493,0.149889583,0.1481491029,0.1456702748,0.1424034092,0.1382710525,0.1331507051,0.1268399542,0.1189741903,0.1087920575,0.09415406299,0.05269884475,nan,nan,nan,nan,nan,nan,nan,0.05269884475
181560,0.1512334421,0.1508910053,0.1498583039,0.148118435,0.1456404692,0.1423747257,0.1382437649,0.1331251103,0.1268163896,0.1189530689,0.1087739556,0.0941400286,0.0526968506,nan,nan,nan,nan,nan,nan,nan,0.0526968506
181620,0.1512017013,0.1508593858,0.1498270489,0.1480877906,0.1456106864,0.142346064,0.1382164979,0.1330995347,0.1267928425,0.118931963,0.1087558666,0.09412600398,0.05269485878,nan,nan,nan,nan,nan,nan,nan,0.05269485878
181680,0.1511699849,0.1508277905,0.1497958179,0.1480571696,0.1455809263,0.1423174241,0.1381892514,0.1330739782,0.1267693127,0.1189108723,0.1087377905,0.09411198911,0.05269286928,nan,nan,nan,nan,nan,nan,nan,0.05269286928
181740,0.151138293,0.1507962196,0.149764611,0.1480265721,0.1455511888,0.1422888058,0.1381620254,0.1330484407,0.1267458003,0.118889797,0.1087197272,0.09409798397,0.05269088209,nan,nan,nan,nan,nan,nan,nan,0.05269088209
181800,0.1511066254,0.150764673,0.1497334279,0.147995998,0.1455214741,0.1422602093,0.1381348198,0.1330229223,0.1267223052,0.118868737,0.1087016769,0.09408398857,0.05268889721,nan,nan,nan,nan,nan,nan,nan,0.05268889721
181860,0.1510749822,0.1507331506,0.1497022688,0.1479654473,0.145491782,0.1422316344,0.1381076348,0.1329974228,0.1266988274,0.1188476923,0.1086836394,0.09407000288,0.05268691465,nan,nan,nan,nan,nan,nan,nan,0.05268691465
181920,0.1510433634,0.1507016525,0.1496711336,0.14793492,0.1454621125,0.1422030812,0.1380804702,0.1329719424,0.1266753669,0.1188266629,0.1086656147,0.09405602689,0.05268493439,nan,nan,nan,nan,nan,nan,nan,0.05268493439
181980,0.1510117688,0.1506701785,0.1496400223,0.147904416,0.1454324656,0.1421745496,0.138053326,0.1329464809,0.1266519237,0.1188056487,0.1086476029,0.0940420606,0.05268295643,nan,nan,nan,nan,nan,nan,nan,0.05268295643
182040,0.1509801985,0.1506387287,0.1496089349,0.1478739354,0.1454028412,0.1421460395,0.1380262022,0.1329210384,0.1266284977,0.1187846497,0.1086296038,0.094028104,0.05268098076,nan,nan,nan,nan,nan,nan,nan,0.05268098076
182100,0.1509486525,0.1506073031,0.1495778712,0.147843478,0.1453732394,0.1421175511,0.1379990987,0.1328956149,0.1266050889,0.118763666,0.1086116176,0.09401415707,0.05267900739,nan,nan,nan,nan,nan,nan,nan,0.05267900739
182160,0.1509171307,0.1505759016,0.1495468314,0.1478130439,0.1453436601,0.1420890841,0.1379720156,0.1328702102,0.1265816974,0.1187426974,0.1085936442,0.0940002198,0.05267703632,nan,nan,nan,nan,nan,nan,nan,0.05267703632
182220,0.1508856331,0.1505445241,0.1495158153,0.147782633,0.1453141033,0.1420606387,0.1379449528,0.1328448244,0.126558323,0.1187217441,0.1085756835,0.09398629219,0.05267506753,nan,nan,nan,nan,nan,nan,nan,0.05267506753
182280,0.1508541596,0.1505131707,0.149484823,0.1477522453,0.1452845689,0.1420322148,0.1379179103,0.1328194575,0.1265349658,0.1187008059,0.1085577356,0.09397237421,0.05267310102,nan,nan,nan,nan,nan,nan,nan,0.05267310102
182340,0.1508227103,0.1504818413,0.1494538543,0.1477218808,0.145255057,0.1420038123,0.1378908881,0.1327941094,0.1265116258,0.1186798829,0.1085398004,0.09395846587,0.05267113679,nan,nan,nan,nan,nan,nan,nan,0.05267113679
182400,0.150791285,0.150450536,0.1494229093,0.1476915394,0.1452255674,0.1419754313,0.1378638861,0.1327687801,0.1264883029,0.118658975,0.108521878,0.09394456715,0.05266917484,nan,nan,nan,nan,nan,nan,nan,0.05266917484
182460,0.1507598838,0.1504192545,0.149391988,0.1476612211,0.1451961003,0.1419470716,0.1378369043,0.1327434696,0.126464997,0.1186380822,0.1085039682,0.09393067804,0.05266721516,nan,nan,nan,nan,nan,nan,nan,0.05266721516
182520,0.1507285067,0.1503879971,0.1493610903,0.147630926,0.1451666554,0.1419187334,0.1378099428,0.1327181779,0.1264417083,0.1186172045,0.1084860712,0.09391679853,0.05266525775,nan,nan,nan,nan,nan,nan,nan,0.05266525775
182580,0.1506971536,0.1503567635,0.1493302162,0.1476006539,0.1451372329,0.1418904165,0.1377830014,0.1326929049,0.1264184367,0.1185963419,0.1084681868,0.09390292861,0.05266330261,nan,nan,nan,nan,nan,nan,nan,0.05266330261
182640,0.1506658245,0.1503255538,0.1492993657,0.1475704048,0.1451078327,0.1418621209,0.1377560801,0.1326676507,0.126395182,0.1185754943,0.1084503151,0.09388906827,0.05266134973,nan,nan,nan,nan,nan,nan,nan,0.05266134973
182700,0.1506345193,0.150294368,0.1492685387,0.1475401788,0.1450784548,0.1418338467,0.137729179,0.1326424152,0.1263719445,0.1185546618,0.1084324561,0.0938752175,0.0526593991,nan,nan,nan,nan,nan,nan,nan,0.0526593991
182760,0.1506032381,0.150263206,0.1492377351,0.1475099757,0.1450490991,0.1418055937,0.137702298,0.1326171983,0.1263487239,0.1185338443,0.1084146097,0.09386137628,0.05265745074,nan,nan,nan,nan,nan,nan,nan,0.05265745074
182820,0.1505719808,0.1502320678,0.1492069551,0.1474797956,0.1450197656,0.141777362,0.1376754371,0.1325920002,0.1263255203,0.1185130418,0.108396776,0.09384754461,0.05265550462,nan,nan,nan,nan,nan,nan,nan,0.05265550462
182880,0.1505407473,0.1502009533,0.1491761986,0.1474496384,0.1449904543,0.1417491516,0.1376485962,0.1325668206,0.1263023337,0.1184922543,0.1083789548,0.09383372248,0.05265356075,nan,nan,nan,nan,nan,nan,nan,0.05265356075
182940,0.1505095377,0.1501698626,0.1491454654,0.1474195041,0.1449611651,0.1417209623,0.1376217753,0.1325416597,0.126279164,0.1184714818,0.1083611462,0.09381990987,0.05265161913,nan,nan,nan,nan,nan,nan,nan,0.05265161913
183000,0.1504783519,0.1501387956,0.1491147557,0.1473893927,0.1449318981,0.1416927942,0.1375949745,0.1325165174,0.1262560113,0.1184507243,0.1083433503,0.09380610678,0.05264967975,nan,nan,nan,nan,nan,nan,nan,0.05264967975
183060,0.1504471899,0.1501077523,0.1490840693,0.1473593041,0.1449026532,0.1416646473,0.1375681936,0.1324913937,0.1262328755,0.1184299817,0.1083255669,0.0937923132,0.0526477426,nan,nan,nan,nan,nan,nan,nan,0.0526477426
183120,0.1504160516,0.1500767326,0.1490534062,0.1473292383,0.1448734304,0.1416365215,0.1375414327,0.1324662885,0.1262097565,0.118409254,0.108307796,0.09377852911,0.05264580769,nan,nan,nan,nan,nan,nan,nan,0.05264580769
183180,0.1503849371,0.1500457366,0.1490227665,0.1472991953,0.1448442297,0.1416084168,0.1375146918,0.1324412018,0.1261866545,0.1183885412,0.1082900377,0.0937647545,0.05264387501,nan,nan,nan,nan,nan,nan,nan,0.05264387501
183240,0.1503538462,0.1500147642,0.1489921501,0.1472691751,0.1448150509,0.1415803332,0.1374879707,0.1324161337,0.1261635693,0.1183678434,0.1082722919,0.09375098937,0.05264194456,nan,nan,nan,nan,nan,nan,nan,0.05264194456
183300,0.1503227791,0.1499838153,0.1489615569,0.1472391777,0.1447858942,0.1415522707,0.1374612696,0.132391084,0.1261405009,0.1183471604,0.1082545587,0.0937372337,0.05264001633,nan,nan,nan,nan,nan,nan,nan,0.05264001633
183360,0.1502917356,0.14995289,0.1489309869,0.1472092029,0.1447567595,0.1415242292,0.1374345883,0.1323660529,0.1261174493,0.1183264922,0.1082368379,0.09372348749,0.05263809032,nan,nan,nan,nan,nan,nan,nan,0.05263809032
183420,0.1502607157,0.1499219881,0.1489004402,0.1471792508,0.1447276467,0.1414962087,0.1374079268,0.1323410401,0.1260944145,0.1183058389,0.1082191296,0.09370975072,0.05263616653,nan,nan,nan,nan,nan,nan,nan,0.05263616653
183480,0.1502297193,0.1498911098,0.1488699166,0.1471493214,0.1446985558,0.1414682092,0.1373812852,0.1323160458,0.1260713966,0.1182852004,0.1082014338,0.09369602338,0.05263424495,nan,nan,nan,nan,nan,nan,nan,0.05263424495
183540,0.1501987466,0.1498602549,0.1488394161,0.1471194146,0.1446694868,0.1414402306,0.1373546634,0.1322910699,0.1260483953,0.1182645767,0.1081837505,0.09368230546,0.05263232558,nan,nan,nan,nan,nan,nan,nan,0.05263232558
183600,0.1501677974,0.1498294235,0.1488089388,0.1470895304,0.1446404397,0.141412273,0.1373280613,0.1322661124,0.1260254108,0.1182439679,0.1081660796,0.09366859696,0.05263040842,nan,nan,nan,nan,nan,nan,nan,0.05263040842
183660,0.1501368717,0.1497986154,0.1487784846,0.1470596688,0.1446114145,0.1413843363,0.137301479,0.1322411732,0.126002443,0.1182233737,0.1081484211,0.09365489786,0.05262849346,nan,nan,nan,nan,nan,nan,nan,0.05262849346
183720,0.1501059694,0.1497678308,0.1487480534,0.1470298297,0.1445824111,0.1413564205,0.1372749165,0.1322162524,0.1259794919,0.1182027944,0.108130775,0.09364120815,0.0526265807,nan,nan,nan,nan,nan,nan,nan,0.0526265807
183780,0.1500750906,0.1497370694,0.1487176453,0.1470000132,0.1445534295,0.1413285255,0.1372483736,0.1321913499,0.1259565575,0.1181822298,0.1081131413,0.09362752782,0.05262467014,nan,nan,nan,nan,nan,nan,nan,0.05262467014
183840,0.1500442353,0.1497063314,0.1486872602,0.1469702191,0.1445244696,0.1413006514,0.1372218504,0.1321664657,0.1259336398,0.1181616799,0.1080955201,0.09361385686,0.05262276177,nan,nan,nan,nan,nan,nan,nan,0.05262276177
183900,0.1500134033,0.1496756167,0.1486568981,0.1469404475,0.1444955315,0.1412727981,0.1371953469,0.1321415998,0.1259107387,0.1181411447,0.1080779112,0.09360019526,0.05262085559,nan,nan,nan,nan,nan,nan,nan,0.05262085559
183927,0.1499995365,0.1496618027,0.1486432426,0.1469270576,0.1444825165,0.1412602709,0.1371834267,0.1321304161,0.1259004386,0.1181319086,0.1080699912,0.0935940506,0.05261999852,nan,nan,nan,nan,nan,nan,nan,0.05261999852
