time_s,0,0.1,0.2,0.3,0.4,0.5,0.6,0.7,0.8,0.9,1,1.1,1.2,1.3,1.4,1.5,1.6,1.7,1.8,1.9,2
1,28,28,28,28,28,28,28,28,28,28,28,28,28,28,28,28,28,28,28.00000001,28.0000031,28.00018663
2,28,28,28,28,28,28,28,28,28,28,28,28,28,28,28,28,28,28.00000001,28.00000089,28.00003566,28.00052527
3,28,28,28,28,28,28,28,28,28,28,28,28,28,28,28,28,28,28.00000022,28.00000727,28.00011522,28.00096136
4,28,28,28,28,28,28,28,28,28,28,28,28,28,28,28,28,28.00000005,28.00000153,28.00002526,28.00024431,28.00147542
5,28,28,28,28,28,28,28,28,28,28,28,28,28,28,28,28.00000001,28.00000033,28.00000557,28.00005971,28.00042179,28.00205624
6,28,28,28,28,28,28,28,28,28,28,28,28,28,28,28,28.00000007,28.00000124,28.00001428,28.00011393,28.00064562,28.00269623
7,28,28,28,28,28,28,28,28,28,28,28,28,28,28,28.00000002,28.00000028,28.00000338,28.00002963,28.00019007,28.00091367,28.00338982
8,28,28,28,28,28,28,28,28,28,28,28,28,28,28,28.00000006,28.00000079,28.00000751,28.00005337,28.0002895,28.00122391,28.00413273
9,28,28,28,28,28,28,28,28,28,28,28,28,28,28.00000001,28.00000019,28.00000187,28.00001448,28.00008705,28.00041306,28.00157446,28.00492149
10,28,28,28,28,28,28,28,28,28,28,28,28,28,28.00000004,28.00000046,28.00000383,28.00002513,28.00013196,28.00056125,28.00196362,28.00575324
11,28,28,28,28,28,28,28,28,28,28,28,28,28.00000001,28.00000011,28.00000099,28.00000703,28.00004033,28.0001892,28.00073428,28.00238986,28.00662557
12,28,28,28,28,28,28,28,28,28,28,28,28,28.00000003,28.00000025,28.00000192,28.0000119,28.00006089,28.00025967,28.00093224,28.00285177,28.00753639
13,28,28,28,28,28,28,28,28,28,28,28,28.00000001,28.00000006,28.00000051,28.00000341,28.00001886,28.00008757,28.00034411,28.00115506,28.00334807,28.0084839
14,28,28,28,28,28,28,28,28,28,28,28,28.00000002,28.00000014,28.00000096,28.00000566,28.00002837,28.00012109,28.00044313,28.00140261,28.00387759,28.00946651
15,28,28,28,28,28,28,28,28,28,28,28,28.00000004,28.00000026,28.00000165,28.00000889,28.00004089,28.00016208,28.00055722,28.00167471,28.00443927,28.01048279
16,28,28,28,28,28,28,28,28,28,28,28.00000001,28.00000007,28.00000047,28.00000271,28.00001333,28.00005686,28.00021114,28.0006868,28.00197112,28.00503211,28.01153149
17,28,28,28,28,28,28,28,28,28,28,28.00000002,28.00000013,28.00000081,28.00000422,28.00001924,28.00007672,28.00026881,28.00083217,28.00229157,28.00565521,28.01261143
18,28,28,28,28,28,28,28,28,28,28.00000001,28.00000004,28.00000024,28.0000013,28.00000631,28.00002687,28.00010091,28.00033556,28.00099359,28.0026358,28.00630771,28.01372158
19,28,28,28,28,28,28,28,28,28,28.00000001,28.00000007,28.00000039,28.00000201,28.00000912,28.0000365,28.00012982,28.00041184,28.00117127,28.00300351,28.00698884,28.01486099
20,28,28,28,28,28,28,28,28,28,28.00000002,28.00000012,28.00000063,28.00000301,28.00001278,28.00004839,28.00016384,28.00049802,28.00136535,28.00339441,28.00769785,28.01602876
21,28,28,28,28,28,28,28,28,28.00000001,28.00000003,28.00000019,28.00000097,28.00000435,28.00001745,28.00006281,28.00020335,28.00059445,28.00157595,28.0038082,28.00843405,28.01722408
22,28,28,28,28,28,28,28,28,28.00000001,28.00000006,28.00000031,28.00000144,28.00000611,28.0000233,28.00008004,28.0002487,28.00070145,28.00180316,28.00424458,28.00919681,28.01844621
23,28,28,28,28,28,28,28,28,28.00000002,28.0000001,28.00000047,28.00000209,28.00000839,28.00003047,28.00010033,28.00030022,28.0008193,28.00204702,28.00470325,28.0099855,28.01969445
24,28,28,28,28,28,28,28,28.00000001,28.00000003,28.00000015,28.0000007,28.00000294,28.00001126,28.00003915,28.00012394,28.00035821,28.00094823,28.00230756,28.00518393,28.01079957,28.02096813
25,28,28,28,28,28,28,28,28.00000001,28.00000005,28.00000023,28.00000101,28.00000405,28.00001483,28.00004951,28.00015114,28.00042296,28.00108848,28.00258479,28.00568633,28.01163847,28.02226664
26,28,28,28,28,28,28,28,28.00000001,28.00000007,28.00000034,28.00000143,28.00000547,28.0000192,28.00006172,28.00018216,28.00049476,28.00124023,28.0028787,28.00621015,28.01250169,28.02358941
27,28,28,28,28,28,28,28,28.00000002,28.00000011,28.00000049,28.00000197,28.00000725,28.00002447,28.00007595,28.00021725,28.00057385,28.00140365,28.00318928,28.00675513,28.01338875,28.02493591
28,28,28,28,28,28,28,28.00000001,28.00000004,28.00000017,28.0000007,28.00000267,28.00000944,28.00003075,28.00009239,28.00025664,28.00066047,28.00157889,28.00351647,28.00732098,28.01429918,28.02630561
29,28,28,28,28,28,28,28.00000001,28.00000006,28.00000024,28.00000097,28.00000356,28.00001212,28.00003815,28.0001112,28.00030055,28.00075484,28.0017661,28.00386024,28.00790745,28.01523254,28.02769803
30,28,28,28,28,28,28,28.00000002,28.00000008,28.00000034,28.00000131,28.00000466,28.00001534,28.0000468,28.00013256,28.0003492,28.00085717,28.00196538,28.00422053,28.00851428,28.01618842,28.02911273
31,28,28,28,28,28,28.00000001,28.00000003,28.00000012,28.00000048,28.00000176,28.00000602,28.00001918,28.00005681,28.00015664,28.00040279,28.00096766,28.00217684,28.00459729,28.0091412,28.01716642,28.03054926
32,28,28,28,28,28,28.00000001,28.00000004,28.00000017,28.00000065,28.00000232,28.00000767,28.00002371,28.00006829,28.00018362,28.00046153,28.00108647,28.00240056,28.00499043,28.00978798,28.01816616,28.03200721
33,28,28,28,28,28,28.00000001,28.00000006,28.00000024,28.00000087,28.00000301,28.00000966,28.000029,28.00008137,28.00021364,28.0005256,28.00121378,28.00263662,28.00539989,28.01045437,28.01918726,28.03348619
34,28,28,28,28,28.00000001,28.00000002,28.00000009,28.00000033,28.00000116,28.00000386,28.00001203,28.00003514,28.00009618,28.00024689,28.00059518,28.00134974,28.00288508,28.00582559,28.01114014,28.0202294,28.03498582
35,28,28,28,28,28.00000001,28.00000003,28.00000012,28.00000044,28.00000151,28.00000488,28.00001482,28.0000422,28.00011282,28.00028351,28.00067046,28.0014945,28.00314599,28.00626744,28.01184505,28.02129222,28.03650576
36,28,28,28,28,28.00000001,28.00000004,28.00000016,28.00000058,28.00000195,28.00000612,28.00001808,28.00005026,28.00013143,28.00032366,28.00075159,28.00164817,28.00341941,28.00672536,28.01256889,28.02237541,28.03804565
37,28,28,28,28,28.00000002,28.00000006,28.00000022,28.00000077,28.00000248,28.00000759,28.00002187,28.00005941,28.00015212,28.00036751,28.00083873,28.0018109,28.00370537,28.00719925,28.01331143,28.02347867,28.03960516
38,28,28,28,28.00000001,28.00000002,28.00000008,28.0000003,28.00000099,28.00000313,28.00000932,28.00002624,28.00006973,28.00017501,28.00041518,28.00093205,28.00198279,28.00400389,28.00768904,28.01407247,28.02460168,28.041184
39,28,28,28,28.00000001,28.00000003,28.00000012,28.00000039,28.00000127,28.0000039,28.00001135,28.00003124,28.00008132,28.00020023,28.00046683,28.00103167,28.00216395,28.004315,28.00819463,28.01485179,28.02574417,28.04278184
40,28,28,28,28.00000001,28.00000004,28.00000015,28.00000051,28.00000161,28.00000482,28.00001371,28.00003693,28.00009424,28.00022789,28.00052261,28.00113774,28.00235447,28.00463872,28.00871592,28.0156492,28.02690586,28.04439841
41,28,28,28.00000001,28.00000002,28.00000006,28.0000002,28.00000066,28.00000202,28.00000591,28.00001644,28.00004337,28.00010861,28.00025811,28.00058263,28.00125038,28.00255444,28.00497505,28.00925282,28.01646449,28.02808648,28.04603343
42,28,28,28.00000001,28.00000002,28.00000008,28.00000027,28.00000084,28.00000251,28.00000718,28.00001956,28.00005062,28.00012449,28.00029101,28.00064705,28.00136973,28.00276395,28.00532399,28.00980524,28.01729748,28.02928578,28.04768662
43,28,28,28.00000001,28.00000003,28.00000011,28.00000034,28.00000105,28.00000309,28.00000867,28.00002313,28.00005874,28.00014199,28.0003267,28.00071597,28.00149591,28.00298307,28.00568556,28.01037307,28.01814798,28.03050351,28.04935774
44,28,28.00000001,28.00000001,28.00000005,28.00000014,28.00000044,28.00000132,28.00000378,28.00001038,28.00002717,28.00006779,28.00016118,28.00036529,28.00078954,28.00162901,28.00321187,28.00605974,28.01095623,28.0190158,28.03173943,28.05104652
45,28,28.00000001,28.00000002,28.00000006,28.00000018,28.00000056,28.00000163,28.00000459,28.00001235,28.00003173,28.00007784,28.00018217,28.00040689,28.00086787,28.00176915,28.00345042,28.00644653,28.01155462,28.01990077,28.03299331,28.05275274
46,28.00000001,28.00000001,28.00000003,28.00000008,28.00000024,28.0000007,28.00000201,28.00000553,28.0000146,28.00003686,28.00008894,28.00020503,28.00045162,28.00095107,28.00191644,28.00369876,28.0068459,28.01216814,28.02080272,28.03426492,28.05447616
47,28.00000001,28.00000001,28.00000004,28.0000001,28.0000003,28.00000087,28.00000245,28.00000662,28.00001716,28.0000426,28.00010117,28.00022985,28.00049957,28.00103926,28.00207096,28.00395696,28.00725786,28.01279669,28.02172146,28.03555405,28.05621655
48,28.00000001,28.00000002,28.00000005,28.00000013,28.00000038,28.00000108,28.00000297,28.00000788,28.00002006,28.00004898,28.00011459,28.00025673,28.00055086,28.00113255,28.00223282,28.00422507,28.00768238,28.01344018,28.02265684,28.03686049,28.0579737
49,28.00000002,28.00000003,28.00000006,28.00000017,28.00000048,28.00000133,28.00000358,28.00000931,28.00002332,28.00005607,28.00012927,28.00028575,28.00060558,28.00123104,28.00240208,28.00450312,28.00811944,28.01409852,28.02360869,28.03818402,28.0597474
50,28.00000002,28.00000003,28.00000008,28.00000022,28.00000059,28.00000161,28.00000428,28.00001095,28.00002698,28.00006389,28.00014527,28.00031699,28.00066385,28.00133484,28.00257885,28.00479115,28.00856902,28.01477161,28.02457686,28.03952446,28.06153744
51,28.00000003,28.00000004,28.0000001,28.00000027,28.00000073,28.00000195,28.00000509,28.0000128,28.00003107,28.00007251,28.00016267,28.00035055,28.00072574,28.00144403,28.00276319,28.00508921,28.00903109,28.01545935,28.02556119,28.0408816,28.06334364
52,28.00000004,28.00000006,28.00000013,28.00000034,28.0000009,28.00000235,28.00000601,28.0000149,28.00003561,28.00008197,28.00018152,28.0003865,28.00079137,28.00155872,28.00295519,28.00539732,28.00950563,28.01616166,28.02656153,28.04225527,28.06516578
53,28.00000005,28.00000008,28.00000017,28.00000042,28.00000109,28.00000281,28.00000707,28.00001725,28.00004065,28.00009232,28.00020189,28.00042494,28.00086083,28.001679,28.0031549,28.00571552,28.00999261,28.01687844,28.02757773,28.04364527,28.0670037
54,28.00000007,28.0000001,28.00000021,28.00000051,28.00000132,28.00000334,28.00000827,28.00001989,28.00004622,28.00010361,28.00022386,28.00046594,28.0009342,28.00180496,28.00336239,28.00604382,28.01049198,28.0176096,28.02860964,28.04505144,28.06885721
55,28.00000009,28.00000012,28.00000026,28.00000063,28.00000158,28.00000395,28.00000964,28.00002283,28.00005235,28.00011589,28.00024749,28.00050958,28.00101159,28.00193667,28.00357774,28.00638225,28.01100374,28.01835505,28.02965713,28.04647359,28.07072614
56,28.00000011,28.00000015,28.00000032,28.00000077,28.00000189,28.00000465,28.00001117,28.0000261,28.00005908,28.00012921,28.00027284,28.00055596,28.00109307,28.00207423,28.00380099,28.00673083,28.01152783,28.01911469,28.03072005,28.04791157,28.07261031
57,28.00000014,28.00000019,28.00000039,28.00000092,28.00000225,28.00000544,28.00001289,28.00002973,28.00006644,28.00014363,28.0003,28.00060514,28.00117873,28.0022177,28.00403221,28.00708957,28.01206422,28.01988845,28.03179828,28.04936521,28.07450957
58,28.00000018,28.00000024,28.00000048,28.00000111,28.00000266,28.00000634,28.00001482,28.00003373,28.00007448,28.00015919,28.00032901,28.00065721,28.00126865,28.00236718,28.00427144,28.0074585,28.01261289,28.02067622,28.03289166,28.05083435,28.07642374
59,28.00000022,28.00000029,28.00000058,28.00000133,28.00000313,28.00000735,28.00001696,28.00003814,28.00008322,28.00017595,28.00035995,28.00071225,28.00136293,28.00252272,28.00451873,28.00783761,28.01317379,28.02147792,28.03400009,28.05231883,28.07835267
60,28.00000027,28.00000036,28.0000007,28.00000158,28.00000366,28.0000085,28.00001935,28.00004297,28.00009272,28.00019395,28.00039289,28.00077033,28.00146162,28.0026844,28.00477413,28.00822692,28.01374687,28.02229347,28.03512342,28.05381853,28.08029914
61,28.00000033,28.00000044,28.00000084,28.00000186,28.00000427,28.00000978,28.00002199,28.00004827,28.00010301,28.00021327,28.00042789,28.00083152,28.00156483,28.00285228,28.00503769,28.00862643,28.01433212,28.02312278,28.03626155,28.05533436,28.08230152
62,28.00000041,28.00000053,28.00000101,28.00000219,28.00000496,28.00001121,28.0000249,28.00005405,28.00011412,28.00023393,28.00046502,28.00089591,28.00167261,28.00302644,28.00530945,28.00903616,28.01492948,28.02396577,28.03741461,28.05687179,28.08436225
63,28.00000049,28.00000064,28.0000012,28.00000257,28.00000574,28.0000128,28.00002811,28.00006035,28.00012611,28.00025601,28.00050434,28.00096356,28.00178504,28.00320694,28.00558944,28.00945611,28.01553892,28.02482242,28.03858351,28.05843674,28.08646152
64,28.00000059,28.00000077,28.00000141,28.000003,28.00000661,28.00001457,28.00003164,28.00006719,28.000139,28.00027955,28.00054592,28.00103455,28.0019022,28.00339383,28.00587771,28.00988627,28.01616041,28.02569285,28.03976979,28.06002943,28.08859435
65,28.00000071,28.00000092,28.00000167,28.00000349,28.00000759,28.00001653,28.0000355,28.00007461,28.00015285,28.00030461,28.00058981,28.00110895,28.00202415,28.00358717,28.00617428,28.01032665,28.01679395,28.02657737,28.04097474,28.06164872,28.09075813
66,28.00000085,28.00000109,28.00000195,28.00000404,28.00000868,28.00001869,28.00003971,28.00008263,28.00016769,28.00033124,28.0006361,28.00118683,28.00215096,28.00378702,28.00647919,28.01077727,28.01743961,28.02747644,28.04219901,28.06329413,28.0929511
67,28.00000102,28.00000129,28.00000228,28.00000466,28.00000989,28.00002107,28.00004431,28.00009129,28.00018356,28.00035949,28.00068482,28.00126825,28.00228269,28.00399343,28.00679248,28.01123814,28.01809752,28.02839046,28.04344284,28.06496513,28.09517177
68,28.0000012,28.00000152,28.00000266,28.00000535,28.00001124,28.00002369,28.0000493,28.00010061,28.00020051,28.00038941,28.00073606,28.00135328,28.00241942,28.00420645,28.00711417,28.0117093,28.01876778,28.02931985,28.04470673,28.06666125,28.09741855
69,28.00000142,28.00000178,28.00000308,28.00000613,28.00001274,28.00002655,28.00005472,28.00011064,28.00021858,28.00042106,28.00078987,28.00144199,28.0025612,28.00442614,28.00744431,28.01219082,28.01945061,28.03026485,28.04599059,28.06838175,28.09969071
70,28.00000167,28.00000208,28.00000356,28.000007,28.00001438,28.00002968,28.00006059,28.0001214,28.00023782,28.0004545,28.00084631,28.00153444,28.00270809,28.00465255,28.00778294,28.01268273,28.02014612,28.03122585,28.04729473,28.07012609,28.10198689
71,28.00000195,28.00000242,28.0000041,28.00000797,28.0000162,28.0000331,28.00006692,28.00013292,28.00025826,28.00048977,28.00090545,28.0016307,28.00286016,28.00488572,28.00813011,28.01318516,28.02085455,28.03220292,28.04861886,28.07189372,28.10430684
72,28.00000227,28.0000028,28.0000047,28.00000904,28.00001819,28.00003681,28.00007376,28.00014524,28.00027995,28.00052693,28.00096733,28.00173082,28.00301746,28.00512572,28.00848586,28.01369817,28.02157605,28.03319637,28.0499631,28.07368409,28.10664954
73,28.00000263,28.00000323,28.00000537,28.00001023,28.00002037,28.00004084,28.00008111,28.0001584,28.00030293,28.00056603,28.00103203,28.00183488,28.00318006,28.00537258,28.00885027,28.01422189,28.02231079,28.03420619,28.05132718,28.07549684,28.10901468
74,28.00000305,28.00000372,28.00000613,28.00001154,28.00002276,28.0000452,28.00008901,28.00017242,28.00032724,28.00060712,28.0010996,28.00194292,28.003348,28.00562638,28.00922339,28.01475642,28.02305891,28.03523251,28.05271096,28.07733153,28.11140173
75,28.00000351,28.00000427,28.00000696,28.00001299,28.00002536,28.00004993,28.00009748,28.00018735,28.00035294,28.00065025,28.0011701,28.00205501,28.00352135,28.00588716,28.00960531,28.01530184,28.02382052,28.03627541,28.0541144,28.07918776,28.11381005
76,28.00000403,28.00000489,28.00000789,28.00001457,28.0000282,28.00005502,28.00010656,28.00020321,28.00038006,28.00069548,28.00124358,28.00217121,28.00370017,28.00615498,28.0099961,28.0158583,28.02459576,28.03733488,28.05553722,28.08106521,28.11623938
77,28.00000462,28.00000557,28.00000892,28.00001631,28.00003127,28.00006051,28.00011625,28.00022004,28.00040864,28.00074285,28.0013201,28.00229158,28.0038845,28.00642991,28.01039583,28.0164259,28.02538472,28.03841091,28.05697923,28.08296356,28.11868935
78,28.00000527,28.00000634,28.00001005,28.00001821,28.00003461,28.00006642,28.0001266,28.00023788,28.00043873,28.00079242,28.00139972,28.00241617,28.00407442,28.00671201,28.01080459,28.0170047,28.02618745,28.03950355,28.05844038,28.08488244,28.12115945
79,28.000006,28.00000718,28.0000113,28.00002029,28.00003823,28.00007276,28.00013763,28.00025676,28.00047038,28.00084424,28.00148249,28.00254505,28.00426998,28.00700135,28.01122247,28.01759483,28.02700405,28.04061271,28.05992043,28.08682161,28.12364945
80,28.00000681,28.00000812,28.00001267,28.00002255,28.00004213,28.00007955,28.00014938,28.00027672,28.00050363,28.00089836,28.00156847,28.00267826,28.00447124,28.007298,28.01164954,28.01819637,28.02783455,28.04173836,28.06141922,28.08878076,28.12615902
81,28.00000771,28.00000916,28.00001418,28.00002501,28.00004634,28.00008683,28.00016185,28.0002978,28.00053851,28.00095483,28.00165771,28.00281587,28.00467827,28.00760203,28.01208588,28.01880938,28.028679,28.04288052,28.06293665,28.0907596,28.12868778
82,28.0000087,28.0000103,28.00001582,28.00002768,28.00005087,28.0000946,28.0001751,28.00032002,28.00057508,28.0010137,28.00175027,28.00295794,28.00489112,28.00791351,28.01253157,28.01943393,28.02953742,28.04403908,28.06447253,28.0927579,28.13123549
83,28.0000098,28.00001156,28.00001762,28.00003058,28.00005575,28.0001029,28.00018914,28.00034343,28.00061338,28.00107501,28.0018462,28.00310452,28.00510987,28.00823251,28.0129867,28.02007011,28.03040984,28.04521402,28.0660267,28.09477538,28.13380186
84,28.000011,28.00001294,28.00001958,28.0000337,28.00006098,28.00011174,28.000204,28.00036807,28.00065345,28.00113883,28.00194556,28.00325568,28.00533456,28.0085591,28.01345132,28.02071795,28.0312963,28.0464053,28.06759903,28.09681181,28.13638661
85,28.00001233,28.00001445,28.00002172,28.00003708,28.00006658,28.00012115,28.00021972,28.00039396,28.00069534,28.00120519,28.00204839,28.00341147,28.00556528,28.00889335,28.01392551,28.02137751,28.03219679,28.04761284,28.06918935,28.09886696,28.13898949
86,28.00001378,28.00001611,28.00002403,28.00004072,28.00007258,28.00013116,28.00023633,28.00042115,28.00073908,28.00127414,28.00215476,28.00357194,28.00580208,28.00923532,28.01440933,28.02204886,28.03311134,28.04883659,28.07079751,28.10094061,28.14161029
87,28.00001537,28.00001791,28.00002654,28.00004464,28.00007899,28.00014178,28.00025384,28.00044968,28.00078473,28.00134575,28.00226473,28.00373717,28.00604503,28.00958509,28.01490285,28.02273202,28.03403994,28.05007649,28.07242335,28.10303253,28.14424876
88,28.00001711,28.00001987,28.00002926,28.00004885,28.00008583,28.00015304,28.00027231,28.00047957,28.00083232,28.00142005,28.00237833,28.00390721,28.00629419,28.00994273,28.01540613,28.02342705,28.03498258,28.05133245,28.07406671,28.10514255,28.14690471
89,28.000019,28.00002201,28.0000322,28.00005337,28.00009313,28.00016497,28.00029175,28.00051088,28.0008819,28.00149709,28.00249564,28.00408212,28.00654962,28.01030828,28.01591923,28.02413399,28.03593929,28.05260441,28.07572749,28.10727042,28.14957789
90,28.00002106,28.00002433,28.00003537,28.00005821,28.00010089,28.00017758,28.00031219,28.00054363,28.00093352,28.00157693,28.0026167,28.00426195,28.00681138,28.01068182,28.0164422,28.02485287,28.03691004,28.0538923,28.0774055,28.10941599,28.15226812
91,28.00002329,28.00002684,28.00003878,28.00006339,28.00010914,28.00019092,28.00033367,28.00057786,28.00098721,28.00165962,28.00274156,28.00444678,28.00707955,28.01106342,28.0169751,28.02558372,28.03789481,28.05519602,28.07910061,28.11157907,28.15497524
92,28.00002571,28.00002955,28.00004245,28.00006893,28.0001179,28.00020499,28.00035623,28.00061361,28.00104302,28.0017452,28.00287029,28.00463665,28.00735418,28.01145313,28.01751798,28.02632655,28.03889358,28.05651549,28.08081267,28.11375949,28.15769908
93,28.00002833,28.00003249,28.0000464,28.00007484,28.0001272,28.00021983,28.00037988,28.00065092,28.00110099,28.00183372,28.00300293,28.00483163,28.00763534,28.01185101,28.01807089,28.0270814,28.03990632,28.05785064,28.08254154,28.11595709,28.16043947
94,28.00003117,28.00003565,28.00005063,28.00008114,28.00013704,28.00023546,28.00040467,28.00068983,28.00116118,28.00192523,28.00313955,28.00503177,28.00792307,28.01225712,28.01863386,28.02784829,28.04093304,28.05920141,28.08428714,28.11817166,28.16319614
95,28.00003422,28.00003905,28.00005516,28.00008784,28.00014746,28.00025192,28.00043062,28.00073037,28.00122361,28.00201978,28.00328019,28.00523713,28.00821745,28.01267151,28.01920696,28.02862723,28.04197368,28.06056771,28.0860493,28.12040306,28.165969
96,28.00003752,28.00004271,28.00006001,28.00009497,28.00015848,28.00026922,28.00045777,28.00077259,28.00128834,28.00211743,28.00342491,28.00544777,28.00851854,28.01309425,28.01979021,28.02941823,28.04302822,28.06194943,28.0878279,28.12265115,28.1687579
97,28.00004106,28.00004664,28.00006518,28.00010255,28.00017012,28.00028739,28.00048615,28.00081651,28.00135541,28.00221821,28.00357377,28.00566376,28.00882639,28.01352538,28.02038365,28.03022129,28.0440966,28.06334649,28.08962281,28.1249158,28.17156271
98,28.00004486,28.00005085,28.00007071,28.00011058,28.00018239,28.00030647,28.00051579,28.00086218,28.00142486,28.00232219,28.00372681,28.00588514,28.00914105,28.01396495,28.02098732,28.03103643,28.04517882,28.06475883,28.09143391,28.12719683,28.17438323
99,28.00004895,28.00005536,28.00007659,28.0001191,28.00019533,28.00032647,28.00054673,28.00090964,28.00149675,28.0024294,28.0038841,28.00611197,28.00946259,28.01441302,28.02160126,28.03186366,28.04627485,28.06618639,28.0932611,28.12949406,28.17721929
100,28.00005332,28.00006018,28.00008286,28.00012812,28.00020896,28.00034743,28.000579,28.00095893,28.0015711,28.0025399,28.00404568,28.0063443,28.00979105,28.01486962,28.02222549,28.03270298,28.04738464,28.06762908,28.09510425,28.13180739,28.18007077
101,28.00005799,28.00006533,28.00008952,28.00013766,28.0002233,28.00036938,28.00061263,28.00101008,28.00164797,28.00265374,28.00421161,28.00658221,28.0101265,28.01533481,28.02286003,28.03355437,28.04850814,28.0690868,28.09696325,28.1341367,28.18293755
102,28.00006299,28.00007082,28.0000966,28.00014774,28.00023838,28.00039234,28.00064766,28.00106314,28.0017274,28.00277097,28.00438194,28.00682573,28.01046899,28.01580864,28.02350493,28.03441784,28.04964531,28.07055947,28.098838,28.13648184,28.1858195
103,28.00006832,28.00007667,28.00010411,28.00015837,28.00025421,28.00041634,28.00068411,28.00111814,28.00180943,28.00289163,28.00455673,28.00707492,28.01081856,28.01629113,28.02416019,28.03529339,28.05079613,28.07204705,28.10072837,28.13884266,28.18871645
104,28.00007401,28.0000829,28.00011207,28.0001696,28.00027082,28.00044141,28.00072203,28.00117512,28.00189411,28.00301578,28.00473603,28.00732984,28.01117526,28.01678234,28.02482585,28.03618101,28.05196056,28.07354944,28.10263425,28.14121904,28.19162828
105,28.00008006,28.00008952,28.0001205,28.00018142,28.00028825,28.00046758,28.00076144,28.00123413,28.00198149,28.00314346,28.00491988,28.00759054,28.01153915,28.0172823,28.02550193,28.03708071,28.05313856,28.07506658,28.10455555,28.14361086,28.19455488
106,28.0000865,28.00009654,28.00012941,28.00019387,28.00030651,28.00049488,28.00080239,28.00129519,28.00207161,28.00327472,28.00510835,28.00785706,28.01191028,28.01779104,28.02618843,28.03799245,28.05433008,28.07659838,28.10649216,28.146018,28.19749612
107,28.00009334,28.000104,28.00013883,28.00020696,28.00032562,28.00052334,28.00084491,28.00135835,28.0021645,28.00340962,28.00530148,28.00812947,28.01228868,28.01830861,28.02688537,28.03891623,28.05553507,28.07814477,28.10844398,28.14844034,28.20045188
108,28.00010059,28.0001119,28.00014878,28.00022072,28.00034562,28.00055299,28.00088902,28.00142366,28.00226023,28.0035482,28.00549932,28.00840781,28.01267441,28.01883504,28.02759278,28.03985206,28.05675352,28.07970568,28.11041089,28.15087776,28.20342203
109,28.00010829,28.00012026,28.00015927,28.00023518,28.00036653,28.00058386,28.00093477,28.00149114,28.00235882,28.0036905,28.00570192,28.00869213,28.0130675,28.01937035,28.02831067,28.04079991,28.05798536,28.08128104,28.11239281,28.15333014,28.20640648
110,28.00011643,28.0001291,28.00017033,28.00025034,28.00038838,28.00061598,28.0009822,28.00156085,28.00246033,28.00383658,28.00590934,28.00898248,28.01346801,28.01991459,28.02903904,28.04175978,28.05923057,28.08287076,28.11438963,28.15579737,28.2094051
111,28.00012505,28.00013845,28.00018197,28.00026625,28.00041119,28.00064938,28.00103132,28.00163281,28.0025648,28.00398648,28.00612162,28.00927891,28.01387597,28.02046778,28.02977792,28.04273164,28.06048908,28.08447478,28.11640126,28.15827936,28.2124178
112,28.00013417,28.00014831,28.00019422,28.00028291,28.00043499,28.00068409,28.00108219,28.00170707,28.00267228,28.00414026,28.00633882,28.00958146,28.01429142,28.02102994,28.03052729,28.04371548,28.06176087,28.08609303,28.1184276,28.16077598,28.21544447
113,28.00014379,28.00015872,28.0002071,28.00030036,28.00045981,28.00072014,28.00113484,28.00178367,28.0027828,28.00429795,28.00656097,28.00989018,28.01471441,28.02160111,28.0312872,28.0447113,28.06304588,28.08772543,28.12046856,28.16328713,28.21848498
114,28.00015394,28.00016968,28.00022063,28.00031861,28.00048567,28.00075757,28.0011893,28.00186265,28.00289641,28.0044596,28.00678812,28.01020512,28.01514497,28.02218132,28.03205763,28.04571906,28.06434408,28.08937192,28.12252404,28.1658127,28.22153924
115,28.00016465,28.00018123,28.00023483,28.0003377,28.0005126,28.0007964,28.0012456,28.00194405,28.00301316,28.00462527,28.00702033,28.01052632,28.01558314,28.02277059,28.0328386,28.04673877,28.06565542,28.09103242,28.12459396,28.16835261,28.22460717
116,28.00017592,28.00019337,28.00024972,28.00035764,28.00054064,28.00083667,28.00130379,28.00202791,28.00313308,28.00479499,28.00725764,28.01085382,28.01602896,28.02336893,28.03363009,28.04777038,28.06697985,28.09270685,28.12667823,28.17090675,28.22768866
117,28.00018778,28.00020614,28.00026533,28.00037847,28.0005698,28.0008784,28.0013639,28.00211427,28.00325623,28.00496882,28.0075001,28.01118767,28.01648245,28.02397637,28.03443213,28.04881389,28.06831733,28.09439516,28.12877677,28.17347503,28.23078363
118,28.00020026,28.00021955,28.00028168,28.0004002,28.00060011,28.00092164,28.00142597,28.00220317,28.00338265,28.0051468,28.00774776,28.01152791,28.01694366,28.02459293,28.0352447,28.04986927,28.0696678,28.09609727,28.13088946,28.17605721,28.2338907
119,28.00021337,28.00023362,28.0002988,28.00042287,28.00063162,28.00096641,28.00149003,28.00229465,28.00351238,28.00532897,28.00800065,28.01187458,28.01741262,28.02521864,28.03606781,28.0509365,28.07103124,28.09781312,28.13301617,28.17865266,28.23700524
120,28.00022713,28.00024838,28.00031669,28.00044649,28.00066433,28.00101274,28.00155612,28.00238875,28.00364546,28.00551539,28.00825882,28.01222772,28.01788936,28.02585351,28.03690148,28.05201556,28.07240758,28.09954262,28.13515678,28.18126111,28.24012548
121,28.00024158,28.00026385,28.0003354,28.0004711,28.00069829,28.00106068,28.00162427,28.0024855,28.00378194,28.00570608,28.00852231,28.01258737,28.01837391,28.02649756,28.03774569,28.05310644,28.07379679,28.1012857,28.13731114,28.18388155,28.24322552
122,28.00025672,28.00028006,28.00035495,28.00049672,28.00073352,28.00111024,28.00169452,28.00258496,28.00392185,28.0059011,28.00879118,28.01295357,28.0188663,28.02715081,28.03860045,28.05420911,28.07519882,28.10304227,28.13947881,28.18650851,28.24627746
123,28.00027258,28.00029702,28.00037535,28.00052337,28.00077005,28.00116147,28.00176691,28.00268716,28.00406525,28.0061005,28.00906545,28.01332636,28.01936656,28.02781328,28.03946575,28.05532355,28.07661361,28.10481218,28.14165861,28.18913372,28.24931032
124,28.00028918,28.00031475,28.00039663,28.00055109,28.00080791,28.00121439,28.00184148,28.00279213,28.00421216,28.00630431,28.00934518,28.01370577,28.01987472,28.02848498,28.04034159,28.05644972,28.07804111,28.1065951,28.14384851,28.19175617,28.25233068
125,28.00030655,28.00033329,28.00041882,28.0005799,28.00084714,28.00126904,28.00191826,28.00289992,28.00436265,28.00651257,28.0096304,28.01409184,28.02039081,28.02916591,28.04122797,28.05758761,28.07948119,28.10839051,28.14604668,28.19437677,28.2553415
126,28.00032471,28.00035265,28.00044195,28.00060983,28.00088775,28.00132546,28.00199728,28.00301058,28.00451674,28.00672533,28.00992115,28.0144846,28.02091486,28.02985611,28.04212488,28.05873716,28.08093371,28.1101977,28.148252,28.19699562,28.25834562
127,28.00034369,28.00037287,28.00046603,28.00064091,28.00092979,28.00138367,28.00207859,28.00312413,28.00467447,28.00694264,28.01021747,28.01488409,28.02144688,28.03055557,28.04303231,28.05989833,28.0823984,28.112016,28.15046384,28.19961325,28.26134455
128,28.00036351,28.00039395,28.0004911,28.00067316,28.00097328,28.00144371,28.00216222,28.00324061,28.0048359,28.00716453,28.01051941,28.01529035,28.0219869,28.03126432,28.04395025,28.06107104,28.08387502,28.11384474,28.15268149,28.20223014,28.26434005
129,28.00038418,28.00041594,28.00051718,28.00070661,28.00101825,28.00150562,28.00224821,28.00336008,28.00500106,28.00739104,28.01082701,28.01570341,28.02253496,28.03198234,28.04487868,28.06225517,28.08536323,28.11568342,28.1549047,28.20484697,28.26733284
130,28.00040575,28.00043885,28.00054429,28.00074129,28.00106473,28.00156943,28.0023366,28.00348256,28.00516999,28.00762222,28.01114029,28.0161233,28.02309106,28.03270967,28.04581757,28.06345063,28.08686274,28.11753146,28.15713298,28.20746424,28.27032428
131,28.00042823,28.00046271,28.00057247,28.00077723,28.00111276,28.00163516,28.00242741,28.0036081,28.00534274,28.0078581,28.0114593,28.01655005,28.02365523,28.03344628,28.04676687,28.06465725,28.08837322,28.11938851,28.15936638,28.21008237,28.27331467
132,28.00045164,28.00048755,28.00060174,28.00081446,28.00116237,28.00170286,28.00252069,28.00373673,28.00551934,28.00809873,28.01178407,28.01698369,28.0242275,28.03419219,28.04772654,28.0658749,28.08989435,28.12125413,28.16160466,28.21270182,28.27630486
133,28.00047602,28.00051339,28.00063213,28.00085301,28.00121358,28.00177257,28.00261648,28.0038685,28.00569983,28.00834414,28.01211465,28.01742425,28.02480787,28.03494739,28.04869652,28.06710339,28.09142582,28.12312809,28.16384792,28.21532284,28.27929514
134,28.00050139,28.00054025,28.00066366,28.0008929,28.00126643,28.0018443,28.00271481,28.00400344,28.00588425,28.00859438,28.01245106,28.01787177,28.02539637,28.03571186,28.04967673,28.06834255,28.0929674,28.12501014,28.16609611,28.21794573,28.28228599
135,28.00052777,28.00056817,28.00069636,28.00093417,28.00132096,28.00191811,28.00281572,28.00414158,28.00607264,28.00884948,28.01279335,28.01832625,28.02599299,28.03648557,28.05066708,28.06959221,28.09451882,28.1269001,28.16834926,28.22057074,28.28527776
136,28.0005552,28.00059717,28.00073027,28.00097684,28.00137718,28.00199401,28.00291924,28.00428298,28.00626505,28.00910948,28.01314154,28.01878775,28.02659777,28.03726853,28.05166752,28.07085219,28.09607979,28.12879763,28.1706073,28.22319822,28.288271
137,28.00058369,28.00062728,28.0007654,28.00102094,28.00143515,28.00207206,28.00302542,28.00442767,28.00646151,28.00937441,28.01349567,28.01925627,28.02721069,28.03806068,28.05267793,28.07212233,28.09765016,28.13070269,28.17287029,28.22582832,28.29126586
138,28.00061328,28.00065853,28.00080179,28.00106652,28.00149487,28.00215228,28.00313429,28.00457568,28.00666205,28.00964432,28.01385577,28.01973184,28.02783177,28.03886199,28.05369822,28.07340247,28.09922971,28.13261513,28.17513824,28.22846126,28.29426266
139,28.00064398,28.00069093,28.00083946,28.00111358,28.0015564,28.0022347,28.00324588,28.00472706,28.00686672,28.00991925,28.01422187,28.02021449,28.02846101,28.03967246,28.05472832,28.07469242,28.10081818,28.13453471,28.17741114,28.23109734,28.29726181
140,28.00067584,28.00072452,28.00087845,28.00116217,28.00161976,28.00231936,28.00336023,28.00488184,28.00707556,28.01019921,28.01459401,28.02070423,28.02909839,28.040492,28.05576809,28.07599207,28.10241552,28.1364615,28.17968908,28.23373656,28.30026328
141,28.00070888,28.00075934,28.00091878,28.00121232,28.00168498,28.0024063,28.00347738,28.00504006,28.0072886,28.01048426,28.01497221,28.02120107,28.02974392,28.04132058,28.05681746,28.07730123,28.10402152,28.13839531,28.18197207,28.23637918,28.30326741
142,28.00074311,28.00079539,28.00096048,28.00126406,28.0017521,28.00249554,28.00359736,28.00520175,28.00750588,28.01077443,28.0153565,28.02170504,28.0303976,28.04215817,28.05787631,28.07861976,28.10563599,28.14033603,28.18426013,28.23902539,28.30627446
143,28.00077858,28.00083273,28.00100358,28.00131741,28.00182114,28.00258714,28.00372022,28.00536696,28.00772744,28.01106975,28.01574691,28.02221614,28.03105939,28.04300469,28.05894456,28.07994756,28.10725889,28.14228368,28.18655332,28.24167522,28.30928442
144,28.00081532,28.00087136,28.00104812,28.00137241,28.00189215,28.00268111,28.00384598,28.00553573,28.0079533,28.01137025,28.01614346,28.02273439,28.03172928,28.0438601,28.06002209,28.08128448,28.10889006,28.14423816,28.18885168,28.24432882,28.3122975
145,28.00085334,28.00091133,28.00109411,28.00142909,28.00196516,28.00277749,28.00397468,28.00570807,28.00818352,28.01167597,28.01654618,28.02325979,28.03240727,28.04472433,28.06110881,28.08263039,28.1105294,28.14619944,28.19115524,28.24698632,28.31531384
146,28.00089268,28.00095266,28.0011416,28.00148748,28.00204019,28.00287633,28.00410637,28.00588405,28.00841812,28.01198693,28.01695508,28.02379236,28.03309333,28.04559735,28.06220465,28.08398519,28.11217676,28.1481674,28.19346401,28.24964785,28.31833364
147,28.00093336,28.00099537,28.0011906,28.00154761,28.00211728,28.00297764,28.00424107,28.00606368,28.00865713,28.01230317,28.0173702,28.02433208,28.03378743,28.04647909,28.0633095,28.08534877,28.11383208,28.15014205,28.19577804,28.25231349,28.32135696
148,28.00097542,28.00103951,28.00124116,28.00160951,28.00219647,28.00308148,28.00437882,28.00624701,28.0089006,28.01262471,28.01779155,28.02487898,28.03448956,28.04736949,28.06442326,28.08672101,28.11549528,28.15212336,28.19809739,28.25498329,28.32438386
149,28.00101889,28.00108509,28.00129329,28.00167322,28.00227778,28.00318786,28.00451965,28.00643407,28.00914856,28.0129516,28.01821914,28.02543304,28.03519967,28.04826846,28.06554584,28.08810182,28.11716631,28.15411134,28.20042209,28.25765734,28.32741442
150,28.00106379,28.00113216,28.00134704,28.00173877,28.00236126,28.00329683,28.00466361,28.0066249,28.00940103,28.01328384,28.018653,28.02599427,28.03591776,28.049176,28.06667719,28.08949111,28.11884501,28.15610585,28.20275212,28.26033578,28.33044887
151,28.00111016,28.00118073,28.00140243,28.00180619,28.00244692,28.00340843,28.00481073,28.00681953,28.00965805,28.01362147,28.01909314,28.02656265,28.03664379,28.05009203,28.0678172,28.09088879,28.12053136,28.15810692,28.20508754,28.26301864,28.33348721
152,28.00115802,28.00123084,28.0014595,28.00187551,28.00253482,28.00352268,28.00496103,28.007018,28.00991966,28.01396451,28.01953957,28.0271382,28.03737773,28.05101648,28.0689658,28.09229478,28.1222253,28.16011454,28.20742838,28.26570596,28.3365295
153,28.0012074,28.00128252,28.00151827,28.00194676,28.00262497,28.00363962,28.00511457,28.00722033,28.01018588,28.014313,28.01999231,28.02772089,28.03811953,28.05194928,28.0701229,28.093709,28.12392679,28.16212871,28.20977466,28.2683978,28.33957578
154,28.00125834,28.0013358,28.00157877,28.00201998,28.00271742,28.00375928,28.00527136,28.00742658,28.01045674,28.01466694,28.02045136,28.02831072,28.03886919,28.0528904,28.07128844,28.09513137,28.12563572,28.16414936,28.21212639,28.27109427,28.3426262
155,28.00131086,28.00139072,28.00164104,28.00209519,28.0028122,28.00388171,28.00543145,28.00763675,28.01073228,28.01502637,28.02091674,28.02890769,28.03962666,28.0538398,28.07246236,28.09656181,28.12735205,28.16617646,28.2144836,28.2737954,28.34568081
156,28.001365,28.00144729,28.00170511,28.00217244,28.00290933,28.00400693,28.00559488,28.0078509,28.01101252,28.0153913,28.02138845,28.02951178,28.04039191,28.05479739,28.07364457,28.09800027,28.12907574,28.16821002,28.21684631,28.27650124,28.34873966
157,28.00142079,28.00150555,28.00177101,28.00225175,28.00300887,28.00413497,28.00576166,28.00806905,28.01129749,28.01576176,28.0218665,28.03012298,28.04116491,28.05576314,28.07483502,28.09944667,28.13080674,28.17025002,28.21921453,28.27921182,28.35180277
158,28.00147825,28.00156554,28.00183877,28.00233315,28.00311082,28.00426587,28.00593184,28.00829123,28.01158722,28.01613776,28.0223509,28.03074128,28.04194562,28.05673698,28.07603365,28.10090096,28.132545,28.17229644,28.22158829,28.2819272,28.35487024
159,28.00153743,28.00162728,28.00190843,28.00241668,28.00321524,28.00439967,28.00610546,28.00851748,28.01188173,28.01651932,28.02284165,28.03136667,28.04273403,28.05771889,28.07724038,28.10236305,28.13429046,28.17434925,28.2239676,28.28464744,28.35794211
160,28.00159834,28.00169081,28.00198001,28.00250237,28.00332215,28.0045364,28.00628253,28.00874783,28.01218105,28.01690646,28.02333875,28.03199913,28.04353009,28.0587088,28.07845516,28.10383291,28.1360431,28.17640845,28.22635247,28.28737256,28.36101843
161,28.00166102,28.00175615,28.00205354,28.00259025,28.00343159,28.00467609,28.00646311,28.0089823,28.01248521,28.01729919,28.02384221,28.03263865,28.04433376,28.05970666,28.07967794,28.10531048,28.13780286,28.17847401,28.22874293,28.2901026,28.36409922
162,28.0017255,28.00182334,28.00212907,28.00268036,28.00354359,28.00481878,28.00664721,28.00922092,28.01279422,28.01769753,28.02435203,28.03328522,28.04514502,28.06071243,28.08090866,28.1067957,28.13956972,28.18054593,28.23113898,28.29283759,28.36718453
163,28.00179182,28.00189242,28.00220662,28.00277273,28.00365818,28.00496449,28.00683488,28.00946373,28.01310812,28.01810149,28.02486821,28.03393882,28.04596385,28.06172606,28.08214725,28.10828852,28.14134362,28.18262419,28.23354064,28.29557757,28.37027441
164,28.00186,28.0019634,28.00228622,28.00286739,28.0037754,28.00511326,28.00702613,28.00971075,28.01342691,28.01851109,28.02539075,28.03459943,28.0467902,28.06274751,28.08339368,28.10978888,28.14312454,28.18470879,28.23594792,28.29832257,28.37336889
165,28.00193008,28.00203633,28.0023679,28.00296437,28.00389528,28.00526513,28.00722101,28.00996201,28.01375064,28.01892633,28.02591965,28.03526705,28.04762405,28.06377674,28.08464789,28.11129675,28.14491245,28.1867997,28.23836084,28.3010726,28.37646798
166,28.00200209,28.00211123,28.00245171,28.00306371,28.00401785,28.00542012,28.00741955,28.01021754,28.01407931,28.01934724,28.0264549,28.03594164,28.04846535,28.06481369,28.08590983,28.11281209,28.14670732,28.18889692,28.24077939,28.3038277,28.37957172
167,28.00207605,28.00218814,28.00253766,28.00316543,28.00414314,28.00557827,28.00762176,28.01047737,28.01441295,28.01977382,28.02699653,28.03662322,28.0493141,28.06585832,28.08717943,28.11433481,28.14850908,28.19100043,28.24320361,28.30658791,28.38268017
168,28.00215201,28.00226709,28.00262579,28.00326958,28.00427119,28.00573961,28.00782769,28.01074151,28.01475158,28.02020608,28.02754452,28.03731175,28.05017025,28.0669106,28.08845667,28.1158649,28.15031774,28.19311023,28.24563348,28.30935324,28.38579334
169,28.00223,28.00234812,28.00271614,28.00337618,28.00440203,28.00590417,28.00803737,28.01101,28.01509521,28.02064404,28.02809886,28.03800722,28.05103378,28.06797048,28.0897415,28.11740232,28.15213326,28.1952263,28.24806903,28.3121237,28.38891124
170,28.00231004,28.00243124,28.00280874,28.00348527,28.00453569,28.00607198,28.00825082,28.01128286,28.01544387,28.0210877,28.02865955,28.03870961,28.05190464,28.06903792,28.09103387,28.11894703,28.15395562,28.19734865,28.25051025,28.31489931,28.39203388
171,28.00239216,28.0025165,28.00290361,28.00359687,28.00467221,28.00624308,28.00846807,28.01156012,28.01579758,28.02153706,28.02922659,28.0394189,28.05278282,28.07011289,28.09233376,28.120499,28.15578481,28.19947726,28.25295716,28.31768008,28.39516128
172,28.00247641,28.00260393,28.0030008,28.00371103,28.00481161,28.0064175,28.00868915,28.0118418,28.01615634,28.02199214,28.02979996,28.04013506,28.05366828,28.07119535,28.09364111,28.1220582,28.15762079,28.20161213,28.25540975,28.32046602,28.39829345
173,28.00256282,28.00269357,28.00310034,28.00382777,28.00495394,28.00659526,28.0089141,28.01212792,28.01652017,28.02245294,28.03037967,28.04085809,28.05456099,28.07228526,28.09495589,28.1236246,28.15946357,28.20375326,28.25786804,28.32325714,28.40143039
174,28.0026514,28.00278543,28.00320225,28.00394713,28.00509921,28.0067764,28.00914293,28.01241851,28.0168891,28.02291947,28.03096571,28.04158798,28.05546092,28.07338257,28.09627806,28.12519814,28.16131307,28.20590061,28.26033202,28.32605348,28.40457217
175,28.00274221,28.00287956,28.00330657,28.00406914,28.00524747,28.00696094,28.00937567,28.01271358,28.01726314,28.02339173,28.03155809,28.0423247,28.05636806,28.07448727,28.09760757,28.1267788,28.1631693,28.20805419,28.26280171,28.32885504,28.40771879
176,28.00283527,28.00297599,28.00341333,28.00419383,28.00539874,28.00714892,28.00961236,28.01301317,28.01764229,28.02386974,28.03215678,28.04306823,28.05728237,28.07559931,28.0989444,28.12836655,28.16503223,28.21021398,28.2652771,28.33166183,28.41087025
177,28.0029306,28.00307475,28.00352256,28.00432123,28.00555306,28.00734037,28.00985301,28.01331729,28.01802659,28.02435349,28.03276179,28.04381857,28.05820382,28.07671867,28.10028851,28.12996136,28.16690184,28.21237998,28.26775819,28.33447386,28.41402656
178,28.00302826,28.00317588,28.0036343,28.00445137,28.00571045,28.00753531,28.01009765,28.01362596,28.01841603,28.02484298,28.03337311,28.04457568,28.05913238,28.0778453,28.10163988,28.13156321,28.16877813,28.21455218,28.27024499,28.33729113,28.41718773
179,28.00312826,28.00327939,28.00374858,28.00458429,28.00587095,28.00773378,28.01034631,28.0139392,28.01881063,28.02533823,28.03399074,28.04533955,28.06006804,28.07897918,28.10299846,28.13317206,28.17066106,28.21673058,28.27273749,28.34011366,28.42035378
180,28.00323064,28.00338534,28.00386543,28.00472002,28.00603458,28.0079358,28.01059901,28.01425703,28.01921041,28.02583924,28.03461466,28.04611018,28.06101076,28.08012027,28.10436422,28.13478788,28.1725506,28.21891515,28.27523569,28.34294134,28.42352034
181,28.00333543,28.00349374,28.00398488,28.00485859,28.00620138,28.00814139,28.01085578,28.01457948,28.01961538,28.02634602,28.03524487,28.04688754,28.06196053,28.08126856,28.10573713,28.13641065,28.17444674,28.22110587,28.27773955,28.34577271,28.42665169
182,28.00344267,28.00360464,28.00410697,28.00500003,28.00637138,28.0083506,28.01111665,28.01490656,28.02002555,28.02685856,28.03588137,28.04767162,28.06291731,28.08242399,28.10711716,28.13804032,28.17634945,28.22330274,28.28024877,28.34860325,28.42974393
183,28.00355238,28.00371806,28.00423172,28.00514436,28.0065446,28.00856344,28.01138162,28.01523828,28.02044093,28.02737686,28.03652415,28.0484624,28.06388109,28.08358656,28.10850428,28.13967689,28.17825872,28.22550568,28.28276245,28.35142703,28.43281317
184,28.0036646,28.00383403,28.00435917,28.00529163,28.00672108,28.00877994,28.01165074,28.01557467,28.02086153,28.02790094,28.0371732,28.04925986,28.06485184,28.08475622,28.10989846,28.14132032,28.18017452,28.22771448,28.28527903,28.35424154,28.43586771
185,28.00377936,28.00395259,28.00448935,28.00544187,28.00690085,28.00900013,28.01192401,28.01591575,28.02128736,28.02843078,28.03782852,28.05006399,28.06582953,28.08593296,28.11129967,28.14297059,28.18209678,28.22992876,28.2877969,28.35704799,28.43891084
186,28.00389669,28.00407377,28.00462229,28.0055951,28.00708392,28.00922403,28.01220147,28.01626153,28.02171843,28.0289664,28.03849009,28.05087478,28.06681415,28.08711674,28.11270789,28.14462767,28.18402538,28.23214796,28.290315,28.35984832,28.44194309
187,28.00401662,28.00419761,28.00475802,28.00575135,28.00727035,28.00945168,28.01248314,28.01661202,28.02215476,28.0295078,28.03915791,28.05169219,28.06780566,28.08830754,28.11412309,28.14629149,28.18596017,28.23437151,28.29283291,28.36264284,28.44496604
188,28.00413919,28.00432412,28.00489657,28.00591065,28.00746014,28.00968309,28.01276903,28.01696726,28.02259635,28.03005497,28.03983197,28.05251623,28.06880406,28.08950533,28.11554523,28.14796201,28.18790092,28.23659891,28.29535045,28.36543158,28.44798089
189,28.00426443,28.00445335,28.00503798,28.00607304,28.00765334,28.0099183,28.01305918,28.01732724,28.02304321,28.03060792,28.04051227,28.05334688,28.06980931,28.09071008,28.11697427,28.14963914,28.18984739,28.23882975,28.29786745,28.36821489,28.45098861
190,28.00439237,28.00458532,28.00518227,28.00623855,28.00784996,28.01015732,28.01335359,28.01769198,28.02349535,28.03116665,28.04119879,28.05418411,28.07082139,28.09192177,28.11841017,28.15132275,28.19179933,28.24106379,28.30038378,28.3709933,28.45398978
191,28.00452304,28.00472008,28.00532948,28.00640719,28.00805003,28.01040019,28.01365229,28.01806151,28.02395277,28.03173115,28.04189153,28.05502792,28.07184029,28.09314037,28.11985288,28.15301273,28.1937565,28.24330068,28.3028993,28.37376719,28.45698521
192,28.00465647,28.00485764,28.00547963,28.00657901,28.00825359,28.01064692,28.01395531,28.01843583,28.02441549,28.03230143,28.04259049,28.05587828,28.07286598,28.09436583,28.12130234,28.15470899,28.19571866,28.24554011,28.3054139,28.37653691,28.45997563
193,28.00479269,28.00499804,28.00563276,28.00675403,28.00846066,28.01089754,28.01426265,28.01881497,28.02488351,28.03287749,28.04329564,28.05673519,28.07389844,28.09559814,28.12275848,28.15641135,28.19768564,28.24778201,28.30792769,28.37930288,28.46296118
194,28.00493174,28.0051413,28.0057889,28.00693229,28.00867127,28.01115208,28.01457435,28.01919893,28.02535685,28.03345933,28.04400699,28.05759863,28.07493764,28.09683725,28.12422125,28.1581197,28.19965718,28.25002605,28.31044053,28.38206549,28.46594266
195,28.00507364,28.00528748,28.00594807,28.0071138,28.00888544,28.01141056,28.01489042,28.01958772,28.0258355,28.03404695,28.04472453,28.05846858,28.07598355,28.09808311,28.12569054,28.1598339,28.20163314,28.25227217,28.31295256,28.38482493,28.46892024
196,28.00521843,28.00543658,28.00611031,28.0072986,28.0091032,28.011673,28.01521087,28.01998137,28.02631947,28.03464035,28.04544825,28.05934503,28.07703616,28.09933569,28.12716629,28.1615538,28.20361333,28.25452024,28.31546387,28.38758151,28.47189421
197,28.00536614,28.00558864,28.00627565,28.00748672,28.00932458,28.01193943,28.01553573,28.02037988,28.02680878,28.03523952,28.04617814,28.06022796,28.07809544,28.10059494,28.12864841,28.16327927,28.20559755,28.25677009,28.31797445,28.39033552,28.47486504
198,28.00551679,28.0057437,28.00644411,28.00767818,28.0095496,28.01220986,28.01586502,28.02078327,28.02730342,28.03584447,28.0469142,28.06111735,28.07916135,28.10186079,28.13013679,28.16501017,28.20758574,28.25902178,28.32048449,28.39308703,28.47783276
199,28.00567042,28.00590177,28.00661573,28.00787302,28.00977828,28.01248432,28.01619875,28.02119155,28.0278034,28.03645519,28.0476564,28.06201318,28.08023386,28.1031332,28.13163136,28.16674638,28.2095777,28.26127516,28.32299402,28.39583637,28.48079777
200,28.00582706,28.0060629,28.00679053,28.00807125,28.01001066,28.01276283,28.01653694,28.02160473,28.02830874,28.03707169,28.04840476,28.06291544,28.08131294,28.10441211,28.13313201,28.16848779,28.21157339,28.26353025,28.32550312,28.39858361,28.4837602
201,28.00598673,28.00622712,28.00696855,28.00827291,28.01024676,28.01304541,28.01687961,28.02202282,28.02881942,28.03769396,28.04915924,28.0638241,28.08239854,28.10569744,28.13463866,28.17023428,28.2135727,28.26578702,28.32801184,28.40132895,28.48672025
202,28.00614947,28.00639444,28.0071498,28.00847802,28.01048659,28.01333209,28.01722678,28.02244583,28.02933547,28.038322,28.04991985,28.06473915,28.08349065,28.10698916,28.13615122,28.17198573,28.21557546,28.26804537,28.33052028,28.40407263,28.48967824
203,28.00631531,28.0065649,28.00733433,28.00868662,28.0107302,28.01362288,28.01757845,28.02287379,28.02985688,28.03895581,28.05068658,28.06566057,28.08458922,28.10828721,28.1376696,28.173742,28.21758155,28.27030524,28.33302851,28.40681484,28.4926344
204,28.00648428,28.00673853,28.00752215,28.00889872,28.01097759,28.01391781,28.01793466,28.02330669,28.03038366,28.03959538,28.0514594,28.06658831,28.0856942,28.10959149,28.13919372,28.17550308,28.21959105,28.27256675,28.33553656,28.40955557,28.49558868
205,28.0066564,28.00691537,28.0077133,28.00911436,28.0112288,28.01421689,28.0182954,28.02374454,28.03091581,28.04024071,28.05223831,28.06752238,28.08680555,28.11090197,28.14072349,28.17726883,28.22160379,28.27482982,28.33804453,28.41229505,28.49854137
206,28.00683171,28.00709542,28.0079078,28.00933356,28.01148384,28.01452015,28.01866071,28.02418737,28.03145334,28.0408918,28.05302331,28.06846273,28.08792325,28.11221857,28.14225881,28.17903913,28.22361968,28.27709439,28.34055248,28.41503347,28.5014927
207,28.00701023,28.00727874,28.00810569,28.00955634,28.01174275,28.01482761,28.01903059,28.02463517,28.03199625,28.04154865,28.05381437,28.06940936,28.08904724,28.11354124,28.14379962,28.1808139,28.22563864,28.27936048,28.34306048,28.41777094,28.50444279
208,28.00719199,28.00746534,28.00830698,28.00978273,28.01200554,28.01513928,28.01940506,28.02508796,28.03254454,28.04221124,28.05461147,28.07036221,28.09017746,28.11486989,28.14534584,28.18259313,28.22766076,28.28162816,28.34556858,28.42050746,28.50739159
209,28.00737702,28.00765525,28.00851171,28.01001276,28.01227224,28.01545518,28.01978414,28.02554575,28.03309822,28.04287958,28.05541462,28.07132127,28.09131389,28.11620448,28.14689738,28.1843767,28.2296859,28.28389738,28.34807686,28.42324323,28.51033938
210,28.00756535,28.0078485,28.0087199,28.01024646,28.01254286,28.01577535,28.02016784,28.02600855,28.0336573,28.04355366,28.05622378,28.07228651,28.09245647,28.11754494,28.14845416,28.18616452,28.23171398,28.28616812,28.35058538,28.42597838,28.51328629
211,28.00775701,28.00804512,28.00893159,28.01048384,28.01281744,28.01609978,28.02055617,28.02647636,28.03422176,28.04423348,28.05703895,28.07325791,28.09360517,28.11889121,28.15001612,28.18795653,28.233745,28.28844042,28.3530942,28.428713,28.5162324
212,28.00795202,28.00824513,28.00914678,28.01072492,28.01309599,28.0164285,28.02094914,28.02694919,28.03479162,28.04491902,28.0578601,28.07423542,28.09475992,28.12024322,28.15158321,28.18975272,28.23577895,28.29071429,28.35560336,28.43144712,28.51917776
213,28.00815041,28.00844856,28.00936552,28.01096975,28.01337854,28.01676153,28.02134678,28.02742705,28.03536687,28.04561028,28.05868722,28.07521902,28.09592069,28.12160092,28.15315534,28.19155299,28.23781579,28.29298975,28.35811294,28.43418086,28.52212248
214,28.00835221,28.00865544,28.00958782,28.01121833,28.0136651,28.01709889,28.02174909,28.02790995,28.03594751,28.04630726,28.05952028,28.07620867,28.09708743,28.12296424,28.15473245,28.19335731,28.2398555,28.2952668,28.36062299,28.43691431,28.52506667
215,28.00855744,28.0088658,28.00981372,28.01147069,28.0139557,28.01744059,28.02215609,28.0283979,28.03653356,28.04700994,28.06035928,28.07720434,28.09826009,28.12433314,28.15631448,28.19516559,28.241898,28.29754544,28.36313356,28.43964757,28.52801046
216,28.00876614,28.00907966,28.01004323,28.01172686,28.01425035,28.01778666,28.02256779,28.0288909,28.03712499,28.04771831,28.06120419,28.07820602,28.09943864,28.12570755,28.15790138,28.1969778,28.24394329,28.29982567,28.3656447,28.44238074,28.53095392
217,28.00897833,28.00929705,28.01027639,28.01198686,28.01454909,28.0181371,28.0229842,28.02938897,28.03772183,28.04843237,28.062055,28.07921364,28.10062301,28.12708743,28.15949308,28.1987939,28.24599136,28.30210754,28.36815647,28.44511385,28.53389711
218,28.00919403,28.00951799,28.01051321,28.01225072,28.01485192,28.01849193,28.02340533,28.02989209,28.03832406,28.04915211,28.06291167,28.0802272,28.10181317,28.1284727,28.16108953,28.20061384,28.2480422,28.30439105,28.37066891,28.44784697,28.5368401
219,28.00941328,28.00974251,28.01075373,28.01251844,28.01515887,28.01885118,28.02383121,28.03040029,28.03893168,28.04987752,28.06377419,28.08124663,28.10300906,28.12986331,28.16269068,28.2024376,28.2500958,28.30667624,28.37318207,28.45058017,28.53978294
220,28.00963609,28.00997064,28.01099796,28.01279006,28.01546996,28.01921485,28.02426182,28.03091357,28.03954469,28.05060858,28.06464253,28.08227193,28.10421065,28.13125923,28.16429648,28.20426513,28.25215214,28.30896311,28.375696,28.45331351,28.5427257
221,28.00986249,28.01020239,28.01124593,28.01306561,28.0157852,28.01958296,28.0246972,28.03143193,28.0401631,28.05134528,28.06551668,28.08330306,28.1054179,28.1326604,28.16590687,28.20609637,28.25421116,28.31125164,28.37821074,28.45604711,28.54566855
222,28.01009251,28.0104378,28.01149767,28.01334509,28.01610462,28.01995554,28.02513734,28.03195538,28.04078688,28.05208761,28.06639662,28.08433997,28.10663076,28.13406677,28.16752182,28.2079313,28.25627288,28.31354188,28.38072633,28.45878099,28.54861147
223,28.01032617,28.01067689,28.01175319,28.01362853,28.01642824,28.02033258,28.02558226,28.03248392,28.04141606,28.05283557,28.06728231,28.08538265,28.10784918,28.1354783,28.16914128,28.2097699,28.2583373,28.31583384,28.38324281,28.46151521,28.55155453
224,28.0105635,28.01091968,28.01201253,28.01391596,28.01675607,28.02071411,28.02603197,28.03301755,28.04205061,28.05358913,28.06817374,28.08643104,28.10907313,28.13689493,28.17076521,28.21161214,28.26040442,28.31812755,28.38576022,28.46424981,28.55449777
225,28.01080453,28.0111662,28.0122757,28.01420739,28.01708813,28.02110014,28.02648648,28.03355628,28.04269053,28.05434828,28.06907088,28.08748511,28.11030254,28.13831662,28.17239357,28.213458,28.26247424,28.32042302,28.3882786,28.46698483,28.55744124
226,28.01104926,28.01141647,28.01254272,28.01450285,28.01742444,28.02149069,28.02694579,28.03410011,28.04333583,28.05511302,28.06997371,28.08854485,28.11153741,28.13974333,28.17402631,28.21530743,28.26454671,28.32272026,28.39079798,28.46972036,28.56038504
227,28.01129774,28.01167052,28.01281363,28.01480235,28.01776501,28.02188577,28.02740992,28.03464905,28.04398649,28.05588332,28.07088221,28.08961022,28.11277768,28.14117501,28.17566339,28.21716039,28.26662181,28.32501927,28.39331842,28.47245647,28.56332923
228,28.01154998,28.01192836,28.01308843,28.01510592,28.01810987,28.02228538,28.02787887,28.03520309,28.04464252,28.05665917,28.07179635,28.09068118,28.11402332,28.14261164,28.17730478,28.21901688,28.26869958,28.32732008,28.39583994,28.47519317,28.56627384
229,28.01180601,28.01219002,28.01336715,28.01541357,28.01845903,28.02268956,28.02835266,28.03576224,28.04530389,28.05744056,28.07271611,28.09175769,28.11527428,28.14405316,28.17895046,28.22087688,28.27077999,28.3296227,28.39836257,28.47793052,28.5692189
230,28.01206585,28.01245553,28.01364982,28.01572533,28.01881251,28.0230983,28.02883128,28.0363265,28.04597062,28.05822747,28.07364147,28.09283973,28.11653052,28.14549954,28.18060037,28.22274036,28.27286306,28.33192715,28.40088634,28.48066855,28.57216448
231,28.01232952,28.01272491,28.01393646,28.01604121,28.01917032,28.02351162,28.02931476,28.03689587,28.04664268,28.05901989,28.07457239,28.09392726,28.11779202,28.14695074,28.18225451,28.22460731,28.27494877,28.33423346,28.40341128,28.4834073,28.5751106
232,28.01259704,28.01299817,28.01422708,28.01636124,28.01953248,28.02392954,28.02980308,28.03747035,28.04732008,28.05981781,28.07550886,28.09502027,28.11905873,28.14840672,28.18391281,28.22647768,28.2770371,28.33654161,28.40593745,28.48614686,28.57805735
233,28.01286845,28.01327535,28.01452171,28.01668542,28.019899,28.02435206,28.03029627,28.03804994,28.04800281,28.0606212,28.07645086,28.09611871,28.12033062,28.14986744,28.18557525,28.22835146,28.27912805,28.33885163,28.40846486,28.48888724,28.58100475
234,28.01314375,28.01355645,28.01482037,28.01701379,28.02026991,28.02477919,28.03079432,28.03863464,28.04869086,28.06143005,28.07739836,28.09722255,28.12160766,28.15133288,28.18724181,28.23022865,28.28122163,28.34116354,28.41099354,28.49162848,28.58395285
235,28.01342298,28.01384151,28.01512307,28.01734636,28.02064521,28.02521095,28.03129725,28.03922446,28.04938422,28.06224435,28.07835134,28.09833177,28.12288981,28.152803,28.18891247,28.23210921,28.28331783,28.34347735,28.41352353,28.49437062,28.58690167
236,28.01370615,28.01413055,28.01542984,28.01768313,28.02102492,28.02564735,28.03180505,28.03981938,28.05008289,28.06306407,28.07930977,28.09944632,28.12417703,28.15427776,28.19058718,28.23399315,28.28541666,28.34579307,28.41605483,28.49711369,28.58985126
237,28.01399328,28.01442358,28.0157407,28.01802415,28.02140905,28.02608839,28.03231774,28.04041941,28.05078685,28.06388921,28.08027362,28.1005662,28.12546931,28.15575715,28.19226594,28.23588043,28.2875181,28.34811071,28.4185875,28.49985773,28.59280165
238,28.0142844,28.01472063,28.01605566,28.01836941,28.02179763,28.02653409,28.03283531,28.04102454,28.05149609,28.06471975,28.08124289,28.10169136,28.12676659,28.15724111,28.1939487,28.23777105,28.28962217,28.3504303,28.42112155,28.50260278,28.59575288
239,28.01457952,28.01502171,28.01637475,28.01871894,28.02219065,28.02698446,28.03335777,28.04163478,28.05221062,28.06555567,28.08221754,28.10282178,28.12806886,28.15872962,28.19563544,28.23966498,28.29172884,28.35275184,28.42365701,28.50534888,28.598705
240,28.01487867,28.01532685,28.01669798,28.01907276,28.02258814,28.02743951,28.03388514,28.04225013,28.05293041,28.06639696,28.08319755,28.10395743,28.12937608,28.16022266,28.19732614,28.24156221,28.29383813,28.35507535,28.42619391,28.50809617,28.60166869
241,28.01518187,28.01563607,28.01702538,28.01943087,28.02299011,28.02789924,28.0344174,28.04287057,28.05365547,28.06724359,28.08418291,28.10509828,28.13068822,28.16172018,28.19902078,28.24346272,28.29595003,28.35740085,28.42873234,28.51084825,28.60476783
242,28.01548914,28.01594938,28.01735696,28.0197933,28.02339658,28.02836366,28.03495456,28.04349612,28.05438578,28.06809557,28.08517358,28.1062443,28.13200525,28.16322217,28.20071932,28.24536652,28.29806455,28.35972836,28.43127311,28.51362387,28.60801033
243,28.01580049,28.0162668,28.01769273,28.02016006,28.02380754,28.02883279,28.03549663,28.04412676,28.05512133,28.06895286,28.08616954,28.10739548,28.13332714,28.1647286,28.20242176,28.24727358,28.30018169,28.36205808,28.43381977,28.51644214,28.61133194
244,28.01611594,28.01658836,28.01803272,28.02053117,28.02422302,28.02930662,28.03604362,28.04476249,28.05586211,28.06981545,28.08717078,28.10855177,28.13465386,28.16623943,28.20412807,28.2491839,28.30230149,28.36439073,28.4363778,28.5193022,28.61472107
245,28.01643552,28.01691407,28.01837695,28.02090664,28.02464303,28.02978517,28.03659551,28.04540331,28.05660812,28.07068333,28.08817727,28.10971316,28.13598539,28.16775465,28.20583822,28.25109747,28.30442411,28.36672769,28.43895127,28.52220412,28.61816766
246,28.01675925,28.01724395,28.01872542,28.02128649,28.02506758,28.03026845,28.03715232,28.04604922,28.05735934,28.07155648,28.08918899,28.11087961,28.1373217,28.16927423,28.20755222,28.25301433,28.30654988,28.36907063,28.44154283,28.52514669,28.621665
247,28.01708713,28.01757802,28.01907816,28.02167072,28.02549668,28.03075646,28.03771404,28.04670021,28.05811576,28.07243488,28.09020591,28.11205111,28.13866275,28.17079814,28.20927004,28.25493454,28.30867932,28.37142116,28.4441543,28.52812769,28.62520869
248,28.01741919,28.0179163,28.01943518,28.02205937,28.02593034,28.03124921,28.03828069,28.04735628,28.05887738,28.07331851,28.09122802,28.11322763,28.14000853,28.17232636,28.21099168,28.25685823,28.31081304,28.37378079,28.44678702,28.53114542,28.62879493
249,28.01775545,28.01825879,28.0197965,28.02245242,28.02636858,28.0317467,28.03885225,28.04801742,28.05964418,28.07420737,28.09225529,28.11440914,28.14135901,28.17385888,28.21271717,28.25878559,28.31295173,28.37615086,28.44944183,28.53419832,28.63242069
250,28.01809593,28.01860553,28.02016214,28.02284992,28.02681139,28.03224895,28.03942873,28.04868363,28.06041615,28.07510144,28.0932877,28.11559562,28.14271417,28.17539569,28.21444655,28.26071687,28.31509613,28.37853251,28.45211904,28.53728503,28.63608372
251,28.01844064,28.01895653,28.0205321,28.02325185,28.0272588,28.03275595,28.04001014,28.0493549,28.06119328,28.07600069,28.09432524,28.11678704,28.14407398,28.17693677,28.21617989,28.26265239,28.31724698,28.38092665,28.4548188,28.5404043,28.63978213
252,28.01878959,28.01931179,28.02090641,28.02365825,28.02771081,28.03326771,28.04059646,28.05003124,28.06197557,28.07690511,28.09536787,28.11798338,28.14543844,28.17848214,28.2179173,28.2645925,28.31940492,28.3833339,28.45754109,28.54355505,28.64351437
253,28.01914281,28.01967135,28.02128508,28.02406911,28.02816743,28.03378424,28.04118771,28.05071263,28.06276299,28.07781469,28.09641559,28.11918463,28.14680751,28.18003182,28.2196589,28.26653752,28.32157066,28.3857551,28.46028603,28.54673609,28.64727865
254,28.01950031,28.02003521,28.02166813,28.02448446,28.02862867,28.03430555,28.04178389,28.05139907,28.06355554,28.07872941,28.09746837,28.12039076,28.14818119,28.18158583,28.22140482,28.26848785,28.32374475,28.38819067,28.46305348,28.54994653,28.65107377
255,28.01986211,28.02040339,28.02205556,28.0249043,28.02909454,28.03483163,28.04238498,28.05209055,28.06435322,28.07964925,28.09852619,28.12160175,28.14955948,28.18314421,28.22315525,28.27044385,28.32592778,28.3906411,28.46584334,28.55318543,28.65489845
256,28.02022822,28.02077591,28.02244739,28.02532865,28.02956504,28.03536249,28.042991,28.05278707,28.065156,28.0805742,28.09958903,28.12281759,28.15094237,28.18470703,28.22491034,28.27240589,28.32812024,28.39310675,28.46865544,28.55645199,28.65875161
257,28.02059866,28.02115278,28.02284364,28.02575751,28.03004019,28.03589814,28.04360194,28.05348863,28.06596387,28.08150425,28.10065688,28.12403826,28.15232989,28.18627436,28.22667033,28.27437436,28.33032258,28.39558784,28.47148953,28.55974548,28.66263242
258,28.02097345,28.02153402,28.02324432,28.0261909,28.03052,28.03643858,28.0442178,28.05419521,28.06677684,28.08243937,28.10172972,28.12526374,28.15372202,28.18784626,28.22843538,28.2763496,28.33253525,28.39808469,28.47434544,28.56306514,28.66653985
259,28.02135259,28.02191963,28.02364944,28.02662883,28.03100446,28.03698382,28.04483859,28.05490681,28.06759488,28.08337956,28.10280753,28.12649405,28.15511881,28.18942285,28.23020575,28.27833195,28.33475854,28.40059734,28.47722288,28.56641044,28.67047333
260,28.0217361,28.02230964,28.02405902,28.02707131,28.0314936,28.03753385,28.04546429,28.05562343,28.06841798,28.0843248,28.10389031,28.12772917,28.15652029,28.19100422,28.23198164,28.28032175,28.33699281,28.40312599,28.48012162,28.56978073,28.67443206
261,28.022124,28.02270405,28.02447306,28.02751835,28.0319874,28.03808868,28.04609491,28.05634506,28.06924614,28.08527508,28.10497803,28.1289691,28.15792649,28.19259048,28.23376324,28.28231927,28.33923839,28.40567079,28.48304149,28.57317541,28.67841528
262,28.0225163,28.02310288,28.02489158,28.02796996,28.03248589,28.03864831,28.04673044,28.05707169,28.07007935,28.08623038,28.10607069,28.13021385,28.15933745,28.19418176,28.2355508,28.28432484,28.34149549,28.40823174,28.48598217,28.57659402,28.68242252
263,28.02291302,28.02350615,28.02531459,28.02842615,28.03298907,28.03921275,28.04737089,28.05780332,28.07091759,28.08719069,28.10716828,28.13146343,28.16075323,28.19577819,28.23734454,28.28633873,28.34376436,28.41080886,28.48894341,28.58003607,28.68645322
264,28.02331416,28.02391387,28.02574211,28.02888693,28.03349694,28.039782,28.04801626,28.05853994,28.07176085,28.088156,28.1082708,28.13271785,28.16217389,28.19737987,28.23914463,28.28836117,28.34604523,28.41340229,28.49192506,28.58350103,28.6905067
265,28.02371975,28.02432604,28.02617413,28.0293523,28.03400952,28.04035605,28.04866653,28.05928155,28.07260913,28.0891263,28.10937824,28.13397713,28.16359949,28.19898695,28.24095132,28.29039242,28.34833824,28.41601194,28.49492683,28.58698853,28.69458261
266,28.02412978,28.02474269,28.02661068,28.02982227,28.03452679,28.04093492,28.04932172,28.06002813,28.07346241,28.09010158,28.1104906,28.13524129,28.16503009,28.20059958,28.2427648,28.2924327,28.35064354,28.4186378,28.49794849,28.59049818,28.69868051
267,28.02454428,28.02516381,28.02705176,28.03029686,28.03504878,28.04151861,28.04998181,28.06077969,28.07432069,28.09108184,28.11160788,28.13651037,28.16646577,28.20221786,28.24458522,28.2944822,28.35296134,28.42127995,28.50098986,28.5940295,28.7027998
268,28.02496326,28.02558944,28.02749739,28.03077608,28.03557549,28.04210711,28.0506468,28.06153621,28.07518396,28.09206708,28.1127301,28.1377844,28.16790662,28.20384195,28.24641281,28.29654113,28.35529172,28.42393831,28.50405071,28.59758218,28.70694018
269,28.02538672,28.02601956,28.02794758,28.03125992,28.03610691,28.04270042,28.0513167,28.0622977,28.07605221,28.09305727,28.11385726,28.1390634,28.1693527,28.20547198,28.24824773,28.29860965,28.35763477,28.42661284,28.50713083,28.60115588,28.71110125
270,28.02581469,28.02645421,28.02840232,28.0317484,28.03664307,28.04329856,28.0519915,28.06306414,28.07692544,28.09405243,28.11498937,28.14034742,28.1708041,28.20710807,28.25009014,28.30068796,28.35999066,28.42930355,28.51023002,28.60475019,28.71528256
271,28.02624717,28.02689338,28.02886164,28.03224152,28.03718395,28.04390151,28.05267119,28.06383553,28.07780364,28.09505256,28.11612644,28.14163651,28.1722609,28.20875035,28.25194022,28.30277619,28.36235943,28.43201038,28.51334807,28.60836483,28.71948381
272,28.02668417,28.02733709,28.02932555,28.03273929,28.03772957,28.04450929,28.05335578,28.06461186,28.0786868,28.09605765,28.1172685,28.1429307,28.17372319,28.21039896,28.25379811,28.30487448,28.36474115,28.43473327,28.5164848,28.6119995,28.72370467
273,28.0271257,28.02778534,28.02979404,28.03324173,28.03827992,28.04512188,28.05404526,28.06539314,28.07957493,28.09706771,28.11841556,28.14423004,28.17519105,28.21205402,28.25566397,28.30698299,28.36713593,28.43747219,28.51964,28.61565387,28.72794478
274,28.02757177,28.02823816,28.03026713,28.03374882,28.03883502,28.0457393,28.05473964,28.06617936,28.08046802,28.09808274,28.11956764,28.14553459,28.17666457,28.21371565,28.25753794,28.30910184,28.3695438,28.44022706,28.5228135,28.61932768,28.73220387
275,28.0280224,28.02869554,28.03074484,28.03426059,28.03939486,28.04636154,28.0554389,28.06697051,28.08136607,28.09910275,28.12072477,28.1468444,28.17814383,28.21538397,28.25942015,28.31123114,28.37196481,28.44299783,28.5260051,28.62302066,28.73648165
276,28.02847759,28.02915749,28.03122716,28.03477704,28.03995946,28.04698861,28.05614305,28.06776659,28.08226908,28.10012775,28.12188697,28.14815949,28.17962891,28.21705909,28.26131076,28.31337103,28.37439905,28.44578446,28.52921462,28.6267325,28.74077777
277,28.02893735,28.02962404,28.0317141,28.03529816,28.0405288,28.0476205,28.05685209,28.06856761,28.08317705,28.10115775,28.12305426,28.14947995,28.18111991,28.21874114,28.26320988,28.3155216,28.37684651,28.44858685,28.5324419,28.63046299,28.74509203
278,28.02940169,28.03009517,28.03220567,28.03582398,28.04110291,28.04825721,28.05756601,28.06937355,28.08408998,28.10219276,28.12422669,28.15080583,28.18261692,28.22043023,28.26511762,28.31768292,28.37930721,28.45140493,28.53568675,28.63421191,28.74942418
279,28.02987062,28.03057091,28.03270189,28.03635449,28.04168177,28.04889875,28.05828481,28.07018442,28.08500787,28.10323279,28.12540428,28.15213719,28.18412002,28.22212648,28.26703411,28.31985508,28.38178116,28.45423861,28.53894902,28.63797904,28.75377401
280,28.03034415,28.03105126,28.03320275,28.0368897,28.04226539,28.04954511,28.05900849,28.07100021,28.08593074,28.10427787,28.12658708,28.15347409,28.18562932,28.22382999,28.26895944,28.32203815,28.38426835,28.4570878,28.54222854,28.64176418,28.75814132
281,28.03082229,28.03153623,28.03370826,28.03742961,28.04285378,28.0501963,28.05973706,28.07182094,28.08685858,28.105328,28.12777509,28.15481657,28.18714485,28.22554085,28.27089374,28.32423225,28.38676889,28.45995251,28.54552516,28.645567,28.76252573
282,28.03130504,28.03202582,28.03421843,28.03797423,28.04344694,28.05085232,28.06047051,28.0726466,28.08779141,28.1063832,28.12896837,28.15616469,28.18866674,28.22725918,28.2728371,28.32643742,28.38928273,28.46283262,28.54883872,28.64938737,28.76692711
283,28.03179241,28.03252005,28.03473326,28.03852356,28.04404487,28.05151317,28.06120884,28.07347718,28.08872922,28.1074435,28.13016695,28.15751854,28.19019506,28.22898507,28.2747896,28.32865371,28.39180985,28.46572804,28.55216907,28.65322511,28.77134529
284,28.03228442,28.03301892,28.03525277,28.03907761,28.04464757,28.05217885,28.06195205,28.0743127,28.08967204,28.10850891,28.13137089,28.15887816,28.19172991,28.23071862,28.27675133,28.33088116,28.39435023,28.46863867,28.55551607,28.65708004,28.77578008
285,28.03278106,28.03352243,28.03577696,28.03963639,28.04525504,28.05284936,28.06270015,28.07515316,28.09061986,28.10957946,28.13258021,28.16024364,28.19327137,28.23245993,28.27872237,28.3331198,28.39690385,28.47156443,28.55887958,28.660952,28.78023133
286,28.03328234,28.0340306,28.03630582,28.04019989,28.04586729,28.0535247,28.06345313,28.07599856,28.0915727,28.11065517,28.13379495,28.161615,28.19481949,28.23420908,28.28070282,28.33536976,28.39947078,28.47450531,28.56225946,28.66484071,28.78469873
287,28.03378828,28.03454343,28.03683938,28.04076812,28.04648433,28.05420487,28.064211,28.07684891,28.09253058,28.11173606,28.13501515,28.16299232,28.19637436,28.23596614,28.28269274,28.33763104,28.40205099,28.47746122,28.56565556,28.66874603,28.78918211
288,28.03429887,28.03506093,28.03737763,28.04134109,28.04710615,28.05488988,28.06497376,28.07770421,28.09349351,28.11282217,28.13624086,28.16437566,28.19793606,28.2377312,28.28469221,28.33990368,28.40464444,28.48043206,28.56906777,28.67266781,28.79368136
289,28.03481413,28.0355831,28.03792058,28.04191879,28.04773275,28.05557973,28.06574142,28.07856447,28.0944615,28.11391352,28.13747213,28.16576508,28.19950468,28.23950436,28.28670127,28.34218768,28.40725111,28.48341775,28.57249596,28.67660591,28.79819631
290,28.03533405,28.03610995,28.03846823,28.04250123,28.04836414,28.05627442,28.06651397,28.0794297,28.09543456,28.11501013,28.138709,28.16716066,28.20108029,28.24128567,28.28871999,28.34448308,28.40987096,28.48641821,28.57594,28.68056018,28.80272681
291,28.03585865,28.03664148,28.0390206,28.04308843,28.04900033,28.05697395,28.06729142,28.08029991,28.09641272,28.11611204,28.13995151,28.16856243,28.20266294,28.24307522,28.29074846,28.34678993,28.41250401,28.48943339,28.57939976,28.68453041,28.80727266
292,28.03638794,28.03717771,28.03957767,28.04368037,28.04964131,28.05767832,28.06807377,28.0811751,28.09739599,28.11721927,28.14119969,28.16997046,28.20425271,28.24487307,28.29278671,28.34910828,28.41515026,28.49246323,28.58287512,28.68851645,28.81183368
293,28.03692191,28.03771863,28.04013947,28.04427707,28.05028709,28.05838755,28.06886104,28.08205529,28.09838439,28.11833185,28.14245361,28.17138481,28.20584968,28.2466793,28.29483481,28.35143811,28.41780966,28.49550763,28.58636597,28.69251817,28.81640976
294,28.03746057,28.03826425,28.04070598,28.04487852,28.05093766,28.05910163,28.06965323,28.08294049,28.09937794,28.11944983,28.1437133,28.17280554,28.2074539,28.24849395,28.29689279,28.35377945,28.42048218,28.49856654,28.58987218,28.69653545,28.82100076
295,28.03800394,28.03881457,28.04127723,28.04548473,28.05159305,28.05982057,28.07045034,28.08383071,28.10037667,28.12057322,28.14497881,28.17423271,28.20906544,28.25031711,28.29896069,28.35613231,28.42316779,28.50163986,28.59339367,28.70056814,28.82560654
296,28.038552,28.03936961,28.0418532,28.04609571,28.05225324,28.06054436,28.07125238,28.08472596,28.10138058,28.12170206,28.14625019,28.17566638,28.21068438,28.25214882,28.30103856,28.35849669,28.42586647,28.50472754,28.5969303,28.7046161,28.83022696
297,28.03910477,28.03992935,28.04243392,28.04671146,28.05291824,28.06127303,28.07205936,28.08562625,28.10238971,28.12283639,28.14752748,28.1771066,28.21231075,28.25398914,28.30312646,28.36087264,28.4285782,28.5078295,28.60048197,28.7086792,28.83486187
298,28.03966226,28.04049382,28.04301937,28.04733198,28.05358806,28.06200656,28.07287129,28.0865316,28.10340407,28.12397623,28.14881073,28.17855342,28.21394464,28.25583814,28.30522442,28.36326016,28.43130296,28.51094568,28.60404857,28.71275731,28.83951115
299,28.04022446,28.04106302,28.04360956,28.04795727,28.05426269,28.06274497,28.07368817,28.08744203,28.10442368,28.12512162,28.15009997,28.18000689,28.21558608,28.25769587,28.30733248,28.36565926,28.43404071,28.51407601,28.60763,28.71685029,28.84417468
300,28.04079138,28.04163694,28.04420451,28.04858735,28.05494215,28.06348827,28.07451002,28.08835754,28.10544858,28.12627259,28.15139525,28.18146707,28.21723515,28.25956237,28.30945068,28.36806995,28.43679144,28.5172204,28.61122614,28.72095791,28.84884545
301,28.04136303,28.0422156,28.04480421,28.04922221,28.05562645,28.06423646,28.07533684,28.08927816,28.10647878,28.12742918,28.15269662,28.18293402,28.2188919,28.26143771,28.31157905,28.37049222,28.43955508,28.5203788,28.61483685,28.72507755,28.85342508
302,28.04193942,28.04279899,28.04540866,28.04986186,28.05631557,28.06498954,28.07616865,28.09020389,28.1075143,28.12859141,28.15400411,28.18440778,28.22055638,28.26332192,28.31371762,28.37292608,28.44233163,28.52355112,28.61846147,28.72919463,28.85791241
303,28.04252053,28.04338713,28.04601788,28.0505063,28.05700954,28.06574752,28.07700546,28.09113476,28.10855518,28.12975933,28.15531779,28.18588841,28.22222864,28.26521506,28.31586641,28.37537154,28.44512103,28.52673716,28.62209719,28.73329439,28.86235325
304,28.04310639,28.04398001,28.04663186,28.05115555,28.05770835,28.06651042,28.07784727,28.09207079,28.10960144,28.13093297,28.15663768,28.18737597,28.22390875,28.26711716,28.31802546,28.37782858,28.44792323,28.52993629,28.62573974,28.73737766,28.86675723
305,28.04369699,28.04457764,28.04725061,28.05180959,28.05841201,28.06727823,28.0786941,28.09301198,28.1106531,28.13211236,28.15796384,28.18887048,28.22559674,28.26902828,28.32019478,28.3802972,28.45073807,28.53314745,28.62938594,28.74144412,28.87113181
306,28.04429235,28.04518003,28.04787414,28.05246844,28.05912052,28.06805097,28.07954596,28.09395837,28.11171018,28.13329754,28.1592963,28.19037202,28.22729267,28.27094844,28.32237441,28.38277737,28.45356526,28.53636929,28.63303377,28.74549471,28.87548196
307,28.04489245,28.04578718,28.04850244,28.05313211,28.0598339,28.06882865,28.08040287,28.09490996,28.11277273,28.13448854,28.16063512,28.19188062,28.22899658,28.27287769,28.32456434,28.38526902,28.45640439,28.5396005,28.63668167,28.749531,28.87981116
308,28.04549731,28.04639909,28.04913553,28.05380059,28.06055215,28.06961127,28.08126483,28.09586678,28.11384075,28.13568541,28.16198032,28.19339633,28.23070852,28.27481606,28.32676459,28.38777204,28.45925494,28.54283992,28.64032865,28.75355418,28.884122
309,28.04610693,28.04701577,28.04977341,28.0544739,28.06127527,28.07039885,28.08213186,28.09682884,28.11491429,28.13688816,28.16333196,28.1949192,28.23242854,28.27676359,28.32897514,28.39028627,28.46211638,28.54608644,28.6439739,28.75756541,28.88841689
310,28.04672132,28.04763722,28.05041608,28.05515203,28.06200328,28.07119138,28.08300398,28.09779617,28.11599336,28.13809684,28.16469007,28.19644927,28.23415666,28.2787203,28.33119598,28.39281152,28.46498808,28.54933915,28.64761714,28.76156564,28.89269737
311,28.04734048,28.04826345,28.05106355,28.055835,28.06273618,28.0719889,28.0838812,28.09876879,28.117078,28.13931149,28.1660547,28.19798659,28.23589295,28.2806862,28.33342703,28.39534753,28.46786946,28.55259731,28.65125823,28.76555573,28.8969648
312,28.04796442,28.04889447,28.05171583,28.05652281,28.06347397,28.07279139,28.08476353,28.09974671,28.11816823,28.14053214,28.16742589,28.19953119,28.23763741,28.28266131,28.33566823,28.397894,28.47075999,28.55586038,28.65489709,28.76953644,28.90122029
313,28.04859314,28.04953026,28.05237291,28.05721546,28.06421667,28.07359889,28.08565099,28.10072997,28.11926407,28.14175881,28.16880367,28.20108313,28.23939011,28.28464562,28.33791948,28.40045068,28.47365911,28.55912772,28.6585336,28.77350857,28.90546507
314,28.04922664,28.05017086,28.0530348,28.05791297,28.06496428,28.07441139,28.08654359,28.10171857,28.12036557,28.14299156,28.17018809,28.20264243,28.24115105,28.28663914,28.34018069,28.40301726,28.47656633,28.56239885,28.66216774,28.77747279,28.90970014
315,28.04986493,28.05081624,28.05370151,28.05861533,28.06571682,28.0752289,28.08744136,28.10271255,28.12147274,28.14423041,28.17157918,28.20420914,28.24292027,28.28864182,28.3424517,28.40559343,28.47948122,28.56567348,28.6657996,28.78142964,28.91392619
316,28.05050801,28.05146643,28.05437305,28.05932257,28.06647429,28.07605145,28.0883443,28.10371192,28.12258562,28.14547539,28.17297699,28.20578329,28.24469778,28.29065366,28.34473241,28.40817891,28.4824033,28.56895113,28.66942915,28.78537981,28.91814423
317,28.05115589,28.05212143,28.05504942,28.06003467,28.0672367,28.07687904,28.08925244,28.1047167,28.12370423,28.14672655,28.17438155,28.20736492,28.2464836,28.29267459,28.34702263,28.41077337,28.48533228,28.57223175,28.67305661,28.78932362,28.92235457
318,28.05180858,28.05278124,28.05573062,28.06075166,28.06800405,28.07771169,28.09016579,28.10572693,28.12482859,28.1479839,28.17579289,28.20895405,28.24827773,28.29470458,28.34932223,28.41337654,28.48826771,28.57551492,28.67668197,28.79326171,28.92655813
319,28.05246608,28.05344586,28.05641667,28.06147353,28.06877637,28.0785494,28.09108437,28.10674261,28.12595875,28.1492475,28.17721105,28.21055071,28.25008017,28.29674354,28.35163102,28.41598815,28.49120936,28.5788006,28.68030543,28.79719437,28.93075518
320,28.05312839,28.05411531,28.05710757,28.0622003,28.06955366,28.07939219,28.09200819,28.10776378,28.12709473,28.15051736,28.17863606,28.21215493,28.25189091,28.29879142,28.35394883,28.4186079,28.49415693,28.58208862,28.68392711,28.80112201,28.93494626
321,28.05379552,28.05478959,28.05780332,28.06293197,28.07033593,28.08024008,28.09293728,28.10879046,28.12823655,28.15179352,28.18006796,28.21376672,28.25370994,28.30084813,28.35627551,28.42123558,28.49711013,28.58537879,28.68754709,28.80504505,28.9391319
322,28.05446748,28.05546871,28.05850393,28.06366856,28.07112318,28.08109308,28.09387165,28.10982266,28.12938424,28.15307602,28.18150677,28.21538609,28.25553725,28.3029136,28.35861088,28.42387092,28.50006874,28.58867103,28.69116549,28.8089638,28.94331247
323,28.05514428,28.05615266,28.05920942,28.06441006,28.07191544,28.0819512,28.09481133,28.11086042,28.13053784,28.15436488,28.18295251,28.21701307,28.25737279,28.30498772,28.36095476,28.4265137,28.50303257,28.59196531,28.6947825,28.81287853,28.94748826
324,28.05582591,28.05684146,28.05991978,28.06515649,28.07271271,28.08281446,28.09575632,28.11190376,28.13169737,28.15566012,28.18440522,28.21864766,28.25921655,28.30707041,28.36330698,28.42916369,28.50600142,28.59526153,28.69839822,28.81678955,28.95165963
325,28.05651238,28.05753512,28.06063502,28.06590787,28.07351501,28.08368287,28.09670665,28.11295269,28.13286285,28.15696179,28.18586492,28.22028985,28.26106849,28.30916158,28.3656674,28.43182071,28.50897508,28.5985596,28.70201272,28.82069719,28.95582701
326,28.05720371,28.05823364,28.06135515,28.06666419,28.07432234,28.08455645,28.09766233,28.11400725,28.13403431,28.15826991,28.18733162,28.22193966,28.26292857,28.31126112,28.36803585,28.43448457,28.51195345,28.60185953,28.70562616,28.82460162,28.95999057
327,28.05789989,28.05893702,28.06208019,28.06742546,28.07513471,28.08543521,28.0986234,28.11506746,28.13521179,28.1595845,28.18880535,28.22359707,28.26479674,28.31336891,28.37041215,28.43715507,28.5149364,28.60516131,28.70923867,28.82850308,28.96415057
328,28.05860094,28.05964528,28.06281013,28.0681917,28.07595215,28.08631917,28.09958986,28.11613334,28.13639529,28.16090558,28.19028611,28.22526209,28.26667296,28.3154849,28.37279619,28.43983206,28.51792372,28.60846481,28.71285031,28.83240188,28.96830741
329,28.05930686,28.06035842,28.06354499,28.06896292,28.07677466,28.08720835,28.10056174,28.11720491,28.13758486,28.16223319,28.19177393,28.22693468,28.26855717,28.31760895,28.37518781,28.44251538,28.52091535,28.61177008,28.71646121,28.83629816,28.97246124
330,28.06001765,28.06107646,28.06428477,28.06973913,28.07760226,28.08810275,28.10153905,28.11828219,28.13878052,28.16356733,28.19326881,28.22861485,28.27044931,28.31974097,28.37758687,28.44520489,28.52391119,28.6150771,28.72007148,28.84019213,28.97661228
331,28.06073334,28.06179939,28.06502949,28.07052033,28.07843495,28.0890024,28.10252181,28.11936522,28.13998228,28.16490804,28.19477075,28.23030258,28.27234935,28.32188087,28.37999323,28.44790043,28.52691109,28.61838583,28.7236812,28.84408402,28.9807608
332,28.06145392,28.06252722,28.06577915,28.07130655,28.07927276,28.08990731,28.10351005,28.12045401,28.14119017,28.16625533,28.19627977,28.23199784,28.27425722,28.32402855,28.38240679,28.45060187,28.52991499,28.62169627,28.72729048,28.84797399,28.98490699
333,28.0621794,28.06325997,28.06653376,28.07209778,28.08011569,28.0908175,28.10450379,28.12154857,28.14240422,28.16760921,28.19779586,28.23370061,28.27617286,28.3261839,28.38482739,28.45330911,28.53292281,28.62500843,28.73089941,28.85186221,28.98905103
334,28.06290979,28.06399764,28.06729333,28.07289404,28.08096375,28.09173299,28.10550303,28.12264895,28.14362444,28.16896971,28.19931903,28.23541087,28.27809622,28.32834685,28.38725494,28.456022,28.53593445,28.6283223,28.73450809,28.85574885,28.99319311
335,28.0636451,28.06474025,28.06805787,28.07369534,28.08181697,28.09265379,28.10650781,28.12375515,28.14485085,28.17033682,28.20084928,28.2371286,28.28002723,28.33051729,28.3896893,28.45874045,28.53894985,28.63163787,28.73811661,28.85963406,28.99733341
336,28.06438533,28.06548779,28.06882739,28.0745017,28.08267536,28.09357991,28.10751815,28.12486719,28.14608348,28.17171058,28.20238659,28.23885375,28.28196584,28.33269514,28.39213038,28.46146434,28.54196895,28.63495517,28.74172505,28.86351798,29.00147206
337,28.06513051,28.06624028,28.0696019,28.07531312,28.08353893,28.09451138,28.10853405,28.1259851,28.14732233,28.17309097,28.20393097,28.24058631,28.28391199,28.3348803,28.39457805,28.46419358,28.54499168,28.6382742,28.74533351,28.86740077,29.00560925
338,28.06588062,28.06699773,28.07038142,28.07612962,28.08440769,28.09544822,28.10955554,28.1271089,28.14856743,28.17447803,28.20548242,28.24232626,28.28586563,28.33707269,28.39703222,28.46692805,28.54801797,28.64159495,28.74894206,28.87128258,29.00974514
339,28.06663569,28.06776015,28.07116595,28.07695121,28.08528166,28.09639043,28.11058264,28.1282386,28.1498188,28.17587174,28.20704092,28.24407355,28.28782668,28.33927222,28.39949278,28.46966768,28.55104779,28.64491746,28.75255079,28.8751635,29.01387984
340,28.06739573,28.06852755,28.0719555,28.07777791,28.08616085,28.09733804,28.11161537,28.12937422,28.15107644,28.17727213,28.20860645,28.24582814,28.28979509,28.3414788,28.40195965,28.47241239,28.5540811,28.64824175,28.75615976,28.87904366,29.01801347
341,28.06816074,28.06929994,28.07275008,28.07860971,28.08704528,28.09829106,28.11265375,28.13051579,28.15234038,28.17867918,28.21017901,28.24759,28.29177079,28.34369236,28.40443273,28.47516211,28.55711789,28.65156784,28.75976907,28.88292315,29.02214612
342,28.06893073,28.07007733,28.07354971,28.07944665,28.08793497,28.09924951,28.11369779,28.13166331,28.15361062,28.18009291,28.21175857,28.24935909,28.29375371,28.34591279,28.40691194,28.47791678,28.56015811,28.65489577,28.76337878,28.88680207,29.02627789
343,28.06970572,28.07085972,28.0743544,28.08028873,28.08882993,28.10021341,28.11474751,28.13281681,28.15488717,28.18151331,28.21334514,28.25113539,28.29574382,28.34814005,28.40939718,28.48067629,28.56320169,28.65822551,28.76698895,28.89068058,29.03040899
344,28.07048571,28.07164713,28.07516415,28.08113596,28.08973016,28.10118277,28.11580293,28.1339763,28.15617006,28.18294039,28.2149387,28.25291886,28.29774105,28.35037404,28.41188837,28.48344058,28.56624861,28.66155706,28.77059966,28.89455878,29.03453952
345,28.07127072,28.07243958,28.07597899,28.08198836,28.0906357,28.1021576,28.11686406,28.13514179,28.15745927,28.18437415,28.21653923,28.25470946,28.29974533,28.35261469,28.41438545,28.4862096,28.56929885,28.6648905,28.77421096,28.89843673,29.03866953
346,28.07206075,28.07323707,28.07679892,28.08284594,28.09154655,28.10313794,28.11793093,28.13631331,28.15875484,28.18581458,28.2181467,28.25650713,28.30175661,28.35486193,28.41688833,28.48898331,28.57235242,28.66822583,28.77782293,28.90231451,29.0427991
347,28.07285582,28.07403961,28.07762395,28.08370871,28.09246273,28.10412379,28.11900354,28.13749086,28.16005675,28.18726168,28.21976109,28.25831185,28.30377481,28.35711568,28.41939696,28.49176167,28.5754093,28.6715631,28.78143562,28.9061922,29.04692831
348,28.07365593,28.07484721,28.0784541,28.0845767,28.09338425,28.10511516,28.12008193,28.13867446,28.16136503,28.18871544,28.22138238,28.26012356,28.30579988,28.35937587,28.42191127,28.49454462,28.57846949,28.67490232,28.78504908,28.91006986,29.05105723
349,28.07446111,28.0756599,28.07928938,28.0854499,28.09431113,28.10611208,28.12116608,28.13986411,28.16267967,28.19017586,28.22301057,28.26194227,28.30783181,28.36164245,28.42443116,28.49733204,28.58153285,28.67824344,28.78866339,28.91394769,29.0551861
350,28.07527135,28.07647767,28.0801298,28.08632835,28.09524338,28.10711456,28.12225603,28.14105983,28.16400068,28.19164294,28.22464563,28.26376791,28.3098705,28.36391535,28.42695659,28.50012395,28.58459945,28.68158653,28.79227859,28.9178257,29.0593149
351,28.07608668,28.07730054,28.08097538,28.08721204,28.09618103,28.10812261,28.12335179,28.14226164,28.16532806,28.19311666,28.22628752,28.26560043,28.31191591,28.3661945,28.42948751,28.50292029,28.58766927,28.68493162,28.79589473,28.92170396,29.06344371
352,28.07690711,28.07812853,28.08182613,28.08810099,28.09712407,28.10913626,28.12445338,28.14346954,28.16666182,28.19459702,28.22793624,28.26743981,28.31396797,28.36847984,28.43202385,28.50572104,28.5907423,28.68827872,28.79951185,28.92558252,29.06757259
353,28.07773264,28.07896164,28.08268206,28.08899523,28.09807254,28.11015551,28.1255608,28.14468354,28.16800195,28.196084,28.22959174,28.26928599,28.31602664,28.37077132,28.43456558,28.50852617,28.59381855,28.69162786,28.80313002,28.92946145,29.0717016
354,28.0785633,28.07979989,28.08354318,28.08989476,28.09902644,28.11118038,28.12667407,28.14590364,28.16934846,28.19757759,28.23125401,28.27113894,28.31809187,28.37306888,28.43711263,28.51133561,28.59689798,28.69497905,28.80674928,28.93334084,29.07583085
355,28.07939908,28.08064329,28.08440951,28.09079959,28.09998578,28.11221088,28.1277932,28.14712987,28.17070135,28.19907781,28.23292305,28.27299865,28.32016362,28.37537246,28.43966492,28.51414931,28.59998055,28.69833229,28.81036968,28.93722079,29.07996045
356,28.08024001,28.08149186,28.08528107,28.09170974,28.10095059,28.11324702,28.12891819,28.14836222,28.17206062,28.20058461,28.2345988,28.27486505,28.32224183,28.37768201,28.44222244,28.51696725,28.60306627,28.70168761,28.81399127,28.94110132,29.0840904
357,28.0810861,28.0823456,28.08615786,28.09262523,28.10192088,28.11428883,28.13004908,28.14960069,28.17342627,28.202098,28.23628125,28.27673811,28.32432646,28.37999748,28.44478513,28.51978942,28.60615514,28.70504503,28.81761409,28.9449825,29.08822079
358,28.08193736,28.08320453,28.0870399,28.09354606,28.10289665,28.11533632,28.13118586,28.15084531,28.17479829,28.20361796,28.23797038,28.27861779,28.32641745,28.38231883,28.44735295,28.52261578,28.60924716,28.70840458,28.82123817,28.94886438,29.09235167
359,28.0827938,28.08406867,28.0879272,28.09447227,28.10387793,28.11638949,28.13232854,28.15209606,28.17617668,28.20514447,28.23966614,28.28050406,28.32851476,28.38464599,28.44992587,28.52544631,28.61234233,28.71176626,28.82486355,28.95274701,29.09648309
360,28.08365544,28.08493802,28.08881978,28.09540384,28.10486473,28.11744837,28.13347714,28.15335296,28.17756143,28.20667752,28.24136852,28.28239687,28.33061835,28.38697894,28.45250383,28.52828098,28.61544061,28.7151301,28.82849029,28.95663053,29.10061753
361,28.0845223,28.08581261,28.08971764,28.09634081,28.10585706,28.11851295,28.13463166,28.15461601,28.17895255,28.2082171,28.24307751,28.2842962,28.33272817,28.38931761,28.45508679,28.53111973,28.61854201,28.71849612,28.83211845,28.96051569,29.10476969
362,28.08539437,28.08669244,28.09062082,28.09728318,28.10685494,28.11958326,28.13579211,28.15588521,28.18035004,28.20976321,28.24479307,28.28620201,28.33484419,28.39166195,28.45767471,28.53396256,28.62164652,28.72186433,28.83574822,28.96440461,29.10894755
363,28.08627169,28.08757752,28.0915293,28.09823097,28.10785837,28.1206593,28.1369585,28.15716057,28.18175387,28.21131581,28.24651518,28.28811426,28.33696635,28.39401194,28.46026754,28.53680943,28.62475414,28.7252348,28.83938004,28.96830032,29.11313919
364,28.08715425,28.08846788,28.09244312,28.09918419,28.10886738,28.12174109,28.13813084,28.15844209,28.18316406,28.2128749,28.2482438,28.29003292,28.33909461,28.39636752,28.46286526,28.53966034,28.62786489,28.72860763,28.84301472,28.97220437,29.1173409
365,28.08804208,28.08936352,28.09336229,28.10014285,28.10988197,28.12282864,28.13930913,28.15972976,28.1845806,28.21444046,28.24997893,28.29195795,28.34122894,28.39872865,28.46546784,28.54251526,28.63097877,28.73198304,28.84665304,28.97611608,29.12155176
366,28.08893518,28.09026446,28.09428681,28.10110697,28.11090215,28.12392195,28.14049339,28.1610236,28.18600347,28.21601248,28.25172052,28.29388932,28.3433693,28.4010953,28.46807523,28.54537418,28.63409584,28.73536128,28.85029565,28.98003471,29.12577089
367,28.08983358,28.0911707,28.0952167,28.10207657,28.11192794,28.12502104,28.14168361,28.1623236,28.18743267,28.21759093,28.25346856,28.295827,28.34551564,28.40346742,28.47068742,28.54823709,28.63721616,28.73874265,28.85394283,28.98395983,29.12999778
368,28.09073728,28.09208228,28.09615198,28.10305164,28.11295936,28.12612592,28.14287981,28.16362976,28.18886819,28.21917581,28.25522302,28.29777094,28.34766792,28.40584498,28.47330436,28.55110399,28.64033984,28.74212743,28.85759465,28.98789145,29.13423203
369,28.0916463,28.09299919,28.09709265,28.10403222,28.1139964,28.1272366,28.14408199,28.16494208,28.19031003,28.2207671,28.25698386,28.29972112,28.34982612,28.40822794,28.47592604,28.55397489,28.64346697,28.74551584,28.86125122,28.99182945,29.13847327
370,28.09256065,28.09392145,28.09803874,28.1050183,28.11503909,28.12835307,28.14529015,28.16626057,28.19175818,28.22236477,28.25875108,28.30167751,28.35199019,28.41061627,28.47855245,28.55684983,28.64659768,28.74890801,28.86491259,28.99577373,29.1427212
371,28.09348035,28.09484908,28.09899025,28.1060099,28.11608743,28.12947537,28.1465043,28.16758521,28.19321263,28.22396882,28.26052464,28.30364007,28.3541601,28.41300994,28.48118356,28.55972885,28.64973207,28.75230406,28.86857883,28.99972409,29.14697556
372,28.0944054,28.09578209,28.0999472,28.10700704,28.11714143,28.13060348,28.14772444,28.16891601,28.19467337,28.22557922,28.26230452,28.30560877,28.35633581,28.41540891,28.48381937,28.56261196,28.65287025,28.75570422,28.87225001,29.00368046,29.151236
373,28.09533583,28.09672049,28.1009096,28.10800972,28.11820111,28.13173743,28.14895058,28.17025297,28.19614039,28.22719596,28.26409068,28.30758358,28.3585173,28.41781316,28.48645986,28.5654992,28.65601233,28.75910859,28.87592618,29.00764272,29.1555023
374,28.09627164,28.09766429,28.10187746,28.10901797,28.11926648,28.13287721,28.15018272,28.17159608,28.19761368,28.22881902,28.26588312,28.30956447,28.36070453,28.42022268,28.48910506,28.56839064,28.65915837,28.76251715,28.87960731,29.01161065,29.15977445
375,28.09721285,28.09861351,28.1028508,28.11003178,28.12033754,28.13402284,28.15142087,28.17294535,28.19909323,28.23044838,28.2676818,28.31155141,28.36289746,28.42263743,28.49175494,28.5712863,28.66230849,28.76593011,28.8832935,29.01558415,29.1640521
376,28.09815947,28.09956816,28.10382962,28.11105117,28.12141431,28.13517432,28.15266502,28.17430076,28.20057904,28.23208403,28.26948669,28.31354436,28.36509607,28.42505739,28.4944095,28.57418623,28.66546278,28.76934755,28.88698474,29.01956311,29.16833508
377,28.09911152,28.10052826,28.10481395,28.11207616,28.12249679,28.13633166,28.15391518,28.17566232,28.20207108,28.23372595,28.27129778,28.31554332,28.36730035,28.42748256,28.49706879,28.57709049,28.66862124,28.77276939,28.89068093,29.02354751,29.17262354
378,28.100069,28.10149381,28.10580379,28.11310675,28.123585,28.13749486,28.15517134,28.17703001,28.20356936,28.23537412,28.27311504,28.31754824,28.36951025,28.42991292,28.4997328,28.57999911,28.671784,28.77619579,28.89438212,29.02753718,29.17691717
379,28.10103194,28.10246483,28.10679916,28.11414296,28.12467894,28.13866393,28.15643353,28.17840385,28.20507386,28.23702853,28.27493845,28.31955909,28.37172575,28.43234844,28.50240152,28.58291215,28.67495113,28.7796268,28.89808833,29.03153204,29.18121586
380,28.10200034,28.10344134,28.10780006,28.11518479,28.12577862,28.13983888,28.15770172,28.17978382,28.20658457,28.23868915,28.27676798,28.32157586,28.37394684,28.43478915,28.50507501,28.58582963,28.67812261,28.78306234,28.90179943,29.03553214,29.18551969
381,28.10297421,28.10442334,28.10880651,28.11623226,28.12688406,28.14101971,28.15897592,28.18116991,28.20810147,28.24035597,28.27860361,28.32359853,28.3761735,28.43723501,28.50775327,28.58875161,28.68129854,28.78650253,28.90551547,29.03953734,29.1898285
382,28.10395357,28.10541084,28.10981852,28.11728537,28.12799525,28.14220643,28.16025614,28.18256213,28.20962457,28.24202897,28.28044532,28.32562705,28.37840569,28.43968602,28.5104363,28.59167813,28.68447896,28.78994739,28.90923641,29.04354758,29.19414218
383,28.10493843,28.10640386,28.1108361,28.11834414,28.1291122,28.14339903,28.16154237,28.18396046,28.21115384,28.24370813,28.2822931,28.32766143,28.38064345,28.44214222,28.51312415,28.59460917,28.68766383,28.79339682,28.91296224,29.04756291,29.19846082
384,28.10592881,28.10740242,28.11185927,28.11940857,28.13023492,28.14459752,28.16283461,28.1853649,28.21268927,28.24539344,28.28414691,28.32970164,28.38288671,28.44460357,28.5158168,28.5975448,28.69085324,28.79685093,28.91669293,29.05158321,29.20278426
385,28.10692471,28.10840651,28.11288802,28.12047868,28.13136343,28.14580191,28.16413287,28.18677545,28.21423086,28.24708489,28.28600675,28.33174765,28.38513548,28.44707007,28.51851429,28.60048506,28.69404724,28.80030975,28.92042848,29.05560841,29.20711241
386,28.10792614,28.10941616,28.11392239,28.12155448,28.13249772,28.14701221,28.16543714,28.1881921,28.21577858,28.24878244,28.28787257,28.33379944,28.38738972,28.4495417,28.52121662,28.60342999,28.69724588,28.8037733,28.92416886,29.05963846,29.21144521
387,28.10893313,28.11043138,28.11496236,28.12263597,28.13363781,28.14822841,28.16674742,28.18961484,28.21733244,28.2504861,28.28974437,28.33585699,28.38964943,28.45201849,28.52392382,28.60637959,28.70044917,28.80724157,28.92791405,29.06367334,29.21578264
388,28.10994567,28.11145217,28.11600796,28.12372315,28.1347837,28.14945051,28.16806371,28.19104367,28.21889242,28.25219584,28.29162214,28.3379203,28.39191463,28.45450045,28.52663589,28.60933386,28.70365704,28.81071451,28.93166406,29.06771308,29.22012474
389,28.11096378,28.11247854,28.1170592,28.12481605,28.13593539,28.15067853,28.16938601,28.19247858,28.22045851,28.25391164,28.29350586,28.33998935,28.39418529,28.45698757,28.52935284,28.61229285,28.7068696,28.81419217,28.93541887,29.07175757,29.22447138
390,28.11198748,28.11351052,28.11811608,28.12591467,28.13709289,28.15191245,28.17071431,28.19391957,28.22203069,28.2556335,28.29539549,28.34206411,28.39646138,28.45947983,28.53207471,28.61525659,28.71008686,28.81767457,28.93917844,29.07580678,29.22882252
391,28.11301677,28.1145481,28.11917862,28.12701902,28.13825622,28.1531523,28.17204862,28.19536662,28.22360895,28.25736138,28.29729102,28.34414456,28.39874291,28.46197725,28.53480149,28.61822511,28.71330886,28.82116172,28.94294278,29.07986066,29.23317809
392,28.11405166,28.11559131,28.12024682,28.1281291,28.13942536,28.15439806,28.17338893,28.19681974,28.22519329,28.25909529,28.29919245,28.34623071,28.40102987,28.46447984,28.5375332,28.62119839,28.71653556,28.8246536,28.94671186,29.08391923,29.23753813
393,28.11509217,28.11664014,28.12132069,28.12924492,28.14060033,28.15564974,28.17473524,28.1982789,28.22678369,28.26083521,28.30109977,28.34832254,28.40332227,28.4669876,28.54026985,28.62417644,28.71976695,28.82815018,28.95048567,29.08798247,29.24190264
394,28.1161383,28.11769461,28.12240025,28.13036649,28.14178113,28.15690734,28.17608755,28.19974412,28.22838014,28.26258112,28.30301295,28.35042004,28.4056201,28.46950052,28.54301144,28.62715929,28.72300309,28.8316515,28.9542642,29.09205033,29.24627152
395,28.11719006,28.11875473,28.1234855,28.13149381,28.14296778,28.15817086,28.17744585,28.20121537,28.22998263,28.264333,28.30493197,28.35252319,28.40792333,28.47201862,28.545758,28.63014698,28.726244,28.83515755,28.95804744,29.09612277,29.25064475
396,28.11824747,28.11982051,28.12457645,28.13262691,28.14416026,28.1594403,28.17881014,28.20269266,28.23159114,28.26609085,28.30685681,28.35463197,28.41023197,28.47454189,28.54850954,28.63313951,28.72948968,28.83866835,28.96183536,29.10019976,29.25502228
397,28.11931053,28.12089195,28.1256731,28.13376576,28.14535858,28.16071566,28.18018042,28.20417597,28.23320568,28.26785465,28.30878749,28.35674639,28.41254603,28.47707034,28.55126605,28.63613685,28.73274009,28.84218385,28.96562795,29.10428134,29.25940417
398,28.12037926,28.12196907,28.12677547,28.1349104,28.14656275,28.16199695,28.18155669,28.2056653,28.23482622,28.26962439,28.31072398,28.35886645,28.4148655,28.47960397,28.55402754,28.63913903,28.73599526,28.84570407,28.96942521,29.10836745,29.26379037
399,28.12145365,28.12305188,28.12788356,28.13606081,28.14777278,28.16328415,28.18293893,28.20716064,28.23645276,28.27140006,28.31266626,28.36099211,28.41719036,28.48214278,28.55679402,28.64214608,28.7392552,28.84922901,28.97322712,29.11245807,29.26818083
400,28.12253373,28.12414038,28.12899738,28.13721701,28.14898866,28.16457728,28.18432716,28.20866198,28.23808528,28.27318164,28.31461433,28.36312338,28.41952062,28.48468678,28.55956551,28.64515799,28.74251993,28.85275866,28.97703367,29.11655317,29.27257553
401,28.1236195,28.12523459,28.13011695,28.13837901,28.1502104,28.16587634,28.18572136,28.21016932,28.23972378,28.27496912,28.31656816,28.36526024,28.42185627,28.48723597,28.56234202,28.64817479,28.74578945,28.85629304,28.98084483,29.12065274,29.27697445
402,28.12471095,28.12633449,28.13124224,28.13954679,28.15143798,28.16718131,28.18712152,28.21168265,28.24136825,28.27676251,28.31852779,28.36740272,28.42419732,28.48979034,28.5651235,28.6511964,28.7490637,28.85983209,28.98466063,29.12475683,29.28137765
403,28.12580811,28.1274401,28.13237329,28.14072037,28.15267143,28.16849219,28.18852764,28.21320196,28.24301869,28.27856179,28.32049318,28.36955079,28.42654377,28.4923499,28.56790999,28.6542229,28.75234273,28.86337585,28.98848103,29.12886536,29.28578505
404,28.12691098,28.12855145,28.13351009,28.14189976,28.15391074,28.169809,28.18993973,28.21472725,28.24467507,28.28036693,28.3224643,28.37170443,28.4288956,28.49491465,28.5707015,28.65725428,28.75562654,28.86692431,28.99230602,29.13297831,29.29019663
405,28.12801958,28.12966852,28.13465265,28.14308496,28.15515592,28.17113173,28.19135778,28.21625851,28.24633738,28.28217794,28.32444116,28.37386364,28.43125281,28.49748459,28.57349805,28.66029056,28.75891515,28.87047746,28.99613558,29.13709567,29.29461237
406,28.1291339,28.13079134,28.135801,28.14427598,28.15640698,28.17246038,28.19278179,28.21779572,28.24800562,28.28399479,28.32642374,28.37602841,28.43361539,28.50005973,28.57629963,28.66333174,28.76220856,28.87403531,28.99996971,29.14121741,29.29903223
407,28.13025397,28.13191991,28.13695512,28.14547282,28.1576639,28.17379495,28.19421174,28.21933889,28.24967978,28.28581747,28.32841203,28.37819872,28.43598335,28.50264008,28.57910626,28.66637784,28.76550677,28.87759785,29.00380839,29.14534351,29.30345621
408,28.13137979,28.13305424,28.13811503,28.1466755,28.15892671,28.17513545,28.19564765,28.22088801,28.25135984,28.28764597,28.33040601,28.38037458,28.43835667,28.50522562,28.58191794,28.66942887,28.76880979,28.88116507,29.00765161,29.14947396,29.30788428
409,28.13251135,28.13419432,28.13928072,28.14788399,28.16019538,28.17648185,28.19708949,28.22244306,28.25304582,28.2894803,28.3324057,28.38255598,28.44073538,28.50781635,28.58473464,28.67248477,28.77211758,28.88473697,29.01149938,29.15360878,29.31231647
410,28.13364865,28.13534016,28.14045218,28.14909831,28.16146992,28.17783416,28.19853727,28.22400406,28.25473769,28.29132047,28.33441111,28.38474295,28.44311945,28.51041228,28.58755636,28.67554555,28.77543012,28.88831352,29.01535169,29.15774797,29.31675279
411,28.13479172,28.13649176,28.14162945,28.15031846,28.16275033,28.17919239,28.19999098,28.22557098,28.25643545,28.29316643,28.3364222,28.38693545,28.44550889,28.5130134,28.59038312,28.67861124,28.77874746,28.89189473,29.01920852,29.16189149,29.32119319
412,28.13594055,28.13764915,28.14281252,28.15154444,28.16403663,28.18055652,28.20145062,28.22714382,28.25813909,28.29501819,28.33843896,28.38913347,28.4479037,28.51561972,28.59321493,28.68168184,28.78206958,28.89548061,29.02306985,29.16603932,29.32563764
413,28.13709517,28.13881232,28.1440014,28.15277627,28.1653288,28.18192657,28.20291619,28.22872257,28.25984859,28.29687574,28.34046138,28.39133701,28.45030386,28.51823124,28.5960518,28.68475736,28.7853965,28.89907115,29.02693568,29.17019144,29.33008612
414,28.13825557,28.13998129,28.14519609,28.15401395,28.16662685,28.18330253,28.20438767,28.23030723,28.26156395,28.29873905,28.34248946,28.39354606,28.45270938,28.52084796,28.59889372,28.68783781,28.78872821,28.90266633,29.03080599,29.17434783,29.33453863
415,28.13942176,28.14115606,28.14639661,28.15525749,28.16793079,28.1846844,28.20586508,28.23189779,28.26328516,28.30060813,28.34452318,28.39576061,28.45512025,28.52346989,28.6017407,28.69092318,28.79206472,28.90626617,29.03468078,29.17850849,29.33899515
416,28.14059375,28.14233663,28.14760295,28.15650687,28.16924062,28.18607217,28.2073484,28.23349425,28.26501221,28.30248296,28.34656254,28.39798066,28.45753647,28.52609702,28.60459275,28.69401349,28.79540602,28.90987065,29.03856003,29.18267339,29.34345565
417,28.14177154,28.143523,28.14881512,28.15776211,28.17055632,28.18746585,28.20883762,28.23509659,28.2667451,28.30436355,28.34860754,28.40020623,28.45995805,28.52872934,28.60744984,28.69710869,28.79875209,28.91347976,29.04244375,29.18684256,29.34792017
418,28.14295513,28.14471518,28.15003311,28.15902319,28.1718779,28.18886542,28.21033275,28.23670481,28.26848382,28.30624988,28.35065819,28.40243729,28.46238498,28.53136686,28.61031197,28.7002088,28.80210293,28.91709349,29.04633192,29.19101599,29.35238869
419,28.14414452,28.14591318,28.15125692,28.16029013,28.17320536,28.19027089,28.21183378,28.23831891,28.27022837,28.30814197,28.35271446,28.40467385,28.46481725,28.53400958,28.61317915,28.70331381,28.80545852,28.92071184,29.05022455,29.19519365,29.3568612
420,28.14533971,28.14711698,28.15248657,28.16156292,28.17453869,28.19168225,28.21334069,28.23993888,28.27197874,28.31003979,28.35477637,28.4069159,28.46725487,28.53665748,28.61605137,28.70642372,28.80881888,28.9243348,29.05412162,29.19937541,29.36132963
421,28.14654072,28.1483266,28.15372204,28.16284156,28.1758779,28.1930995,28.2148535,28.24156472,28.27373492,28.31194335,28.3568439,28.40916345,28.46969784,28.53931058,28.61892863,28.70953852,28.81218399,28.92796236,29.05802305,29.20355892,29.36573844
422,28.14774754,28.14954204,28.15496336,28.16412606,28.17722298,28.19452263,28.21637219,28.24319641,28.27549691,28.31385263,28.35891704,28.41141648,28.47214614,28.54196886,28.62181093,28.71265823,28.81555385,28.9315945,29.06192828,29.20773585,29.37007892
423,28.14896019,28.15076331,28.15621051,28.16541642,28.17857394,28.19595166,28.21789676,28.24483396,28.27726469,28.31576763,28.36099579,28.41367498,28.47459977,28.54463234,28.62469828,28.71578283,28.81892846,28.93523107,29.06583559,29.21189731,29.374381
424,28.15017866,28.1519904,28.1574635,28.16671263,28.17993078,28.19738657,28.21942721,28.24647736,28.27903828,28.31768833,28.36308014,28.41593896,28.47705874,28.547301,28.62759067,28.71891233,28.82230779,28.93887174,29.06974271,29.21604116,29.37865305
425,28.15140295,28.15322333,28.15872234,28.16801471,28.18129349,28.19882736,28.22096354,28.2481266,28.28081765,28.31961475,28.36517009,28.41820841,28.47952304,28.54997484,28.6304881,28.72204671,28.82569173,28.94251585,29.07364738,29.2201682,29.38290026
426,28.15263307,28.15446209,28.15998702,28.16932264,28.18266207,28.20027402,28.22250573,28.24978168,28.2826028,28.32154686,28.36726563,28.42048333,28.48199267,28.55265387,28.63339056,28.72518596,28.82908015,28.94616266,29.07754801,29.2242794,29.38712615
427,28.15386903,28.15570668,28.16125755,28.17063644,28.18403653,28.20172657,28.22405378,28.25144259,28.28439372,28.32348466,28.36936676,28.4227637,28.48446762,28.55533808,28.63629805,28.72833003,28.83247281,28.94981129,29.08144349,29.22837585,29.39133323
428,28.15511082,28.15695712,28.16253393,28.1719561,28.18541686,28.20318499,28.2256077,28.25310933,28.28619042,28.32542815,28.37147347,28.42504953,28.48694789,28.55802747,28.63921056,28.73147886,28.83586938,28.9534609,29.08533327,29.23245845,29.39552322
429,28.15635845,28.15821339,28.16381615,28.17328162,28.18680306,28.20464928,28.22716747,28.25478189,28.28799288,28.32737732,28.37358575,28.42734082,28.48943348,28.56072202,28.64212806,28.73463232,28.83926948,28.95711081,29.0892171,29.23652795,29.39969741
430,28.15761192,28.15947551,28.16510423,28.174613,28.18819512,28.20611943,28.2287331,28.25646027,28.28980109,28.32933217,28.37570361,28.42963756,28.49192438,28.56342174,28.64505052,28.73779029,28.84267275,28.96076053,29.09309486,29.24058501,29.40385694
431,28.15887123,28.16074347,28.16639816,28.17595024,28.18959306,28.20759545,28.23030457,28.25814446,28.29161506,28.33129269,28.37782703,28.43193974,28.49442059,28.56612662,28.6479779,28.74095263,28.84607881,28.96440942,29.09696624,29.2446304,29.40800314
432,28.16013638,28.16201728,28.16769795,28.17729334,28.19099686,28.20907734,28.23188189,28.25983445,28.29343478,28.33325887,28.37995601,28.43424736,28.49692211,28.56883662,28.65091013,28.74411913,28.8494873,28.96805727,29.10083136,29.2486646,29.41213661
433,28.16140738,28.16329694,28.16900358,28.17864231,28.19240653,28.21056508,28.23346505,28.26153025,28.29526024,28.33523071,28.38209055,28.43656041,28.49942892,28.57155175,28.65384716,28.74728964,28.85289788,28.97170354,29.10469006,29.25268828,29.41625849
434,28.16268423,28.16458244,28.17031508,28.17999713,28.19382206,28.21205868,28.23505404,28.26323184,28.29709144,28.33720821,28.38423065,28.4388789,28.50194101,28.57427196,28.65678888,28.75046392,28.85631026,28.97534817,29.10854257,29.25670181,29.4203691
435,28.16396692,28.1658738,28.17163243,28.18135782,28.19524345,28.21355814,28.23664887,28.26493923,28.29892837,28.33919136,28.38637628,28.44120281,28.50445839,28.57699722,28.65973522,28.7536418,28.85972411,28.97899079,29.11238882,29.26070577,29.42446932
436,28.16525547,28.16717101,28.17295563,28.18272437,28.1966707,28.21506344,28.23824952,28.2666524,28.30077102,28.34118015,28.38852746,28.44353214,28.50698102,28.57972749,28.66268604,28.75682306,28.86313922,28.98263136,29.11622904,29.26470043,29.42855942
437,28.16654986,28.16847407,28.17428469,28.18409677,28.19810381,28.2165746,28.239856,28.26837136,28.30261939,28.34317458,28.39068418,28.44586688,28.50950889,28.58246273,28.66564127,28.76000752,28.86655531,28.98626964,29.12006326,29.26868629,29.43264005
438,28.16785011,28.16978298,28.17561961,28.18547504,28.19954278,28.2180916,28.2414683,28.2700961,28.30447349,28.34517464,28.39284642,28.44820701,28.51204197,28.58520285,28.66860075,28.763195,28.8699723,28.98990569,29.12389167,29.27266352,29.43671139
439,28.16915621,28.17109775,28.17696038,28.18685916,28.2009876,28.21961444,28.24308642,28.2718266,28.30633329,28.34718033,28.39501419,28.45055253,28.51458024,28.58794782,28.67156438,28.76638531,28.87338988,28.99353927,29.12771433,29.27663261,29.44077406
440,28.17046816,28.17241837,28.17830701,28.18824914,28.20243827,28.22114312,28.24471035,28.27356288,28.3081988,28.34919164,28.39718748,28.45290344,28.5171237,28.5906976,28.67453207,28.76957825,28.87680783,28.99717023,29.13153135,29.28059393,29.44482854
441,28.17178597,28.17374485,28.1796595,28.18964498,28.2038948,28.22267764,28.24634008,28.27530492,28.31007001,28.35120857,28.39936627,28.45525969,28.51967226,28.59345207,28.67750367,28.77277372,28.88022614,29.0007987,29.13534288,29.28454758,29.44887491
442,28.17310964,28.17507719,28.18101784,28.19104667,28.20535717,28.22421799,28.24797563,28.27705273,28.31194691,28.35323111,28.40155056,28.4576213,28.52222593,28.59621118,28.68047907,28.77597153,28.88364459,29.00442455,29.13914903,29.28849394,29.45291363
443,28.17443915,28.17641537,28.18238204,28.19245422,28.2068254,28.22576417,28.24961697,28.27880628,28.31382951,28.35525926,28.40374034,28.45998823,28.52478466,28.59897488,28.68345815,28.7791715,28.88706299,29.00804768,29.14294991,29.29243334,29.45694511
444,28.17577453,28.17775942,28.18375209,28.19386762,28.20829946,28.22731618,28.25126411,28.28056559,28.31571779,28.357293,28.4059356,28.46236047,28.52734841,28.60174307,28.6864408,28.78237355,28.89048133,29.01166816,29.14674564,29.2963659,29.46096946
445,28.17711576,28.17910932,28.185128,28.19528687,28.20977937,28.22887402,28.25291705,28.28233065,28.31761175,28.35933233,28.40813633,28.46473798,28.52991712,28.60451566,28.68942691,28.78557754,28.89389952,29.015286,29.15053635,29.30029185,29.46498693
446,28.17846284,28.18046508,28.18650977,28.19671197,28.21126512,28.23043768,28.25457577,28.28410145,28.31951139,28.36137725,28.41034251,28.46712076,28.53249076,28.6072926,28.69241635,28.78878331,28.89731738,29.01890112,29.15432216,29.30421149,29.46899789
447,28.17981578,28.18182669,28.18789739,28.19814292,28.21275671,28.23200715,28.25624028,28.28587798,28.32141669,28.36342774,28.41255414,28.46950877,28.53506928,28.61007381,28.69540902,28.79199077,28.90073487,29.02251356,29.15810317,29.30812499,29.47300253
448,28.18117458,28.18319415,28.18929086,28.19957972,28.21425414,28.23358244,28.25791058,28.28766025,28.32332766,28.3654838,28.41477118,28.47190198,28.53765262,28.61285919,28.69840484,28.79519983,28.90415197,29.02612336,29.16187949,29.31203247,29.47700095
449,28.18253923,28.18456748,28.19069018,28.20102236,28.2157574,28.23516355,28.25958665,28.28944824,28.32524429,28.36754541,28.41699364,28.47430036,28.54024073,28.61564866,28.70140368,28.79841038,28.90756861,29.02973054,29.16565125,29.31593415,29.4809934
450,28.18390974,28.18594665,28.19209536,28.20247086,28.21726649,28.23675046,28.26126849,28.29124196,28.32716656,28.36961257,28.41922149,28.47670388,28.54283356,28.61844215,28.70440545,28.80162234,28.91098471,29.03333509,29.16941853,29.3198302,29.48498008
451,28.1852861,28.18733168,28.19350638,28.20392519,28.21878141,28.23834318,28.26295611,28.29304139,28.32909448,28.37168526,28.4214547,28.4791125,28.54543106,28.6212396,28.70741008,28.80483558,28.91440018,29.036937,29.17318145,29.32372084,29.48896124
452,28.18666831,28.18872256,28.19492326,28.20538536,28.22030216,28.2399417,28.26464949,28.29484654,28.33102803,28.37376348,28.42369327,28.4815262,28.54803317,28.62404092,28.71041746,28.80805006,28.91781504,29.04053634,29.1769401,29.32760618,29.49293698
453,28.18805638,28.19011929,28.19634598,28.20685138,28.22182874,28.24154603,28.26634863,28.29665739,28.33296721,28.3758472,28.42593716,28.48394493,28.55063983,28.62684602,28.7134275,28.81126569,28.92122924,29.04413315,29.18069459,29.33148635,29.49690744
454,28.1894503,28.19152188,28.19777455,28.20832323,28.22336113,28.24315615,28.26805354,28.29847394,28.33491201,28.37793643,28.42818637,28.48636866,28.55325097,28.62965483,28.71644012,28.81448242,28.92464279,29.04772747,29.18444502,29.33536149,29.50087275
455,28.19085007,28.19293031,28.19920896,28.20980092,28.22489935,28.24477206,28.26976419,28.30029619,28.33686241,28.38003113,28.43044085,28.48879735,28.55586657,28.63246729,28.71945524,28.81770016,28.9280556,29.05131928,29.18819146,29.33923177,29.50483314
456,28.19225569,28.19434459,28.20064922,28.21128444,28.22644338,28.24639376,28.27148059,28.30212413,28.33881842,28.38213131,28.43270059,28.49123095,28.55848655,28.63528334,28.72247281,28.82091886,28.93146764,29.05490862,29.19193401,29.34309733,29.50878875
457,28.19366716,28.19576472,28.20209532,28.2127738,28.22799323,28.24802125,28.27320274,28.30395775,28.34078002,28.38423693,28.43496556,28.49366944,28.56111086,28.63810288,28.72549273,28.82413846,28.93487894,29.05849554,29.19567277,29.34695827,29.51273965
458,28.19508448,28.1971907,28.20354727,28.21426898,28.22954889,28.24965452,28.27493063,28.30579705,28.3427472,28.38634798,28.43723573,28.49611276,28.56373943,28.64092585,28.72851495,28.82735893,28.93828949,29.06208009,29.19940781,29.3508147,29.51668598
459,28.19650765,28.19862252,28.20500505,28.21577,28.23111035,28.25129358,28.27666425,28.30764201,28.34471995,28.38846446,28.43951108,28.49856087,28.56637221,28.64375219,28.73153939,28.83058022,28.94169928,29.06566232,29.20313921,29.35466671,29.52062782
460,28.19793666,28.20006019,28.20646867,28.21727684,28.23267763,28.2529384,28.2784036,28.30949264,28.34669825,28.39058633,28.44179158,28.50101374,28.56900916,28.64658185,28.734566,28.83380224,28.94510822,29.06924219,29.20686707,29.3585145,29.52456541
461,28.19937152,28.2015037,28.20793812,28.2187895,28.23425071,28.254589,28.28014868,28.31134891,28.3486821,28.39271358,28.44407719,28.50347133,28.57165022,28.64941475,28.73759471,28.83702499,28.94851636,29.07281978,29.21059144,29.36235813,29.52849881
462,28.20081222,28.20295305,28.20941341,28.22030798,28.23582958,28.25624537,28.28189947,28.31321084,28.35067149,28.39484619,28.44636789,28.50593358,28.57429533,28.65225084,28.74062548,28.84024841,28.95192369,29.07639513,29.21431242,29.3661977,29.5324281
463,28.20225876,28.20440824,28.21089453,28.22183229,28.23741426,28.2579075,28.28365598,28.31507839,28.35266639,28.39698413,28.44866364,28.50840046,28.57694444,28.65509005,28.74365824,28.8434725,28.95533022,29.07996826,29.21803007,29.37003331,29.5363534
464,28.20371114,28.20586927,28.21238149,28.22336241,28.23900473,28.25957538,28.28541819,28.31695158,28.35466679,28.39912739,28.45096442,28.51087192,28.57959749,28.65793233,28.74669295,28.8466972,28.95873592,29.08353922,29.22174447,29.37386506,29.54027481
465,28.20516936,28.20733613,28.21387427,28.22489834,28.24060099,28.26124903,28.28718611,28.31883038,28.35667269,28.40127595,28.4532702,28.51334793,28.58225444,28.66077764,28.74972955,28.84992245,28.96214078,29.08710803,29.22545569,29.37769307,29.54419247
466,28.20663342,28.20880883,28.21537287,28.22644008,28.24220303,28.26292842,28.28895971,28.32071479,28.35868406,28.40342978,28.45558094,28.51582845,28.58491525,28.6636259,28.752768,28.85314826,28.96554482,29.09067472,29.22916381,29.38151741,29.54810644
467,28.20810331,28.21028736,28.21687731,28.22798764,28.24381086,28.26461356,28.290739,28.3226048,28.3607009,28.40558885,28.45789661,28.51831342,28.58757985,28.66647708,28.75580825,28.85637459,28.96894803,29.09423935,29.23286887,29.38533817,29.55201681
468,28.20957904,28.21177172,28.21838756,28.229541,28.24542447,28.26630444,28.29252398,28.32450039,28.36272317,28.40775315,28.46021717,28.52080282,28.5902482,28.66933112,28.75885026,28.85960142,28.97235042,29.09780193,29.23657096,29.38915543,29.55592367
469,28.2110606,28.21326191,28.21990363,28.23110016,28.24704386,28.26800105,28.29431462,28.32640156,28.36475087,28.40992266,28.4625426,28.52329659,28.59292025,28.67218797,28.76189399,28.86282871,28.97575199,29.10136251,29.24027013,29.39296929,29.55982713
470,28.21254798,28.21475793,28.22142553,28.23266513,28.24866902,28.26970339,28.29611093,28.32830829,28.36678399,28.41209734,28.46487287,28.5257947,28.59559596,28.67504759,28.7649394,28.86605645,28.97915273,29.10492111,29.24396646,29.39677983,29.56372725
471,28.2140412,28.21625977,28.22295323,28.23423589,28.25029995,28.27141146,28.29791289,28.33022057,28.36882249,28.41427718,28.46720794,28.52829712,28.59827528,28.67790993,28.76798644,28.86928461,28.98255267,29.10847779,29.24766,29.40058712,29.56762412
472,28.21554024,28.21776744,28.22448675,28.23581244,28.25193664,28.27312524,28.2997205,28.33213839,28.37086637,28.41646215,28.46954777,28.53080378,28.60095816,28.68077494,28.77103509,28.87251319,28.9859518,29.11203257,29.25135081,29.40439122,29.5715178
473,28.2170451,28.21928092,28.22602608,28.23739479,28.25357909,28.27484474,28.30153375,28.33406174,28.37291561,28.41865221,28.47189234,28.53331467,28.60364457,28.68364259,28.77408531,28.87574216,28.98935014,29.11558548,29.25503895,29.40819223,29.57540838
474,28.21855579,28.22080023,28.22757122,28.23898292,28.2552273,28.27656994,28.30335262,28.3359906,28.37497018,28.42084736,28.47424162,28.53582973,28.60633445,28.68651282,28.77713706,28.8789715,28.99274769,29.11913657,29.25872448,29.4119902,29.57929593
475,28.2200723,28.22232534,28.22912216,28.24057684,28.25688126,28.27830084,28.30517712,28.33792496,28.37703008,28.42304756,28.47659556,28.53834893,28.60902776,28.6893856,28.78019031,28.88220121,28.99614446,29.12268586,29.26240746,29.41578522,29.58318052
476,28.22159462,28.22385628,28.2306789,28.24217654,28.25854096,28.28003743,28.30700722,28.3398648,28.37909527,28.42525279,28.47895414,28.54087224,28.61172447,28.6922609,28.78324504,28.88543126,28.99954046,29.1262334,29.26608793,29.41957734,29.58706221
477,28.22312275,28.22539302,28.23224144,28.24378201,28.2602064,28.28177971,28.30884293,28.34181012,28.38116574,28.42746302,28.48131733,28.5433996,28.61442453,28.69513866,28.78630122,28.88866166,29.00293571,29.12977921,29.26976596,29.42336662,29.59094107
478,28.2246567,28.22693557,28.23380977,28.24539326,28.26187758,28.28352766,28.31068423,28.34376089,28.38324148,28.42967822,28.48368509,28.54593099,28.61712791,28.69801886,28.78935882,28.89189239,29.00633022,29.13332333,29.27344159,29.42715314,29.59481717
479,28.22619646,28.22848392,28.2353839,28.24701027,28.26355449,28.28528129,28.3125311,28.34571711,28.38532245,28.43189838,28.48605739,28.54846637,28.61983455,28.70090145,28.79241781,28.89512343,29.00972398,29.1368658,29.27711488,29.43093695,29.59869056
480,28.22774202,28.23003808,28.23696382,28.24863305,28.26523713,28.28704057,28.31438354,28.34767875,28.38740865,28.43412345,28.48843419,28.5510057,28.62254443,28.70378641,28.79547817,28.89835479,29.01311703,29.14040663,29.28078587,29.43471815,29.60256527
481,28.22929339,28.23159803,28.23854952,28.25026159,28.26692548,28.28880551,28.31624154,28.3496458,28.38950004,28.43635342,28.49081548,28.55354894,28.62525751,28.7066737,28.79853988,28.90158644,29.01650936,29.14394587,29.28445465,29.43849899,29.60653691
482,28.23085055,28.23316379,28.240141,28.25189589,28.26861954,28.2905761,28.31810509,28.35161826,28.39159662,28.43858827,28.4932012,28.55609605,28.62797374,28.70956329,28.80160291,28.9048184,29.01990099,29.14748356,29.28812177,29.44229304,29.61060165
483,28.23241352,28.23473533,28.24173826,28.25353593,28.27031931,28.29235233,28.31997416,28.35359609,28.39369835,28.44082795,28.49559134,28.55864701,28.6306931,28.71245515,28.80466724,28.90805064,29.02329193,29.15101984,29.29178976,29.44611365,29.61471867
484,28.23398227,28.23631266,28.2433413,28.25518172,28.27202478,28.29413418,28.32184876,28.35557928,28.39580522,28.44307245,28.49798586,28.56120178,28.63341556,28.71534924,28.80773285,28.91128317,29.02668224,29.15455525,29.2954625,29.44995989,29.61887931
485,28.23555682,28.23789578,28.2449501,28.25683325,28.27373594,28.29592165,28.32372887,28.35756783,28.3979172,28.44532175,28.50038472,28.56376032,28.63614107,28.71824555,28.81079973,28.91451598,29.03007201,29.15809075,29.29914285,29.453832,29.62307675
486,28.23713716,28.23948468,28.24656467,28.25849052,28.27545279,28.29771473,28.32561448,28.3595617,28.40003428,28.4475758,28.5027879,28.5663226,28.6388696,28.72114403,28.81386786,28.91774911,29.03346151,29.16162753,29.30283261,29.45772914,29.62730635
487,28.23872328,28.24107936,28.24818501,28.26015351,28.27717532,28.29951341,28.32750557,28.36156089,28.40215643,28.44983459,28.50519537,28.56888859,28.64160112,28.72404467,28.81693723,28.9209826,29.0368511,29.16516676,29.30653311,29.46164981,29.63156504
488,28.24031518,28.24267982,28.24981109,28.26182223,28.27890351,28.30131769,28.32940213,28.36356537,28.40428363,28.45209809,28.5076071,28.57145825,28.64433561,28.72694744,28.82000783,28.92421655,29.04024122,29.16870946,29.31024528,29.46559286,29.63585023
489,28.24191285,28.24428604,28.25144293,28.26349667,28.28063738,28.30312754,28.33130415,28.36557514,28.40641586,28.45436627,28.51002305,28.57403155,28.64707302,28.72985232,28.82307967,28.92745108,29.04363234,29.17225663,29.31396981,29.46955719,29.64015979
490,28.2435163,28.24589803,28.25308052,28.26517682,28.28237689,28.30494296,28.33321161,28.36759017,28.40855309,28.45663911,28.51244319,28.57660846,28.64981333,28.73275929,28.82615278,28.93068638,29.04702502,29.17580905,29.3177069,29.47354192,29.64449228
491,28.24512552,28.24751579,28.25472385,28.26686267,28.28412206,28.30676395,28.33512451,28.36961044,28.41069531,28.45891658,28.5148675,28.57918895,28.65255652,28.73566833,28.82922721,28.93392267,29.05041975,29.17936736,29.32145664,29.47754621,29.64884642
492,28.2467405,28.2491393,28.25637292,28.26855423,28.28587287,28.30859048,28.33704282,28.37163594,28.41284248,28.46119865,28.51729595,28.58177299,28.65530255,28.73857946,28.83230304,28.9371602,29.05381704,29.18293211,29.32521912,29.48156931,29.65322106
493,28.24836124,28.25076856,28.25802772,28.27025148,28.28762931,28.31042256,28.33896653,28.37366664,28.4149946,28.4634853,28.5197285,28.58436055,28.65805141,28.74149267,28.83538034,28.94039922,29.05721732,29.1865037,29.3289943,29.48561053,29.65761526
494,28.24998774,28.25240357,28.25968825,28.27195442,28.28939137,28.31226016,28.34089563,28.37570254,28.41715164,28.4657765,28.52216513,28.5869516,28.66080308,28.74440796,28.83845919,28.94363996,29.06062109,29.19008271,29.33278227,29.4896691,29.66202782
495,28.25161999,28.25404433,28.26135449,28.27366303,28.29115904,28.31410327,28.3428301,28.3777436,28.41931357,28.46807223,28.52460581,28.58954611,28.66355754,28.74732538,28.84153974,28.94688273,29.06402865,29.1936692,29.33658284,29.49374463,29.66645834
496,28.25325798,28.25569082,28.26302646,28.27537732,28.29293232,28.31595189,28.34476994,28.37978983,28.42148037,28.47037246,28.52705052,28.59214407,28.66631478,28.75024494,28.84462208,28.95012777,29.06744047,29.19726371,29.34039604,29.49783636,29.67090567
497,28.25490171,28.25734305,28.26470413,28.27709727,28.2947112,28.31780601,28.34671511,28.38184118,28.42365202,28.47267716,28.52949922,28.59474545,28.66907481,28.7531667,28.84770638,28.95337534,29.07085678,29.20086625,29.34422167,29.50194397,29.67536951
498,28.25655118,28.259001,28.2663875,28.27882289,28.29649566,28.3196656,28.34866562,28.38389765,28.4258285,28.47498631,28.53195189,28.59735023,28.6718376,28.7560907,28.85079276,28.9566257,29.07427794,29.20447707,29.34805962,29.50606691,29.67984913
499,28.25820638,28.26066468,28.26807657,28.28055415,28.29828571,28.32153066,28.35062143,28.38595922,28.42800978,28.47729988,28.5344085,28.59995838,28.67460318,28.75901698,28.85388136,28.9598791,29.07770423,29.20809637,29.35190979,29.51020475,29.68434397
500,28.2598673,28.26233407,28.26977133,28.28229105,28.30008132,28.32340118,28.35258255,28.38802587,28.43019585,28.47961785,28.53686905,28.6025699,28.67737156,28.76194565,28.85697236,28.96313575,29.08113583,29.21172413,29.35577197,29.51435718,29.68885373
501,28.26153394,28.26400918,28.27147178,28.28403359,28.30188248,28.32527715,28.35454895,28.39009757,28.43238668,28.4819402,28.53933349,28.60518478,28.68014275,28.76487675,28.8600659,28.9663959,29.08457296,29.21536048,29.35964603,29.51852382,29.69337794
502,28.2632063,28.26568998,28.2731779,28.28578176,28.30368919,28.32715854,28.35652061,28.39217432,28.43458225,28.4842669,28.54180181,28.60780301,28.68291677,28.76781036,28.8631621,28.96965973,29.08801588,29.21900557,29.36353188,29.52270425,29.69791604
503,28.26488436,28.26737649,28.27488969,28.28753554,28.30550144,28.32904535,28.35849752,28.39425608,28.43678253,28.48659793,28.54427399,28.61042458,28.68569365,28.77074657,28.86626115,28.97292745,29.09146471,29.22265939,29.36742933,29.52689823,29.70246779
504,28.26656812,28.26906869,28.27660714,28.28929493,28.30731922,28.33093757,28.36047967,28.39634285,28.43898751,28.48893327,28.54675002,28.61304948,28.68847342,28.77368547,28.86936319,28.97619925,29.09491961,29.22632192,29.37133822,29.53110548,29.70703291
505,28.26825758,28.27076657,28.27833025,28.29105993,28.30914251,28.33283518,28.36246704,28.39843461,28.44119717,28.4912729,28.54922987,28.61567773,28.69125611,28.77662713,28.87246835,28.97947529,29.09838073,29.22999327,29.37525844,29.53532566,29.71161097
506,28.26995273,28.27247013,28.280059,28.29283051,28.31097131,28.33473816,28.36445961,28.40053132,28.44341148,28.4936168,28.55171354,28.61830933,28.69404178,28.77957165,28.87557677,28.98275574,29.1018482,29.23367345,29.37918987,29.53955852,29.71620167
507,28.27165356,28.27417936,28.28179339,28.29460667,28.3128056,28.33664652,28.36645736,28.40263299,28.44563042,28.49596494,28.55420102,28.62094428,28.69683045,28.78251912,28.8786886,28.98604075,29.1053221,29.2373624,29.38313234,29.54380386,29.72080481
508,28.27336006,28.27589425,28.28353342,28.29638841,28.31464537,28.33856022,28.36846029,28.40473958,28.44785398,28.49831731,28.55669229,28.6235826,28.69962219,28.78546964,28.88180398,28.98933045,29.10880253,29.24106013,29.38708573,29.54806145,29.72542013
509,28.27507223,28.2776148,28.28527906,28.29817571,28.31649061,28.34047926,28.37046837,28.40685107,28.45008214,28.5006739,28.55918736,28.6262243,28.70241702,28.78842328,28.88492299,28.99262499,29.11228962,29.24476672,29.39104994,29.55233098,29.73004726
510,28.27679005,28.279341,28.28703032,28.29996857,28.31834131,28.34240362,28.37248158,28.40896746,28.45231487,28.50303469,28.56168621,28.62886939,28.705215,28.79138014,28.88804578,28.99592448,29.11578343,29.2484821,29.39502484,29.5566123,29.73468605
511,28.27851354,28.28107284,28.28878719,28.30176696,28.32019746,28.3443333,28.37449992,28.41108872,28.45455215,28.50539966,28.56418884,28.63151791,28.7080162,28.79434031,28.89117246,28.99922902,29.119284,29.25220624,29.39901031,29.56090521,29.73933628
512,28.28024266,28.28281032,28.29054965,28.30357089,28.32205904,28.34626826,28.37652336,28.41321484,28.45679398,28.50776881,28.56669525,28.63416986,28.71082065,28.79730386,28.89430314,29.00253874,29.12279145,29.25593916,29.40300622,29.56520949,29.74399768
513,28.28197742,28.28455342,28.29231771,28.30538035,28.32392605,28.34820851,28.37855189,28.41534579,28.45904034,28.51014212,28.56920545,28.63682528,28.71362841,28.80027089,28.89743792,29.00585374,29.12630582,29.25968085,29.40701248,29.56952496,29.74867008
514,28.28371782,28.28630213,28.29409134,28.30719531,28.32579846,28.35015403,28.38058549,28.41748156,28.4612912,28.51251959,28.57171944,28.63948419,28.71643953,28.80324148,28.9005769,29.0091741,29.12982714,29.26343126,29.41102897,29.57385145,29.75335329
515,28.28546383,28.28805646,28.29587054,28.30901578,28.32767628,28.3521048,28.38262415,28.41962213,28.46354656,28.51490119,28.57423722,28.64214661,28.71925408,28.80621571,28.90372018,29.01249991,29.13335547,29.26719037,29.41505558,29.57818879,29.75804711
516,28.28721545,28.28981638,28.2976553,28.31084174,28.32955948,28.35406081,28.38466784,28.42176749,28.4658064,28.51728694,28.57675881,28.64481257,28.7220721,28.80919366,28.90686787,29.01583127,29.13689087,29.27095816,29.4190922,29.58253682,29.76275138
517,28.28897268,28.29158189,28.29944561,28.31267317,28.33144806,28.35602204,28.38671657,28.42391763,28.4680707,28.51967682,28.5792842,28.64748211,28.72489364,28.81217541,28.91002003,29.01916825,29.14043336,29.27473459,29.42313873,29.58689538,29.76746593
518,28.2907355,28.29335299,28.30124146,28.31451008,28.33334199,28.35798848,28.3887703,28.42607251,28.47033946,28.52207083,28.58181341,28.65015525,28.72771877,28.81516102,28.91317677,29.02251091,29.14398296,29.27851963,29.42719508,29.59126434,29.77219062
519,28.29250391,28.29512966,28.30304285,28.31635245,28.33524128,28.35996012,28.39082902,28.42823215,28.47261267,28.52446896,28.58434645,28.65283201,28.73054752,28.81815059,28.91633817,29.02585936,29.14753974,29.28231327,29.43126113,29.5956435,29.77692523
520,28.2942779,28.29691189,28.30484975,28.31820026,28.3371459,28.36193694,28.39289273,28.43039651,28.47489031,28.52687121,28.58688332,28.65551243,28.73337995,28.82114417,28.9195043,29.02921363,29.1511037,29.28611546,29.43533681,29.60003277,29.78166966
521,28.29605745,28.29869967,28.30666217,28.32005351,28.33905584,28.36391892,28.3949614,28.43256558,28.47717238,28.52927759,28.58942405,28.65819655,28.73621614,28.82414184,28.92267524,29.03257378,29.15467484,29.28992614,29.43942201,29.60443202,29.78642379
522,28.29784256,28.300493,28.30848008,28.32191218,28.34097109,28.36590606,28.39703502,28.43473935,28.47945886,28.53168809,28.59196865,28.66088441,28.73905612,28.82714368,28.92585106,29.03593986,29.15825318,29.29374528,29.44351665,29.60884114,29.7911875
523,28.29963322,28.30229186,28.31030349,28.32377626,28.34289164,28.36789834,28.39911358,28.43691782,28.48174975,28.53410271,28.59451715,28.66357603,28.74189996,28.83014975,28.92903182,29.03931191,29.16183872,29.29757283,29.44762064,29.61326003,29.79596069
524,28.30142942,28.30409625,28.31213237,28.32564574,28.34481747,28.36989574,28.40119705,28.43910095,28.48404504,28.53652147,28.59706955,28.66627147,28.74474771,28.83316011,28.93221758,29.04268997,29.16543145,29.30140875,29.45173388,29.61768856,29.80074324
525,28.30323114,28.30590615,28.31396672,28.32752061,28.34674858,28.37189826,28.40328544,28.44128876,28.48634473,28.53894435,28.59962586,28.66897072,28.74759939,28.83617482,28.93540843,29.04607415,29.16903148,29.30525307,29.45585631,29.62212653,29.80553488
526,28.30503839,28.30772155,28.31580653,28.32940086,28.34868494,28.37390587,28.40537872,28.44348122,28.48864881,28.54137137,28.60218611,28.67167384,28.75045508,28.83919395,28.93860441,29.04946444,29.17263875,29.30910569,29.45998785,29.62657391,29.81033563
527,28.30685114,28.30954245,28.31765178,28.33128647,28.35062655,28.37591857,28.40747689,28.44567832,28.49095728,28.54380253,28.60475032,28.67438086,28.75331483,28.84221755,28.94180558,29.05286086,29.17625324,29.31296658,29.4641284,29.6310306,29.81514537
528,28.30866939,28.31136883,28.31950247,28.33317744,28.35257339,28.37793634,28.40957992,28.44788006,28.49327013,28.54623784,28.60731851,28.67709184,28.7561787,28.84524569,28.94501198,29.05626346,29.17987495,29.31683569,29.46827791,29.63549652,29.81996402
529,28.31049313,28.31320068,28.32135858,28.33507374,28.35452545,28.37995917,28.41168781,28.45008642,28.49558736,28.5486773,28.60989071,28.6798068,28.75904672,28.84827841,28.94822365,29.05967224,29.18350387,29.32071296,29.4724363,29.63997157,29.8247915
530,28.31232235,28.31503799,28.32322011,28.33697538,28.35648271,28.38198704,28.41380055,28.4522974,28.49790897,28.55112094,28.61246693,28.68252578,28.76191896,28.85131578,28.95144066,29.06308724,29.18714,29.32459837,29.47660349,29.64445566,29.8296277
531,28.31415703,28.31688075,28.32508703,28.33888232,28.35844517,28.38401995,28.41591813,28.454513,28.50023496,28.55356874,28.61504718,28.68524878,28.76479542,28.85435784,28.95466307,29.06650856,29.19078342,29.32849194,29.4807794,29.64894861,29.8344724
532,28.31599717,28.31872895,28.32695935,28.34079458,28.36041281,28.38605788,28.41804053,28.45673319,28.50256533,28.55602072,28.61763149,28.68797587,28.76767618,28.85740464,28.9578909,29.06993615,29.19443406,29.33239358,29.48496398,29.6534504,29.83932561
533,28.31784275,28.32058258,28.32883704,28.34271212,28.36238563,28.38810082,28.42016775,28.45895799,28.50490007,28.55847689,28.6202199,28.69070708,28.77056128,28.86045622,28.96112418,29.07337006,29.19809192,29.33630326,29.48915717,29.65796095,29.84418725
534,28.31969376,28.32244162,28.33072009,28.34463495,28.36436359,28.39014875,28.42229977,28.46118738,28.5072392,28.56093727,28.62281241,28.69344244,28.77345077,28.86351264,28.96436296,29.07681027,29.20175697,29.34022094,29.49335889,29.66248018,29.84905723
535,28.32155019,28.32430607,28.3326085,28.34656304,28.36634671,28.39220167,28.42443659,28.46342135,28.50958271,28.56340187,28.62540907,28.69618199,28.77634469,28.86657393,28.96760727,29.08025682,29.2054292,29.34414657,29.49756909,29.66700801,29.85393548
536,28.32341204,28.32617591,28.33450225,28.34849639,28.36833495,28.39425957,28.42657819,28.46565991,28.51193061,28.5658707,28.62800988,28.69892578,28.77924307,28.86964014,28.97085713,29.08370971,29.20910862,29.34808012,29.5017877,29.67154438,29.85882192
537,28.32527928,28.32805113,28.33640133,28.35043497,28.37032831,28.39632242,28.42872457,28.46790305,28.51428289,28.56834377,28.63061487,28.7016738,28.78214596,28.8727113,28.9741126,29.08716899,29.21279524,29.35202157,29.50601466,29.67608916,29.86371643
538,28.32715191,28.32993172,28.33830573,28.3523788,28.37232678,28.39839024,28.43087572,28.47015076,28.51663957,28.57082109,28.63322406,28.70442612,28.78505338,28.87578746,28.9773737,29.09063466,29.21648904,29.35597088,29.51024991,29.68064231,29.86861895
539,28.32902991,28.33181767,28.34021544,28.35432784,28.37433035,28.40046299,28.43303164,28.47240305,28.51900065,28.57330268,28.63583747,28.70718275,28.78796539,28.87886866,28.98064046,29.09410674,29.22019001,29.35992802,29.51449338,29.68520373,29.8735294
540,28.33091328,28.33370897,28.34213044,28.35628208,28.37633901,28.40254068,28.43519232,28.47465991,28.52136612,28.57578855,28.63845513,28.70994372,28.790882,28.88195492,28.98391292,29.09758526,29.22389816,29.36389295,29.51874503,29.68977335,29.87844765
541,28.332802,28.3356056,28.34405072,28.35824153,28.37835274,28.40462329,28.43735774,28.47692135,28.523736,28.5782787,28.64107705,28.71270906,28.79380327,28.88504628,28.98719109,29.10107021,29.22761347,29.36786564,29.52300477,29.69435008,29.88332784
542,28.33469606,28.33750755,28.34597628,28.36020616,28.38037154,28.40671082,28.43952791,28.47918734,28.5261103,28.58077316,28.64370327,28.71547882,28.79672923,28.88814279,28.99047501,29.1045616,29.23133591,29.37184604,29.52727233,29.69892843,29.88817203
543,28.33659545,28.33941482,28.34790709,28.36217596,28.38239539,28.40880325,28.44170282,28.48145791,28.528489,28.58327194,28.6463338,28.71825301,28.7996599,28.89124447,28.9937647,29.10805944,29.23506548,29.37583407,29.53154666,29.70350145,29.89300021
544,28.33850016,28.34132738,28.34984315,28.36415092,28.38442429,28.41090058,28.44388246,28.48373304,28.53087214,28.58577506,28.64896866,28.72103167,28.80259534,28.89435135,28.99706018,29.11156374,29.23880214,29.37982948,29.53582588,29.70806939,29.89781608
545,28.34041017,28.34324524,28.35178445,28.36613104,28.38645821,28.4130028,28.44606683,28.48601274,28.5332597,28.58828252,28.65160789,28.72381483,28.80553556,28.89746346,29.00036147,29.1150745,29.24254584,29.3838318,29.54010864,29.71263322,29.90262203
546,28.34232548,28.34516837,28.35373097,28.36811629,28.38849716,28.4151099,28.44825593,28.48829701,28.5356517,28.59079435,28.6542515,28.72660252,28.8084806,28.90058084,29.00366859,29.1185917,29.24629646,29.3878405,29.54439409,29.71719288,29.90741992
547,28.34424607,28.34709676,28.35568271,28.37010667,28.39054113,28.41722188,28.45044974,28.49058585,28.53804814,28.59331056,28.65689952,28.72939476,28.81143049,28.90370351,29.00698156,29.12211534,29.25005384,29.39185501,29.54868171,29.72174863,29.91221134
548,28.34617193,28.34903041,28.35763965,28.37210217,28.39259009,28.41933872,28.45264827,28.49287925,28.54044904,28.59583116,28.65955196,28.73219159,28.81438526,28.90683149,29.01030038,29.12564537,29.25381776,29.39587485,29.55297108,29.72630107,29.91699738
549,28.34810305,28.3509693,28.35960178,28.37410278,28.39464406,28.42146042,28.45485151,28.49517723,28.5428544,28.59835617,28.66220885,28.73499302,28.81734493,28.90996481,29.01362505,29.12918171,29.25758797,29.39989966,29.55726198,29.73085067,29.92177867
550,28.35003941,28.35291342,28.36156909,28.37610848,28.396703,28.42358697,28.45705946,28.49747978,28.54526422,28.60088561,28.66487022,28.7377991,28.82030955,28.9131035,29.0169556,29.13272433,29.26136427,29.40392895,29.56155401,29.73539798,29.92655629
551,28.35198102,28.35486276,28.36354156,28.37811927,28.39876693,28.42571836,28.45927212,28.49978691,28.54767853,28.60341948,28.66753608,28.74060983,28.82327912,28.91624755,29.02029197,29.13627308,29.2651464,29.40796253,29.5658473,29.73994315,29.93133043
552,28.35392784,28.35681731,28.3655192,28.38013514,28.40083582,28.4278546,28.46148948,28.50209861,28.55009732,28.60595781,28.67020645,28.74342526,28.82625368,28.91939701,29.02363419,29.1398279,29.26893414,29.41199997,29.57014155,29.74448668,29.93610194
553,28.35587988,28.35877705,28.36750198,28.38215607,28.40290967,28.42999567,28.46371154,28.5044149,28.5525206,28.60850062,28.67288136,28.7462454,28.82923325,28.92255186,29.02698219,29.14338866,29.27272727,29.41604117,29.57443691,29.74902871,29.94087097
554,28.35783712,28.36074198,28.3694899,28.38418206,28.40498847,28.43214157,28.4659383,28.50673577,28.55494839,28.61104791,28.67556083,28.74907027,28.83221786,28.92571213,29.03033595,29.14695525,29.27652559,29.42008585,29.57873331,29.75356956,29.94563804
555,28.35979955,28.36271209,28.37148294,28.3862131,28.40707222,28.4342923,28.46816976,28.50906123,28.5573807,28.6135997,28.67824487,28.75189991,28.83520751,28.9288778,29.03369543,29.15052753,29.28032891,29.42413391,29.5830308,29.75810941,29.95040335
556,28.36176716,28.36468735,28.3734811,28.38824917,28.4091609,28.43644784,28.47040592,28.51139128,28.55981752,28.61615601,28.68093351,28.75473432,28.83820223,28.93204888,29.03706057,29.15410539,29.28413704,29.4281852,29.58732941,29.76264851,29.95516722
557,28.36373994,28.36666777,28.37548436,28.39029028,28.41125451,28.43860819,28.47264678,28.51372593,28.56225889,28.61871685,28.68362677,28.75757354,28.84120202,28.93522534,29.0404313,29.15768872,29.2879499,29.43223968,29.59162917,29.76718696,29.9599298
558,28.36571788,28.36865333,28.37749272,28.3923364,28.41335305,28.44077336,28.47489234,28.51606518,28.56470479,28.62128224,28.68632466,28.76041757,28.84420689,28.93840716,29.04380757,29.1612774,29.29176732,29.43629725,29.5959301,29.77172498,29.96469134
559,28.36770096,28.37064402,28.37950616,28.39438754,28.41545649,28.44294333,28.47714259,28.51840904,28.56715525,28.62385219,28.68902721,28.76326644,28.84721686,28.94159437,29.04718934,29.16487132,29.29558911,29.44035772,29.60023223,29.77626278,29.96945217
560,28.36968918,28.37263983,28.38152468,28.39644367,28.41756485,28.44511811,28.47939754,28.5207575,28.56961027,28.62642672,28.69173444,28.76612017,28.85023195,28.94478692,29.05057654,29.16847036,29.29941514,29.44442102,29.60453557,29.78080053,29.9742125
561,28.37168253,28.37464076,28.38354826,28.3985048,28.41967811,28.44729768,28.48165719,28.52311058,28.57206986,28.62900584,28.69444634,28.76897876,28.85325212,28.94798477,29.05396908,29.17207446,29.30324544,29.44848726,29.60884022,29.78533823,29.97897228
562,28.37368099,28.37664678,28.3855769,28.40057092,28.42179627,28.44948205,28.48392153,28.52546829,28.57453404,28.63158956,28.69716296,28.77184224,28.8562774,28.95118792,29.05736693,29.17568348,29.3070798,29.45255624,29.61314616,29.78987612,29.98373185
563,28.37568456,28.37865789,28.38761059,28.40264202,28.42391931,28.45167121,28.48619057,28.52783061,28.57700281,28.63417791,28.6998843,28.77471061,28.8593078,28.95439634,29.06077001,29.17929733,29.31091808,29.45662789,29.61745345,29.79441437,29.98849143
564,28.37769322,28.38067409,28.38964931,28.40471808,28.42604724,28.45386516,28.48846432,28.53019757,28.57947618,28.63677089,28.70261037,28.77758388,28.86234328,28.95760999,29.06417827,29.18291596,29.31476032,29.46070227,29.62176213,29.79895297,29.99325097
565,28.37970697,28.38269535,28.39169307,28.40679911,28.42818005,28.4560639,28.49074276,28.53256917,28.58195417,28.63936852,28.70534119,28.78046206,28.86538385,28.96082884,29.06759163,29.18653928,29.31860642,29.46477935,29.62607225,29.80349204,29.99801062
566,28.38172579,28.38472168,28.39374184,28.4088851,28.43031774,28.45826743,28.49302591,28.5349454,28.58443678,28.64197081,28.70807677,28.78334516,28.8684295,28.96405285,29.07101003,29.19016718,29.32245626,29.46885906,29.63038385,29.80803173,30.00277058
567,28.38374968,28.38675306,28.39579563,28.41097603,28.43246029,28.46047574,28.49531376,28.53732629,28.58692402,28.64457777,28.71081713,28.78623318,28.87148024,28.967282,29.07443342,29.19379958,29.32630979,29.47294136,29.63469695,29.81257214,30.00753094
568,28.38577863,28.38878948,28.39785442,28.4130719,28.43460771,28.46268883,28.49760632,28.53971183,28.58941591,28.64718941,28.71356226,28.78912612,28.87453601,28.97051624,29.07786175,29.19743649,29.33016703,29.47702632,29.63901161,29.81711324,30.01229167
569,28.38781262,28.39083094,28.3999182,28.41517272,28.43675999,28.4649067,28.49990359,28.54210203,28.59191244,28.64980575,28.71631218,28.79202398,28.87759682,28.97375554,29.08129495,29.20107779,29.33402788,29.48111388,29.64332786,29.82165519,30.01705295
570,28.38985165,28.39287742,28.40198698,28.41727846,28.43891712,28.46712935,28.50220557,28.5444969,28.59441364,28.65242679,28.71906691,28.79492677,28.88066267,28.97699986,29.08473297,29.2047234,29.33789225,29.48520402,29.64764575,29.82619808,30.02181489
571,28.39189572,28.39492892,28.40406073,28.41938912,28.44107911,28.46935678,28.50451226,28.54689644,28.5969195,28.65505254,28.72182643,28.79783446,28.88373351,28.98024917,29.08817577,29.20837335,29.34176021,29.48929677,29.65196527,29.83074187,30.02657744
572,28.39394481,28.39698544,28.40613946,28.42150471,28.44324595,28.47158899,28.50682367,28.54930066,28.59943004,28.65768301,28.72459076,28.80074706,28.88680933,28.98350343,29.09162331,29.21202755,29.34563169,29.49339213,29.65628649,29.83528667,30.03134073
573,28.39599891,28.39904695,28.40822316,28.4236252,28.44541764,28.47382598,28.5091398,28.55170956,28.60194527,28.66031821,28.7273599,28.80366458,28.88989013,28.98676261,29.09507552,29.21568593,29.34950661,29.49749005,29.66060942,29.83983257,30.03610486
574,28.39805801,28.40111345,28.41031181,28.4257506,28.44759416,28.47606774,28.51146065,28.55412315,28.60446519,28.66295816,28.73013387,28.80658701,28.89297588,28.99002667,29.09853234,29.21934842,29.35338491,29.50159052,29.66493413,29.84437966,30.04086992
575,28.40012211,28.40318494,28.41240542,28.4278809,28.44977553,28.47831428,28.51378622,28.55654144,28.60698981,28.66560286,28.73291268,28.80951436,28.89606659,28.99329559,29.10199373,29.22301495,29.35726656,29.50569354,29.66926063,29.84892801,30.04563602
576,28.4021912,28.40526141,28.41450397,28.4300161,28.45196173,28.48056559,28.51611652,28.55896443,28.60951914,28.66825231,28.7356963,28.8124466,28.8991622,28.99656932,29.10545966,29.22668555,29.36115158,29.50979913,29.67358894,29.8534776,30.0504031
577,28.40426528,28.40734285,28.41660746,28.43215619,28.45415277,28.48282168,28.51845155,28.56139212,28.61205318,28.6709065,28.73848473,28.81538371,28.90226269,28.99984784,29.10893013,29.23036021,29.36503999,29.51390732,29.67791907,29.85802844,30.05517119
578,28.40634432,28.40942926,28.41871589,28.43430117,28.45634864,28.48508255,28.52079131,28.56382453,28.61459195,28.67356546,28.74127799,28.8183257,28.90536806,29.00313111,29.11240504,29.23403882,29.3689317,29.51801806,29.68225107,29.86258066,30.05994043
579,28.40842834,28.41152062,28.42082924,28.43645103,28.45854933,28.48734819,28.52313581,28.56626165,28.61713544,28.6762292,28.74407608,28.82127256,28.90847829,29.0064191,29.11588436,29.23772135,29.37282666,29.52213135,29.68658498,29.8671343,30.06471088
580,28.41051731,28.41361692,28.42294751,28.43860576,28.46075485,28.48961861,28.52548504,28.56870349,28.61968367,28.67889772,28.74687902,28.8242243,28.91159336,29.00971177,29.11936804,29.24140773,29.37672485,29.52624719,29.69092082,29.87168944,30.06948261
581,28.41261123,28.41571817,28.42507069,28.44076537,28.4629652,28.49189381,28.52783902,28.57115006,28.62223664,28.68157101,28.74968677,28.8271809,28.91471324,29.01300911,29.12285607,29.24509797,29.38062629,29.53036559,29.6952586,29.87624607,30.07425562
582,28.41471011,28.41782437,28.42719879,28.44292985,28.46518037,28.49417378,28.53019774,28.57360136,28.62479435,28.68424906,28.75249933,28.83014231,28.9178379,29.01631108,29.12634844,29.24879211,29.38453101,29.53448659,29.69959833,29.88080415,30.07902985
583,28.41681393,28.41993549,28.4293318,28.4450992,28.46740036,28.49645853,28.5325612,28.57605739,28.6273568,28.6869319,28.7553167,28.83310855,28.92096734,29.01961765,29.1298451,29.25249006,29.38843893,29.53861016,29.70394005,29.88536381,30.08380545
584,28.41892268,28.42205154,28.4314697,28.44727341,28.46962517,28.49874806,28.53492942,28.57851817,28.62992401,28.68961952,28.75813889,28.83607961,28.92410152,29.02292879,29.133346,29.25619177,29.39235005,29.54273631,29.70828378,29.88992507,30.08858245
585,28.42103635,28.4241725,28.4336125,28.44945247,28.4718548,28.50104237,28.53730239,28.58098369,28.63249597,28.69231193,28.7609659,28.83905548,28.92724044,29.02624446,29.1368511,29.25989721,29.39626433,29.54686502,29.71262956,29.89448799,30.09336091
586,28.42315494,28.42629838,28.43576018,28.45163639,28.47408924,28.50334146,28.53968011,28.58345395,28.6350727,28.69500914,28.76379772,28.84203615,28.93038406,29.02956464,29.14036037,29.26360636,29.40018176,29.55099631,29.7169774,29.89905259,30.09814085
587,28.42527846,28.42842917,28.43791276,28.45382517,28.4763285,28.50564533,28.54206259,28.58592897,28.63765419,28.69771111,28.76663433,28.84502158,28.93353238,29.03288933,29.14387384,29.26731926,29.40410239,29.5551302,29.72132729,29.90361884,30.10292223
588,28.42740689,28.43056486,28.44007022,28.4560188,28.47857258,28.50795399,28.54444983,28.58840874,28.64024043,28.70041786,28.76947572,28.84801178,28.93668535,29.03621849,29.14739144,29.27103585,29.40802617,29.55926669,29.72567928,29.9081868,30.10770513
589,28.42954022,28.43270546,28.44223255,28.45821728,28.48082147,28.51026742,28.54684183,28.59089326,28.64283144,28.7031294,28.7723219,28.85100674,28.93984298,29.03955208,29.15091317,29.27475612,29.4119531,29.56340577,29.73003336,29.9127565,30.11248957
590,28.43167846,28.43485094,28.44439977,28.4604206,28.48307517,28.51258564,28.54923859,28.59338254,28.64542722,28.70584571,28.77517286,28.85400642,28.94300523,29.04289009,29.15443898,29.27848004,29.41588317,29.56754746,29.73438957,29.91732796,30.11727557
591,28.43382159,28.43700132,28.44657185,28.46262877,28.48533369,28.51490865,28.55164013,28.59587658,28.64802776,28.7085668,28.77802859,28.85701083,28.94617209,29.0462325,29.15796886,29.2822076,29.41981638,29.57169176,29.73874792,29.9219012,30.12206316
592,28.43596961,28.43915658,28.4487488,28.46484178,28.48759701,28.51723644,28.55404642,28.59837539,28.65063308,28.71129267,28.78088909,28.86001997,28.94934354,29.04957927,29.16150277,29.28593874,29.42375267,29.57583866,29.74310844,29.9264763,30.12685243
593,28.43812253,28.44131673,28.45093061,28.46705962,28.48986515,28.51956901,28.55645749,28.60087896,28.65324316,28.71402331,28.78375435,28.86303381,28.95251957,29.05293039,29.1650407,29.28967348,29.42769207,29.57998816,29.74747112,29.93105324,30.13164335
594,28.44028032,28.44348175,28.45311729,28.4692823,28.4921381,28.52190637,28.55887333,28.60338729,28.65585801,28.71675872,28.78662436,28.86605233,28.95570015,29.05628584,29.16858263,29.29341179,29.43163457,29.58414029,29.751836,29.93563205,30.13643594
595,28.442443,28.44565165,28.45530882,28.47150982,28.49441585,28.52424852,28.56129394,28.6059004,28.65847763,28.7194989,28.78949911,28.86907553,28.95888527,29.0596456,29.17212853,29.29715368,29.43558018,29.58829504,29.75620308,29.94021273,30.14123023
596,28.44461055,28.44782641,28.45750521,28.47374217,28.49669842,28.52659545,28.56371933,28.60841827,28.66110202,28.72224384,28.79237859,28.87210338,28.9620749,29.06300964,29.17567841,29.30089913,29.43952889,29.59245243,29.76057237,29.94479531,30.14602622
597,28.44678297,28.45000605,28.45970645,28.47597935,28.49898579,28.52894718,28.56614949,28.61094091,28.66373117,28.72499353,28.7952628,28.87513587,28.96526902,29.06637795,29.17923223,29.30464813,29.44348069,29.59661246,29.76494389,29.9493798,30.15082393
598,28.44896026,28.45219054,28.46191254,28.47822136,28.50127798,28.5313037,28.56858443,28.61346833,28.66636509,28.72774797,28.79815171,28.87817299,28.96846762,29.0697505,29.18278999,29.30840067,29.44743559,29.60077513,29.76931765,29.95396621,30.15562338
599,28.45114242,28.4543799,28.46412348,28.48046821,28.50357497,28.53366501,28.57102415,28.61600051,28.66900377,28.73050715,28.80104531,28.88121471,28.97167068,29.07312729,29.18635166,29.31215674,29.45139359,29.60494045,29.77369365,29.95855456,30.16042458
600,28.45332944,28.45657412,28.46633926,28.48271988,28.50587677,28.53603111,28.57346865,28.61853747,28.67164721,28.73327108,28.80394362,28.88426105,28.97487819,29.07650829,29.18991723,29.31591631,29.45535465,29.60910841,29.77807193,29.96314506,30.16523566
601,28.45552132,28.45877319,28.46855989,28.48497637,28.50818338,28.538402,28.57591793,28.62107919,28.67429541,28.73603974,28.80684662,28.88731198,28.97809014,29.07989349,29.19348666,29.31967936,29.45931878,29.61327902,29.78245255,29.96773977,30.17010182
602,28.45771805,28.46097711,28.47078536,28.48723769,28.5104948,28.54077768,28.57837198,28.62362568,28.67694837,28.73881314,28.8097543,28.89036749,28.9813065,29.08328286,29.19705997,29.3234459,29.46328597,29.6174523,29.78683593,29.97234576,30.17504344
603,28.45991964,28.46318589,28.47301567,28.48950384,28.51281102,28.54315815,28.58083081,28.62617694,28.67960608,28.74159127,28.81266665,28.89342757,28.98452727,29.0866764,29.20063711,29.32721591,29.46725623,29.62162835,29.79122351,29.97697274,30.1800221
604,28.46212609,28.46539951,28.47525081,28.4917748,28.51513205,28.54554341,28.58329442,28.62873297,28.68226855,28.74437411,28.81558366,28.8964922,28.98775242,29.09007408,29.20421809,29.33098938,29.47122957,29.62580746,29.79561784,29.98162203,30.18503133
605,28.46433738,28.46761798,28.4774908,28.49405059,28.51745789,28.54793347,28.58576281,28.63129376,28.68493576,28.74716167,28.81850532,28.89956138,28.99098194,29.09347589,29.20780289,29.3347663,29.47520606,29.62999027,29.80002103,29.98629126,30.19006882
606,28.46655351,28.46984129,28.47973561,28.4963312,28.51978853,28.55032831,28.58823598,28.63385932,28.68760772,28.74995394,28.82143162,28.90263508,28.99421582,29.09688181,29.2113915,29.33854669,29.47918585,29.63417757,29.80443426,29.99098028,30.19513141
607,28.46877449,28.47206944,28.48198526,28.49861663,28.52212397,28.55272795,28.59071392,28.63642964,28.69028441,28.75275091,28.82436256,28.90571331,28.99745405,29.10029184,29.2149839,29.34233057,29.48316915,29.63837012,29.80885826,29.99568882,30.20021682
608,28.47100032,28.47430243,28.48423973,28.50090688,28.52446422,28.55513237,28.59319665,28.63900472,28.69296585,28.75555258,28.82729812,28.90879604,29.0006966,29.10370595,29.21858009,29.346118,29.48715627,29.64256861,29.8132936,30.00041602,30.20532323
609,28.47323098,28.47654026,28.48649904,28.50320194,28.52680927,28.55754159,28.59568414,28.64158456,28.69565202,28.75835894,28.83023829,28.91188326,29.00394346,29.10712413,29.22218009,29.34990906,29.49114753,29.64677361,29.81774064,30.005161,30.21044938
610,28.47546648,28.47878292,28.48876317,28.50550182,28.52915913,28.55995559,28.59817642,28.64416916,28.69834292,28.76116998,28.83318307,28.91497496,29.00719462,29.11054639,29.22578391,29.35370389,29.49514326,29.65098559,29.82219955,30.00992311,30.21559431
611,28.47770682,28.48103042,28.49103213,28.50780651,28.53151379,28.56237439,28.60067346,28.64675852,28.70103855,28.7639857,28.83613245,28.91807113,29.01045008,29.1139727,29.22939156,29.35750258,29.49914378,29.65520508,29.82667063,30.01470161,30.22075674
612,28.47995199,28.48328275,28.49330592,28.51011602,28.53387325,28.56479797,28.60317529,28.64935263,28.7037389,28.76680609,28.83908641,28.92117176,29.01370981,29.11740307,29.23300311,29.36130532,29.5031494,29.65943235,29.83115371,30.01949616,30.22593622
613,28.482202,28.4855399,28.49558453,28.51243034,28.53623751,28.56722634,28.60568188,28.65195149,28.70644397,28.76963115,28.84204495,28.92427684,29.01697381,29.12083751,29.23661859,29.36511223,29.50716044,29.66366784,29.83564897,30.02430611,30.2311317
614,28.48445683,28.48780189,28.49786796,28.51474948,28.53860657,28.56965949,28.60819324,28.6545551,28.70915375,28.77246086,28.84500806,28.92738635,29.02024208,29.12427603,29.24023807,29.36892352,29.51117715,29.66791164,29.84015616,30.02913117,30.23634289
615,28.4867165,28.49006871,28.50015621,28.51707342,28.54098043,28.57209744,28.61070937,28.65716345,28.71186825,28.77529522,28.84797573,28.93050029,29.0235146,29.12771863,29.24386163,29.37273933,29.51519982,29.67216408,29.84467534,30.03397082,30.24156902
616,28.48898099,28.49234035,28.50244928,28.51940218,28.54335909,28.57454016,28.61323027,28.65977655,28.71458744,28.77813423,28.85094794,28.93361865,29.02679138,29.13116535,29.24748935,29.37655985,29.51922864,29.6764252,29.84920632,30.0388248,30.24680982
617,28.49125031,28.49461681,28.50474717,28.52173574,28.54574254,28.57698767,28.61575594,28.66239438,28.71731134,28.78097787,28.8539247,28.93674142,29.03007241,29.13461621,29.2511213,29.38038524,29.52326385,29.68069519,29.85374906,30.04369267,30.25206472
618,28.49352446,28.4968981,28.50704987,28.52407412,28.5481308,28.57943997,28.61828636,28.66501695,28.72003992,28.78382614,28.856906,28.9398686,29.03335772,29.13807129,29.25475762,29.38421564,29.52730553,29.68497399,29.85830342,30.04857428,30.25733357
619,28.49580342,28.49918421,28.5093574,28.5264173,28.55052384,28.58189704,28.62082155,28.66764426,28.7227732,28.78667904,28.85989182,28.94300019,29.0366473,29.14153058,29.25839838,29.38805124,29.53135395,29.68926184,29.86286933,30.05346918,30.26261578
620,28.49808722,28.50147514,28.51166973,28.52876528,28.55292169,28.58435889,28.6233615,28.67027629,28.72551117,28.78953655,28.86288216,28.94613616,29.03994115,29.14499411,29.26204364,29.39189218,29.53540933,29.69355887,29.8674467,30.05837703,30.26791091
621,28.50037583,28.50377089,28.51398688,28.53111807,28.55532432,28.58682552,28.62590621,28.67291305,28.72825381,28.79239867,28.86587702,28.94927654,29.04323932,29.14846198,29.26569354,29.39573857,29.53947163,29.69786494,29.87203538,30.06329774,30.27321893
622,28.50266926,28.50607146,28.51630885,28.53347567,28.55773175,28.58929693,28.62845567,28.67555453,28.73100113,28.7952654,28.86887639,28.95242132,29.04654181,29.15193422,29.26934816,29.39959055,29.54354105,29.70218018,29.87663529,30.06823099,30.2785394
623,28.50496751,28.50837684,28.51863562,28.53583807,28.56014397,28.59177311,28.63100988,28.67820073,28.73375311,28.79813673,28.87188026,28.9555705,29.04984862,29.15541086,29.2730076,29.40344829,29.54761778,29.70650468,29.88124633,30.07317646,30.28387195
624,28.50727058,28.51068704,28.52096721,28.53820527,28.56256098,28.59425407,28.63356884,28.68085165,28.73650976,28.80101264,28.87488863,28.95872409,29.05315979,29.15889197,29.27667194,29.40731187,29.55170184,29.71083839,29.88586837,30.07813401,30.28921644
625,28.50957846,28.51300205,28.5233036,28.54057727,28.56498278,28.59673979,28.63613255,28.68350728,28.73927107,28.80389315,28.8779015,28.96188209,29.05647536,29.16237763,29.28034129,29.41118137,29.55579326,29.71518127,29.8905013,30.08310351,30.29457272
626,28.51189116,28.51532188,28.5256448,28.54295407,28.56740936,28.59923029,28.638701,28.68616761,28.74203704,28.80677824,28.88091887,28.96504452,29.05979535,29.16586788,29.28401574,29.41505694,29.55989221,29.71953339,29.89514503,30.08808465,30.29994044
627,28.51420867,28.51764652,28.52799081,28.54533567,28.56984073,28.60172555,28.6412742,28.68883265,28.74480766,28.80966791,28.88394073,28.96821137,29.06311977,29.16936277,29.28769537,29.41893869,29.56399876,29.72389475,29.89979944,30.09307725,30.30531937
628,28.516531,28.51997597,28.53034163,28.54772206,28.57227689,28.60422558,28.64385213,28.69150239,28.74758292,28.81256216,28.8869671,28.97138267,29.06644869,29.17286238,29.29138026,29.42282665,29.56811287,29.72826526,29.90446444,30.09808123,30.31070948
629,28.51885814,28.52231023,28.53269725,28.55011325,28.57471782,28.60673037,28.6464348,28.69417683,28.75036282,28.81546098,28.88999798,28.97455844,29.06978212,29.17636677,29.2950705,29.42672092,29.57223464,29.73264494,29.90913992,30.10309639,30.31611052
630,28.52119008,28.5246493,28.53505767,28.55250924,28.57716354,28.60923993,28.6490222,28.69685596,28.75314737,28.81836437,28.89303335,28.97773869,29.07312012,29.17987599,29.29876616,29.43062158,29.57636409,29.73703375,29.91382578,30.10812259,30.32152234
631,28.52352684,28.52699317,28.5374229,28.55491002,28.57961404,28.61175424,28.65161433,28.69953978,28.75593655,28.82127234,28.89607325,28.98092343,29.07646269,29.18339009,29.30246731,29.43452873,29.58050133,29.74143175,29.91852196,30.1131596,30.32694467
632,28.5258684,28.52934186,28.53979292,28.55731559,28.58206931,28.6142733,28.65421119,28.70222828,28.75873036,28.82418488,28.89911766,28.98411268,29.07980988,29.18690913,29.30617403,29.4384424,29.58464635,29.74583885,29.92322833,30.11820733,30.33237744
633,28.52821477,28.53169534,28.54216775,28.55972594,28.58452936,28.61679713,28.65681277,28.70492147,28.76152881,28.82710198,28.90216659,28.98730647,29.08316175,29.19043318,29.30988638,29.44236266,29.58879916,29.75025501,29.92794481,30.12326567,30.3378205
634,28.53056595,28.53405363,28.54454737,28.56214109,28.58699418,28.6193257,28.65941907,28.70761934,28.76433188,28.83002366,28.90522006,28.99050481,29.08651832,29.1939623,29.31360444,29.44628956,29.59295978,29.7546802,29.93267131,30.12833448,30.34327376
635,28.53292193,28.53641673,28.54693179,28.56456103,28.58946377,28.62185902,28.6620301,28.71032188,28.76713957,28.83294992,28.90827808,28.99370774,29.08987965,29.19749655,29.31732827,29.45022315,29.59712821,29.75911437,29.93740774,30.13341366,30.34873707
636,28.53528272,28.53878462,28.549321,28.56698575,28.59193813,28.62439709,28.66464583,28.7130291,28.76995189,28.83588075,28.91134065,28.99691527,29.09324574,29.20103594,29.32105791,29.4541635,29.60130455,29.76355757,29.94215403,30.138503,30.35421019
637,28.5376483,28.54115731,28.55171501,28.56941525,28.59441726,28.62693991,28.66726628,28.71574099,28.77276884,28.83881616,28.91440778,29.00012742,29.09661665,29.20458056,29.32479343,29.45811063,29.60548876,29.76800972,29.9469101,30.14360245,30.3596931
638,28.54001869,28.54353481,28.55411382,28.57184953,28.59690116,28.62948747,28.66989144,28.71845755,28.77559041,28.84175616,28.9174795,29.00334422,29.09999243,29.20813046,29.32853487,29.46206459,29.60968083,29.77247077,29.95167586,30.14871191,30.36518568
639,28.54239387,28.5459171,28.55651741,28.5742886,28.59938982,28.63203976,28.67252131,28.72117877,28.7784166,28.84470075,28.92055581,29.00656571,29.10337312,29.21168568,29.3322823,29.46602539,29.61388077,29.77694068,29.95645124,30.15383128,30.37068784
640,28.54477386,28.54830418,28.55892579,28.57673244,28.60188324,28.6345968,28.67515588,28.72390466,28.78124741,28.84764993,28.92363673,29.00979191,29.10675876,29.21524628,29.33603575,29.46999308,29.61808858,29.78141942,29.96123617,30.15896044,30.37619945
641,28.54715864,28.55069606,28.56133896,28.57918106,28.60438142,28.63715856,28.67779516,28.72663522,28.78408286,28.85060372,28.92672227,29.01302282,29.11014935,29.21881228,29.33979527,29.47396772,29.62230432,29.785907,29.96603057,30.16409926,30.38172034
642,28.54954821,28.55309274,28.56375692,28.58163446,28.60688436,28.63972507,28.68043914,28.72937044,28.78692293,28.85356211,28.92981245,29.0162585,29.11354496,29.22238374,29.3435609,29.47794931,29.62652795,29.79040335,29.97083436,30.16924767,30.38725047
643,28.55194258,28.5554942,28.56617966,28.58409263,28.60939205,28.6422963,28.68308781,28.73211032,28.78976763,28.85652513,28.93290729,29.01949896,29.11694563,29.22596069,29.34733268,29.48193788,29.63075946,29.79490843,29.9756475,30.17440558,30.39278974
644,28.55434174,28.55790046,28.56860719,28.58655556,28.6119045,28.64487226,28.68574119,28.73485487,28.79261697,28.85949277,28.93600681,29.02274424,29.12035138,29.2295432,29.35111065,29.48593343,29.63499885,29.79942221,29.9804699,30.17957292,30.39833807
645,28.55674569,28.5603115,28.57103949,28.58902327,28.61442169,28.64745295,28.68839925,28.73760408,28.79547094,28.86246505,28.93911101,29.02599435,29.12376226,29.23313128,29.35489485,29.48993601,29.63924613,29.80394467,29.98530149,30.18474956,30.40389535
646,28.55915443,28.56272733,28.57347658,28.59149575,28.61694364,28.65003836,28.69106202,28.74035795,28.79832955,28.86544198,28.94221991,29.02924932,29.12717829,29.23672498,29.35868531,29.49394566,29.64350131,29.80847576,29.99014222,30.18993543,30.40946147
647,28.56156796,28.56514794,28.57591844,28.59397299,28.61947033,28.65262849,28.69372948,28.74311649,28.80119281,28.86842356,28.94533355,29.03250918,29.1305995,29.24032433,29.36248206,29.49796236,29.64776436,29.81301545,29.99499201,30.19513046,30.41503636
648,28.56398627,28.56757334,28.57836508,28.596455,28.62200177,28.65522335,28.69640163,28.74587969,28.80406072,28.87140981,28.94845192,29.03577396,29.13402595,29.24392938,29.36628514,29.50198614,29.65203528,29.8175637,29.99985081,30.20033455,30.42061996
649,28.56640937,28.57000352,28.5808165,28.59894176,28.62453795,28.65782292,28.69907847,28.74864756,28.80693328,28.87440073,28.95157507,29.03904368,29.13745764,29.24754015,29.37009456,29.506017,29.65631406,29.82212048,30.00471856,30.20554765,30.42621217
650,28.56883725,28.57243849,28.58327269,28.60143329,28.62707888,28.66042722,28.70176,28.75142009,28.80981051,28.87739635,28.95470299,29.04231837,29.14089463,29.25115668,29.37391036,29.51005499,29.6606007,29.82668576,30.00959519,30.21076967,30.43181291
651,28.57126992,28.57487823,28.58573365,28.60392958,28.62962454,28.66303623,28.70444622,28.7541973,28.8126924,28.88039667,28.9578357,29.04559805,29.14433693,29.254779,29.37773258,29.51410009,29.66489519,29.83125949,30.01448064,30.21600052,30.43742212
652,28.57370736,28.57732274,28.58819938,28.60643062,28.63217494,28.66564995,28.70713714,28.75697918,28.81557897,28.8834017,28.96097324,29.04888276,29.14778458,29.25840714,29.38156123,29.51815233,29.66919751,29.83584164,30.01937486,30.22124016,30.44303972
653,28.57614958,28.57977204,28.59066987,28.60893641,28.63473008,28.66826839,28.70983275,28.75976574,28.81847022,28.88641145,28.96411561,29.05217251,29.15123761,29.26204114,29.38539633,29.5222117,29.67350764,29.84043217,30.0242778,30.22648851,30.44866565
654,28.57859657,28.5822261,28.59314514,28.61144696,28.63728995,28.67089154,28.71253305,28.76255698,28.82136615,28.88942595,28.96726285,29.05546733,29.15469605,29.26568101,29.3892379,29.52627821,29.67782558,29.84503105,30.0291894,30.2317455,30.45429983
655,28.58104834,28.58468494,28.59562516,28.61396226,28.63985456,28.67351941,28.71523804,28.7653529,28.82426679,28.8924452,28.97041495,29.05876724,29.15815992,29.26932679,29.39308597,29.53035188,29.68215132,29.84963825,30.0341096,30.23701107,30.45994221
656,28.58350489,28.58714855,28.59810995,28.61648231,28.6424239,28.67615199,28.71794773,28.76815351,28.82717213,28.89546921,28.97357195,29.06207228,29.16162926,29.27297851,29.39694055,29.53443271,29.68648483,29.85425372,30.03903835,30.24228516,30.46559271
657,28.5859662,28.58961692,28.6005995,28.61900711,28.64499797,28.67878928,28.72066212,28.77095881,28.83008218,28.898498,28.97673387,29.06538246,29.16510409,29.27663619,29.40080167,29.53852069,29.6908261,29.85887744,30.04397561,30.2475677,30.47125129
658,28.58843228,28.59209006,28.60309381,28.62153665,28.64757677,28.68143128,28.7233812,28.77376881,28.83299695,28.90153158,28.97990072,29.06869781,29.16858443,29.28029985,29.40466934,29.54261584,29.69517513,29.86350936,30.04892131,30.25285864,30.47691787
659,28.59090313,28.59456797,28.60559287,28.62407094,28.65016029,28.68407799,28.72610498,28.77658351,28.83591646,28.90456997,28.98307251,29.07201834,29.17207032,29.28396952,29.40854357,29.54671816,29.69953188,29.86814946,30.05387542,30.25815792,30.4825924
660,28.59337875,28.59705064,28.60809669,28.62660998,28.65274855,28.68672942,28.72883347,28.77940291,28.8388407,28.90761318,28.98624928,29.0753441,29.17556178,29.28764523,29.41242439,29.55082764,29.70389636,29.8727977,30.05883788,30.26346542,30.48826882
661,28.59585913,28.59953807,28.61060527,28.62915375,28.65534154,28.68938556,28.73156666,28.78222703,28.84176968,28.91066122,28.98943104,29.07867509,29.17905883,29.29132698,29.4163118,29.55494429,29.70826853,29.87745406,30.0638086,30.26877885,30.49386435
662,28.59834427,28.60203026,28.61311859,28.63170226,28.65793925,28.69204641,28.73430455,28.78505586,28.84470343,28.91371411,28.99261781,29.08201134,29.1825615,29.29501481,29.42020581,29.5590681,29.71264839,29.88211847,30.06878704,30.27408609,30.49937545
663,28.60083417,28.60452721,28.61563667,28.63425552,28.66054168,28.69471198,28.73704716,28.78788942,28.84764194,28.91677186,28.9958096,29.08535288,29.18606981,29.29870873,29.42410644,29.56319908,29.71703592,29.8867908,30.07377091,30.27937438,30.50484304
664,28.60332883,28.60702892,28.6181595,28.63681351,28.66314885,28.69738226,28.73979448,28.7907277,28.85058523,28.91983448,28.99900644,29.08869972,29.18958377,29.30240876,29.42801369,29.56733722,29.72143106,29.89147056,30.07875661,30.28464342,30.51027643
665,28.60582825,28.60953538,28.62068707,28.63937625,28.66576074,28.70005726,28.74254651,28.79357072,28.85353331,28.922902,29.00220835,29.09205189,29.19310342,29.30611491,29.43192759,29.57148252,29.72583371,29.89615685,30.08374124,30.28989487,30.51568092
666,28.60833242,28.61204659,28.62321939,28.64194371,28.66837735,28.70273698,28.74530327,28.79641848,28.85648619,28.92597442,29.00541533,29.0954094,29.19662877,29.30982721,29.43584812,29.57563493,29.73024362,29.90084855,30.0887233,30.29512916,30.52106035
667,28.61084135,28.61456256,28.62575646,28.64451592,28.67099869,28.70542142,28.74806475,28.79927099,28.85944387,28.92905176,29.00862742,29.09877228,29.20015985,29.31354567,29.4397753,29.57979442,29.73466047,29.90554454,30.09370146,30.30034697,30.52641813
668,28.61335503,28.61708327,28.62829827,28.64709286,28.67362476,28.70811058,28.75083095,28.80212825,28.86240637,28.93213404,29.01184463,29.10214054,29.20369666,29.31727031,29.44370912,29.58396088,29.7390838,29.91024388,30.09867507,30.30554961,30.53175627
669,28.61587346,28.61960874,28.63084483,28.64967453,28.67625555,28.71080446,28.75360189,28.80499028,28.8653737,28.93522126,29.01506698,29.10551422,29.20723924,29.32100112,29.44764956,29.58813419,29.74351321,29.91494563,30.10364328,30.31073797,30.53707724
670,28.61839665,28.62213895,28.63339613,28.65226094,28.67889108,28.71350306,28.75637756,28.80785707,28.86834587,28.93831345,29.01829448,29.10889332,29.21078759,29.32473813,29.45159659,29.59231417,29.74794817,29.91964907,30.10860594,30.31591313,30.54238212
671,28.62092458,28.62467391,28.63595216,28.65485208,28.68153132,28.7162064,28.75915797,28.81072864,28.87132289,28.94141062,29.02152715,29.11227786,29.21434174,29.32848134,29.45555016,29.59650062,29.75238818,29.92435358,30.11356288,30.32107584,30.54767222
672,28.62345725,28.62721362,28.63851294,28.65744796,28.6841763,28.71891446,28.76194313,28.813605,28.87430477,28.94451277,29.02476501,29.11566786,29.21790169,29.33223073,29.4595102,29.6006933,29.75683278,29.9290586,30.11851404,30.32622685,30.55294862
673,28.62599468,28.62975807,28.64107846,28.66004857,28.68682601,28.72162726,28.76473304,28.81648615,28.87729153,28.94761994,29.02800808,29.11906334,29.22146746,29.33598629,29.4634766,29.60489195,29.76128156,29.93376386,30.12345957,30.33136663,30.55821203
674,28.62853684,28.63230726,28.64364872,28.66265392,28.68948045,28.72434479,28.7675277,28.81937209,28.88028317,28.95073212,29.03125637,29.12246432,29.22503906,29.33974802,29.46744931,29.60909634,29.76573405,29.93846874,30.12839931,30.336496,30.56346367
675,28.63108376,28.63486119,28.64622372,28.665264,28.69213962,28.72706706,28.77032712,28.82226285,28.88327971,28.95384934,29.03450989,29.1258708,29.22861648,29.34351586,29.47142817,29.61330621,29.77018995,29.94317316,30.13333344,30.34161532,30.56870398
676,28.63363541,28.63741987,28.64880345,28.66787881,28.69480352,28.72979407,28.77313131,28.82515842,28.88628115,28.95697161,29.03776867,29.12928281,29.23219974,29.34728978,29.47541307,29.61752131,29.77464885,29.94787673,30.13826199,30.3467252,30.57393384
677,28.63619181,28.63998329,28.65138792,28.67049836,28.69747216,28.73252582,28.77594027,28.82805882,28.88928751,28.96009894,29.04103272,29.13270035,29.23578882,29.35106975,29.4794039,29.62174138,29.77911046,29.95257925,30.14318506,30.35182611,30.57915382
678,28.63875295,28.64255144,28.65397713,28.67312264,28.70014554,28.73526233,28.778754,28.83096405,28.8922988,28.96323135,29.04430205,29.13612343,29.23938371,29.35485569,29.48340047,29.62596618,29.78357454,29.95728067,30.1481028,30.35691838,30.58436432
679,28.64131882,28.64512434,28.65657108,28.67575166,28.70282365,28.73800358,28.78157252,28.83387413,28.89531503,28.96636884,29.04757667,29.13955206,29.24298441,29.35864757,29.48740268,29.63019547,29.78804074,29.9619807,30.15301528,30.36200252,30.58956602
680,28.64388944,28.64770198,28.65916976,28.67838541,28.7055065,28.74074959,28.78439583,28.83678905,28.89833621,28.96951144,29.0508566,29.14298624,29.24659089,29.36244528,29.49141036,29.63442904,29.79250893,29.96667936,30.15792269,30.36707879,30.59475917
681,28.6464648,28.65028435,28.66177318,28.6810239,28.7081941,28.74350036,28.78722393,28.83970883,28.90136235,28.97265915,29.05414185,29.14642598,29.25020312,29.36624875,29.49542334,29.63866668,29.79697888,29.97137656,30.16282514,30.37214754,30.59994421
682,28.64904489,28.65287146,28.66438134,28.68366713,28.71088644,28.74625589,28.79005683,28.84263348,28.90439346,28.97581199,29.05743243,29.14987126,29.25382108,29.37005793,29.49944152,29.64290818,29.80145037,29.97607213,30.16772273,30.37720915,30.60512161
683,28.65162973,28.65546331,28.66699423,28.6863151,28.71358353,28.74901619,28.79289454,28.84556301,28.90742956,28.97896996,29.06072833,29.15332209,29.25744473,29.37387271,29.50346474,29.64715336,29.80592323,29.98076607,30.1726156,30.38226389,30.61029169
684,28.6542193,28.6580599,28.66961187,28.68896781,28.71628537,28.75178127,28.79573706,28.84849742,28.91047066,28.98213309,29.06402958,29.15677846,29.26107403,29.37769301,29.50749283,29.65140203,29.81039736,29.98545838,30.17750393,30.38731199,30.61545467
685,28.65681361,28.66066122,28.67223424,28.69162527,28.71899197,28.75455112,28.79858441,28.85143672,28.91351676,28.98530137,29.06733618,29.16024035,29.26470895,29.38151873,29.51152564,29.65565402,29.8148726,29.99014902,30.18238782,30.39235373,30.62061087
686,28.65941266,28.66326729,28.67486135,28.69428746,28.72170332,28.75732575,28.80143658,28.85438092,28.91656787,28.98847482,29.07064812,29.16370776,29.26834943,29.3853498,29.51556309,29.65990919,29.8193488,29.9948379,30.18726736,30.3973894,30.62576069
687,28.66201644,28.66587809,28.6774932,28.69695441,28.72441943,28.76010516,28.80429358,28.85733004,28.91962401,28.99165344,29.07396541,29.16718066,29.27199543,29.38918611,29.51960501,29.66416739,29.82382588,29.99952508,30.19214271,30.40241917,30.63090428
688,28.66462497,28.66849363,28.68012979,28.6996261,28.7271403,28.76288937,28.80715542,28.86028408,28.92268518,28.99483724,29.07728804,29.17065904,29.27564689,29.39302756,29.52365125,29.66842847,29.82830377,30.00421059,30.197014,30.40744325,30.63604183
689,28.66723823,28.67111391,28.68277113,28.70230254,28.72986593,28.76567837,28.81002212,28.86324304,28.92575139,28.99802624,29.08061602,29.17414287,29.27930376,29.39687408,29.52770172,29.6726923,29.83278234,30.00889436,30.20188131,30.41246189,30.64117369
690,28.66985623,28.67373893,28.68541721,28.70498373,28.73259634,28.76847217,28.81289366,28.86620694,28.92882265,29.00122042,29.08394933,29.17763213,29.28296599,29.40072557,29.53175629,29.67695877,29.8372615,30.01357639,30.20674476,30.41747527,30.64630007
691,28.67247898,28.6763687,28.68806803,28.70766967,28.73533151,28.77127078,28.81577007,28.86917578,28.93189897,29.0044198,29.08728798,29.18112679,29.28663352,29.40458194,29.53581485,29.68122777,29.84174122,30.01825674,30.21160446,30.42248357,30.65142112
692,28.67510646,28.6790032,28.6907236,28.71036037,28.73807146,28.7740742,28.81865134,28.87214957,28.93498035,29.00762437,29.09063195,29.18462681,29.29030628,29.40844309,29.53987729,29.6854992,29.84622143,30.0229354,30.21646051,30.42748696,30.65653704
693,28.67773868,28.68164245,28.69338392,28.71305583,28.74081619,28.77688243,28.82153748,28.87512832,28.9380668,29.01083415,29.09398122,29.18813218,29.29398423,29.41230896,29.54394349,29.68977293,29.85070203,30.02761237,30.22131301,30.43248564,30.66164808
694,28.68037565,28.68428644,28.69604898,28.71575605,28.74356571,28.77969548,28.82442851,28.87811204,28.94115833,29.01404912,29.09733579,29.19164286,29.29766731,29.41617944,29.54801337,29.69404888,29.85518299,30.03228767,30.22616207,30.43747976,30.66675438
695,28.68301736,28.68693517,28.6987188,28.71846104,28.74632001,28.78251336,28.82732442,28.88110072,28.94425494,29.01726928,29.10069565,29.1951588,29.30135544,29.42005445,29.55208683,29.69832698,29.85966427,30.03696133,30.23100777,30.44246945,30.6718561
696,28.68566381,28.68958865,28.70139337,28.72117079,28.7490791,28.78533608,28.83022523,28.88409439,28.94735663,29.02049464,29.10406077,29.19867999,29.30504858,29.42393392,29.55616376,29.70260713,29.86414581,30.04163337,30.23585022,30.4474549,30.67695342
697,28.68831501,28.69224688,28.7040727,28.72388531,28.75184299,28.78816362,28.83313093,28.88709304,28.95046341,29.02372519,29.10743114,29.20220638,29.30874667,29.42781776,29.56024408,29.70688924,29.86862758,30.04630381,30.24068951,30.45243622,30.68204649
698,28.69097096,28.69490986,28.70675678,28.7266046,28.75461168,28.79099602,28.83604154,28.89009668,28.95357527,29.02696092,29.11080674,29.20573792,29.31244965,29.43170589,29.5643277,29.71117326,29.87310955,30.05097268,30.24552573,30.45741356,30.68713544
699,28.69363166,28.69757759,28.70944562,28.72932867,28.75738517,28.79383325,28.83895706,28.89310531,28.95669223,29.03020183,29.11418756,29.2092746,29.31615745,29.43559824,29.56841454,29.71545911,29.87759169,30.05564001,30.25035897,30.46238705,30.69222041
700,28.6962971,28.70025007,28.71213922,28.73205752,28.76016347,28.79667534,28.84187749,28.89611894,28.95981427,29.03344791,29.11757357,29.21281637,29.31987003,29.43949474,29.57250451,29.7197467,29.88207393,30.0603058,30.25518931,30.46735683,30.69730159
701,28.6989673,28.70292731,28.71483759,28.73479114,28.76294658,28.79952229,28.84480284,28.89913756,28.96294141,29.03669915,29.12096475,29.2163632,29.32358732,29.4433953,29.57659753,29.724036,29.88655628,30.06497011,30.26001684,30.472323,30.70237905
702,28.70164226,28.70560931,28.71754073,28.73752956,28.7657345,28.8023741,28.84773312,28.9021612,28.96607363,29.03995554,29.12436108,29.21991503,29.32730926,29.44729985,29.58069355,29.72832694,29.89103874,30.06963296,30.26484163,30.47728568,30.70745291
703,28.70432197,28.70829606,28.72024863,28.74027276,28.76852725,28.80523077,28.85066833,28.90518984,28.96921094,29.04321707,29.12776253,29.22347182,29.3310358,29.45120833,29.58479248,29.73261948,29.89552128,30.0742944,30.26966377,30.48224495,30.71252328
704,28.70700643,28.71098758,28.72296131,28.74302076,28.77132482,28.80809232,28.85360848,28.90822349,28.97235333,29.04648373,29.13116907,29.22703354,29.33476686,29.45512066,29.58889426,29.73691359,29.90000391,30.07895447,30.27448333,30.48720091,30.71759023
705,28.70969566,28.71368386,28.72567876,28.74577355,28.77412721,28.81095874,28.85655357,28.91126216,28.97550081,29.0497555,29.13458069,29.23060013,29.3385024,29.45903678,29.59299884,29.74120921,29.90448662,30.08361319,30.27930038,30.49215366,30.72265388
706,28.71238965,28.71638491,28.72840099,28.74853114,28.77693444,28.81383004,28.85950359,28.91430583,28.97865336,29.05303238,29.13799736,29.23417159,29.34224238,29.46295664,29.59710613,29.74550624,29.90896932,30.08827055,30.284115,30.49710339,30.72771446
707,28.71508841,28.71909072,28.731128,28.75129353,28.77974651,28.81670623,28.86245856,28.91735452,28.98181097,29.05631435,29.14141905,29.23774785,29.34598673,29.46688015,29.60121608,29.7498047,29.91345205,30.09292661,30.28892725,30.50205012,30.73277196
708,28.71779193,28.72180131,28.73385979,28.75406073,28.78256342,28.81958731,28.86541848,28.92040822,28.98497366,29.05960139,29.14484573,29.24132887,29.34973539,29.47080727,29.60532864,29.75410454,29.91793483,30.09758142,30.2937372,30.50699394,30.73782648
709,28.72050023,28.72451667,28.73659637,28.75683274,28.78538517,28.82247327,28.86838335,28.92346694,28.9881414,29.06289349,29.14827737,29.2449146,29.35348831,29.47473793,29.60944377,29.75840575,29.92241765,30.10223502,30.29854492,30.51193492,30.74287808
710,28.7232133,28.72723681,28.73933775,28.75960956,28.78821178,28.82536414,28.87135318,28.92653066,28.9913142,29.06619062,29.15171394,29.248505,29.35724543,29.47867208,29.61356141,29.76270829,29.92690054,30.10688744,30.30335046,30.51687313,30.74792685
711,28.72593114,28.72996173,28.74208391,28.7623912,28.79104323,28.82825991,28.87432796,28.9295994,28.99449203,29.06949277,29.15515541,29.25210002,29.3610067,29.48260965,29.61768151,29.76701214,29.93138347,30.11153871,30.30815389,30.52180865,30.75297285
712,28.72865376,28.73269144,28.74483487,28.76517767,28.79387954,28.83116058,28.8773077,28.93267314,28.9976749,29.07279994,29.15860177,29.25569967,29.36477209,29.48655061,29.62180401,29.7713172,29.93586637,30.11618882,30.31295528,30.52674167,30.75801632
713,28.73138117,28.73542593,28.74759064,28.76796895,28.79672071,28.83406615,28.88029239,28.93575189,29.0008628,29.0761121,29.16205298,29.25930386,29.36854155,29.4904949,29.62592888,29.77562349,29.9403493,30.12083782,30.31775468,30.53167218,30.76305722
714,28.73411336,28.7381652,28.7503512,28.77076506,28.79956675,28.83697663,28.88328204,28.93883564,29.00405571,29.07942922,29.16550901,29.26291257,29.37231501,29.49444246,29.63005607,29.77993099,29.94483226,30.12548575,30.32255215,30.53660026,30.76809564
715,28.73685034,28.74090928,28.75311658,28.77356601,28.80241765,28.83989202,28.88627665,28.94192438,29.00725362,29.08275129,29.16896982,29.26652575,29.37609243,29.49839325,29.63418555,29.78423969,29.94931526,30.13013266,30.32734774,30.54152597,30.77313163
716,28.73959211,28.74365815,28.75588676,28.77637179,28.80527342,28.84281233,28.88927622,28.94501811,29.01045653,29.08607829,29.17243538,29.27014336,29.37987376,29.50234723,29.6383173,29.78854957,29.95379832,30.13477856,30.33214149,30.54644938,30.77816527
717,28.74233867,28.74641182,28.75866176,28.77918242,28.80813407,28.84573756,28.89228075,28.94811684,29.01366441,29.08941018,29.17590566,29.27376535,29.38365895,29.50630435,29.64245126,29.79286062,29.95828143,30.13942348,30.33693346,30.55137055,30.78319662
718,28.74509003,28.74917029,28.76144158,28.78199788,28.81099959,28.8486677,28.89529023,28.95122054,29.01687727,29.09274697,29.17938065,29.2773917,29.38744798,29.51026456,29.6465874,29.79717279,29.96276458,30.14406745,30.34172372,30.55628957,30.78822578
719,28.7478462,28.75193356,28.76422622,28.78481819,28.81387,28.85160276,28.89830467,28.95432921,29.02009508,29.09608862,29.18286029,29.28102237,29.39124079,29.51422783,29.65072568,29.80148606,29.96724777,30.1487105,30.34651231,30.5612065,30.79325282
720,28.75060717,28.75470165,28.76701568,28.78764335,28.81674528,28.85454273,28.90132406,28.95744286,29.02331783,29.09943512,29.18634458,29.28465732,29.39503735,29.51819412,29.65486607,29.80580041,29.97173099,30.15335264,30.35129927,30.56612145,30.79827914
721,28.75337294,28.75747455,28.76980997,28.79047336,28.81962545,28.85748763,28.9043484,28.96056146,29.02654551,29.10278645,29.18983348,29.28829652,29.39883761,29.52216338,29.65900854,29.81011583,29.97621425,30.1579939,30.3560847,30.57103575,30.80335239
722,28.75614353,28.76025227,28.77260909,28.79330822,28.8225105,28.86043744,28.90737768,28.96368502,29.0297781,29.10614257,29.19332696,29.29193993,29.40264154,29.52613557,29.66315304,29.8144323,29.98069757,30.16263433,30.36086891,30.57595517,30.80847012
723,28.75891893,28.7630348,28.77541304,28.79614794,28.82540044,28.86339217,28.91041191,28.96681352,29.0330156,29.10950348,29.19682499,29.29558751,29.40644908,29.53011066,29.66729957,29.81874982,29.98518096,30.16727402,30.36565301,30.58088695,30.81361262
724,28.76169915,28.76582216,28.77822184,28.79899252,28.82829526,28.86635182,28.91345108,28.96994696,29.03625798,29.11286915,29.20032754,29.29923922,29.41026022,29.5340886,29.67144809,29.82306837,29.98966444,30.17191322,30.37043897,30.5858313,30.81877468
725,28.76448419,28.76861434,28.78103547,28.80184196,28.83119498,28.86931639,28.91649518,28.97308533,29.03950524,29.11623955,29.20383458,29.30289503,29.41407489,29.53806938,29.67559857,29.82738794,29.99414806,30.17655241,30.37522829,30.59078701,30.82395396
726,28.76727406,28.77141135,28.78385394,28.80469627,28.83409959,28.87228588,28.91954422,28.97622862,29.04275735,29.11961467,29.20734608,29.30655491,29.41789308,29.54205294,29.67975099,29.83170854,29.99863195,30.1811922,30.38002187,30.59575391,30.82914849
727,28.77006875,28.7742132,28.78667726,28.80755544,28.83700909,28.87526028,28.92259819,28.97937682,29.0460143,29.12299448,29.210862,29.31021882,29.42171473,29.54603927,29.68390533,29.83603019,30.00311628,30.18583316,30.3848203,30.60073183,30.83435651
728,28.77286827,28.77701988,28.78950542,28.81041948,28.83992348,28.8782396,28.92565707,28.98252991,29.04927608,29.12637896,29.21438233,29.31388673,29.42553983,29.55002832,29.68806157,29.84035291,30.00760127,30.19047583,30.389624,30.6057202,30.83957674
729,28.77567263,28.77983139,28.79233844,28.81328839,28.84284277,28.88122383,28.92872088,28.9856879,29.05254267,29.12976808,29.21790704,29.3175586,29.42936833,29.55402007,29.69221972,29.8446768,30.01208717,30.19512059,30.39443318,30.61071847,30.84480849
730,28.77848182,28.78264775,28.79517631,28.81616218,28.84576695,28.88421297,28.9317896,28.98885077,29.05581405,29.13316183,29.22143608,29.3212344,29.4332002,29.55801449,29.69637976,29.8490019,30.01657424,30.1997679,30.39924819,30.6157261,30.85005078
731,28.78129585,28.78546895,28.79801904,28.81904084,28.84869603,28.88720702,28.93486322,28.99201851,29.05909021,29.13656018,29.22496945,29.32491409,29.4370354,29.56201157,29.70054171,29.85332832,30.02106271,30.20441808,30.4040691,30.62074271,30.85530299
732,28.78411472,28.788295,28.80086662,28.82192437,28.85163,28.89020597,28.93794174,28.9951911,29.06237112,29.1399631,29.2285071,29.32859766,29.44087392,29.56601127,29.70470558,29.85765618,30.02555283,30.20907143,30.40889595,30.62576798,30.86056462
733,28.78693844,28.7911259,28.80371907,28.82481278,28.85456886,28.89320983,28.94102515,28.99836855,29.06565678,29.14337059,29.232049,29.33228506,29.44471571,29.57001359,29.70887139,29.86198556,30.03004483,30.21372822,30.41372885,30.63080153,30.86583507
734,28.78976701,28.79396164,28.80657638,28.82770607,28.85751261,28.89621859,28.94411345,29.00155082,29.06894716,29.1467826,29.23559514,29.33597626,29.44856075,29.57401852,29.7130392,29.86631663,30.03453891,30.21838858,30.41856764,30.63584317,30.87111414
735,28.79260043,28.79680225,28.80943855,28.83060424,28.86046126,28.89923224,28.94720663,29.00473793,29.07224226,29.15019912,29.23914549,29.33967124,29.45240903,29.57802605,29.71720902,29.87064947,30.03903529,30.22305278,30.4234124,30.64089256,30.8764013
736,28.7954387,28.79964771,28.81230559,28.83350728,28.8634148,28.90225079,28.95030469,29.00792984,29.07554204,29.15362013,29.24270001,29.34336997,29.45626051,29.58203619,29.72138094,29.87498424,30.04353412,30.22772082,30.42826301,30.64594954,30.88169641
737,28.79828182,28.80249802,28.81517749,28.83641521,28.86637322,28.90527422,28.9534076,29.01112655,29.07884649,29.15704561,29.24625868,29.34707242,29.46011518,29.58604893,29.72555499,29.87932106,30.0480356,30.2323929,30.43311948,30.65101382,30.88699908
738,28.8011298,28.8053532,28.81805427,28.83932801,28.86933654,28.90830254,28.95651537,29.01432804,29.08215561,29.16047552,29.24982148,29.35077858,29.46397304,29.59006432,29.72973126,29.88366002,30.05253976,30.23706897,30.43798171,30.65608535,30.89230924
739,28.80398264,28.80821324,28.82093591,28.8422457,28.87230474,28.91133573,28.95962798,29.01753431,29.08546935,29.16390986,29.25338839,29.35448841,29.46783406,29.59408234,29.73390979,29.88800125,30.05704684,30.24174922,30.4428497,30.66116382,30.8976265
740,28.80684035,28.81107814,28.82382243,28.84516826,28.87527782,28.9143738,28.96274544,29.02074535,29.08878772,29.16734859,29.25695936,29.35820189,29.47169822,29.59810301,29.73809063,29.89234488,30.061557,30.24643379,30.4477234,30.66624901,30.90295055
741,28.80970291,28.81394791,28.82671381,28.8480957,28.87825578,28.91741674,28.96586772,29.02396112,29.0921107,29.1707917,29.26053439,29.36191901,29.47556553,29.60212635,29.74227385,29.89669098,30.06607028,30.25112264,30.45260275,30.67134085,30.90828133
742,28.81257034,28.81682255,28.82961007,28.85102803,28.88123862,28.92046454,28.96899483,29.02718163,29.09543825,29.17423917,29.26411346,29.36563975,29.47943599,29.60615241,29.74645954,29.90103964,30.07058673,30.25581578,30.45748769,30.6764392,30.9136187
743,28.81544264,28.81970205,28.8325112,28.85396522,28.88422634,28.9235172,28.97212675,29.03040687,29.09877038,29.17769097,29.26769653,29.36936407,29.48330958,29.61018118,29.75064773,29.905391,30.07510655,30.26051334,30.46237819,30.68154385,30.91896234
744,28.81831981,28.82258643,28.83541721,28.8569073,28.88721893,28.92657472,28.97526347,29.03363681,29.10210705,29.18114708,29.27128358,29.37309197,29.4871863,29.6142127,29.75483849,29.90974514,30.07962984,30.26521538,30.46727419,30.68665462,30.92431206
745,28.82120184,28.82547567,28.83832809,28.85985425,28.89021639,28.92963707,28.97840498,29.03687144,29.10544826,29.18460748,29.27487461,29.37682346,29.49106619,29.61824702,29.75903189,29.91410209,30.0841565,30.26992177,30.47217562,30.69177158,30.92966798
746,28.82408874,28.82836978,28.84124384,28.86280608,28.89321872,28.93270427,28.98155127,29.04011076,29.10879398,29.18807216,29.27846959,29.3805585,29.49494922,29.62228416,29.76322799,29.91846196,30.08868671,30.27463262,30.47708243,30.6968945,30.9350298
747,28.82698051,28.83126877,28.84416447,28.86576277,28.8962259,28.9357763,28.98470234,29.04335474,29.1121442,29.19154109,29.28206849,29.38429709,29.4988354,29.62632414,29.76742685,29.92282485,30.09322057,30.27934797,30.48199459,30.70202323,30.94039735
748,28.82987716,28.83417263,28.84708997,28.86872434,28.89923795,28.93885316,28.98785817,29.04660337,29.1154989,29.19501425,29.28567131,29.38803921,29.50272475,29.63036701,29.77162852,29.92719079,30.09775806,30.28406779,30.48691202,30.70715774,30.9457706
749,28.83277868,28.83708136,28.85002034,28.87169078,28.90225485,28.94193484,28.99101875,29.04985664,29.11885806,29.19849164,29.28927804,29.39178489,29.50661729,29.6344128,29.77583306,29.93155984,30.10229921,30.28879206,30.49183469,30.71229797,30.95114949
750,28.83568506,28.83999496,28.85295559,28.87466208,28.9052766,28.94502132,28.99418408,29.05311454,29.12222167,29.20197322,29.29288865,29.39553408,29.51051301,29.63846155,29.78004053,29.93593207,30.10684412,30.29352081,30.49676254,30.71744376,30.95653384
751,28.83859633,28.84291344,28.8558957,28.87763825,28.9083032,28.94811262,28.99735414,29.05637705,29.12558971,29.20545899,29.29650313,29.3992868,29.51441193,29.64251328,29.78425098,29.94030757,30.11139282,30.29825406,30.50169553,30.72259503,30.96192356
752,28.84151246,28.84583678,28.85884069,28.88061927,28.91133463,28.95120871,29.00052891,29.05964415,29.12896218,29.20894894,29.3001215,29.40304308,29.51831409,29.64656802,29.78846441,29.94468626,30.11594523,30.30299173,30.50663364,30.72775184,30.96731871
753,28.84443346,28.848765,28.86179053,28.88360516,28.91437089,28.95430959,29.0037084,29.06291584,29.13233904,29.21244304,29.30374372,29.40680288,29.52221948,29.65062582,29.7926809,29.94906828,30.12050148,30.30773388,30.51157679,30.732914,30.97271909
754,28.84735933,28.85169808,28.86474525,28.88659589,28.91741199,28.95741525,29.00689258,29.06619211,29.13572029,29.21594128,29.30736978,29.41056621,29.52612813,29.65468671,29.79690051,29.9534537,30.12506161,30.3124805,30.51652495,30.73808143,30.9781246
755,28.85029008,28.85463604,28.86770483,28.88959148,28.92045791,28.96052568,29.01008146,29.06947292,29.1391059,29.21944364,29.31099966,29.41433305,29.53004002,29.65875071,29.80112328,29.95784257,30.12962566,30.31723161,30.52147807,30.74325403,30.98353513
756,28.85322569,28.85757887,28.87066928,28.89259193,28.92350866,28.96364088,29.01327501,29.07275828,29.14249587,29.2229501,29.31463336,29.41810341,29.53395519,29.66281786,29.80534929,29.96223494,30.13419369,30.3219872,30.52643609,30.74843172,30.98895059
757,28.85616617,28.86052656,28.87363858,28.89559721,28.92656421,28.96676084,29.01647323,29.07604818,29.14589018,29.22646068,29.3182709,29.42187733,29.53787367,29.66688817,29.80957847,29.96663073,30.13876556,30.32674719,30.53139904,30.75361459,30.9943711
758,28.85911152,28.86347911,28.87661273,28.89860733,28.92962457,28.96988555,29.01967611,29.07934259,29.14928883,29.22997535,29.32191226,29.42565479,29.54179546,29.67096169,29.81381091,29.97103003,30.14334137,30.33151163,30.53636684,30.7588025,30.99979649
759,28.86206174,28.86643653,28.87959175,28.90162228,28.93268973,28.97301499,29.02288363,29.08264151,29.15269179,29.2334941,29.32555742,29.42943579,29.54572059,29.67503845,29.81804667,29.97543291,30.14792118,30.33628051,30.54133944,30.76399536,31.00522667
760,28.86501682,28.86939881,28.88257561,28.90464208,28.93575968,28.97614917,29.02609579,29.08594492,29.15609906,29.23701691,29.32920638,29.43322033,29.54964906,29.67911847,29.82228579,29.97983942,30.15250499,30.34105383,30.54631682,30.7691931,31.01066154
761,28.86797676,28.87236595,28.88556433,28.9076667,28.93883443,28.97928808,29.02931257,29.08925281,29.1595106,29.24054376,29.33285913,29.43700841,29.55358088,29.6832018,29.82652831,29.98424959,30.15709285,30.34583158,30.55129891,30.77439565,31.01610104
762,28.87094157,28.87533795,28.8885579,28.91069614,28.94191396,28.9824317,29.03253396,29.09256517,29.16292643,29.24407468,29.33651568,29.44080006,29.5575161,29.68728842,29.8307742,29.98866335,30.16168468,30.35061371,30.55628574,30.77960305,31.02154524
763,28.87391123,28.8783148,28.8915563,28.9137304,28.94499826,28.98558002,29.03575996,29.09588199,29.16634654,29.24760964,29.34017605,29.44459529,29.56145472,29.69137839,29.83502349,29.99308076,30.16628049,30.35540023,30.56127726,30.78481526,31.02699407
764,28.87688574,28.8812965,28.89455954,28.91676947,28.94808733,28.98873305,29.03899055,29.09920326,29.1697709,29.25114864,29.34384021,29.44839409,29.56539675,29.69547172,29.83927626,29.99750187,30.17088034,30.36019113,30.56627341,30.79003218,31.03244742
765,28.87986511,28.88428305,28.89756762,28.91981335,28.95118117,28.99189076,29.04222572,29.10252896,29.1731995,29.25469166,29.34750815,29.45219647,29.56934222,29.69956845,29.84353251,30.00192671,30.17548423,30.3649864,30.57127418,30.79525375,31.03790524
766,28.88284934,28.88727446,28.90058053,28.92286204,28.95427976,28.99505315,29.04546546,29.10585907,29.17663234,29.25823868,29.35117988,29.45600243,29.57329114,29.70366861,29.84779231,30.0063553,30.18009219,30.36978604,30.57627951,30.80047992,31.04336746
767,28.88583841,28.8902707,28.90359827,28.92591552,28.95738309,28.99822022,29.04870976,29.10919361,29.1800694,29.26178973,29.3548554,29.45981199,29.57724352,29.7077722,29.85205563,30.01078765,30.1847042,30.37459002,30.5812894,30.80571069,31.04883409
768,28.88883232,28.89327178,28.90662083,28.92897379,28.96049117,29.00139194,29.05195861,29.11253254,29.18351068,29.26534479,29.35853473,29.46362517,29.58119939,29.71187924,29.85632249,30.01522373,30.18932023,30.37939833,30.58630383,30.81094603,31.05430512
769,28.89183107,28.8962777,28.90964821,28.93203685,28.96360398,29.00456832,29.05521201,29.11587587,29.18695618,29.26890385,29.36221786,29.46744196,29.58515875,29.71598976,29.86059292,30.01966359,30.1939403,30.38421095,30.59132276,30.8161859,31.05978047
770,28.89483466,28.89928844,28.9126804,28.93510469,28.96672152,29.00774935,29.05846993,29.11922359,29.19040588,29.27246692,29.36590478,29.47126237,29.58912164,29.72010378,29.86486694,30.02410724,30.19856443,30.38902788,30.59634617,30.82143026,31.06526013
771,28.89784308,28.90230402,28.9157174,28.9381773,28.96984377,29.01093501,29.06173238,29.12257567,29.19385977,29.27603398,29.3695955,29.47508643,29.59308805,29.72422132,29.86914458,30.02855468,30.20319259,30.39384909,30.60137402,30.82667907,31.07074404
772,28.90085634,28.90532442,28.91875921,28.94125468,28.97297073,29.01412529,29.06499934,29.12593212,29.19731785,29.27960504,29.37329003,29.47891412,29.59705801,29.7283424,29.87342584,30.03300595,30.20782482,30.39867459,30.6064063,30.83193229,31.07623217
773,28.90387442,28.90834963,28.92180581,28.94433683,28.97610241,29.0173202,29.0682708,29.12929293,29.20078011,29.28318008,29.37698835,29.48274545,29.60103152,29.73246703,29.87771078,30.03746107,30.21246113,30.40350437,30.61144296,30.83718986,31.08172445
774,28.90689731,28.91137967,28.92485721,28.94742373,28.97923877,29.02051972,29.07154676,29.13265808,29.20424654,29.2867591,29.38069047,29.48658044,29.60500861,29.73659524,29.88199938,30.04192004,30.21710149,30.4083384,30.61648399,30.84245178,31.08722087
775,28.90992503,28.91441451,28.9279134,28.95051538,28.98237983,29.02372384,29.07482721,29.13602757,29.20771714,29.29034211,29.3843964,29.4904191,29.60898928,29.74072704,29.88629166,30.04638285,30.22174591,30.41317668,30.62152938,30.84771802,31.09272141
776,28.91295756,28.91745416,28.93097437,28.95361177,28.98552557,29.02693255,29.07811213,29.13940139,29.2111919,29.2939291,29.38810615,29.49426143,29.61297355,29.74486244,29.89058764,30.05084951,30.22639438,30.41801918,30.62657909,30.85298855,31.09822605
777,28.9159949,28.9204986,28.93404012,28.9567129,28.98867598,29.03014585,29.08140151,29.14277954,29.21467082,29.29752007,29.39181971,29.49810746,29.61696144,29.74900146,29.89488732,30.05532003,30.23104689,30.4228659,30.63163311,30.85826335,31.10373476
778,28.91903703,28.92354785,28.93711063,28.95981876,28.99183105,29.03336372,29.08469535,29.14616199,29.21815389,29.30111503,29.3955371,29.50195718,29.62095296,29.75314412,29.89919071,30.05979441,30.23570344,30.42771681,30.63669141,30.8635424,31.10924752
779,28.92208397,28.92660188,28.94018592,28.96292934,28.99499078,29.03658616,29.08799365,29.14954876,29.2216411,29.30471397,29.39925832,29.50581061,29.62494813,29.75729043,29.90349783,30.06427265,30.24036402,30.43257191,30.64175399,30.86882567,31.1147643
780,28.92513569,28.92966069,28.94326596,28.96604464,28.99815516,29.03981316,29.09129638,29.15293982,29.22513246,29.30831689,29.40298337,29.50966776,29.62894695,29.76144039,29.90780868,30.06875476,30.24502863,30.43743119,30.6468208,30.8741131,31.12028277
781,28.92819221,28.93272428,28.94635075,28.96916464,29.00132418,29.04304471,29.09460355,29.15633518,29.22862796,29.31192378,29.40671225,29.51352863,29.63294943,29.76559403,29.91212329,30.07324077,30.24969729,30.44229464,30.6518918,30.879403,31.1257419
782,28.9312535,28.93579265,28.9494403,28.97228935,29.00449784,29.0462808,29.09791515,29.15973483,29.23212759,29.31553465,29.41044496,29.51739322,29.63695558,29.76975135,29.91644167,30.07773067,30.25437,30.44716224,30.65696662,30.88468762,31.13113805
783,28.93431957,28.93886578,28.95253458,28.97541875,29.00767613,29.04952143,29.10123117,29.16313877,29.23563135,29.3191495,29.41418151,29.52126154,29.64096541,29.77391237,29.92076382,30.08222448,30.25904673,30.4520339,30.66204378,30.88995675,31.13650379
784,28.93739041,28.94194368,28.9556336,28.97855284,29.01085904,29.05276659,29.1045516,29.16654698,29.23913924,29.32276833,29.4179219,29.52513361,29.64497894,29.7780771,29.92508976,30.08672218,30.26372748,30.4569093,30.66712061,30.89521086,31.14184374
785,28.94046601,28.94502632,28.95873734,28.98169162,29.01404656,29.05601627,29.10787644,29.16995946,29.24265125,29.32639113,29.42166613,29.52900942,29.64899617,29.78224554,29.92941948,30.09122378,30.26841218,30.46178781,30.67219515,30.90045126,31.14716181
786,28.94354637,28.94811372,28.96184581,28.98483506,29.01723869,29.05927046,29.11120567,29.1733762,29.24616739,29.33001791,29.42541422,29.53288899,29.65301711,29.78641772,29.93375301,30.09572927,30.27310066,30.46666864,30.67726625,30.90567788,31.15246087
787,28.94663148,28.95120586,28.96495899,28.98798318,29.02043541,29.06252917,29.1145393,29.17679721,29.24968764,29.33364866,29.42916615,29.53677233,29.65704178,29.79059363,29.93809034,30.10023862,30.2777927,30.47155102,30.68233314,30.91089131,31.15774329
788,28.94972134,28.95430274,28.96807689,28.99113595,29.02363673,29.06579237,29.11787732,29.18022247,29.253212,29.33728339,29.43292195,29.54065944,29.66107018,29.79477329,29.94243146,30.10475175,30.282488,30.4764343,30.68739528,30.91609252,31.16301061
789,28.95281594,28.95740435,28.97119948,28.99429338,29.02684263,29.06906006,29.12121972,29.18365198,29.25674048,29.3409221,29.43668161,29.54455032,29.66510232,29.79895671,29.94677637,30.10926858,30.28718622,30.48131789,30.69245227,30.92128231,31.16826412
790,28.95591527,28.96051068,28.97432677,28.99745546,29.03005311,29.07233224,29.12456649,29.18708574,29.26027307,29.34456479,29.44044513,29.54844499,29.66913821,29.80314388,29.95112505,30.113789,30.29188706,30.48620125,30.69750382,30.92646136,31.17350503
791,28.95901932,28.96362173,28.97745875,29.00062218,29.03326816,29.07560889,29.12791762,29.19052374,29.26380977,29.34821145,29.44421252,29.55234345,29.67317786,29.8073348,29.95547746,30.11831287,30.29659017,30.49108394,30.70254985,30.93163018,31.1787342
792,28.9621281,28.96673749,28.98059541,29.00379353,29.03648777,29.07889002,29.13127312,29.19396598,29.26735057,29.3518621,29.44798378,29.55624571,29.67722127,29.81152948,29.95983357,30.12284003,30.30129525,30.49596559,30.70759032,30.93678929,31.18395242
793,28.96524159,28.96985795,28.98373675,29.00696951,29.03971194,29.08217562,29.13463298,29.19741245,29.27089548,29.35551673,29.45175892,29.56015177,29.68126845,29.81572791,29.96419331,30.12737032,30.30600197,30.50084588,30.71262527,30.94193917,31.18916035
794,28.96835979,28.97298311,28.98688275,29.0101501,29.04294065,29.08546567,29.13799718,29.20086314,29.27444449,29.35917534,29.45553795,29.56406165,29.68531939,29.81993006,29.9685566,30.13190356,30.31071006,30.50572462,30.71765477,30.9470802,31.1943585
795,28.9714827,28.97611297,28.99003342,29.01333531,29.04617391,29.08876017,29.14136573,29.20431807,29.2779976,29.36283794,29.45932085,29.56797533,29.6893741,29.82413593,29.97292339,30.13643957,30.31541926,30.51060156,30.72267887,30.95221282,31.19954746
796,28.97461029,28.97924751,28.99318874,29.01652512,29.04941171,29.09205912,29.14473862,29.20777721,29.28155481,29.36650451,29.46310764,29.57189283,29.69343257,29.82834544,29.97729354,30.14097819,30.32012942,30.51547672,30.72769769,30.95733725,31.20472746
797,28.97774258,28.98238672,28.99634871,29.01971954,29.05265403,29.09536251,29.14811584,29.21124057,29.28511612,29.37017508,29.46689833,29.57581415,29.69749479,29.8325586,29.981667,30.14551924,30.32484025,30.5203498,30.73271127,30.96245395,31.20989913
798,28.98087954,28.98553061,28.99951333,29.02291854,29.05590088,29.09867034,29.15149739,29.21470815,29.28868152,29.37384963,29.4706929,29.57973928,29.70156077,29.83677538,29.98604369,30.15006256,30.3295515,30.52522062,30.73771966,30.96756331,31.215063
799,28.98402118,28.98867916,29.00268257,29.02612213,29.05915224,29.10198259,29.15488327,29.21817994,29.29225102,29.37752816,29.47449137,29.58366823,29.70563047,29.84099569,29.99042347,30.154608,30.33426314,30.53008929,30.74272301,30.97266543,31.22021913
800,28.98716749,28.99183238,29.00585645,29.0293303,29.06240811,29.10529927,29.15827347,29.22165594,29.29582462,29.38121069,29.47829374,29.587601,29.70970388,29.84521951,29.99480626,30.1591554,30.33897493,30.53495564,30.7477214,30.97776067,31.22536799
801,28.99031846,28.99499024,29.00903495,29.03254304,29.06566848,29.10862036,29.16166798,29.22513614,29.2994023,29.3848972,29.4821,29.59153758,29.71378101,29.84944681,29.99919196,30.16370459,30.34368666,30.5398195,30.75271489,30.98284938,31.23051005
802,28.99347408,28.99815275,29.01221806,29.03576035,29.06893335,29.11194586,29.1650668,29.22862054,29.30298408,29.3885877,29.48591015,29.59547796,29.71786179,29.8536775,30.00358047,30.16825548,30.34839834,30.54468101,30.75770364,30.98793164,31.23564531
803,28.99663435,29.00131989,29.01540578,29.03898221,29.07220271,29.11527576,29.16846993,29.23210914,29.30656995,29.39228219,29.4897242,29.59942214,29.72194622,29.85791152,30.00797169,30.17280793,30.35310981,30.54954009,30.76268772,30.9930077,31.24077411
804,28.99979927,29.00449167,29.01859811,29.04220863,29.07547656,29.11861007,29.17187736,29.23560194,29.31015991,29.39598067,29.49354215,29.60337011,29.72603428,29.86214883,30.0123655,30.17736178,30.35782092,30.55439664,30.76766724,30.99807785,31.2458968
805,29.00296882,29.00766807,29.02179502,29.04543959,29.07875488,29.12194877,29.17528909,29.23909893,29.31375396,29.39968314,29.49736398,29.60732185,29.73012592,29.86638935,30.01676183,30.18191695,30.36253162,30.55925072,30.77264229,31.00314222,31.2510135
806,29.00614299,29.01084909,29.02499653,29.04867509,29.08203768,29.12529186,29.17870511,29.24260011,29.3173521,29.40338959,29.5011897,29.61127734,29.73422111,29.87063302,30.02116057,30.18647334,30.36724186,30.56410235,30.77761298,31.00820096,31.25612437
807,29.00932179,29.01403472,29.02820262,29.05191513,29.08532494,29.12863933,29.18212542,29.24610548,29.32095432,29.40710002,29.50501929,29.61523658,29.73831981,29.87487978,30.02556163,30.19103084,30.37195156,30.56895151,30.78257942,31.01325425,31.26122962
808,29.0125052,29.01722496,29.03141328,29.05515969,29.08861666,29.13199119,29.18555002,29.24961504,29.32456062,29.41081444,29.50885276,29.61919955,29.74242198,29.87912956,30.02996493,30.19558936,30.37666063,30.57379817,30.78754167,31.01830229,31.2663295
809,29.01569322,29.02041979,29.03462851,29.05840877,29.09191284,29.13534741,29.1889789,29.25312877,29.328171,29.41453283,29.51269008,29.62316622,29.74652761,29.88338231,30.03437039,30.20014879,30.381369,30.57864234,30.79249982,31.02334525,31.27142417
810,29.01888584,29.02361922,29.03784831,29.06166237,29.09521347,29.13870801,29.19241206,29.25664669,29.33178547,29.4182552,29.51653127,29.62713657,29.75063662,29.88763795,30.03877791,30.20470908,30.38607665,30.58348407,30.79745398,31.02838324,31.27651376
811,29.02208305,29.02682323,29.04107266,29.06492048,29.09851854,29.14207297,29.19584949,29.26016879,29.335404,29.42198153,29.52037629,29.63111058,29.75474899,29.89189641,30.04318741,30.20927014,30.39078355,30.58832338,30.80240425,31.03341637,31.28159838
812,29.02528486,29.03003182,29.04430156,29.06818309,29.10182805,29.14544229,29.19929119,29.26369506,29.33902662,29.42571184,29.52422515,29.63508823,29.75886466,29.89615762,30.04759881,30.21383192,30.39548968,30.59316032,30.8073507,31.03844478,31.28667816
813,29.02849124,29.03324498,29.047535,29.07145019,29.10514199,29.14881596,29.20273715,29.26722549,29.3426533,29.42944609,29.52807782,29.63906949,29.76298361,29.90042156,30.05201206,30.21839431,30.40019492,30.5979948,30.81229338,31.04346867,31.29175339
814,29.0317022,29.0364627,29.05077298,29.07472178,29.10846036,29.15219399,29.20618738,29.2707601,29.34628404,29.4331843,29.5319343,29.64305433,29.76710578,29.90468814,30.05642709,30.22295728,30.4048993,30.60282691,30.8172324,31.04848811,31.29682408
815,29.03491773,29.03968499,29.05401549,29.07799786,29.11178315,29.15557636,29.20964187,29.27429887,29.34991885,29.43692645,29.53579456,29.64704272,29.77123113,29.9089573,30.06084381,30.22752079,30.4096028,30.60765669,30.82216784,31.0535032,31.30189036
816,29.03813782,29.04291182,29.05726252,29.08127842,29.11511036,29.15896307,29.21310062,29.2778418,29.35355771,29.44067254,29.5396586,29.65103464,29.7753596,29.91322897,30.06526217,30.23208477,30.41430543,30.61248417,30.82709976,31.05851403,31.30695232
817,29.04136247,29.04614321,29.06051408,29.08456345,29.11844198,29.16235412,29.21656361,29.28138889,29.35720062,29.44442255,29.54352639,29.65503005,29.77949116,29.91750311,30.06968211,30.23664917,30.41900711,30.61730935,30.83202824,31.06352075,31.31201013
818,29.04459166,29.04937913,29.06377014,29.08785295,29.12177801,29.1657495,29.22003085,29.28494012,29.36084758,29.44817647,29.54739791,29.65902893,29.78362578,29.92177967,30.07410357,30.24121393,30.42370783,30.62213224,30.83695334,31.06852348,31.31706391
819,29.0478254,29.05261959,29.06703071,29.09114691,29.12511843,29.16914921,29.22350234,29.28849551,29.36449858,29.4519343,29.55127315,29.66303125,29.78776339,29.92605859,30.07852649,30.24577903,30.42840759,30.62695288,30.84187514,31.07352229,31.32211375
820,29.05106367,29.05586457,29.07029579,29.09444533,29.12846326,29.17255324,29.22697806,29.29205504,29.36815361,29.45569601,29.55515209,29.66703696,29.79190396,29.93033982,30.08295084,30.25034443,30.43310639,30.63177131,30.84679369,31.07851726,31.32715972
821,29.05430648,29.05911408,29.07356535,29.09774819,29.13181247,29.17596159,29.23045802,29.29561871,29.37181266,29.45946161,29.5590347,29.67104604,29.79604744,29.9346233,30.08737655,30.2549101,30.43780422,30.63658755,30.85170907,31.08350849,31.33220194
822,29.05755381,29.0623681,29.07683941,29.1010555,29.13516607,29.17937426,29.2339422,29.2991865,29.37547573,29.46323107,29.56292096,29.67505848,29.80019381,29.93890899,30.09180358,30.25947596,30.44250104,30.64140161,30.85662135,31.0884961,31.33724052
823,29.06080566,29.06562663,29.08011795,29.10436725,29.13852405,29.18279123,29.23743061,29.30275843,29.3791428,29.46700439,29.56681086,29.67907421,29.80434301,29.94319684,30.09623187,30.26404202,30.44719685,30.64621353,30.86153057,31.09348016,31.34227554
824,29.06406202,29.06888967,29.08340096,29.10768344,29.14188641,29.1862125,29.24092324,29.30633447,29.38281387,29.47078154,29.57070437,29.68309323,29.80849499,29.94748681,30.10066139,30.26860824,30.45189167,30.65102334,30.86643681,31.09846075,31.34730709
825,29.06732289,29.0721572,29.08668845,29.11100405,29.14525314,29.18963808,29.24442009,29.30991463,29.38648894,29.47456251,29.57460146,29.68711548,29.81264973,29.95177884,30.1050921,30.27317459,30.45658548,30.65583107,30.87134012,31.10343794,31.35233523
826,29.07058825,29.07542922,29.0899804,29.11432909,29.14862423,29.19306795,29.24792114,29.3134989,29.39016798,29.47834729,29.57850212,29.69114095,29.81680717,29.9560729,30.10952396,30.27774104,30.46127828,30.66063674,30.87624056,31.10841181,31.35736007
827,29.07385811,29.07870573,29.09327681,29.11765854,29.15199969,29.19650211,29.2514264,29.31708726,29.39385098,29.48213586,29.58240632,29.6951696,29.82096729,29.96036894,30.11395691,30.28230756,30.46597006,30.66544038,30.88113818,31.11338245,31.36238167
828,29.07713246,29.08198672,29.09657768,29.12099241,29.1553795,29.19994056,29.25493586,29.32067972,29.39753795,29.48592821,29.58631403,29.6992014,29.82513005,29.96466693,30.11839093,30.28687414,30.47066083,30.67024203,30.88603305,31.11834992,31.36740011
829,29.0804113,29.08527218,29.09988299,29.12433068,29.15876366,29.20338328,29.2584495,29.32427626,29.40122886,29.48972431,29.59022524,29.70323632,29.8292954,29.96896681,30.12282599,30.29144076,30.4753506,30.67504171,30.89092522,31.12331428,31.37241545
830,29.08369461,29.08856211,29.10319275,29.12767336,29.16215217,29.20683028,29.26196734,29.32787688,29.40492371,29.49352416,29.59413991,29.70727432,29.8334633,29.97326856,30.12726205,30.2960074,30.48003936,30.67983945,30.89581473,31.12827561,31.37742777
831,29.08698239,29.09185651,29.10650694,29.13102043,29.16554501,29.21028155,29.26548935,29.33148157,29.40862248,29.49732773,29.59805805,29.71131538,29.83763373,29.97757212,30.13169907,30.300574,30.4847271,30.68463527,30.90070165,31.133234,31.38243718
832,29.09027463,29.09515536,29.10982557,29.13437189,29.16894219,29.21373708,29.26901554,29.33509031,29.41232516,29.50113501,29.6019796,29.71535947,29.84180665,29.98187746,30.13613701,30.30514059,30.48941384,30.68942921,30.90558601,31.1381895,31.38744369
833,29.09357134,29.09845866,29.11314863,29.13772774,29.1723437,29.21719686,29.27254589,29.33870311,29.41603173,29.50494598,29.60590455,29.71940656,29.84598201,29.98618456,30.14057586,30.30970714,30.49409958,30.69422129,30.91046788,31.14314214,31.39244738
834,29.0968725,29.10176641,29.1164761,29.14108797,29.17574954,29.22066089,29.2760804,29.34231994,29.41974219,29.50876062,29.60983287,29.7234566,29.85015979,29.99049337,30.14501559,30.31427364,30.49878434,30.69901155,30.91534729,31.14809201,31.3974483
835,29.10017811,29.1050786,29.11980799,29.14445257,29.17915969,29.22412918,29.27961906,29.34594081,29.42345652,29.5125789,29.61376453,29.72750957,29.85433994,29.99480387,30.14945618,30.31884009,30.50346814,30.70380002,30.9202243,31.15303913,31.4024465
836,29.10348816,29.10839522,29.12314429,29.14782155,29.18257415,29.2276017,29.28316186,29.34956569,29.42717471,29.51640081,29.61769952,29.73156544,29.85852244,29.99911602,30.1538976,30.32340647,30.50815097,30.70858673,30.92509894,31.15798357,31.40744202
837,29.10680265,29.11171628,29.126485,29.15119489,29.18599293,29.23107845,29.2867088,29.35319459,29.43089673,29.52022633,29.62163779,29.73562418,29.86270725,30.00342979,30.15833984,30.32797279,30.51283286,30.71337171,30.92997125,31.16292537,31.41243492
838,29.11012157,29.11504175,29.1298301,29.15457259,29.189416,29.23455943,29.29025988,29.35682748,29.43462257,29.52405544,29.62557932,29.73968575,29.86689435,30.00774515,30.16278287,30.33253904,30.51751381,30.71815499,30.93484129,31.16786457,31.41742524
839,29.11344492,29.11837165,29.1331796,29.15795464,29.19284338,29.23804463,29.29381507,29.36046436,29.43835223,29.52788812,29.62952411,29.74375013,29.87108369,30.01206207,30.16722666,30.3371052,30.52219383,30.72293659,30.93970909,31.17280126,31.42241306
840,29.11677269,29.12170596,29.13653349,29.16134104,29.19627504,29.24153405,29.29737437,29.36410522,29.44208568,29.53172435,29.63347211,29.74781729,29.87527525,30.01638053,30.1716712,30.34167125,30.52687291,30.72771652,30.9445747,31.17773571,31.42740245
841,29.12010487,29.12504467,29.13989176,29.16473178,29.19971099,29.24502767,29.30093777,29.36775004,29.44582292,29.53556411,29.63742331,29.75188721,29.879469,30.02070049,30.17611645,30.34623718,30.53155106,30.73249482,30.94943822,31.18266847,31.4323994
842,29.12344147,29.12838779,29.14325441,29.16812686,29.20315121,29.24852548,29.30450527,29.37139882,29.44956392,29.53940739,29.64137769,29.75595986,29.88366491,30.02502193,30.18056241,30.350803,30.53622829,30.73727152,30.9542998,31.18760081,31.43740665
843,29.12678247,29.1317353,29.14662143,29.17152627,29.2065957,29.25202749,29.30807684,29.37505154,29.45330867,29.54325415,29.64533521,29.7600352,29.88786296,30.02934483,30.18500906,30.35536869,30.54090461,30.74204668,30.95915972,31.19253403,31.44242374
844,29.13012787,29.13508721,29.14999282,29.17493,29.21004446,29.25553368,29.3116525,29.37870818,29.45705716,29.54710439,29.64929586,29.76411322,29.89206311,30.03366915,30.18945638,30.35993425,30.54558006,30.74682039,30.96401844,31.19746954,31.44744495
845,29.13347766,29.1384435,29.15336857,29.17833805,29.21349748,29.25904404,29.31523221,29.38236875,29.46080936,29.55095809,29.65325961,29.76819388,29.89626534,30.03799488,30.19390435,30.36449969,30.55025464,30.75159277,30.96887646,31.2024075,31.45247036
846,29.13683184,29.14180417,29.15674867,29.18175041,29.21695474,29.26255857,29.31881598,29.38603321,29.46456526,29.55481521,29.65722643,29.77227715,29.90046962,30.042322,30.19835296,30.369065,30.55492841,30.75636401,30.97373421,31.20734787,31.4574984
847,29.1401904,29.14516921,29.16013312,29.18516708,29.22041625,29.26607726,29.3224038,29.38970157,29.46832485,29.55867574,29.6611963,29.77636302,29.90467593,30.04665048,30.2028022,30.37363019,30.55960141,30.76113431,30.97859211,31.21229,31.46252853
848,29.14355334,29.14853863,29.16352192,29.18858805,29.223882,29.2696001,29.32599565,29.3933738,29.47208811,29.56253967,29.6651692,29.78045145,29.90888423,30.0509803,30.20725206,30.37819527,30.56427373,30.76590386,30.98345021,31.21723356,31.46756077
849,29.14692065,29.1519124,29.16691505,29.19201332,29.22735198,29.27312708,29.32959152,29.3970499,29.47585502,29.56640696,29.6691451,29.78454243,29.91309451,30.05531143,30.21170252,30.38276026,30.56894543,30.77067288,30.98830873,31.2221783,31.4725947
850,29.15029232,29.15529053,29.17031251,29.19544287,29.23082618,29.27665819,29.33319141,29.40072985,29.47962556,29.5702776,29.67312398,29.78863592,29.91730675,30.05964388,30.21615359,30.38732517,30.57361661,30.77544148,30.99316755,31.22712426,31.47763044
851,29.15366836,29.15867302,29.1737143,29.1988767,29.23430459,29.28019343,29.33679529,29.40441363,29.48339972,29.57415157,29.67710582,29.79273189,29.92152091,30.0639776,30.22060525,30.39189005,30.5782874,30.78020985,30.99802672,31.23207133,31.48266775
852,29.15704875,29.16205984,29.17712041,29.2023148,29.23778722,29.28373279,29.34040317,29.40810124,29.48717749,29.57802885,29.68109059,29.79683034,29.92573698,30.06831259,30.22505751,30.39645492,30.58295782,30.78497798,31.00288622,31.23701959,31.48770659
853,29.16043347,29.165451,29.18053081,29.20575716,29.24127402,29.28727622,29.34401499,29.41179262,29.49095878,29.58190937,29.68507821,29.80093116,29.92995488,30.07264881,30.2295104,30.40101994,30.58762818,30.78974616,31.00774619,31.24196879,31.49274647
854,29.16382253,29.16884648,29.18394551,29.20920377,29.24476501,29.29082375,29.34763078,29.41548779,29.49474364,29.58579314,29.68906872,29.8050344,29.93417464,30.07698628,30.2339639,30.40558505,30.59229838,30.79451431,31.01260659,31.24691902,31.49778757
855,29.16721593,29.17224629,29.18736453,29.21265464,29.24826019,29.29437537,29.35125053,29.41918675,29.49853206,29.58968019,29.69306211,29.80914007,29.93839627,30.08132499,30.23841802,30.41015024,30.59696837,30.79928236,31.01746739,31.25187029,31.50282995
856,29.17061367,29.17565044,29.19078785,29.21610977,29.25175956,29.29793109,29.35487426,29.42288951,29.50232406,29.5935705,29.6970584,29.81324815,29.94261976,30.08566496,30.24287276,30.41471551,30.60163816,30.80405034,31.0223286,31.25682261,31.50787359
857,29.17401571,29.17905888,29.19421542,29.21956911,29.25526306,29.30149084,29.35850186,29.42659595,29.50611948,29.59746393,29.70105741,29.8173585,29.946845,30.09000611,30.2473282,30.41928114,30.6063082,30.80881866,31.02719037,31.26177557,31.51291788
858,29.17742208,29.18247163,29.19764729,29.22303268,29.25877073,29.30505465,29.36213339,29.43030615,29.50991843,29.60136058,29.70505925,29.8214712,29.95107205,30.09434849,30.25178429,30.42384697,30.61097821,30.81358706,31.03205261,31.26672941,31.51796317
859,29.18083277,29.18588869,29.20108344,29.2265005,29.26228257,29.30862253,29.36576885,29.4340201,29.51372088,29.60526043,29.70906391,29.82558626,29.95530092,30.0986921,30.25624103,30.42841299,30.61564821,30.81835555,31.03691531,31.27168414,31.52300948
860,29.18424777,29.18931006,29.20452386,29.22997254,29.26579856,29.31219446,29.36940823,29.43773777,29.51752683,29.60916346,29.71307137,29.82970366,29.95953158,30.10303693,30.26069845,30.43297925,30.62031826,30.82312419,31.0417785,31.27663969,31.52805673
861,29.18766706,29.19273571,29.20796854,29.23344877,29.26931867,29.31577039,29.37305146,29.44145911,29.52133618,29.61306957,29.71708152,29.83382328,29.96376396,30.10738296,30.26515661,30.43754594,30.6249886,30.82789317,31.04664219,31.28159588,31.53310462
862,29.19109064,29.19616563,29.21141746,29.23692921,29.27284289,29.31935034,29.37669856,29.44518412,29.52514895,29.6169788,29.72109439,29.83794517,29.96799809,30.11173021,30.26961549,30.442113,30.62965916,30.83266245,31.05150639,31.28655276,31.53815325
863,29.1945185,29.19959984,29.21487063,29.24041384,29.27637124,29.32293429,29.38034952,29.44891279,29.52896514,29.62089112,29.72510997,29.8420693,29.97223396,30.11607866,30.27407512,30.44668046,30.63432998,30.83743206,31.0563711,31.2915103,31.54320256
864,29.19795065,29.20303831,29.21832804,29.24390265,29.27990369,29.32652224,29.38400433,29.45264512,29.53278473,29.62480652,29.72912824,29.84619568,29.97647156,30.12042834,30.2785355,30.45124833,30.63900105,30.84220196,31.0612363,31.29646852,31.54825261
865,29.20138706,29.20648104,29.22178968,29.24739564,29.28344023,29.33011418,29.38766297,29.45638108,29.5366077,29.62872499,29.73314919,29.85032429,29.9807109,30.12477926,30.28299665,30.45581662,30.64367237,30.84697215,31.06610197,31.30142745,31.55330343
866,29.20482775,29.20992803,29.22525554,29.2508928,29.28698087,29.33371009,29.39132543,29.46012067,29.54043404,29.6326465,29.7371728,29.8544551,29.98495196,30.1291314,30.28745859,30.46038539,30.64834404,30.85174271,31.07096815,31.30638698,31.55835487
867,29.20827269,29.21337927,29.22872562,29.25439412,29.29052558,29.33730996,29.39499171,29.46386386,29.54426372,29.63657104,29.74119904,29.8585881,29.98919472,30.13348475,30.29192133,30.46495467,30.65301608,30.85651367,31.07583483,31.31134711,31.5634069
868,29.21172189,29.21683476,29.23219992,29.2578996,29.29407437,29.34091379,29.39866178,29.46761064,29.54809673,29.64049858,29.7452279,29.86272327,29.99343917,30.13783933,30.29638489,30.46952449,30.65768855,30.86128507,31.08070202,31.31630778,31.56845949
869,29.21517533,29.22029448,29.23567841,29.26140923,29.29762721,29.34452156,29.40233563,29.471361,29.55193306,29.64442911,29.74925936,29.86686059,29.9976853,30.14219512,30.30084928,30.47409488,30.66236147,30.86605694,31.08556973,31.32126899,31.57351257
870,29.21863302,29.22375843,29.23916111,29.264923,29.30118412,29.34813327,29.40601326,29.47511493,29.55577269,29.64836261,29.75329339,29.87100005,30.00193309,30.14655214,30.30531451,30.47866587,30.6670349,30.87082931,31.09043795,31.32623069,31.57856613
871,29.22209493,29.2272266,29.24264799,29.26844088,29.30474505,29.35174889,29.40969464,29.4788724,29.55961559,29.65229907,29.75733001,29.87514167,30.0061826,30.15091041,30.30978062,30.48323743,30.67170872,30.87560205,31.09530665,31.33119302,31.58362034
872,29.22556107,29.23069897,29.24613903,29.27196288,29.30831001,29.35536841,29.41337976,29.48263339,29.56346176,29.65623847,29.76136919,29.87928543,30.0104338,30.15526995,30.3142476,30.48780959,30.67638299,30.88037522,31.10017584,31.33615592,31.58867514
873,29.22903141,29.23417555,29.24963425,29.27548899,29.31187899,29.35899183,29.41706861,29.4863979,29.56731117,29.66018078,29.76541091,29.8834313,30.01468666,30.15963074,30.31871548,30.49238239,30.68105777,30.88514887,31.10504554,31.34111934,31.59373044
874,29.23250597,29.23765633,29.25313364,29.27901921,29.31545198,29.36261913,29.42076117,29.49016591,29.57116382,29.664126,29.76945514,29.88757926,30.0189412,30.16399278,30.32318427,30.49695587,30.68573311,30.88992303,31.10991574,31.34608326,31.59878622
875,29.23598473,29.24114129,29.25663717,29.28255351,29.31902897,29.3662503,29.42445744,29.49393741,29.57501967,29.66807411,29.77350189,29.89172932,30.02319738,30.16835607,30.32765399,30.50153005,30.69040903,30.89469772,31.11478644,31.35104765,31.60384244
876,29.23946768,29.24463044,29.26014485,29.2860919,29.32260995,29.36988533,29.42815739,29.49771237,29.57887872,29.67202508,29.77755111,29.89588144,30.02745522,30.17272062,30.33212465,30.50610496,30.69508555,30.89947296,31.11965764,31.35601251,31.6088991
877,29.24295482,29.24812377,29.26365668,29.28963436,29.32619491,29.37352421,29.43186103,29.50149079,29.58274096,29.6759789,29.78160281,29.90003562,30.03171469,30.17708644,30.33659627,30.51068062,30.6997627,30.90424875,31.12452935,31.36097782,31.61395616
878,29.24644613,29.25162125,29.26717261,29.29318087,29.32978383,29.37716692,29.43556831,29.50527265,29.58660636,29.67993558,29.78565701,29.90419192,30.03597588,30.18145356,30.34106883,30.51525692,30.70444031,30.90902498,31.12940157,31.36594374,31.61901385
879,29.24994161,29.25512288,29.27069267,29.29673144,29.3333767,29.38081345,29.43927925,29.50905793,29.59047492,29.68389509,29.78971368,29.90835028,30.04023872,30.18582197,30.34554236,30.51983397,30.70911853,30.91380173,31.13427429,31.37091016,31.62407202
880,29.25344124,29.25862866,29.27421683,29.30028604,29.33697352,29.38446379,29.44299381,29.51284662,29.59434661,29.68785741,29.79377278,29.91251068,30.04450322,30.19019167,30.35001688,30.52441177,30.71379736,30.91857902,31.13914752,31.37587706,31.62913066
881,29.25694502,29.26213858,29.27774509,29.30384468,29.34057426,29.38811793,29.446712,29.51663871,29.59822143,29.69182252,29.79783432,29.91667314,30.04876938,30.19456267,30.3544924,30.52899036,30.71847683,30.92335687,31.14402125,31.38084444,31.63418974
882,29.26045295,29.26565263,29.28127745,29.30740735,29.34417893,29.39177585,29.45043379,29.52043418,29.60209934,29.69579042,29.80189827,29.92083762,30.05303718,30.19893497,30.35896894,30.53356975,30.72315696,30.92813528,31.1488955,31.3858123,31.63924926
883,29.26396502,29.2691708,29.28481388,29.31097402,29.34778752,29.39543754,29.45415918,29.52423301,29.60598034,29.69976108,29.80596463,29.92500412,30.05730664,30.20330858,30.3634465,30.53814996,30.72783776,30.93291426,31.15377025,31.39078062,31.64430922
884,29.2674812,29.27269309,29.28835439,29.3145447,29.3514,29.399103,29.45788814,29.52803519,29.60986442,29.70373449,29.81003338,29.92917265,30.06157774,30.2076835,30.3679251,30.54273099,30.73251923,30.93769381,31.15864551,31.39574942,31.64936963
885,29.2710015,29.27621946,29.29189896,29.31811936,29.35501637,29.4027722,29.46162066,29.53184071,29.61375158,29.70771067,29.81410456,29.93334323,30.06585053,30.21205974,30.3724047,30.54731276,30.73720129,30.9424739,31.16352131,31.40071876,31.65443056
886,29.2745259,29.27974994,29.29544757,29.32169801,29.35863661,29.40644513,29.46535674,29.53564956,29.61764178,29.71168959,29.81817813,29.93751583,30.07012497,30.21643731,30.37688534,30.55189536,30.74188402,30.94725456,31.16839763,31.4056886,31.65949196
887,29.2780544,29.28328449,29.29900022,29.32528062,29.36226071,29.41012178,29.46909636,29.53946171,29.62153503,29.71567123,29.82225407,29.94169045,30.07440107,30.22081622,30.38136703,30.5564788,30.74656743,30.9520358,31.17327447,31.41065892,31.66455381
888,29.28158699,29.28682312,29.30255691,29.32886719,29.36588867,29.41380215,29.4728395,29.54327717,29.62543129,29.71965558,29.82633237,29.94586707,30.07867883,30.22519645,30.38584979,30.56106308,30.75125153,30.95681763,31.17815184,31.41562973,31.66961612
889,29.28512366,29.29036582,29.30611762,29.33245771,29.36952047,29.41748621,29.47658615,29.5470959,29.62933056,29.72364261,29.83041302,29.95004569,30.08295825,30.22957803,30.39033362,30.56564822,30.75593633,30.96160005,31.18302973,31.42060102,31.67467888
890,29.2886644,29.29391257,29.30968235,29.33605217,29.3731561,29.42117395,29.4803363,29.55091789,29.63323282,29.72763233,29.83449601,29.95422631,30.08723932,30.23396096,30.39481854,30.57023424,30.76062184,30.96638307,31.18790815,31.4255728,31.6797421
891,29.2922092,29.29746336,29.31325107,29.33965056,29.37679555,29.42486537,29.48408993,29.55474315,29.63713807,29.73162474,29.83858137,29.95840893,30.09152205,30.23834523,30.39930452,30.5748211,30.76530805,30.97116669,31.19278712,31.43054508,31.68480578
892,29.29575803,29.30101818,29.31682378,29.34325285,29.3804388,29.42856045,29.48784705,29.55857167,29.64104632,29.73561984,29.84266908,29.96259356,30.09580645,30.24273083,30.40379154,30.57940879,30.76999494,30.97595091,31.19766664,31.43551789,31.68986996
893,29.29931091,29.30457703,29.32040046,29.34685905,29.38408584,29.43225917,29.49160762,29.56240341,29.64495753,29.7396176,29.84675913,29.96678019,30.1000925,30.24711778,30.40827966,30.58399736,30.77468255,30.98073574,31.2025467,31.44049119,31.6949346
894,29.30286782,29.30813989,29.32398112,29.35046914,29.38773667,29.43596153,29.49537164,29.56623838,29.64887168,29.743618,29.85085149,29.9709688,30.10438021,30.2515061,30.41276888,30.58858681,30.77937089,30.98552119,31.20742731,31.445465,31.6999997
895,29.30642874,29.31170675,29.32756574,29.35408312,29.39139127,29.43966751,29.49913909,29.57007654,29.65278878,29.74762104,29.85494617,29.9751594,30.10866959,30.25589577,30.4172592,30.59317716,30.78405997,30.99030727,31.21230847,31.4504393,31.70506526
896,29.30999368,29.31527762,29.3311543,29.35770097,29.39504962,29.4433771,29.50290996,29.5739179,29.65670879,29.7516267,29.85904314,29.97935196,30.11296062,30.26028682,30.42175063,30.59776842,30.78874979,30.99509397,31.21719019,31.4554141,31.71013129
897,29.31356262,29.31885247,29.33474681,29.36132268,29.39871173,29.44709028,29.50668424,29.57776243,29.66063172,29.75563498,29.86314241,29.9835465,30.11725331,30.26467923,30.42624319,30.60236059,30.79344036,30.99988131,31.22207246,31.46038941,31.71519778
898,29.31713555,29.32243129,29.33834325,29.36494824,29.40237757,29.45080706,29.51046191,29.58161012,29.66455753,29.75964585,29.86724397,29.987743,30.12154766,30.26907302,30.43073687,30.60695368,30.7981317,31.0046693,31.22695529,31.46536521,31.72026473
899,29.32071247,29.32601409,29.34194362,29.36857765,29.40604714,29.4545274,29.51424297,29.58546097,29.66848623,29.7636593,29.8713478,29.99194147,30.12584366,30.27346819,30.43523169,30.61154771,30.8028238,31.00945793,31.23183868,31.47034152,31.72533214
900,29.32429336,29.32960084,29.34554789,29.37221088,29.40972043,29.45825131,29.51802739,29.58931495,29.67241781,29.76767534,29.8754539,29.99614189,30.13014133,30.27786475,30.43972765,30.61614267,30.80751668,31.01424722,31.23672263,31.47531844,31.73040596
901,29.32787821,29.33319154,29.34915605,29.37584793,29.41339741,29.46197876,29.52181517,29.59317206,29.67635226,29.77169397,29.87956229,30.00034429,30.13444065,30.28226267,30.44422473,30.62073854,30.81221032,31.01903716,31.24160722,31.48029787,31.73553356
902,29.331467,29.33678616,29.3527681,29.37948877,29.41707808,29.46570975,29.52560629,29.5970323,29.68028958,29.77571518,29.88367295,30.00454865,30.13874164,30.28666197,30.44872293,30.62533533,30.81690472,31.02382777,31.24649286,31.48528655,31.74072106
903,29.33505973,29.3403847,29.35638402,29.38313341,29.42076242,29.46944426,29.52940075,29.60089565,29.68422974,29.77973896,29.88778588,30.00875497,30.14304428,30.29106265,30.45322227,30.62993307,30.82159992,31.02861916,31.25138084,31.49029198,31.74594423
904,29.33865638,29.34398716,29.3600038,29.38678184,29.42445043,29.47318228,29.53319854,29.6047621,29.68817275,29.78376529,29.89190106,30.01296324,30.14734858,30.29546472,30.45772276,30.63453175,30.82629593,31.0334116,31.25627323,31.4953164,31.75119416
905,29.34225695,29.34759351,29.36362743,29.39043403,29.42814209,29.47692381,29.53699963,29.60863163,29.69211859,29.78779417,29.8960185,30.01717345,30.15165454,30.29986817,30.46222439,30.63913139,30.83099282,31.03820562,31.26117205,31.5003584,31.75646765
906,29.34586143,29.35120376,29.36725491,29.39408997,29.4318374,29.48066882,29.54080403,29.61250424,29.69606724,29.7918256,29.90013818,30.02138562,30.15596215,30.30427301,30.46672718,30.643732,30.83569072,31.04300192,31.26607854,31.50541681,31.76176255
907,29.3494698,29.35481788,29.37088621,29.39774967,29.43553633,29.48441731,29.54461171,29.61637991,29.70001871,29.79585955,29.9042601,30.02559973,30.16027142,30.30867924,30.47123113,30.64833364,30.84038988,31.0478012,31.27099317,31.51049121,31.76707693
908,29.35308205,29.35843586,29.37452133,29.4014131,29.43923888,29.48816926,29.54842267,29.62025863,29.70397298,29.79989603,29.90838426,30.02981578,30.16458235,30.31308686,30.47573625,30.65293634,30.84509051,31.05260412,31.27591667,31.51558085,31.77240903
909,29.35669817,29.36205771,29.37816026,29.40508025,29.44294503,29.49192466,29.55223689,29.6241404,29.70793004,29.80393503,29.91251064,30.03403377,30.16889493,30.31749588,30.48024257,30.65754021,30.84979293,31.05741122,31.28084919,31.52068522,31.7777577
910,29.36031816,29.3656834,29.38180298,29.40875112,29.44665478,29.49568351,29.55605436,29.6280252,29.71188988,29.80797653,29.91663925,30.03825369,30.17320917,30.3219063,30.48475011,30.66214536,30.85449744,31.06222297,31.28579097,31.52580368,31.78312187
911,29.36394199,29.36931292,29.38544948,29.41242568,29.45036811,29.49944578,29.55987508,29.63191302,29.7158525,29.81202054,29.92077008,30.04247554,30.17752506,30.32631814,30.48925891,30.6667519,30.85920436,31.06703979,31.2907421,31.53093568,31.78850066
912,29.36756967,29.37294626,29.38909976,29.41610393,29.45408501,29.50321147,29.56369902,29.63580385,29.71981787,29.81606704,29.92490312,30.04669933,30.18184262,30.33073141,30.49376902,30.67136001,30.86391399,31.07186191,31.29570255,31.53608073,31.7938935
913,29.37120117,29.37658341,29.3927538,29.41978586,29.45780547,29.50698057,29.56752618,29.63969768,29.72378601,29.82011603,29.92903836,30.05092504,30.18616184,30.33514612,30.4982805,30.67596983,30.86862658,31.07668963,31.30067233,31.54123839,31.79929973
914,29.37483648,29.38022437,29.39641159,29.42347146,29.46152948,29.51075306,29.57135656,29.6435945,29.72775688,29.8241675,29.93317581,30.05515268,30.19048272,30.33956231,30.50279345,30.68058154,30.87334238,31.08152308,31.30565133,31.54640831,31.80471891
915,29.37847561,29.38386911,29.40007311,29.42716071,29.46525702,29.51452894,29.57519013,29.6474943,29.7317305,29.82822145,29.93731546,30.05938224,30.19480528,30.34397998,30.5073079,30.68519529,30.87806167,31.08636261,31.31063961,31.55158997,31.81015027
916,29.38211852,29.38751763,29.40373837,29.43085361,29.46898809,29.51830819,29.57902688,29.65139707,29.73570684,29.83227786,29.94145731,30.06361373,30.19912953,30.34839919,30.51182396,30.68981123,30.88278461,31.09120827,31.31563703,31.55678312,31.81559354
917,29.38576522,29.39116992,29.40740734,29.43455013,29.47272267,29.5220908,29.58286681,29.6553028,29.7396859,29.83633673,29.94560134,30.06784715,30.20345547,30.35281997,30.51634172,30.69442954,30.8875114,31.09606016,31.32064348,31.56198746,31.82104832
918,29.38941569,29.39482596,29.41108001,29.43825028,29.47646075,29.52587675,29.58670991,29.65921148,29.74366767,29.84039805,29.94974756,30.07208249,30.20778311,30.35724234,30.52086126,30.69905037,30.89224229,31.10091853,31.32565896,31.56720257,31.82651402
919,29.39306992,29.39848574,29.41475638,29.44195403,29.48020233,29.52966605,29.59055616,29.6631231,29.74765214,29.84446181,29.95389597,30.07631977,30.21211249,30.36166638,30.5253827,30.70367385,30.89697733,31.10578325,31.33068327,31.57242833,31.8319906
920,29.3967279,29.40214925,29.41843642,29.44566138,29.48394738,29.53345867,29.59440555,29.66703765,29.75163931,29.84852802,29.95804655,30.08055898,30.21644362,30.36609213,30.52990612,30.70830014,30.90171671,31.11065448,31.33571635,31.57766443,31.83747762
921,29.40038962,29.40581649,29.42212014,29.44937232,29.48769589,29.53725461,29.59825807,29.67095513,29.75562916,29.85259666,29.96219931,30.08480013,30.2207765,30.37051963,30.53443161,30.71292939,30.90646061,31.11553231,31.34075811,31.58291055,31.8429747
922,29.40405506,29.40948743,29.42580752,29.45308683,29.49144787,29.54105385,29.60211372,29.67487551,29.75962169,29.85666774,29.96635426,30.08904323,30.2251112,30.37494896,30.5389593,30.71756168,30.91120902,31.12041663,31.34580842,31.58816663,31.84848181
923,29.40772422,29.41316208,29.42949854,29.4568049,29.49520329,29.54485639,29.60597248,29.6787988,29.7636169,29.86074123,29.97051137,30.09328829,30.22944771,30.37938017,30.54348927,30.72219717,30.91596213,31.12530755,31.35086719,31.59343235,31.85399857
924,29.41139708,29.41684041,29.4331932,29.46052652,29.49896214,29.54866221,29.60983434,29.68272498,29.76761476,29.86481715,29.97467067,30.09753533,30.23378609,30.38381332,30.5480216,30.72683595,30.92071999,31.13020506,31.35593432,31.59870755,31.85952478
925,29.41507363,29.42052241,29.43689148,29.46425169,29.50272442,29.5524713,29.6136993,29.68665405,29.77161529,29.86889549,29.97883216,30.10178436,30.23812637,30.38824849,30.55255639,30.73147808,30.9254826,31.1351091,31.36100973,31.60399214,31.86506038
926,29.41875386,29.42420808,29.44059338,29.46798038,29.5064901,29.55628365,29.61756733,29.69058599,29.77561846,29.87297623,29.98299583,30.10603539,30.24246857,30.39268572,30.55709373,30.73612371,30.93025014,31.14001975,31.3660933,31.60928583,31.87060501
927,29.42243776,29.4278974,29.44429888,29.47171259,29.51025919,29.56009926,29.62143844,29.6945208,29.77962427,29.87705939,29.98716168,30.11028842,30.24681273,30.39712507,30.56163372,30.74077297,30.9350227,31.14493703,31.37118494,31.61458841,31.87615842
928,29.42612532,29.43159036,29.44800796,29.47544831,29.51403166,29.5639181,29.62531261,29.69845847,29.78363272,29.88114495,29.99132973,30.11454349,30.25115887,30.4015666,30.56617644,30.74542595,30.93980035,31.14986094,31.37628455,31.61989972,31.88172044
929,29.42981653,29.43528695,29.45172063,29.47918752,29.51780752,29.56774018,29.62918984,29.70239899,29.78764381,29.88523292,29.99549998,30.11880062,30.25550708,30.40601039,30.57072193,30.7500826,30.94458296,31.15479134,31.38139208,31.6252198,31.88729114
930,29.43351137,29.43898715,29.45543687,29.48293021,29.52158674,29.57156548,29.6330701,29.70634235,29.79165751,29.8893233,29.99967244,30.12305983,30.25985735,30.4104565,30.57527031,30.75474309,30.94937072,31.15972832,31.38650741,31.63054834,31.89287017
931,29.43720983,29.44269097,29.45915666,29.48667638,29.52536932,29.57539398,29.63695341,29.71028855,29.79567384,29.89341607,30.0038471,30.12732112,30.26420974,30.41490498,30.57982166,30.75940753,30.95416369,31.16467187,31.39163046,31.63588519,31.89845734
932,29.4409119,29.44639838,29.46287999,29.49042601,29.52915524,29.57922568,29.64083973,29.71423757,29.79969278,29.89751125,30.00802398,30.13158452,30.26856427,30.41935589,30.58437607,30.764076,30.95896193,31.16962199,31.39676112,31.64123017,31.90405245
933,29.44461758,29.45010937,29.46660686,29.49417909,29.5329445,29.58306058,29.64472907,29.71818941,29.80371433,29.90160884,30.01220311,30.13585008,30.27292103,30.42380929,30.58893352,30.7687484,30.9637653,31.17457855,31.40189937,31.64658338,31.90965566
934,29.44832685,29.45382394,29.47033725,29.49793561,29.53673708,29.58689865,29.64862142,29.72214407,29.80773849,29.90570884,30.01638448,30.14011781,30.27728002,30.42826525,30.59349414,30.7734249,30.96857393,31.17954159,31.40704509,31.65194456,31.91526666
935,29.45203969,29.45754207,29.47407116,29.50169556,29.54053298,29.59073989,29.65251676,29.72610153,29.81176526,29.90981124,30.02056811,30.14438772,30.2816413,30.43272382,30.59805799,30.77810557,30.97338786,31.18451109,31.4121982,31.65731357,31.92088528
936,29.4557561,29.46126374,29.47780856,29.50545892,29.54433217,29.59458429,29.65641509,29.73006179,29.81579461,29.91391605,30.02475399,30.14865984,30.28600489,30.43718506,30.60262517,30.78279047,30.97820713,31.18948704,31.41735862,31.66269027,31.92651139
937,29.45947607,29.46498896,29.48154945,29.50922569,29.54813467,29.59843183,29.66031641,29.73402484,29.81982658,29.91802329,30.02894217,30.15293422,30.29037086,30.44164902,30.60719566,30.78747958,30.98303169,31.19446937,31.4225263,31.66807467,31.932145
938,29.46319958,29.4687177,29.48529382,29.51299586,29.55194044,29.60228252,29.66422069,29.73799068,29.82386114,29.92213295,30.03313265,30.15721087,30.29473925,30.44611574,30.61176955,30.79217296,30.98786156,31.19945806,31.42770117,31.67346662,31.93778597
939,29.46692662,29.47244996,29.48904166,29.51676941,29.55574949,29.60613634,29.66812794,29.7419593,29.82789829,29.92624504,30.03732544,30.16148983,30.29911008,30.45058529,30.61634688,30.79687064,30.99269675,31.20445308,31.43288314,31.67886604,31.94343419
940,29.47065719,29.47618573,29.49279295,29.52054634,29.55956179,29.60999328,29.67203815,29.7459307,29.83193804,29.93035956,30.04152056,30.16577112,30.30348342,30.45505771,30.62092771,30.80157267,30.99753727,31.20945439,31.43807216,31.68427284,31.94908957
941,29.47439126,29.47992499,29.49654769,29.52432663,29.56337735,29.61385333,29.67595131,29.74990487,29.83598039,29.93447652,30.04571803,30.17005476,30.30785928,30.45953306,30.6255121,30.8062791,31.00238316,31.21446199,31.44326815,31.68968688,31.95475197
942,29.47812884,29.48366773,29.50030586,29.52811027,29.56719615,29.61771649,29.67986741,29.75388181,29.84002533,29.93859593,30.04991786,30.17434078,30.31223771,30.46401137,30.63010008,30.81098996,31.00723443,31.21947586,31.44847106,31.69510808,31.96042129
943,29.4818699,29.48741395,29.50406746,29.53189726,29.57101819,29.62158274,29.68378644,29.75786152,29.84407286,29.9427178,30.05412007,30.17862923,30.31661875,30.46849269,30.6346917,30.81570527,31.01209104,31.22449593,31.4536808,31.70053638,31.96609748
944,29.48561444,29.49116363,29.50783246,29.53568757,29.57484344,29.62545207,29.6877084,29.76184398,29.848123,29.94684213,30.05832468,30.18292012,30.32100245,30.47297708,30.63928699,30.82042505,31.01695301,31.22952219,31.45889734,31.7059717,31.97178047
945,29.48936245,29.49491675,29.51160087,29.53948121,29.57867191,29.62932448,29.69163329,29.7658292,29.85217573,29.95096894,30.06253171,30.18721349,30.32538885,30.47746457,30.643886,30.82514931,31.02182031,31.23455458,31.46412061,31.71141399,31.97747019
946,29.49311392,29.49867332,29.51537267,29.54327816,29.58250358,29.63319996,29.69556108,29.76981717,29.85623107,29.95509824,30.06674118,30.19150937,30.32977798,30.4819552,30.64848875,30.82987806,31.02669294,31.23959308,31.46935055,31.71686316,31.98316657
947,29.49686882,29.50243331,29.51914785,29.54707841,29.58633844,29.6370785,29.69949179,29.7738079,29.86028901,29.95923003,30.07095311,30.19580779,30.33416987,30.48644902,30.65309529,30.83461137,31.03157093,31.24463767,31.47458711,31.72231912,31.98886949
948,29.50062716,29.50619672,29.5229264,29.55088196,29.59017649,29.6409601,29.70342541,29.77780138,29.86434956,29.96336432,30.07516751,30.20010875,30.33856456,30.49094605,30.65770566,30.83934926,31.03645429,31.24968835,31.47983022,31.72778176,31.99457885
949,29.50438893,29.50996354,29.52670831,29.55468878,29.59401771,29.64484473,29.70736192,29.7817976,29.86841272,29.96750113,30.07938441,30.20441231,30.34296208,30.49544634,30.66231987,30.84409171,31.04134299,31.25474505,31.48507983,31.73325107,32.00029462
950,29.5081541,29.51373375,29.53049356,29.55849887,29.5978621,29.64873241,29.71130133,29.78579657,29.8724785,29.97164047,30.08360383,30.20871849,30.34736248,30.49994992,30.66693796,30.84883874,31.04623701,31.25980774,31.4903359,31.73872698,32.00601675
951,29.51192268,29.51750735,29.53428216,29.56231223,29.60170964,29.65262312,29.71524363,29.78979829,29.8765469,29.97578236,30.08782578,30.21302732,30.35176578,30.50445684,30.67155996,30.85359037,31.05113634,31.26487639,31.49559838,31.74420943,32.01174517
952,29.51569465,29.52128433,29.53807408,29.56612884,29.60556034,29.65651685,29.71918881,29.79380276,29.88061793,29.9799268,30.09205031,30.21733884,30.35617203,30.50896711,30.67618587,30.85834658,31.05604097,31.26995097,31.50086722,31.74969836,32.01747984
953,29.51946999,29.52506466,29.54186932,29.56994868,29.60941417,29.66041359,29.72313687,29.79780997,29.88469159,29.9840738,30.09627741,30.22165306,30.36058125,30.51348077,30.68081575,30.86310742,31.06095092,31.27503146,31.50614236,31.75519369,32.02322066
954,29.52324871,29.52884835,29.54566787,29.57377177,29.61327113,29.66431335,29.72708781,29.80181994,29.88876789,29.98822338,30.1005071,30.22597,30.36499346,30.51799785,30.68544962,30.86787293,31.06586619,31.28011784,31.51142375,31.76069534,32.02896753
955,29.52703078,29.53263539,29.54946972,29.57759807,29.61713122,29.66821611,29.73104163,29.80583264,29.89284684,29.99237555,30.1047394,30.23028969,30.3694087,30.52251839,30.69008749,30.87264308,31.07078676,31.28521007,31.51671135,31.76620328,32.03472044
956,29.53081621,29.53642576,29.55327485,29.58142759,29.62099443,29.67212187,29.73499831,29.8098481,29.89692844,29.99653033,30.10897435,30.23461217,30.37382701,30.52704241,30.69472939,30.87741787,31.0757126,31.29030812,31.52200512,31.77171744,32.04047933
957,29.53460497,29.54021945,29.55708326,29.58526031,29.62486074,29.67603063,29.73895787,29.81386631,29.9010127,30.00068773,30.11321196,30.23893746,30.3782484,30.53156993,30.69937533,30.88219732,31.08064371,31.29541196,31.52730501,31.7772378,32.04624414
958,29.53839706,29.54401645,29.56089494,29.58909623,29.62873015,29.67994236,29.74292029,29.81788728,29.90509962,30.00484777,30.11745226,30.24326559,30.38267291,30.53610098,30.70402533,30.88698143,31.08558008,31.30052157,31.53261098,31.78276428,32.05201484
959,29.54219246,29.54781676,29.56470988,29.59293534,29.63260265,29.68385708,29.74688557,29.82191099,29.90918923,30.00901046,30.12169526,30.24759659,30.38710057,30.54063559,30.7086794,30.89177019,31.0905217,31.30563692,31.53792299,31.78829685,32.05779136
960,29.54599118,29.55162035,29.56852806,29.59677762,29.63647824,29.68777478,29.75085372,29.82593747,29.91328151,30.0131758,30.12594098,30.25193046,30.39153139,30.54517378,30.71333758,30.89656365,31.09546857,31.31075798,31.54324099,31.79383533,32.06356846
961,29.54979319,29.55542723,29.57234949,29.60062308,29.64035691,29.69169545,29.75482473,29.82996671,29.91737649,30.01734382,30.13018943,30.25626723,30.39596541,30.54971558,30.71799988,30.9013618,31.10042069,31.31588473,31.54856488,31.79937731,32.06925735
962,29.55359848,29.55923739,29.57617414,29.60447169,29.64423865,29.69561909,29.7587986,29.83399871,29.92147416,30.02151453,30.13444064,30.26060694,30.40040265,30.554261,30.72266632,30.90616464,31.10537803,31.32101711,31.55389412,31.80491056,32.07485283
963,29.55740706,29.56305081,29.58000202,29.60832346,29.64812345,29.69954569,29.76277533,29.83803348,29.92557455,30.02568794,30.13869462,30.2649496,30.40484313,30.55881009,30.72733691,30.91097217,31.11034057,31.326155,31.55922635,31.81042044,32.08040142
964,29.56121891,29.56686748,29.58383311,29.61217838,29.65201132,29.70347525,29.76675492,29.84207102,29.92967764,30.02986406,30.14295141,30.26929524,30.40928689,30.56336284,30.73201167,30.9157844,31.11530828,31.33129788,31.56455765,31.81590807,32.08591045
965,29.56503401,29.5706874,29.58766741,29.61603644,29.65590224,29.70740777,29.77073736,29.84611133,29.93378346,30.03404292,30.147211,30.27364387,30.41373394,30.56791929,30.7366906,30.92060131,31.12028105,31.33644479,31.5698851,31.82137429,32.09138622
966,29.56885236,29.57451055,29.59150489,29.61989762,29.6597962,29.71134323,29.77472267,29.85015443,29.93789202,30.03822452,30.15147344,30.27799553,30.41818431,30.57247946,30.74137372,30.92542289,31.12525863,31.34159456,31.57520701,31.82681913,32.09683334
967,29.57267396,29.57833693,29.59534557,29.62376193,29.66369321,29.71528165,29.77871083,29.8542003,29.94200331,30.04240888,30.15573872,30.28235023,30.42263802,30.57704336,30.74606103,30.93024908,31.13024066,31.34674605,31.58052212,31.83224402,32.10225505
968,29.57649878,29.58216652,29.59918943,29.62762936,29.66759325,29.71922302,29.78270185,29.85824896,29.94611736,30.04659601,30.16000688,30.286708,30.42709508,30.581611,30.75075252,30.93507978,31.1352267,31.35189823,31.58582952,31.83765031,32.10765374
969,29.58032683,29.58599933,29.60303645,29.63149989,29.67149633,29.72316733,29.78669572,29.86230042,29.95023417,30.05078593,30.16427792,30.29106885,30.43155553,30.58618241,30.7554482,30.93991484,31.14021625,31.35705019,31.59112864,31.84303904,32.11303143
970,29.58415808,29.58983533,29.60688664,29.63537353,29.67540243,29.72711458,29.79069246,29.86635467,29.95435375,30.05497864,30.16855188,30.29543281,30.43601938,30.59075759,30.76014801,30.94475413,31.14520883,31.36220109,31.59641902,31.84841119,32.11838989
971,29.58799255,29.59367453,29.61073998,29.63925026,29.67931155,29.73106477,29.79469206,29.87041172,29.95847611,30.05917418,30.17282876,30.2997999,30.44048664,30.59533655,30.76485192,30.94959738,31.15020391,31.36735032,31.6017007,31.8537675,32.12373022
972,29.59183021,29.59751691,29.61459647,29.64313009,29.68322369,29.73501789,29.79869452,29.87447158,29.96260126,30.06337254,30.17710859,30.30417013,30.44495734,30.59991928,30.76955985,30.9544444,31.15520101,31.37249728,31.60697352,31.85910881,32.12905372
973,29.59567105,29.60136247,29.61845609,29.64701299,29.68713884,29.73897395,29.80269985,29.87853425,29.96672922,30.06757375,30.18139137,30.30854353,30.44943149,30.60450578,30.77427172,30.9592949,31.16019965,31.37764153,31.61223757,31.86443578,32.1343613
974,29.59951508,29.60521119,29.62231885,29.65089897,29.691057,29.74293295,29.80670804,29.88259975,29.97085998,30.07177782,30.18567714,30.3129201,30.45390909,30.60909599,30.77898739,30.96414861,31.1651995,31.38278292,31.61749296,31.86974892,32.13965356
975,29.60336228,29.60906307,29.62618474,29.65478803,29.69497816,29.74689487,29.8107191,29.88666806,29.97499356,30.07598476,30.1899659,30.31729987,30.45839015,30.61368993,30.78370678,30.96900529,31.17020006,31.38792087,31.62273965,31.87504898,32.14493165
976,29.60721263,29.6129181,29.63005374,29.65868014,29.69890232,29.75085973,29.81473303,29.89073921,29.97912996,30.08019458,30.19425767,30.32168285,30.46287467,30.61828753,30.78842976,30.97386467,31.17520099,31.39305516,31.62797774,31.8803365,32.15019624
977,29.61106615,29.61677628,29.63392585,29.66257532,29.70282948,29.75482752,29.81874983,29.89481319,29.98326921,30.0844073,30.19855246,30.32606905,30.46736264,30.62288875,30.79315617,30.97872649,31.18020205,31.39818573,31.6332074,31.88561184,32.15544778
978,29.61492281,29.62063759,29.63780107,29.66647356,29.70675963,29.75879824,29.8227695,29.89889001,29.98741131,30.08862293,30.2028503,30.33045849,30.47185407,30.62749355,30.7978859,30.9835905,31.18520279,31.40331216,31.63842868,31.89087567,32.16068718
979,29.61878261,29.62450204,29.64167938,29.67037484,29.71069277,29.76277188,29.82679205,29.90296969,29.99155627,30.09284149,30.20715119,30.33485117,30.47634893,30.63210184,30.80261877,30.98845648,31.19020311,31.40843454,31.64364178,31.89612821,32.16591463
980,29.62264555,29.6283696,29.64556079,29.67427917,29.7146289,29.76674846,29.83081748,29.90705221,29.9957041,30.09706298,30.21145514,30.33924709,30.48084721,30.63671356,30.80735463,30.99332416,31.19520269,31.41355266,31.64884682,31.90136995,32.17113075
981,29.62651161,29.63224028,29.64944528,29.67818653,29.71856802,29.77072796,29.83484579,29.9111376,29.99985481,30.10128743,30.21576218,30.34364626,30.48534888,30.64132865,30.81209335,30.99819332,31.20020127,31.41866637,31.65404394,31.9066013,32.17633609
982,29.63038079,29.63611407,29.65333285,29.68209694,29.72251012,29.77471039,29.83887699,29.91522586,30.0040084,30.10551483,30.22007229,30.34804866,30.48985391,30.645947,30.81683476,31.00306379,31.20519876,31.42377575,31.6592333,31.91182248,32.18153082
983,29.63425308,29.63999096,29.65722349,29.68601037,29.72645519,29.77869576,29.84291108,29.91931699,30.0081649,30.10974521,30.22438551,30.35245431,30.49436227,30.65056852,30.82157869,31.00793536,31.21019496,31.42888071,31.66441507,31.91703385,32.18671537
984,29.63812847,29.64387094,29.66111721,29.68992683,29.73040325,29.78268404,29.84694806,29.92341101,30.0123243,30.11397857,30.22870182,30.3568632,30.49887391,30.65519315,30.82632503,31.01280783,31.21518969,31.43398115,31.66958935,31.92223574,32.19189016
985,29.64200697,29.64775402,29.66501399,29.69384631,29.73435428,29.78667526,29.85098794,29.92750791,30.01648662,30.11821491,30.23302124,30.3612753,30.5033888,30.65982078,30.83107362,31.01768104,31.22018279,31.43907706,31.67475628,31.92742844,32.19705553
986,29.64588856,29.65164018,29.66891382,29.69776882,29.73830828,29.79066941,29.85503072,29.9316077,30.02065186,30.12245426,30.23734376,30.36569061,30.50790689,30.66445132,30.8358243,31.02255483,31.22517418,31.44416847,31.67991604,31.93261216,32.20221168
987,29.64977323,29.65552942,29.67281671,29.70169434,29.74226526,29.79466649,29.8590764,29.9357104,30.02482004,30.12669662,30.2416694,30.37010911,30.51242813,30.66908466,30.84057693,31.02742903,31.23016378,31.44925543,31.68506877,31.93778714,32.20735885
988,29.65366099,29.65942173,29.67672265,29.70562287,29.7462252,29.79866651,29.86312499,29.939816,30.02899116,30.13094199,30.24599813,30.37453078,30.51695247,30.67372073,30.84533142,31.03230352,31.23515141,31.4543378,31.69021454,31.94295369,32.21249747
989,29.65755182,29.6633171,29.68063163,29.70955441,29.75018812,29.80266945,29.86717648,29.94392452,30.03316523,30.13519038,30.25032998,30.37895559,30.52147985,30.67835943,30.85008761,31.03717815,31.24013702,31.45941566,31.69535352,31.948112,32.21762771
990,29.66144572,29.66721554,29.68454365,29.71348896,29.75415401,29.80667534,29.8712309,29.94803596,30.03734226,30.13944179,30.25466492,30.38338353,30.52601021,30.68300065,30.85484537,31.04205282,31.24512057,31.46448906,31.70048584,31.95326224,32.22274975
991,29.66534268,29.67111704,29.6884587,29.71742651,29.75812286,29.81068415,29.87528823,29.95215032,30.04152225,30.14369622,30.25900295,30.38781455,30.53054348,30.68764428,30.85960459,31.0469274,31.25010198,31.46955803,31.70561162,31.95840461,32.2278638
992,29.66924271,29.67502159,29.69237679,29.72136706,29.76209468,29.81469591,29.87934849,29.95626761,30.0457052,30.14795369,30.26334405,30.39224865,30.53507964,30.69229028,30.86436517,31.05180178,31.25508113,31.47462249,31.71073095,31.96353938,32.23297021
993,29.67314579,29.67892918,29.6962979,29.72531061,29.76606947,29.81871061,29.88341167,29.96038784,30.04989113,30.15221418,30.26768823,30.39668577,30.5396186,30.69693854,30.86912699,31.05667587,31.26005801,31.47968252,31.71584396,31.96866669,32.23806909
994,29.67705191,29.68283982,29.70022204,29.72925716,29.77004722,29.82272824,29.88747778,29.96451101,30.05408004,30.15647769,30.27203546,30.40112589,30.54416029,30.70158895,30.87388994,31.06154957,31.26503257,31.48473816,31.72095076,31.9737867,32.24316062
995,29.68096109,29.6867535,29.7041492,29.7332067,29.77402794,29.82674882,29.89154683,29.96863713,30.05827193,30.16074423,30.27638574,30.40556896,30.54870467,30.70624144,30.87865394,31.06642281,31.27000478,31.48978942,31.72605145,31.97889959,32.24824501
996,29.6848733,29.69067021,29.70807938,29.73715924,29.77801163,29.83077235,29.89561882,29.9727662,30.06246679,30.16501379,30.28073903,30.41001497,30.55325167,30.71089593,30.88341888,31.07129547,31.27497454,31.49483631,31.73114616,31.98400556,32.25332246
997,29.68878855,29.69458995,29.71201257,29.74111476,29.78199828,29.83479882,29.89969374,29.97689822,30.06666464,30.16928636,30.28509533,30.41446386,30.55780124,30.71555234,30.88818468,31.07616749,31.27994186,31.49987888,31.73623496,31.98910472,32.25839311
998,29.69270684,29.69851272,29.71594877,29.74507328,29.7859879,29.83882824,29.90377161,29.9810332,30.07086548,30.17356194,30.28945461,30.41891559,30.5623533,30.72021057,30.89295125,31.08103882,31.28490671,31.50491716,31.74131797,31.99419724,32.26345713
999,29.69662815,29.70243851,29.71988798,29.74903478,29.78998048,29.84286061,29.90785243,29.98517114,30.0750693,30.17784052,30.29381686,30.42337014,30.5669078,30.72487057,30.8977185,31.08590937,31.28986905,31.50995118,31.74639529,31.99928325,32.26851466
1000,29.70055249,29.70636733,29.7238302,29.75299927,29.79397603,29.84689594,29.9119362,29.98931204,30.07927611,30.18212209,30.29818205,30.42782745,30.57146468,30.72953224,30.90248635,31.09077906,31.29482885,31.51498098,31.75146701,32.00436291,32.27356586
1001,29.70447985,29.71029916,29.72777542,29.75696674,29.79797454,29.85093421,29.91602292,29.99345591,30.08348589,30.18640664,30.30255016,30.43228749,30.57602388,30.73419552,30.90725472,31.09564786,31.2997861,31.52000659,31.75653322,32.00943633,32.27861086
1002,29.70841023,29.714234,29.73172364,29.7609372,29.80197603,29.85497545,29.9201126,29.99760274,30.08769865,30.19069416,30.30692116,30.43675022,30.58058534,30.73886033,30.91202356,31.10051571,31.3047408,31.52502806,31.76159402,32.01450364,32.28364979
1003,29.71234362,29.71817186,29.73567486,29.76491064,29.80598048,29.85901963,29.92420523,30.00175254,30.09191439,30.19498464,30.31129505,30.4412156,30.58514901,30.7435266,30.91679276,31.10538253,31.30969289,31.5300454,31.7666495,32.019565,32.28868281
1004,29.71628003,29.72211272,29.73962908,29.76888706,29.80998789,29.86306678,29.92830082,30.0059053,30.0961331,30.19927807,30.31567178,30.44568359,30.58971482,30.74819426,30.92156227,31.11024829,31.31464238,31.53505866,31.77169974,32.0246205,32.29371005
1005,29.72021944,29.72605659,29.74358629,29.77286646,29.81399827,29.86711689,29.93239937,30.01006103,30.10035478,30.20357443,30.32005133,30.45015414,30.59428272,30.75286324,30.92633202,31.11511294,31.31958927,31.5400679,31.77674482,32.02967024,32.29873158
1006,29.72416187,29.73000347,29.7475465,29.77684884,29.81801163,29.87116995,29.93650088,30.01421973,30.10457942,30.20787371,30.32443367,30.45462721,30.59885265,30.75753349,30.93110197,31.11997645,31.32453356,31.54507315,31.78178483,32.03471434,32.30374752
1007,29.7281073,29.73395334,29.7515097,29.78083421,29.82202795,29.87522598,29.94060535,30.01838139,30.108807,30.21217589,30.32881877,30.45910275,30.60342455,30.76220493,30.93587205,31.12483879,31.32947527,31.55007445,31.78681984,32.03975287,32.30875797
1008,29.73205573,29.73790622,29.75547589,29.78482255,29.82604724,29.87928498,29.94471279,30.02254601,30.11303754,30.21648095,30.33320659,30.46358072,30.60799836,30.76687751,30.94064221,31.12969994,31.33441439,31.55507187,31.79184993,32.04478594,32.313763
1009,29.73600716,29.74186209,29.75944507,29.78881388,29.8300695,29.88334694,29.94882319,30.02671359,30.11727101,30.22078887,30.33759712,30.46806108,30.61257403,30.77155116,30.9454124,31.13455983,31.3393509,31.56006541,31.79687518,32.04981367,32.31876276
1010,29.73996159,29.74582096,29.76341724,29.79280818,29.83409473,29.88741186,29.95293655,30.03088412,30.12150741,30.22509966,30.34199034,30.4725438,30.61715153,30.77622583,30.95018253,31.13941841,31.34428476,31.56505508,31.80189566,32.0548362,32.32375743
1011,29.74391902,29.74978282,29.7673924,29.79680546,29.83812293,29.89147974,29.95705287,30.03505761,30.12574673,30.22941328,30.34638621,30.47702883,30.62173078,30.78090147,30.95495259,31.14427569,31.34921602,31.57004096,31.80691145,32.05985357,32.32874701
1012,29.74787944,29.75374767,29.77137054,29.80080571,29.8421541,29.8955506,29.96117215,30.03923404,30.12998895,30.2337297,30.35078469,30.48151612,30.62631174,30.78557801,30.95972253,31.14913164,31.3541447,31.5750231,31.8119226,32.06486586,32.33373158
1013,29.75184285,29.75771552,29.77535167,29.80480895,29.84618824,29.89962441,29.96529439,30.04341342,30.13423407,30.23804892,30.35518575,30.48600562,30.63089435,30.79025541,30.96449231,31.15398626,31.3590708,31.58000153,31.81692919,32.06987314,32.33871123
1014,29.75580926,29.76168636,29.77933578,29.80881516,29.85022536,29.9037012,29.96941959,30.04759573,30.13848208,30.2423709,30.35958935,30.4904973,30.63547856,30.79493362,30.9692619,31.15883952,31.36399435,31.5849763,31.82193127,32.0748755,32.34368603
1015,29.75977866,29.76566018,29.78332287,29.81282435,29.85426544,29.90778094,29.97354774,30.05178097,30.14273296,30.24669563,30.36399547,30.4949911,30.64006432,30.79961259,30.97403126,31.16369143,31.36891536,31.58994745,31.82692891,32.07987298,32.34865603
1016,29.76375105,29.769637,29.78731295,29.81683652,29.8583085,29.91186366,29.97767885,30.05596914,30.1469867,30.25102308,30.36840407,30.49948701,30.6446516,30.80429228,30.97880033,31.16854192,31.37383381,31.59491499,31.83192218,32.08486573,32.35362139
1017,29.76772642,29.7736168,29.79130602,29.82085167,29.86235452,29.91594933,29.9818129,30.06016022,30.15124328,30.25535325,30.37281514,30.50398496,30.64924033,30.80897264,30.9835691,31.17339098,31.3787497,31.59987897,31.83691113,32.08985381,32.35858217
1018,29.77170479,29.77759958,29.79530206,29.82486979,29.86640352,29.92003797,29.9859499,30.06435422,30.15550269,30.25968609,30.37722863,30.50848494,30.6538305,30.81365362,30.98833751,31.17823861,31.38366303,31.60483941,31.84189584,32.0948373,32.36353846
1019,29.77568614,29.78158535,29.79930109,29.82889089,29.87045548,29.92412956,29.99008984,30.06855111,30.15976493,30.2640216,30.38164452,30.5129869,30.65842205,30.81833519,30.99310554,31.18308476,31.38857382,31.60979634,31.84687634,32.09981628,32.36849035
1020,29.77967047,29.78557411,29.80330309,29.83291496,29.87451042,29.92822411,29.99423271,30.07275089,30.16402996,30.26835976,30.38606278,30.51749081,30.66301493,30.82301731,30.99787316,31.18792944,31.39348206,31.61474981,31.85185272,32.10479087,32.37344452
1021,29.78365779,29.78956584,29.80730808,29.836942,29.87856831,29.93232162,29.99837851,30.07695355,30.16829779,30.27270053,30.39048337,30.52199662,30.66760912,30.82769993,31.00264033,31.19277263,31.39838777,31.61969984,31.85682505,32.10976417,32.37853973
1022,29.7876481,29.79356056,29.81131604,29.84097202,29.88262918,29.93642208,30.00252724,30.08115909,30.17256838,30.27704389,30.39490627,30.5265043,30.67220456,30.83238302,31.00740703,31.19761432,31.40329098,31.6246465,31.86179415,32.11475732,32.38376835
1023,29.79164138,29.79755827,29.81532698,29.84500502,29.88669301,29.94052548,30.00667889,30.08536749,30.17684174,30.28138983,30.39933144,30.5310138,30.67680121,30.83706654,31.01217323,31.2024545,31.4081917,31.62958999,31.86676383,32.11978712,32.3890745
1024,29.79563765,29.80155895,29.8193409,29.84904098,29.8907598,29.94463183,30.01083345,30.08957874,30.18111783,30.28573831,30.40375886,30.5355251,30.68139904,30.84175046,31.01693891,31.20729317,31.41308997,31.63453108,31.87173957,32.1248542,32.39444366
1025,29.7996369,29.80556261,29.8233578,29.85307991,29.89482955,29.94874113,30.01499093,30.09379284,30.18539664,30.29008932,30.40818848,30.54003815,30.68599801,30.84643473,31.02170404,31.21213034,31.41798597,31.63947119,31.87672544,32.1299588,32.39986557
1026,29.80363913,29.80956925,29.82737767,29.85712182,29.89890226,29.95285336,30.0191513,30.09800977,30.18967817,30.29444283,30.41262029,30.54455293,30.69059809,30.85111934,31.02646861,31.21696602,31.42288007,31.64441202,31.88172419,32.13509888,32.40533412
1027,29.80764434,29.81357887,29.83140052,29.86116669,29.90297792,29.95696853,30.02331456,30.10222951,30.19396238,30.29879881,30.41705424,30.54906939,30.69519923,30.85580424,31.03123259,31.2218003,31.42777277,31.64935524,31.88673787,32.14027265,32.41084439
1028,29.81165252,29.81759147,29.83542634,29.86521453,29.90705655,29.96108663,30.02748072,30.10645206,30.19824926,30.30315725,30.42149032,30.5535875,30.6998014,30.86048941,31.035996,31.22663331,31.4326647,31.65430241,31.89176785,32.14547839,32.41639259
1029,29.81566369,29.82160704,29.83945513,29.86926534,29.91113812,29.96520766,30.03164975,30.11067741,30.2025388,30.30751811,30.42592849,30.55810722,30.70440457,30.86517483,31.04075885,31.23146524,31.43755659,31.65925492,31.89681483,32.15071456,32.42197599
1030,29.81967783,29.82562559,29.8434869,29.8733191,29.91522264,29.9693316,30.03582165,30.11490554,30.20683097,30.31188138,30.43036872,30.56262854,30.7090087,30.86986047,31.04552117,31.23629636,31.44244923,31.66421388,31.90187911,32.15597982,32.42759238
1031,29.82369495,29.82964712,29.84752164,29.87737583,29.91931011,29.97345847,30.03999642,30.11913645,30.21112576,30.31624702,30.43481097,30.5671514,30.71361377,30.87454634,31.05028307,31.24112703,31.44734333,31.66918014,31.90696084,32.16127297,32.43323995
1032,29.82771505,29.83367162,29.85155934,29.88143553,29.92340052,29.97758824,30.04417404,30.1233701,30.21542315,30.32061503,30.43925523,30.57167579,30.71821975,30.87923241,31.05504461,31.24595751,31.45223963,31.67415475,31.91206038,32.16659271,32.4389165
1033,29.83173812,29.83769909,29.85560002,29.88549817,29.92749386,29.98172092,30.0483545,30.1276065,30.21972312,30.32498536,30.44370147,30.57620166,30.72282662,30.88391873,31.05980594,31.25078824,31.45713877,31.67913813,31.91717754,32.17193816,32.44462091
1034,29.83576416,29.84172954,29.85964366,29.88956378,29.93159015,29.9858565,30.0525378,30.13184564,30.22402565,30.329358,30.44814965,30.580729,30.72743435,30.88860529,31.06456717,31.25561955,31.46204142,31.68413111,31.92231246,32.17730816,32.45035142
1035,29.83979318,29.84576295,29.86369026,29.89363234,29.93568936,29.98999497,30.05672393,30.13608748,30.22833072,30.33373292,30.45259975,30.58525777,30.73204295,30.89329217,31.06932851,31.26045187,31.46694808,31.68913388,31.92746484,32.18270205,32.45610729
1036,29.84382516,29.84979934,29.86773983,29.89770384,29.93979151,29.99413632,30.06091288,30.14033203,30.23263832,30.33811011,30.45705173,30.58978796,30.73665239,30.89797937,31.07409012,31.26528557,31.47185938,31.69414703,31.93263465,32.18811885,32.46188712
1037,29.84786012,29.85383869,29.87179236,29.9017783,29.94389657,29.99828056,30.06510463,30.14457927,30.23694842,30.34248953,30.46150559,30.59431953,30.7412627,30.90266701,31.07885223,31.27012103,31.47677569,31.69917068,31.9378216,32.19355798,32.46769027
1038,29.85189804,29.85788101,29.87584785,29.9058557,29.94800456,30.00242767,30.06929917,30.14882918,30.241261,30.34687116,30.46596128,30.59885248,30.74587386,30.90735515,31.08361503,31.27495863,31.48169748,31.70420513,31.9430255,32.19901873,32.47351584
1039,29.85593894,29.86192629,29.8799063,29.90993604,29.95211546,30.00657764,30.0734965,30.15308175,30.24557605,30.35125498,30.47041879,30.60338678,30.75048591,30.91204387,31.08837874,31.27979869,31.48662514,31.70925065,31.94824621,32.2045004,32.47936291
1040,29.85998279,29.86597454,29.8839677,29.91401932,29.95622926,30.01073048,30.07769661,30.15733696,30.24989355,30.35564097,30.4748781,30.60792243,30.75509886,30.9167333,31.09314359,31.28464158,31.49155901,31.7143073,31.95348344,32.21000248,32.48523096
1041,29.86402962,29.87002575,29.88803205,29.91810554,29.96034597,30.01488616,30.08189948,30.16159481,30.25421348,30.3600291,30.47933918,30.61245943,30.75971276,30.92142353,31.09790982,31.28948762,31.49649938,31.71937519,31.95873695,32.21552445,32.49111935
1042,29.8680794,29.87407991,29.89209936,29.92219469,29.96446558,30.01904468,30.0861051,30.16585526,30.25853582,30.36441937,30.48380202,30.61699776,30.76432764,30.92611469,31.10267761,31.29433709,31.50144655,31.7244545,31.9640066,32.22106573,32.49702732
1043,29.87213214,29.87813704,29.89616961,29.92628676,29.96858808,30.02320604,30.09031346,30.17011831,30.26286055,30.36881173,30.48826661,30.62153744,30.76894354,30.9308069,31.10744723,31.29919029,31.50640074,31.7295452,31.96929211,32.22662592,32.5029545
1044,29.87618785,29.88219712,29.9002428,29.93038176,29.97271347,30.02737023,30.09452455,30.17438395,30.26718764,30.37320618,30.49273292,30.62607847,30.77356054,30.9355003,31.11221887,31.30404748,31.51136217,31.73464734,31.97459326,32.23220457,32.50890033
1045,29.8802465,29.88626015,29.90431894,29.93447967,29.97684174,30.03153723,30.09873836,30.17865215,30.2715171,30.3776027,30.49720095,30.63062087,30.77817867,30.94019501,31.11699273,31.3089089,31.51633107,31.73976104,31.97990991,32.23780121,32.51486424
1046,29.88430811,29.89032613,29.90839801,29.9385805,29.98097288,30.03570704,30.10295488,30.18292291,30.27584889,30.38200127,30.5016707,30.63516465,30.78279803,30.94489118,31.12176902,31.31377478,31.52130758,31.74488624,31.98524181,32.24341548,32.52084585
1047,29.88837268,29.89439506,29.91248002,29.94268424,29.98510689,30.03987964,30.10717409,30.1871962,30.280183,30.38640188,30.50614215,30.63970984,30.78741866,30.94958893,31.12654795,31.31864535,31.52629187,31.75002297,31.99058877,32.249047,32.5268447
1048,29.89244019,29.89846693,29.91656496,29.94679089,29.98924376,30.04405504,30.11139597,30.19147202,30.28451941,30.39080451,30.51061532,30.64425647,30.79204065,30.95428839,31.13132969,31.32352081,31.53128412,31.75517127,31.9959506,32.25469538,32.53286037
1049,29.89651064,29.90254175,29.92065282,29.95090043,29.99338348,30.04823322,30.11562053,30.19575035,30.28885811,30.39520915,30.51509019,30.64880455,30.79666407,30.9589897,31.13611442,31.32840133,31.53628441,31.7603311,32.0013271,32.26036031,32.53889251
1050,29.90058404,29.9066195,29.92474361,29.95501287,29.99752605,30.05241417,30.11984775,30.20003116,30.29319909,30.3996158,30.51956678,30.65335414,30.80128901,30.963693,31.14090233,31.33328712,31.54129289,31.76550243,32.00671809,32.26604145,32.54494074
1051,29.90466038,29.91070019,29.92883732,29.9591282,30.00167146,30.05659788,30.12407761,30.20431446,30.29754232,30.40402444,30.5240451,30.65790527,30.80591554,30.96839842,31.14569358,31.33817834,31.54630966,31.77068526,32.01212338,32.27173849,32.55100473
1052,29.90873966,29.9147838,29.93293394,29.96324641,30.0058197,30.06078434,30.1283101,30.20860022,30.3018878,30.40843507,30.52852514,30.66245797,30.81054374,30.97310608,31.15048833,31.34307514,31.5513348,31.77587954,32.01754278,32.27745116,32.55708416
1053,29.91282186,29.91887035,29.93703348,29.9673675,30.00997076,30.06497354,30.13254521,30.21288844,30.30623552,30.41284768,30.53300693,30.66701228,30.81517369,30.9778161,31.15528675,31.34797769,31.55636842,31.78108526,32.02297612,32.28317914,32.56317869
1054,29.916907,29.92295982,29.94113592,29.97149146,30.01412465,30.06916548,30.13678293,30.2171791,30.31058546,30.41726227,30.53749048,30.67156825,30.81980548,30.98252862,31.16008899,31.35288613,31.5614106,31.78630237,32.02842324,32.28892216,32.56928804
1055,29.92099506,29.92705221,29.94524126,29.97561829,30.01828134,30.07336014,30.14102325,30.22147218,30.31493762,30.42167885,30.54197581,30.67612593,30.8244392,30.98724376,31.16489519,31.35780056,31.56646136,31.79153079,32.03388395,32.29468001,32.57541198
1056,29.92508604,29.93114751,29.94934949,29.97974798,30.02244083,30.07755751,30.14526615,30.22576768,30.31929198,30.42609741,30.54646294,30.68068537,30.82907494,30.99196165,31.16970549,31.36272111,31.57152075,31.79677046,32.03935809,32.30045246,32.58155028
1057,29.92917994,29.93524572,29.95346062,29.98388052,30.02660311,30.08175758,30.14951163,30.23006557,30.32364854,30.43051795,30.5509519,30.68524664,30.83371279,30.99668241,31.17452002,31.36764787,31.57658878,31.8020213,32.04484549,32.30623929,32.58770272
1058,29.93327676,29.93934684,29.95757463,29.9880159,30.03076818,30.08596034,30.15375967,30.23436587,30.3280073,30.43494048,30.55544269,30.68980976,30.83835282,31.00140614,31.17933892,31.37258099,31.5816656,31.80728336,32.05034603,32.31204019,32.59386891
1059,29.93737648,29.94345086,29.96169152,29.99215413,30.03493602,30.09016578,30.15801026,30.23866855,30.33236824,30.43936501,30.55993536,30.69437479,30.84299512,31.00613297,31.18416229,31.37752056,31.58675119,31.81255653,32.05585954,32.31785498,32.60004869
1060,29.9414791,29.94755778,29.96581128,29.99629519,30.03910663,30.0943739,30.16226339,30.24297361,30.33673137,30.44379154,30.56442992,30.69894181,30.84763978,31.010863,31.18899027,31.38246663,31.59184555,31.81784072,32.06138587,32.3236835,32.60624189
1061,29.94558463,29.95166759,29.96993391,30.00043907,30.04328,30.09858468,30.16651906,30.24728103,30.34109668,30.44822009,30.56892643,30.70351086,30.8522869,31.01559635,31.19382294,31.38741929,31.59694868,31.82313586,32.06692489,32.32952556,32.61244833
1062,29.94969304,29.95578029,29.97405941,30.00458577,30.04745612,30.10279811,30.17077724,30.2515908,30.34546417,30.45265067,30.5734249,30.70808201,30.85693658,31.02033313,31.19866043,31.39237858,31.60206058,31.82844187,32.07247646,32.335381,32.61866785
1063,29.95380435,29.95989586,29.97818776,30.00873529,30.05163498,30.10701418,30.17503793,30.25590293,30.34983385,30.45708328,30.57792535,30.7126553,30.86158885,31.02507342,31.20350283,31.39734466,31.60718137,31.83375879,32.07804043,32.34124952,32.62490008
1064,29.95791854,29.96401432,29.98231896,30.0128876,30.05581658,30.11123289,30.17930113,30.26021741,30.3542057,30.46151795,30.58242784,30.71723078,30.86624382,31.02981732,31.20835024,31.40231756,31.61231101,31.83908651,32.0836167,32.34713098,32.63114491
1065,29.96203561,29.96813564,29.986453,30.01704272,30.0600009,30.11545422,30.18356682,30.26453423,30.35857975,30.46595469,30.58693239,30.72180854,30.87090158,31.03456494,31.21320274,31.40729731,31.61744949,31.84442495,32.08920512,32.35302525,32.63740219
1066,29.96615555,29.97225982,29.99058988,30.02120062,30.06418793,30.11967816,30.187835,30.26885338,30.36295598,30.47039352,30.59143905,30.72638862,30.8755622,31.03931636,31.21806042,31.41228397,31.6225968,31.84977405,32.09480558,32.35893217,32.64367177
1067,29.97027835,29.97638686,29.99472959,30.0253613,30.06837767,30.12390472,30.19210565,30.27317486,30.3673344,30.47483446,30.59594785,30.73097111,30.88022578,31.04407168,31.22292334,31.41727757,31.62775291,31.85513373,32.10041797,32.3648516,32.6499535
1068,29.97440402,29.98051676,29.99887212,30.02952476,30.07257012,30.12813387,30.19637878,30.27749868,30.37171503,30.47927752,30.60045882,30.73555601,30.88489236,31.04883098,31.22779161,31.42227823,31.63291793,31.86050399,32.10604214,32.3707833,32.65624711
1069,29.97853254,29.98464949,30.00301747,30.03369098,30.07676525,30.13236561,30.20065438,30.28182483,30.37609786,30.48372272,30.604972,30.74014342,30.88956203,31.05359433,31.2326653,31.42728597,31.6380918,31.86588474,32.111678,32.37672715,32.66255249
1070,29.9826639,29.98878507,30.00716563,30.03785997,30.08096307,30.13659993,30.20493243,30.28615331,30.38048292,30.4881701,30.60948744,30.74473339,30.89423487,31.05836182,31.23754446,31.4323008,31.64327451,31.87127592,32.11732542,32.38268302,32.66886951
1071,29.98679811,29.99292348,30.01131659,30.0420317,30.08516356,30.14083683,30.20921294,30.29048412,30.3848702,30.49261967,30.61400519,30.74932598,30.89891095,31.06313352,31.24242915,31.43732276,31.64846604,31.87667747,32.12298432,32.38865078,32.67519803
1072,29.99093516,29.99706471,30.01547035,30.04620617,30.08936672,30.1450763,30.2134959,30.29481725,30.38925971,30.49707147,30.61852527,30.75392126,30.90359035,31.06790951,31.24731944,31.44235188,31.65366638,31.88208933,32.12865458,32.3946303,32.68153791
1073,29.99507503,30.00120876,30.01962689,30.05038338,30.09357254,30.14931833,30.21778131,30.29915272,30.39365147,30.50152549,30.62304772,30.75851926,30.90827312,31.07268987,31.25221542,31.44738823,31.65887556,31.88751143,32.13433608,32.4006214,32.68788897
1074,29.99921772,30.00535563,30.02378622,30.05456332,30.09778101,30.15356291,30.22206916,30.30349053,30.39804549,30.50598179,30.62757259,30.76312004,30.91295934,31.07747466,31.25711712,31.45243183,31.66409354,31.89294373,32.14002872,32.40662397,32.69425112
1075,30.00336323,30.0095053,30.02794832,30.05874598,30.10199212,30.15781004,30.22635945,30.30783067,30.40244179,30.51044037,30.63209992,30.76772368,30.91764907,31.08226394,31.26202459,31.45748268,31.66932031,31.89838615,32.14573241,32.4126379,32.70062421
1076,30.00751155,30.01365776,30.03211318,30.06293135,30.10620588,30.16205972,30.23065218,30.31217316,30.40684037,30.51490128,30.63662976,30.77233021,30.92234238,31.08705778,31.26693789,31.46254082,31.67455586,31.90383865,32.15144705,32.41866307,32.70700814
1077,30.01166267,30.01781302,30.0362808,30.06711943,30.11042226,30.16631193,30.23494735,30.31651799,30.41124126,30.51936454,30.64116214,30.77693971,30.92703933,31.09185623,31.27185705,31.46760626,31.67980015,31.90930116,32.15717256,32.42469937,32.71340279
1078,30.01581658,30.02197106,30.04045118,30.07131021,30.11464127,30.17056667,30.23924495,30.32086518,30.41564447,30.52383017,30.64569711,30.78155222,30.93173998,31.09665937,31.27678214,31.47267903,31.68505319,31.91477362,32.16290882,32.43074666,32.71980803
1079,30.01997328,30.02613187,30.04462429,30.07550367,30.11886289,30.17482395,30.24354499,30.32521473,30.42005,30.52829821,30.6502347,30.78616779,30.9364444,31.10146726,31.2817132,31.47775914,31.69031495,31.92025597,32.16865576,32.43680485,32.72622375
1080,30.02413275,30.03029545,30.04880015,30.07969982,30.12308713,30.17908375,30.24784747,30.32956665,30.42445789,30.53276868,30.65477496,30.79078647,30.94115263,31.10627993,31.28665027,31.48284662,31.6955854,31.92574816,32.17441327,32.44287373,32.73264263
1081,30.028295,30.0344618,30.05297874,30.08389865,30.12731397,30.18334608,30.25215239,30.33392094,30.42886815,30.53724161,30.65931793,30.79540832,30.94586475,31.11109747,31.29159339,31.48794148,31.70086454,31.93125012,32.18018121,32.44895013,32.7389611
1082,30.03246002,30.0386309,30.05716004,30.08810015,30.13154342,30.18761092,30.25645975,30.33827761,30.43328079,30.54171702,30.66386365,30.80003339,30.9505808,31.11591991,31.2965426,31.49304372,31.70615233,31.93676179,32.18595882,32.45501977,32.74517245
1083,30.03662779,30.04280275,30.06134407,30.09230431,30.13577546,30.19187828,30.26076955,30.34263668,30.43769583,30.54619496,30.66841216,30.80466173,30.95530084,31.1207473,31.30149793,31.49815336,31.71144875,31.94228295,32.19174337,32.46106585,32.75132981
1084,30.04079831,30.04697733,30.0655308,30.09651114,30.14001009,30.19614816,30.26508179,30.34699815,30.4421133,30.55067544,30.6729635,30.80929339,30.96002492,31.1255797,31.30645941,31.5032704,31.71675374,31.94781301,32.19753028,32.46708733,32.75744569
1085,30.04497158,30.05115466,30.06972024,30.10072061,30.14424731,30.20042055,30.26939648,30.35136203,30.44653321,30.55515851,30.67751772,30.81392842,30.9647531,31.13041714,31.31142708,31.50839484,31.72206716,31.95335081,32.20331574,32.47308738,32.76352521
1086,30.04914758,30.0553347,30.07391237,30.10493273,30.14848711,30.20469545,30.27371362,30.35572834,30.45095558,30.55964418,30.68207485,30.81856687,30.96948542,31.13525968,31.31640096,31.51352666,31.72738873,31.95889491,32.20909766,32.47906626,32.76957395
1087,30.05332632,30.05951747,30.07810719,30.10914749,30.1527295,30.20897287,30.27803322,30.36009708,30.45538043,30.5641325,30.68663493,30.82320878,30.97422194,31.14010735,31.32138107,31.51866577,31.73271796,31.96444395,32.2148749,32.48502496,32.77559531
1088,30.05750778,30.06370295,30.0823047,30.11336489,30.15697445,30.21325279,30.28235528,30.36446827,30.45980779,30.56862348,30.69119801,30.82785421,30.9789627,31.1449602,31.32636742,31.52381211,31.73805437,31.96999661,32.22064621,32.49096439,32.78159281
1089,30.06169195,30.06789114,30.08650488,30.11758491,30.16122198,30.21753523,30.2866798,30.36884192,30.46423767,30.57311717,30.69576413,30.83250319,30.98370774,31.14981826,31.33136001,31.52896547,31.74339735,31.97555187,32.22641093,32.4968862,32.78756839
1090,30.06587883,30.07208202,30.09070773,30.12180757,30.16547207,30.22182018,30.2910068,30.37321803,30.46867009,30.57761359,30.70033331,30.83715577,30.98845712,31.15468155,31.3363588,31.53412569,31.7487463,31.98110872,32.23216845,32.50279143,32.79352428
1091,30.07006842,30.0762756,30.09491324,30.12603284,30.16972474,30.22610764,30.29533627,30.37759664,30.47310509,30.58211278,30.70490562,30.841812,30.99321087,31.15955011,31.34136376,31.53929249,31.75410059,31.98666634,32.23791855,32.50868124,32.79946185
1092,30.0742607,30.08047187,30.09912142,30.13026073,30.17397996,30.23039762,30.29966823,30.38197774,30.47754267,30.58661476,30.70948107,30.84647191,30.99796903,31.16442394,31.34637481,31.54446559,31.75945963,31.99222416,32.24366131,32.51455633,32.80538222
1093,30.07845567,30.08467081,30.10333225,30.13449123,30.17823775,30.23469012,30.30400268,30.38636136,30.48198287,30.59111957,30.71405971,30.85113556,31.00273164,31.16930304,31.35139185,31.54964468,31.76482288,31.99778155,32.24939663,32.52041756,32.81128668
1094,30.08265333,30.08887243,30.10754572,30.13872434,30.1824981,30.23898513,30.30833964,30.3907475,30.4864257,30.59562723,30.71864158,30.85580297,31.00749871,31.1741874,31.35641474,31.55482944,31.77018986,32.00333816,32.25512466,32.52626549,32.81717606
1095,30.08685366,30.09307672,30.11176184,30.14296005,30.18676102,30.24328267,30.31267909,30.39513619,30.49087119,30.60013778,30.72322671,30.86047419,31.0122703,31.17907703,31.36144341,31.56001959,31.77555999,32.00889335,32.26084531,32.53210102,32.82305165
1096,30.09105666,30.09728367,30.1159806,30.14719836,30.19102649,30.24758273,30.31702107,30.39952743,30.49531936,30.60465124,30.72781513,30.86514924,31.01704639,31.18397184,31.36647766,31.56521479,31.78093299,32.01444711,32.2665588,32.53792449,32.82891382
1097,30.09526233,30.10149328,30.12020199,30.15143927,30.19529452,30.25188532,30.32136557,30.40392125,30.49977023,30.60916766,30.7324069,30.86982817,31.02182702,31.18887185,31.37151737,31.57041474,31.78630832,32.0199989,32.27226512,32.54373666,32.83476368
1098,30.09947066,30.10570554,30.12442601,30.15568278,30.1995651,30.25619044,30.3257126,30.40831766,30.50422383,30.61368705,30.73700202,30.874511,31.02661218,31.19377696,31.37656236,31.57561914,31.79168568,32.02554861,32.27796444,32.54953798,32.84060175
1099,30.10368164,30.10992045,30.12865265,30.15992888,30.20383825,30.2604981,30.33006218,30.41271667,30.50868018,30.61820945,30.74160055,30.87919776,31.03140188,31.19868713,31.38161245,31.58082771,31.79706479,32.0310961,32.28365691,32.55532888,32.84642853
1100,30.10789527,30.114138,30.13288191,30.16417757,30.20811396,30.2648083,30.33441432,30.41711831,30.5131393,30.62273488,30.74620251,30.88388847,31.03619612,31.20360229,31.38666749,31.58604015,31.80244524,32.0366411,32.28934263,32.5611099,32.85224475
1101,30.11211155,30.11835818,30.13711379,30.16842885,30.21239223,30.26912105,30.33876902,30.42152258,30.51760122,30.62726338,30.75080793,30.88858315,31.04099487,31.20852233,31.39172728,31.59125623,31.8078269,32.04218363,32.29502179,32.56688133,32.85805067
1102,30.11633046,30.122581,30.14134829,30.17268272,30.21667306,30.27343635,30.34312629,30.42592951,30.52206596,30.63179497,30.75541683,30.89328182,31.04579811,31.21344719,31.39679164,31.59647569,31.81320948,32.04772356,32.30069455,32.57264355,32.86384678
1103,30.12055201,30.12680645,30.14558539,30.17693917,30.22095645,30.27775421,30.34748615,30.43033912,30.52653354,30.63632968,30.76002925,30.89798447,31.05060583,31.21837678,31.40186044,31.60169829,31.81859274,32.05326073,32.30636099,32.578397,32.86963364
1104,30.12477619,30.13103452,30.14982511,30.18119821,30.22524241,30.28207463,30.35184861,30.43475141,30.53100399,30.64086753,30.76464519,30.90269113,31.05541798,31.22331099,31.40693347,31.60692382,31.8239765,32.05879512,32.3120213,32.58414196,32.87541155
1105,30.129003,30.13526521,30.15406743,30.18545983,30.22953094,30.28639762,30.35621368,30.43916641,30.53547732,30.64540855,30.7692647,30.90740179,31.06023453,31.22824973,31.41201056,31.61215205,31.82936061,32.06432673,32.31767564,32.5898787,32.88118081
1106,30.13323243,30.13949852,30.15831235,30.18972404,30.23382205,30.29072319,30.36058136,30.44358413,30.53995356,30.64995276,30.77388777,30.91211645,31.06505544,31.23319288,31.41709154,31.6173828,31.83474492,32.06985553,32.32332416,32.59560752,32.88694172
1107,30.13746448,30.14373444,30.16255987,30.19399083,30.23811572,30.29505135,30.36495169,30.4480046,30.54443273,30.65450019,30.77851443,30.9168351,31.06988066,31.23814037,31.42217629,31.6226159,31.84012922,32.0753814,32.32896694,32.60132876,32.89269477
1108,30.14169914,30.14797297,30.16680999,30.1982602,30.24241197,30.2993821,30.36932465,30.45242782,30.54891486,30.65905086,30.78314469,30.92155774,31.07471015,31.24309207,31.42726463,31.62785115,31.84551345,32.0809044,32.33460416,32.6070426,32.89844009
1109,30.14593642,30.15221411,30.1710627,30.20253217,30.24671081,30.30371544,30.37370028,30.45685382,30.55339995,30.66360478,30.78777857,30.92628435,31.07954383,31.24804788,31.43235639,31.63308842,31.85089751,32.08642457,32.34023595,32.61274926,32.90417794
1110,30.1501763,30.15645786,30.17531801,30.20680671,30.25101223,30.3080514,30.37807858,30.46128261,30.55788804,30.66816198,30.79241606,30.93101492,31.08438167,31.2530077,31.43745147,31.63832755,31.85628125,32.09194183,32.34586242,32.61844903,32.90990865
1111,30.1544188,30.16070421,30.17957592,30.21108385,30.25531624,30.31238997,30.38245956,30.46571422,30.56237914,30.67272246,30.79705717,30.93574943,31.08922362,31.25797143,31.44254971,31.64356838,31.86166457,32.09745618,32.35148369,32.62414212,32.91563248
1112,30.1586639,30.16495316,30.18383643,30.21536357,30.25962285,30.31673117,30.38684323,30.47014865,30.56687327,30.67728625,30.8017019,30.94048784,31.09406959,31.26293897,31.44765098,31.64881081,31.86704742,32.10296766,32.35709988,32.62982871,32.92134961
1113,30.1629116,30.16920471,30.18809952,30.21964588,30.26393205,30.321075,30.39122962,30.47458592,30.57137045,30.68185336,30.80635027,30.94523014,31.09891953,31.2679102,31.45275515,31.65405471,31.87242974,32.1084763,32.3627111,32.63550899,32.92706025
1114,30.1671619,30.17345886,30.19236521,30.22393079,30.26824386,30.32542147,30.39561872,30.47902605,30.57587069,30.6864238,30.81100225,30.94997631,31.1037734,31.27288506,31.45786211,31.65929994,31.87781138,32.11398206,32.36831748,32.6411832,32.93276467
1115,30.1714148,30.17771561,30.1966335,30.2282183,30.27255828,30.32977059,30.40001056,30.48346905,30.58037401,30.69099758,30.81565785,30.95472631,31.10863111,31.27786344,31.46297175,31.66454641,31.88319233,32.11948497,32.37391911,32.64685149,32.93846304
1116,30.1756703,30.18197496,30.20090438,30.2325084,30.27687531,30.33412238,30.40440515,30.48791495,30.58488042,30.6955747,30.82031706,30.9594801,31.11349261,31.28284524,31.46808394,31.66979401,31.88857253,32.12498506,32.3795161,32.65251402,32.94415553
1117,30.17992839,30.1862369,30.20517786,30.2368011,30.28119497,30.33847683,30.4088025,30.49236375,30.58938994,30.70015518,30.82497987,30.96423766,31.11835784,31.28783036,31.47319858,31.67504266,31.89395193,32.13048235,32.38510855,32.65817097,32.94984233
1118,30.18418909,30.19050144,30.20945393,30.24109641,30.28551725,30.34283396,30.41320262,30.49681546,30.59390258,30.70473902,30.82964627,30.96899896,31.12322674,31.29281873,31.47831557,31.68029224,31.89933046,32.13597686,32.39069658,32.6638225,32.95552362
1119,30.18845238,30.19476858,30.21373261,30.24539432,30.28984217,30.34719378,30.41760552,30.50127011,30.59841834,30.70932621,30.83431625,30.97376395,31.12809923,31.29781026,31.48343481,31.68554268,31.90470809,32.14146861,32.39628027,32.66946875,32.96119954
1120,30.19271827,30.19903831,30.21801388,30.24969485,30.29416973,30.3515563,30.42201123,30.5057277,30.60293725,30.71391678,30.8389898,30.97853261,31.13297527,31.30280485,31.4885562,31.69079391,31.9100848,32.14695765,32.40185972,32.67510985,32.96687023
1121,30.19698675,30.20331064,30.22229776,30.25399799,30.29849994,30.35592153,30.42641973,30.51018825,30.6074593,30.7185107,30.84366691,30.9833049,31.13785479,31.30780244,31.49367964,31.6960458,31.9154605,32.15244396,32.40743504,32.68074599,32.97253592
1122,30.20125784,30.20758557,30.22658424,30.25830375,30.30283279,30.36028947,30.43083106,30.51465176,30.61198451,30.72310799,30.84834755,30.98808079,31.14273773,31.31280292,31.49880505,31.70129833,31.92083521,32.15792761,32.41300629,32.68637726,32.97819669
1123,30.20553152,30.2118631,30.23087332,30.26261214,30.30716831,30.36466014,30.43524521,30.51911825,30.61651289,30.72770865,30.85303171,30.99286022,31.14762403,31.31780623,31.50393235,31.70655142,31.92620889,32.16340863,32.41857358,32.69200379,32.98385266
1124,30.2098078,30.21614324,30.23516502,30.26692315,30.3115065,30.36903354,30.43966221,30.52358773,30.62104444,30.73231265,30.85771936,30.99764316,31.15251361,31.32281228,31.50906147,31.71180503,31.93158154,32.16888706,32.42413699,32.69762567,32.98950395
1125,30.21408668,30.22042598,30.23945933,30.2712368,30.31584736,30.37340969,30.44408206,30.52806022,30.62557916,30.73692001,30.86241048,31.00242956,31.15740641,31.327821,31.51419232,31.7170591,31.93695315,32.17436293,32.4296966,32.70324303,32.99515065
1126,30.21836817,30.22471132,30.24375626,30.27555309,30.32019091,30.37778859,30.44850478,30.53253571,30.63011706,30.74153071,30.86710505,31.00721937,31.16230238,31.33283231,31.51932484,31.72231358,31.94232372,32.17983629,32.43525249,32.70885595,33.00079287
1127,30.22265226,30.22899927,30.2480558,30.27987203,30.32453714,30.38217026,30.45293036,30.53701421,30.63465814,30.74614476,30.87180308,31.0120126,31.16720148,31.33784616,31.52445894,31.72756836,31.94769313,32.1853071,32.44080474,32.71446465,33.00643088
1128,30.22693896,30.23328983,30.25235797,30.28419361,30.32888607,30.3865547,30.45735883,30.54149574,30.63920241,30.75076214,30.87650451,31.01680918,31.17210363,31.34286246,31.52959456,31.73282344,31.95306144,32.19077545,32.44635342,32.72006915,33.01206467
1129,30.23122826,30.237583,30.25666277,30.28851785,30.33323771,30.39094191,30.46179019,30.5459803,30.64374986,30.75538284,30.88120933,31.02160905,31.17700877,31.34788115,31.53473164,31.73807877,31.95842865,32.19624137,32.4518986,32.72566955,33.01769434
1130,30.23552018,30.2418788,30.2609702,30.29284474,30.33759205,30.39533192,30.46622444,30.55046789,30.64830049,30.76000685,30.8859175,31.02641218,31.18191685,31.35290216,31.53987013,31.74333434,31.96379476,32.2017049,32.45744035,32.73126593,33.02331997
1131,30.23981472,30.24617721,30.26528026,30.29717431,30.34194912,30.39972474,30.47066161,30.55495853,30.65285431,30.76463416,30.890629,31.03121852,31.1868278,31.35792544,31.54500998,31.74859011,31.96915979,32.20716609,32.46297874,32.73685836,33.02894164
1132,30.24411187,30.25047825,30.26959297,30.30150655,30.34630891,30.40412035,30.4751017,30.55945222,30.65741131,30.76926475,30.8953438,31.03602803,31.19174156,31.36295091,31.55015113,31.75384605,31.97452373,32.21262496,32.46851384,32.74244694,33.03455943
1133,30.24841165,30.25478191,30.27390832,30.30584147,30.35067144,30.40851878,30.4795447,30.56394895,30.6619715,30.77389862,30.9000619,31.0408407,31.19665813,31.36797853,31.55529349,31.75910204,31.97988646,32.21808149,32.47404572,32.74803186,33.04017358
1134,30.25271405,30.2590882,30.27822632,30.31017907,30.35503671,30.41292004,30.48399063,30.56844874,30.66653486,30.77853575,30.90478325,31.04565647,31.20157741,31.37300824,31.56043704,31.76435811,31.98524808,32.22353575,32.47957444,32.75361312,33.04578408
1135,30.25701908,30.26339713,30.28254697,30.31451936,30.35940472,30.41732412,30.4884395,30.57295159,30.67110139,30.78317613,30.90950784,31.05047529,31.20649936,31.37803998,31.56558174,31.76961424,31.99060857,32.22898778,32.48510006,32.7591908,33.051391
1136,30.26132675,30.2677087,30.28687029,30.31886235,30.36377549,30.42173104,30.49289131,30.57745749,30.67567109,30.78781974,30.91423561,31.05529712,31.21142393,31.3830737,31.57072753,31.7748704,31.99596795,32.23443761,32.49062262,32.76476497,33.05699442
1137,30.26563705,30.27202292,30.29119627,30.32320805,30.36814903,30.4261408,30.49734607,30.58196646,30.68024395,30.79246656,30.91896656,31.06012192,31.21635107,31.38810935,31.5758744,31.78012658,32.00132622,32.23988528,32.4961422,32.7703357,33.0625944
1138,30.26995,30.27633978,30.29552492,30.32755646,30.37252533,30.43055342,30.50180378,30.58647848,30.68481996,30.79711657,30.92370064,31.06494964,31.22128072,31.39314689,31.58102229,31.78538276,32.00668339,32.24533081,32.50165884,32.77590306,33.06819101
1139,30.27426559,30.2806593,30.29985625,30.33190758,30.37690442,30.4349689,30.50626445,30.59099357,30.68939911,30.80176976,30.92843783,31.06978027,31.22621285,31.39818626,31.58617115,31.7906389,32.01203943,32.25077422,32.5071726,32.78146715,33.0737844
1140,30.27858384,30.28498148,30.30419026,30.33626143,30.38128628,30.43938724,30.51072808,30.59551171,30.69398141,30.80642612,30.93317812,31.07461375,31.23114743,31.40322742,31.59132094,31.79589494,32.01739433,32.25621554,32.51268356,32.78702818,33.07937827
1141,30.28290474,30.28930633,30.30852696,30.340618,30.38567093,30.44380845,30.51519467,30.60003291,30.69856684,30.81108563,30.93792147,31.07945007,31.23608439,31.40827032,31.59647163,31.80115088,32.0227481,32.26165479,32.51819181,32.7925874,33.08499595
1142,30.2872283,30.29363384,30.31286636,30.34497731,30.39005838,30.44823253,30.51966422,30.60455717,30.70315539,30.81574826,30.94266785,31.08428917,31.24102371,31.41331493,31.60162317,31.80640672,32.02810075,32.26709203,32.52369762,32.79814806,33.09065476
1143,30.29155454,30.29796403,30.31720845,30.34933936,30.39444863,30.45265949,30.52413674,30.60908448,30.70774705,30.82041401,30.94741724,31.08913101,31.24596532,31.41836119,31.60677554,31.81166242,32.0334523,32.27252734,32.52920173,32.80371557,33.09632879
1144,30.29588344,30.3022969,30.32155324,30.35370415,30.39884169,30.45708933,30.52861223,30.61361485,30.71234182,30.82508285,30.9521696,31.09397557,31.2509092,31.42340906,31.6119287,31.81691799,32.03880276,32.2779609,32.53470547,32.80929202,33.10201513
1145,30.30021502,30.30663245,30.32590075,30.3580717,30.40323755,30.46152206,30.5330907,30.61814826,30.71693968,30.82975477,30.95692491,31.09882279,31.2558553,31.42845852,31.61708264,31.82217339,32.04415218,32.28339304,32.54021027,32.81487574,33.10771214
1146,30.30454929,30.3109707,30.33025097,30.362442,30.40763624,30.46595768,30.53757213,30.62268471,30.72154063,30.83442973,30.96168314,31.10367266,31.26080357,31.43350951,31.6222373,31.82742864,32.04950063,32.28882424,32.54571688,32.82046568,33.11341902
1147,30.30888624,30.31531164,30.33460392,30.36681508,30.41203775,30.4703962,30.54205654,30.62722421,30.72614464,30.83910774,30.96644426,31.10852513,31.26575399,31.43856201,31.62739268,31.83268374,32.05484825,32.29425498,32.55122562,32.826062,33.11913452
1148,30.31322589,30.31965529,30.33895959,30.37119092,30.41644209,30.47483762,30.54654392,30.63176674,30.73075172,30.84378876,30.97120824,31.11338017,31.27070652,31.44361597,31.63254875,31.83793871,32.06019521,32.29968565,32.55673673,32.83166461,33.12485783
1149,30.31756824,30.32400164,30.343318,30.37556953,30.42084926,30.47928194,30.55103428,30.6363123,30.73536184,30.84847277,30.97597506,31.11823774,31.27566111,31.44867137,31.63770549,31.84319359,32.06554169,32.30511659,32.56225049,32.83727319,33.13058816
1150,30.3219133,30.32835071,30.34767914,30.37995093,30.42525927,30.48372916,30.55552761,30.64086089,30.739975,30.85315976,30.98074468,31.12309781,31.28061773,31.45372817,31.64286289,31.84844843,32.0708879,32.31054811,32.56776708,32.84288735,33.13632489
1151,30.32626106,30.3327025,30.35204303,30.38433511,30.42967212,30.4881793,30.56002391,30.64541249,30.74459118,30.8578497,30.98551709,31.12796034,31.28557635,31.45878635,31.64802096,31.85370331,32.07623401,32.31598043,32.57328664,32.8485067,33.14206755
1152,30.33061155,30.33705701,30.35640967,30.38872209,30.43408781,30.49263234,30.56452317,30.6499671,30.74921038,30.86254258,30.99029224,31.13282532,31.29053694,31.46384589,31.65317971,31.85895833,32.08158019,32.3214137,32.57880909,32.85413114,33.14781601
1153,30.33496475,30.34141426,30.36077907,30.39311186,30.43850636,30.49708829,30.56902541,30.65452472,30.75383257,30.86723837,30.99507013,31.13769269,31.29549946,31.46890676,31.65833915,31.86421354,32.08692662,32.3268482,32.58433461,32.85976028,33.15356967
1154,30.33932069,30.34577424,30.36515123,30.39750443,30.44292776,30.50154715,30.57353062,30.65908534,30.75845774,30.87193706,30.99985071,31.14256244,31.30046388,31.47396894,31.66349927,31.86946902,32.09227349,32.33228413,32.58986325,32.86539386,33.15932817
1155,30.34367935,30.35013696,30.36952615,30.40189981,30.44735202,30.50600893,30.57803878,30.66364895,30.76308588,30.87663861,31.00463396,31.14743453,31.30543019,31.47903244,31.66866015,31.87472489,32.09762088,32.33772149,32.59539483,32.87103193,33.16509155
1156,30.34804076,30.35450243,30.37390385,30.406298,30.45177914,30.51047362,30.58254991,30.66821554,30.76771698,30.88134303,31.00941986,31.15230893,31.31039834,31.48409723,31.67382177,31.87998122,32.10296898,32.34316053,32.60092948,32.87667414,33.17085934
1157,30.35240491,30.35887066,30.37828432,30.410699,30.45620912,30.51494123,30.587064,30.6727851,30.77235102,30.88605027,31.01420838,31.15718562,31.31536831,31.4891633,31.67898418,31.88523809,32.10831792,32.34860134,32.60646714,32.88232038,33.17663135
1158,30.35677182,30.36324164,30.38266758,30.41510282,30.46064196,30.51941175,30.59158104,30.67735763,30.77698798,30.89076033,31.0189995,31.16206457,31.3203401,31.49423067,31.68414743,31.89049561,32.11366777,32.35404388,32.61200773,32.8879706,33.18240757
1159,30.36114147,30.36761538,30.38705362,30.41950947,30.46507768,30.52388519,30.59610103,30.68193312,30.78162786,30.89547317,31.02379318,31.16694575,31.32531368,31.49929933,31.68931155,31.89575385,32.11901868,32.35948832,32.61755127,32.89362459,33.18818769
1160,30.36551389,30.3719919,30.39144245,30.42391894,30.46951627,30.52836154,30.60062396,30.68651156,30.78627064,30.90018879,31.02858941,31.17182913,31.33028903,31.50436929,31.69447658,31.90101289,32.12437072,32.36493468,32.62309771,32.89928227,33.19397163
1161,30.36988908,30.37637119,30.39583408,30.42833125,30.47395772,30.5328408,30.60514984,30.69109293,30.7909163,30.90490716,31.03338816,31.17671471,31.33526614,31.50944056,31.69964257,31.90627281,32.12972396,32.37038296,32.62864702,32.90494356,33.1997593
1162,30.37426704,30.38075326,30.40022851,30.43274638,30.47840206,30.53732298,30.60967865,30.69567723,30.79556482,30.90962826,31.03818941,31.18160245,31.34024499,31.51451315,31.70480956,31.91153369,32.13507852,32.37583326,32.63419918,32.91060832,33.20555051
1163,30.37864777,30.38513811,30.40462575,30.43716436,30.48284926,30.54180806,30.6142104,30.70026445,30.80021621,30.91435208,31.04299315,31.18649234,31.34522561,31.51958709,31.70997761,31.91679555,32.14043434,32.38128551,32.63975415,32.91627655,33.2113453
1164,30.38303128,30.38952574,30.40902579,30.44158517,30.48729934,30.54629606,30.61874507,30.70485458,30.80487042,30.91907859,31.04779934,31.19138438,31.35020798,31.52466239,31.71514673,31.92205848,32.14579156,32.3867398,32.64531192,32.92194812,33.21714348
1165,30.38741758,30.39391618,30.41342864,30.44600882,30.4917523,30.55078696,30.62328265,30.70944761,30.80952747,30.92380777,31.05260797,31.19627852,31.35519207,31.52973905,31.72031699,31.92732256,32.15115027,32.39219617,32.65087244,32.92762291,33.22294492
1166,30.39180667,30.39830941,30.41783432,30.45043533,30.49620814,30.55528077,30.62782316,30.71404353,30.81418732,30.92853961,31.05741901,31.20117475,31.36017787,31.53481708,31.72548842,31.93258786,32.15651056,32.39765467,32.65643569,32.93330082,33.22874948
1167,30.39619856,30.40270544,30.42224281,30.45486468,30.50066686,30.55977748,30.63236658,30.71864232,30.81884997,30.93327409,31.06223245,31.20607305,31.36516539,31.53989651,31.73066105,31.93785443,32.16187244,32.4031153,32.66200164,32.93898181,33.23455711
1168,30.40059325,30.40710427,30.42665413,30.45929687,30.50512845,30.56427709,30.63691289,30.72324399,30.82351539,30.93801119,31.06704829,31.21097345,31.37015467,31.54497737,31.73583492,31.94312224,32.16723583,32.40857799,32.66757028,32.94466591,33.2403679
1169,30.40499074,30.41150592,30.43106827,30.46373192,30.50959292,30.5687796,30.6414621,30.72784851,30.82818359,30.94275089,31.07186648,31.21587591,31.37514567,31.55005967,31.74101008,31.9483914,32.1726009,32.41404282,32.67314155,32.95035298,33.24618162
1170,30.40939103,30.41591038,30.43548524,30.46816983,30.51406027,30.573285,30.6460142,30.73245588,30.83285453,30.94749318,31.07668702,31.22078041,31.38013839,31.55514343,31.74618657,31.95366197,32.17796768,32.41950984,32.67871545,32.95604292,33.25199818
1171,30.41379414,30.42031766,30.43990505,30.47261059,30.5185305,30.57779329,30.65056918,30.73706608,30.8375282,30.95223803,31.08150988,31.22568693,31.38513283,31.56022865,31.75136442,31.95893402,32.18333624,32.42497904,32.68429193,32.96173566,33.2578175
1172,30.41820007,30.42472776,30.44432769,30.47705421,30.52300361,30.58230447,30.65512704,30.74167911,30.84220461,30.95698544,31.08633507,31.2305955,31.39012902,31.56531538,31.75654365,31.9642075,32.18870651,32.43045038,32.68987099,32.96743126,33.26363966
1173,30.42260881,30.42914068,30.44875317,30.48150068,30.52747959,30.58681854,30.65968776,30.74629495,30.84688372,30.96173539,31.09116258,31.23550611,31.39512697,31.57040363,31.76172429,31.96948247,32.19407852,32.43592386,32.6954526,32.97312966,33.26946458
1174,30.42702038,30.43355643,30.45318149,30.48595001,30.53195844,30.59133548,30.66425135,30.7509136,30.85156552,30.96648787,31.09599237,31.24041874,31.40012666,31.57549341,31.76690639,31.97475898,32.19945234,32.44139952,32.70103672,32.97883077,33.27529215
1175,30.43143477,30.43797501,30.45761266,30.4904022,30.53644017,30.5958553,30.66881779,30.75553504,30.85625001,30.97124286,31.10082445,31.24533338,31.4051281,31.58058476,31.77208998,31.98003709,32.204828,32.44687736,32.70662333,32.98453452,33.28112231
1176,30.435852,30.44239643,30.46204667,30.49485726,30.54092478,30.60037799,30.67338707,30.76015927,30.86093716,30.97600033,31.10565878,31.25025002,31.4101313,31.58567768,31.77727509,31.98531682,32.21020554,32.45235739,32.71221241,32.99024088,33.28695501
1177,30.44027205,30.44682068,30.46648353,30.49931517,30.54541225,30.60490355,30.6779592,30.76478626,30.86562697,30.9807603,31.1104954,31.25516869,31.41513628,31.59077219,31.78246171,31.99059812,32.21558487,32.45783954,32.71780395,32.99594991,33.29279034
1178,30.44469494,30.45124777,30.47092323,30.50377594,30.54990258,30.60943196,30.68253415,30.76941602,30.87031943,30.98552275,31.11533427,31.26008937,31.42014305,31.59586832,31.7876499,31.99588108,32.22096608,32.46332386,32.72339793,33.00166151,33.29862816
1179,30.44912066,30.4556777,30.47536578,30.50823957,30.55439579,30.61396324,30.68711192,30.77404853,30.87501451,30.99028765,31.12017538,31.26501206,31.4251516,31.60096609,31.79283968,32.00116572,32.22634918,32.46881035,32.72899431,33.00737563,33.30446844
1180,30.45354923,30.46011047,30.47981119,30.51270606,30.55889186,30.61849737,30.69169251,30.77868377,30.87971221,30.99505499,31.12501872,31.26993675,31.43016194,31.60606551,31.79803108,32.00645209,32.2317342,32.47429901,32.73459308,33.01309223,33.31031113
1181,30.45798063,30.46454608,30.48425944,30.51717541,30.56339078,30.62303434,30.69627591,30.78332175,30.88441253,30.99982479,31.12986431,31.27486346,31.4351741,31.61116658,31.80322409,32.01174013,32.2371211,32.47978981,32.74019423,33.01881134,33.31615627
1182,30.46241487,30.46898454,30.48871054,30.52164761,30.56789256,30.62757415,30.7008621,30.78796245,30.88911545,31.00459703,31.13471214,31.27979219,31.44018807,31.61626933,31.80841872,32.01702987,32.24250989,32.48528275,32.74579776,33.02453295,33.32200383
1183,30.46685196,30.47342584,30.49316449,30.52612267,30.57239719,30.63211679,30.70545109,30.79260586,30.89382096,31.00937169,31.13956219,31.28472294,31.44520387,31.62137378,31.81361502,32.02232136,32.2479006,32.49077784,32.75140363,33.03025697,33.32785372
1184,30.47129189,30.47786998,30.49762129,30.53060058,30.57690467,30.63666227,30.71004286,30.79725198,30.89852905,31.01414876,31.14441445,31.28965568,31.45022149,31.62647994,31.81881302,32.02761464,32.25329327,32.49627509,32.75701181,33.03598337,33.33370592
1185,30.47573467,30.48231699,30.50208095,30.53508135,30.58141501,30.64121057,30.7146374,30.80190078,30.90323969,31.01892822,31.14926891,31.29459044,31.45524096,31.63158784,31.82401274,32.03290972,32.2586879,32.50177448,32.76262229,33.04171213,33.33956039
1186,30.48018031,30.48676684,30.50654347,30.53956498,30.58592819,30.64576169,30.71923471,30.80655226,30.90795289,31.02371006,31.15412557,31.2995272,31.46026226,31.63669749,31.82921421,32.03820662,32.2640845,32.50727601,32.76823505,33.04744319,33.34541708
1187,30.4846288,30.49121955,30.51100884,30.54405146,30.59044422,30.65031563,30.72383479,30.81120641,30.91266863,31.02849428,31.15898441,31.30446596,31.46528542,31.6418089,31.83441744,32.04350539,32.26948311,32.51277969,32.77385006,33.05317654,33.35127595
1188,30.48908012,30.4956751,30.51547706,30.54854078,30.59496307,30.65487237,30.72843761,30.81586324,30.91738692,31.03328091,31.16384548,31.30940675,31.47031045,31.64692207,31.83962238,32.04880592,32.27488362,32.51828549,32.77946736,33.05891225,33.35713712
1189,30.4935343,30.5001335,30.51994812,30.55303295,30.59948476,30.65943192,30.73304318,30.82052272,30.92210775,31.03806991,31.16870875,31.31434958,31.47533735,31.65203701,31.84482908,32.05410827,32.2802861,32.52379341,32.78508692,33.06465026,33.36300049
1190,30.49799133,30.50459475,30.52442203,30.55752797,30.60400928,30.66399426,30.73765149,30.82518484,30.92683109,31.04286128,31.17357421,31.31929442,31.48036614,31.65715375,31.85003757,32.05941249,32.28569057,32.52930346,32.7907087,33.07039051,33.36886603
1191,30.50245121,30.50905885,30.5288988,30.56202582,30.60853662,30.66855939,30.74226253,30.8298496,30.93155695,31.047655,31.17844185,31.32424128,31.4853968,31.6622723,31.85524788,32.06471858,32.29109703,32.53481562,32.7963327,33.07613299,33.37473368
1192,30.50691394,30.51352581,30.53337842,30.56652653,30.61306679,30.6731273,30.74687629,30.83451699,30.9362853,31.05245107,31.18331167,31.32919016,31.49042937,31.66739268,31.86046001,32.07002657,32.29650549,32.54032991,32.80195888,33.08187765,33.38060344
1193,30.51137954,30.51799562,30.53786089,30.57103007,30.61759978,30.677698,30.75149276,30.839187,30.94101614,31.05724947,31.18818367,31.33414107,31.49546384,31.6725149,31.86567399,32.07533647,32.30191597,32.54584631,32.80758725,33.08762449,33.38647526
1194,30.51584798,30.52246829,30.54234621,30.57553646,30.62213559,30.68227147,30.75611194,30.84385961,30.94574947,31.0620502,31.19305783,31.33909399,31.50050022,31.67763898,31.87088984,32.0806483,32.30732847,32.55136482,32.81321777,33.09337347,33.39234913
1195,30.52031928,30.5269438,30.54683437,30.58004567,30.6266742,30.68684771,30.76073382,30.84853483,30.95048528,31.06685328,31.1979342,31.34404896,31.50553852,31.6827649,31.8761075,32.08596201,32.31274294,32.55688542,32.81885048,33.09912465,33.39822511
1196,30.52479342,30.53142216,30.55132537,30.58455771,30.63121562,30.69142671,30.7653584,30.85321266,30.95522357,31.07165869,31.20281274,31.34900597,31.51057875,31.68789269,31.88132703,32.09127762,32.31815942,32.56240811,32.82448534,33.10487797,33.40410314
1197,30.52927041,30.53590336,30.55581921,30.58907258,30.63575983,30.69600846,30.76998566,30.85789307,30.95996433,31.07646643,31.20769346,31.35396503,31.51562092,31.69302235,31.88654843,32.09659516,32.32357789,32.5679329,32.83012235,33.11063342,33.40998319
1198,30.53375025,30.54038742,30.5603159,30.59359028,30.64030685,30.70059296,30.77461559,30.86257606,30.96470755,31.0812765,31.21257636,31.35892613,31.52066502,31.69815389,31.89177171,32.10191462,32.32899837,32.57345977,32.83576148,33.11639098,33.41586526
1199,30.53823294,30.54487431,30.56481542,30.59811079,30.64485665,30.70518021,30.7792482,30.86726163,30.96945323,31.08608888,31.21746144,31.36388928,31.52571108,31.70328733,31.89699687,32.107236,32.33442085,32.57898871,32.84140274,33.12215066,33.42174935
1200,30.54271846,30.54936405,30.56931777,30.60263412,30.64940923,30.70977018,30.78388348,30.87194977,30.97420136,31.0909036,31.22234871,31.36885448,31.53075909,31.70842265,31.90222392,32.1125593,32.33984532,32.58451973,32.84704611,33.1279124,33.42763427
1201,30.54720683,30.55385663,30.57382295,30.60716025,30.6539646,30.71436289,30.78852142,30.87664048,30.97895195,31.09572062,31.22723816,31.37382175,31.53580906,31.71355988,31.90745286,32.11788455,32.34527179,32.59005281,32.85269154,33.13367423,33.43345267
1202,30.55169804,30.55835204,30.57833095,30.6116892,30.65852274,30.71895833,30.79316201,30.88133375,30.98370497,31.10053996,31.23212979,31.37879107,31.54086099,31.71869903,31.91268371,32.12321173,32.35070026,32.59558794,32.85833857,33.13942845,33.43920641
1203,30.55619209,30.56285028,30.58284178,30.61622095,30.66308365,30.72355648,30.79780524,30.88602957,30.98846044,31.10536161,31.2370236,31.38376245,31.5459149,31.7238401,31.91791648,32.12854087,32.35613074,32.60112501,32.86398579,33.14516567,33.44492261
1204,30.56068897,30.56735137,30.58735544,30.6207555,30.66764733,30.72815735,30.80245112,30.89072793,30.99321833,31.11018557,31.24191958,31.3887359,31.55097078,31.72898309,31.92315117,32.13387196,32.3615632,32.60666372,32.86963069,33.15088378,33.45061046
1205,30.56518869,30.57185528,30.59187191,30.62529285,30.67221377,30.73276093,30.80709963,30.89542884,30.99797866,31.11501183,31.24681775,31.39371141,31.55602865,31.73412802,31.92838779,32.13920499,32.36699757,32.61220347,32.87527098,33.15658435,33.45627425
1206,30.56969124,30.57636201,30.5963912,30.629833,30.67678297,30.73736721,30.81175077,30.90013228,31.00274141,31.11984039,31.25171809,31.398689,31.5610885,31.73927489,31.93362634,32.14453997,32.3724337,32.61774345,32.88090516,33.16226883,33.46191637
1207,30.57419662,30.58087158,30.6009133,30.63437593,30.68135492,30.74197619,30.81640454,30.90483825,31.00750657,31.12467125,31.25662062,31.40366866,31.56615035,31.74442371,31.93886682,32.14987685,32.37787136,32.62328282,32.88653259,33.16793784,33.46753878
1208,30.57870482,30.58538396,30.60543821,30.63892165,30.68592961,30.74658786,30.82106092,30.90954675,31.01227416,31.12950441,31.26152532,31.4086504,31.57121419,31.74957448,31.94410924,32.15521556,32.38331021,32.62882091,32.89215289,33.17359195,33.47314319
1209,30.58321585,30.58989917,30.60996593,30.64347014,30.69050705,30.75120221,30.82571992,30.91425776,31.01704415,31.13433986,31.26643221,31.41363421,31.57628004,31.75472721,31.94935357,32.16055603,32.38874998,32.63435699,32.89776552,33.17923184,33.4787313
1210,30.5877297,30.59441719,30.61449645,30.64802142,30.69508723,30.75581925,30.83038152,30.91897129,31.02181655,31.13917761,31.27134128,31.41862011,31.5813479,31.75988189,31.95459979,32.16589811,32.39419028,32.63989063,32.9033704,33.18485825,33.484304
1211,30.59224636,30.59893803,30.61902977,30.65257547,30.69967014,30.76043896,30.83504572,30.92368733,31.02659136,31.14401764,31.27625253,31.42360809,31.58641776,31.76503853,31.95984787,32.17124171,32.3996308,32.64542129,32.90896724,33.19047179,33.4898626
1212,30.59676584,30.60346167,30.62356588,30.65713228,30.70425577,30.76506135,30.83971252,30.92840587,31.03136856,31.14885997,31.28116595,31.42859816,31.59148964,31.77019711,31.96509777,32.17658662,32.40507117,32.6509487,32.91455615,33.19607304,33.49540759
1213,30.60128814,30.60798812,30.62810478,30.66169186,30.70884413,30.76968639,30.84438191,30.93312692,31.03614817,31.15370459,31.28608157,31.43359032,31.59656353,31.77535763,31.97034941,32.1819327,32.41051108,32.65647249,32.92013702,33.20166256,33.50093989
1214,30.60581324,30.61251738,30.63264647,30.6662542,30.71343521,30.7743141,30.84905388,30.93785045,31.04093016,31.15855149,31.29099936,31.43858456,31.60163943,31.78052005,31.97560273,32.18727973,32.41595026,32.66199248,32.92571003,33.20724073,33.50645995
1215,30.61034114,30.61704943,30.63719095,30.6708193,30.718029,30.77894447,30.85372844,30.94257649,31.04571455,31.16340068,31.29591934,31.4435809,31.60671733,31.78568436,31.98085763,32.19262755,32.42138846,32.66750847,32.93127523,33.21280796,33.51196831
1216,30.61487185,30.62158428,30.6417382,30.67538715,30.7226255,30.78357748,30.85840557,30.947305,31.05050133,31.16825215,31.3008415,31.44857933,31.61179722,31.79085051,31.98611402,32.19797598,32.42682547,32.67302036,32.93683274,33.21836459,33.51746542
1217,30.61940535,30.62612192,30.64628823,30.67995774,30.7272247,30.78821314,30.86308528,30.952036,31.05529049,31.1731059,31.30576584,31.45357985,31.61687911,31.7960185,31.99137183,32.20332484,32.43226098,32.67852782,32.94238258,33.22391113,33.52295197
1218,30.62394165,30.63066235,30.65084103,30.68453108,30.7318266,30.79285144,30.86776755,30.95676948,31.06008203,31.17796194,31.31069237,31.45858245,31.62196297,31.80118825,31.99663093,32.20867396,32.43769485,32.68403088,32.9479249,33.22944781,33.52842823
1219,30.62848074,30.63520556,30.6553966,30.68910715,30.7364312,30.79749238,30.87245238,30.96150544,31.06487595,31.18282025,31.31562107,31.46358713,31.62704879,31.80635971,32.00189123,32.21402319,32.44312695,32.68952946,32.95345981,33.2349749,33.53389451
1220,30.63302261,30.63975156,30.65995494,30.69368596,30.74103848,30.80213595,30.87713977,30.96624387,31.06967225,31.18768084,31.32055196,31.4685939,31.63213655,31.81153287,32.00715263,32.21937235,32.448557,32.69502338,32.95898738,33.24049283,33.5393514
1221,30.63756727,30.64430033,30.66451603,30.69826749,30.74564845,30.80678214,30.88182971,30.97098476,31.07447092,31.19254371,31.32548502,31.47360272,31.63722622,31.81670762,32.01241501,32.22472131,32.45398495,32.70051268,32.96450775,33.24600175,33.54479902
1222,30.64211471,30.64885188,30.66907988,30.70285176,30.7502611,30.81143096,30.88652221,30.97572812,31.07927197,31.19740885,31.33042025,31.47861361,31.64231776,31.82188393,32.01767827,32.23006993,32.45941069,32.70599735,32.97002104,33.25150191,33.55023766
1223,30.64666492,30.6534062,30.67364648,30.70743874,30.75487643,30.81608239,30.89121724,30.98047394,31.08407538,31.20227626,31.33535766,31.48362655,31.64741118,31.82706173,32.0229423,32.23541805,32.46483402,32.71147728,32.97552735,33.25699364,33.55566774
1224,30.6512179,30.65796328,30.67821582,30.71202844,30.75949443,30.82073643,30.89591482,30.98522222,31.08888115,31.20714594,31.34029722,31.48864151,31.65250641,31.83224096,32.02820701,32.24076558,32.47025492,32.71695253,32.9810268,33.26247706,33.56108937
1225,30.65577365,30.66252312,30.68278791,30.71662084,30.76411509,30.82539309,30.90061493,30.98997295,31.09368929,31.21201788,31.34523895,31.49365849,31.65760342,31.83742153,32.03347228,32.2461124,32.4756733,32.72242309,32.98651949,33.2679524,33.56650279
1226,30.66033216,30.66708571,30.68736274,30.72121596,30.76873842,30.83005234,30.90531758,30.99472613,31.09849979,31.21689209,31.35018282,31.49867748,31.66270219,31.84260339,32.03873802,32.25145837,32.48108901,32.72788891,32.99200554,33.27341991,33.57190832
1227,30.66489343,30.67165106,30.6919403,30.72581378,30.7733644,30.8347142,30.91002275,30.99948176,31.10331264,31.22176855,31.35512883,31.50369842,31.66780265,31.84778647,32.04400416,32.25680348,32.48650213,32.7333501,32.99748504,33.27887963,33.57730597
1228,30.66945746,30.67621916,30.69652059,30.7304143,30.77799304,30.83937865,30.91473045,31.00423983,31.10812785,31.22664726,31.36007696,31.50872132,31.67290476,31.8529707,32.04927059,32.2621476,32.49191253,32.73880662,33.00295809,33.2843318,33.58269603
1229,30.67402423,30.68079001,30.70110361,30.73501751,30.78262433,30.84404569,30.91944067,31.00900033,31.11294541,31.23152822,31.36502722,31.51374615,31.67800851,31.85815601,32.05453722,32.26749058,32.4973201,32.74425845,33.00842482,33.28977667,33.58807876
1230,30.67859375,30.68536359,30.70568934,30.73962341,30.78725826,30.84871532,30.92415341,31.01376328,31.11776531,31.23641142,31.36997958,31.51877291,31.68311384,31.86334233,32.05980394,32.27283232,32.50272476,32.74970558,33.01388532,33.29521443,33.5934544
1231,30.68316602,30.68993991,30.7102778,30.74423199,30.79189483,30.85338753,30.92886865,31.01852865,31.12258755,31.24129686,31.37493405,31.52380155,31.68822071,31.86852961,32.06507069,32.2781728,32.50812651,32.75514807,33.01933968,33.30064517,33.59882303
1232,30.68774102,30.69451896,30.71486897,30.74884326,30.79653403,30.85806232,30.93358641,31.02329646,31.12741212,31.24618451,31.37989057,31.52883202,31.69332905,31.87371778,32.07033744,32.283512,32.51352542,32.760586,33.02478797,33.30606893,33.60418468
1233,30.69231876,30.69910074,30.71946284,30.7534572,30.80117587,30.86273968,30.93830667,31.02806669,31.13223902,31.25107438,31.38484916,31.53386433,31.69843883,31.87890676,32.07560405,32.28884978,32.51892134,32.76601932,33.0302303,33.31148598,33.60953965
1234,30.69689922,30.70368524,30.72405942,30.75807381,30.80582033,30.86741961,30.94302943,31.03283933,31.13706825,31.25596646,31.38980981,31.53889844,31.70355001,31.8840965,32.08087045,32.29418605,32.52431422,32.77144806,33.03566679,33.3168965,33.61488815
1235,30.70148241,30.70827246,30.7286587,30.76269309,30.81046742,30.8721021,30.94775469,31.0376144,31.14189981,31.26086074,31.39477249,31.54393433,31.70866256,31.88928692,32.08613655,32.29952072,32.529704,32.77687222,33.04109753,33.32230062,33.62023034
1236,30.70606832,30.71286239,30.73326067,30.76731504,30.81511713,30.87678716,30.95248244,31.04239187,31.14673366,31.2657572,31.39973717,31.54897194,31.71377639,31.89447798,32.09140238,32.30485392,32.53509086,32.78229195,33.04652253,33.32769826,33.62556606
1237,30.71065695,30.71745503,30.73786533,30.77193964,30.81976945,30.88147478,30.95721267,31.04717174,31.15156983,31.27065584,31.40470383,31.55401124,31.71889147,31.89966962,32.09666782,32.31018548,32.54047466,32.78770719,33.05194191,33.33308969,33.63089565
1238,30.71524829,30.72205038,30.74247269,30.7765669,30.82442438,30.88616495,30.96194539,31.05195402,31.15640829,31.27555664,31.40967246,31.55905222,31.72400775,31.90486176,32.10193279,32.31551533,32.54585536,32.793118,33.05735578,33.33847503,33.63621923
1239,30.71984233,30.72664843,30.74708272,30.7811968,30.82908191,30.89085766,30.96668059,31.05673869,31.16124905,31.2804596,31.41464306,31.56409485,31.7291252,31.91005435,32.10719721,32.32084341,32.55123293,32.79852438,33.06276423,33.34385443,33.64153696
1240,30.72443908,30.73124918,30.75169543,30.78582936,30.83374205,30.89555292,30.97141827,31.06152576,31.16609208,31.28536469,31.41961557,31.56913907,31.73424376,31.91524733,32.11246107,32.32616974,32.55660743,32.8039264,33.06816729,33.34922791,33.64684887
1241,30.72903853,30.73585262,30.75631081,30.79046455,30.83840478,30.90025072,30.97615841,31.0663152,31.17093739,31.2902719,31.42458998,31.57418486,31.73936339,31.92044068,32.11772434,32.3314943,32.56197886,32.80932409,33.07356503,33.35459556,33.65215502
1242,30.73364068,30.74045875,30.76092887,30.79510239,30.84307011,30.90495106,30.98090102,31.07110702,31.17578496,31.29518121,31.42956626,31.57923218,31.74448403,31.92563431,32.12298694,32.33681704,32.56734719,32.81471749,33.07895755,33.35995751,33.65745556
1243,30.73824551,30.74506756,30.76554959,30.79974285,30.84773802,30.90965393,30.98564609,31.07590121,31.18063478,31.30009262,31.4345444,31.58428099,31.74960564,31.93082818,32.12824883,32.34213792,32.57271244,32.82010664,33.0843449,33.36531383,33.66275058
1244,30.74285303,30.74967906,30.77017297,30.80438595,30.85240852,30.91435932,30.99039361,31.08069777,31.18548685,31.3050061,31.43952436,31.58933126,31.75472819,31.93602225,32.13350996,32.34745691,32.5780746,32.82549156,33.08972717,33.37066463,33.66804018
1245,30.74746324,30.75429322,30.774799,30.80903167,30.8570816,30.91906724,30.99514358,31.08549667,31.19034114,31.30992164,31.44450614,31.59438297,31.75985163,31.94121647,32.13877027,32.35277395,32.58343361,32.83087226,33.09510443,33.37601006,33.67332452
1246,30.75207612,30.75891006,30.77942769,30.81368001,30.86175726,30.92377767,30.99989599,31.09029793,31.19519766,31.31483922,31.44948969,31.59943608,31.76497591,31.94641078,32.14402974,32.35808905,32.58878953,32.83624881,33.10047673,33.38135014,33.67860363
1247,30.75669167,30.76352957,30.78405902,30.81833096,30.86643548,30.92849062,31.00465084,31.09510152,31.20005638,31.31975882,31.45447499,31.60449054,31.770101,31.95160515,32.14928833,32.36340219,32.59414236,32.84162124,33.10584414,33.38668496,33.68387758
1248,30.76130989,30.76815174,30.788693,30.82298453,30.87111628,30.93320607,31.00940812,31.09990745,31.2049173,31.32468042,31.45946201,31.60954632,31.77522684,31.95679953,32.154546,32.36871335,32.59949212,32.84698959,33.11120672,33.39201458,33.68914646
1249,30.76593078,30.77277657,30.79332962,30.8276407,30.87579963,30.93792402,31.01416782,31.1047157,31.20978041,31.32960401,31.46445073,31.61460338,31.78035339,31.96199388,32.15980272,32.37402253,32.60483881,32.8523539,33.11656453,33.39733909,33.69441032
1250,30.77055433,30.77740405,30.79796887,30.83229948,30.88048554,30.94264448,31.01892995,31.10952626,31.21464568,31.33452956,31.46944111,31.61966169,31.78548061,31.96718815,32.16505847,32.37932971,32.61018247,32.85771422,33.12191763,33.40265853,33.69966924
1251,30.77518053,30.78203418,30.80261076,30.83696085,30.88517401,30.94736742,31.02369448,31.11433913,31.21951311,31.33945705,31.47443315,31.62472123,31.79060849,31.97238231,32.17031318,32.38463482,32.61552302,32.86307053,33.12726608,33.40797307,33.70492338
1252,30.77980938,30.78666695,30.80725527,30.84162482,30.88986502,30.95209285,31.02846142,31.11915429,31.22438267,31.34438648,31.47942681,31.62978195,31.79573697,31.97757633,32.17556684,32.38993788,32.62086051,32.86842288,33.13260995,33.41328273,33.71017277
1253,30.78444089,30.79130237,30.8119024,30.84629138,30.89455857,30.95682075,31.03323075,31.12397173,31.22925437,31.34931781,31.48442205,31.63484383,31.80086601,31.98277017,32.18081943,32.39523889,32.62619495,32.87377133,33.13794927,33.41858757,33.71541745
1254,30.78907503,30.79594042,30.81655215,30.85096052,30.89925466,30.96155113,31.03800247,31.12879144,31.23412817,31.35425102,31.48941886,31.63990682,31.80599558,31.98796378,32.18607092,32.40053783,32.63152638,32.87911591,33.14328411,33.42388765,33.7206575
1255,30.79371182,30.80058111,30.82120451,30.85563224,30.90395328,30.96628398,31.04277658,31.13361342,31.23900407,31.35918609,31.49441719,31.64497089,31.81112564,31.99315715,32.1913213,32.40583471,32.6368548,32.88445664,33.14861451,33.42918302,33.72589296
1256,30.79835123,30.80522442,30.82585948,30.86030654,30.90865444,30.9710193,31.04755305,31.13843765,31.24388205,31.36412299,31.49941702,31.65003601,31.81625615,31.99835024,32.19657054,32.41112953,32.64218023,32.88979358,33.15394052,33.43447375,33.7311239
1257,30.80299328,30.80987036,30.83051705,30.86498341,30.91335811,30.97575707,31.0523319,31.14326411,31.2487621,31.36906171,31.50441833,31.65510213,31.82138707,32.00354301,32.20181862,32.41642227,32.64750267,32.89512674,33.1592622,33.43975989,33.73635038
1258,30.80763796,30.81451892,30.83517722,30.86966285,30.9180643,30.98049728,31.05711309,31.14809281,31.25364418,31.37400223,31.50942109,31.66016925,31.82651839,32.00873544,32.20706551,32.42171291,32.65282213,32.90045615,33.16457959,33.44504154,33.74157249
1259,30.81228525,30.81917009,30.83983999,30.87434484,30.92277301,30.98523994,31.06189664,31.15292371,31.2585283,31.37894453,31.51442528,31.66523733,31.83165007,32.0139275,32.21231118,32.42700143,32.6581386,32.90578185,33.16989276,33.45031874,33.7467903
1260,30.81693516,30.82382387,30.84450535,30.87902939,30.92748421,30.98998503,31.06668251,31.15775682,31.26341443,31.38388857,31.51943086,31.67030635,31.83678209,32.01911916,32.21755561,32.43228783,32.6634521,32.91110384,33.17520174,33.4555916,33.75200705
1261,30.82158769,30.82848026,30.84917329,30.88371649,30.93219792,30.99473255,31.07147072,31.16259211,31.26830256,31.38883436,31.52443783,31.67537626,31.8419144,32.02431039,32.22279879,32.43757211,32.66876265,32.91642219,33.18050662,33.46086282,33.75734785
1262,30.82624282,30.83313924,30.85384381,30.88840614,30.93691412,30.99948249,31.07626124,31.16742958,31.27319267,31.39378185,31.52944614,31.68044705,31.84704698,32.02950117,32.2280407,32.44285426,32.67407025,32.92173692,33.18580808,33.46614996,33.76279853
1263,30.83090056,30.83780083,30.85851691,30.89309833,30.9416328,31.00423484,31.08105407,31.17226921,31.27808474,31.39873103,31.53445577,31.68551867,31.85217979,32.03469146,32.23328133,32.44813429,32.67937494,32.92704823,33.19110931,33.47146809,33.76831359
1264,30.83556089,30.842465,30.86319258,30.89779305,30.94635397,31.00898959,31.08584919,31.177111,31.28297876,31.40368188,31.5394667,31.6905911,31.85731282,32.03988125,32.23852065,32.45341219,32.68467676,32.93235675,33.19641504,33.47681682,33.77388167
1265,30.84022382,30.84713177,30.86787082,30.9024903,30.9510776,31.01374673,31.0906466,31.18195491,31.28787471,31.40863438,31.54447889,31.69566432,31.86244602,32.0450705,32.24375865,32.45868796,32.68997585,32.93766369,33.2017287,33.48219647,33.77949401
1266,30.84488934,30.85180111,30.87255162,30.90719007,30.95580371,31.01850626,31.09544628,31.18680095,31.29277256,31.41358849,31.54949233,31.70073829,31.86757938,32.05025921,32.24899532,32.46396166,32.69527253,32.9429705,33.20705251,33.48760567,33.78514532
1267,30.84955744,30.85647304,30.87723497,30.91189236,30.96053227,31.02326818,31.10024823,31.19164909,31.29767231,31.41854421,31.55450699,31.70581299,31.87271286,32.05544734,32.25423067,32.46923333,32.70056723,32.9482786,33.21238828,33.49304284,33.79083125
1268,30.85422812,30.86114753,30.88192087,30.91659716,30.96526329,31.02803246,31.10505244,31.19649933,31.30257392,31.42350151,31.55952283,31.71088839,31.87784645,32.06063488,32.25946468,32.4745031,32.70586049,32.9535893,33.21773715,33.49850643,33.79654875
1269,30.85890138,30.86582459,30.88660932,30.92130447,30.96999675,31.0327991,31.10985888,31.20135165,31.3074774,31.42846036,31.56453985,31.71596446,31.88298011,32.06582181,32.26469738,32.47977114,32.71115294,32.95890373,33.22309965,33.50399518,33.80229557
1270,30.8635772,30.87050422,30.89130031,30.92601428,30.97473266,31.03756809,31.11466756,31.20620603,31.31238271,31.43342075,31.569558,31.72104118,31.88811382,32.07100812,32.26992882,32.48503767,32.71644521,32.96422294,33.22847628,33.50950785,33.80806951
1271,30.86825559,30.8751864,30.89599383,30.93072657,30.97947099,31.04233942,31.11947845,31.21106245,31.31728984,31.43838265,31.57457728,31.72611853,31.89324756,32.07619381,32.27515905,32.49030296,32.72173794,32.96954768,33.23386708,33.51504345,33.81386911
1272,30.87293654,30.87987114,30.90068988,30.93544136,30.98421174,31.04711309,31.12429155,31.21592092,31.32219878,31.44334605,31.57959765,31.73119647,31.89838132,32.08137888,32.28038819,32.49556735,32.72703173,32.97487852,33.23927205,33.52060108,33.81969307
1273,30.87762005,30.88455842,30.90538845,30.94015862,30.98895491,31.05188908,31.12910685,31.2207814,31.32710949,31.44831091,31.58461908,31.73627498,31.90351507,32.08656334,32.28561629,32.50083109,32.73232719,32.98021631,33.24469142,33.52617967,33.82553968
1274,30.8823061,30.88924824,30.91008953,30.94487836,30.99370049,31.05666739,31.13392432,31.22564388,31.33202197,31.45327722,31.58964156,31.74135405,31.90864881,32.09174725,32.29084356,32.50609456,32.73762477,32.9855612,33.25012493,33.53177863,33.83140826
1275,30.8869947,30.89394059,30.91479313,30.94960057,30.99844847,31.06144799,31.13874397,31.23050835,31.33693619,31.45824496,31.59466507,31.74643365,31.91378252,32.09693059,32.29607006,32.51135806,32.74292508,32.99091391,33.25557271,33.53739699,33.83729731
1276,30.89168584,30.89863548,30.91949923,30.95432523,31.00319884,31.06623089,31.14356577,31.2353748,31.34185214,31.46321411,31.59968957,31.75151376,31.91891621,32.10211347,32.30129603,32.51662193,32.74822843,32.99627447,33.26103444,33.54303428,33.84320639
1277,30.89637951,30.90333289,30.92420783,30.95905234,31.00795159,31.07101608,31.14838972,31.2402432,31.34676979,31.46818464,31.60471506,31.75659437,31.92404988,32.1072959,32.30652159,32.5218865,32.75353533,33.00164333,33.26651007,33.54868973,33.84913441
1278,30.9010757,30.90803282,30.92891892,30.9637819,31.01270671,31.07580353,31.1532158,31.24511354,31.35168914,31.47315653,31.6097415,31.76167546,31.92918354,32.11247797,32.31174694,32.52715208,32.75884612,33.00702063,33.27199941,33.55436282,33.85508075
1279,30.90577442,30.91273526,30.9336325,30.9685139,31.0174642,31.08059325,31.158044,31.24998581,31.35661015,31.47812977,31.61476888,31.76675703,31.93431722,32.11765978,32.31697229,32.53241898,32.76416107,33.01240647,33.27750223,33.56005307,33.86104488
1280,30.91047565,30.91744021,30.93834855,30.97324833,31.02222405,31.08538521,31.16287431,31.25485999,31.36153282,31.48310433,31.61979719,31.77183906,31.93945093,32.12284141,32.3221978,32.53768749,32.76948053,33.01780106,33.28301839,33.56575994,33.86702608
1281,30.91517939,30.92214766,30.94306708,30.97798518,31.02698624,31.09017942,31.1677067,31.25973607,31.36645713,31.48808019,31.6248264,31.77692156,31.9445847,32.12802294,32.32742367,32.54295785,32.77480476,33.02320453,33.28854773,33.57148294,33.87302378
1282,30.91988563,30.9268576,30.94778807,30.98272444,31.03175077,31.09497586,31.17254118,31.26461402,31.37138305,31.49305734,31.6298565,31.78200452,31.94971858,32.13320449,32.33265011,32.54823036,32.78013398,33.02861687,33.29409,33.57722171,33.87903759
1283,30.92459437,30.93157003,30.95251152,30.98746611,31.03651763,31.09977451,31.17737772,31.26949383,31.37631056,31.49803576,31.63488748,31.78708795,31.9548526,32.13838618,32.33787731,32.55350527,32.7854684,33.03403814,33.299645,33.58297585,33.88506705
1284,30.9293056,30.93628493,30.95723742,30.99221018,31.04128681,31.10457537,31.18221631,31.27437549,31.38123966,31.50301543,31.63991933,31.79217186,31.95998682,32.14356809,32.34310541,32.55878276,32.79080824,33.03946849,33.30521263,33.5887449,33.89111157
1285,30.93401931,30.94100232,30.96196576,30.99695664,31.04605829,31.10937842,31.18705694,31.27925898,31.38617033,31.50799634,31.64495204,31.79725626,31.96512128,32.14875036,32.34833465,32.56406308,32.79615364,33.04490784,33.31079266,33.59452859,33.8971709
1286,30.9387355,30.94572217,30.96669654,31.00170548,31.05083208,31.11418366,31.1918996,31.28414428,31.39110254,31.51297847,31.64998561,31.80234116,31.97025606,32.15393312,32.3535652,32.56934643,32.80150471,33.05035617,33.3163849,33.60032661,33.90324469
1287,30.94345416,30.95044447,30.97142975,31.0064567,31.05560815,31.11899106,31.19674426,31.28903139,31.39603628,31.51796181,31.65502003,31.80742659,31.97539119,32.15911646,32.35879719,32.57463299,32.80686169,33.05581362,33.32198923,33.60613855,33.9093324
1288,30.94817529,30.95516924,30.97616538,31.01121027,31.06038651,31.12380063,31.20159093,31.29392028,31.40097154,31.52294634,31.66005529,31.81251258,31.98052677,32.1643005,32.3640308,32.57992293,32.81222462,33.06128011,33.32760546,33.61196416,33.91543381
1289,30.95289887,30.95989644,30.98090342,31.01596621,31.06516713,31.12861234,31.20643957,31.29881093,31.40590829,31.52793206,31.66509141,31.81759914,31.98566285,32.16948539,32.36926622,32.5852164,32.81759361,33.06675561,33.33323343,33.61780317,33.9215486
1290,30.95762489,30.96462609,30.98564387,31.02072449,31.06995001,31.13342619,31.21129019,31.30370334,31.41084654,31.53291895,31.67012839,31.82268632,31.9907995,32.1746712,32.37450356,32.59051359,32.82296881,33.07224017,33.33887299,33.62365526,33.92767642
1291,30.96235336,30.96935816,30.99038671,31.0254851,31.07473514,31.13824217,31.21614276,31.30859749,31.41578626,31.53790701,31.67516624,31.82777413,31.99593679,32.17985807,32.37974297,32.59581462,32.82835029,33.07773374,33.34452399,33.6295202,33.93381699
1292,30.96708427,30.97409266,30.99513194,31.03024805,31.07952251,31.14306025,31.22099727,31.31349337,31.42072743,31.54289624,31.68020496,31.83286263,32.0010748,32.18504611,32.38498461,32.60111961,32.83373811,33.08323629,33.35018627,33.63539773,33.93997006
1293,30.9718176,30.97882958,30.99987955,31.03501331,31.0843121,31.14788043,31.22585371,31.31839096,31.42567006,31.54788663,31.68524457,31.83795185,32.0062136,32.19023543,32.39022861,32.60642872,32.83913235,33.0887478,33.35585969,33.64128763,33.94613535
1294,30.97655335,30.9835689,31.00462954,31.03978089,31.08910391,31.1527027,31.23071206,31.32329024,31.43061413,31.55287817,31.69028507,31.84304182,32.01135327,32.19542614,32.39547508,32.61174205,32.8445331,33.09426824,33.3615441,33.64718965,33.95231262
1295,30.98129151,30.98831062,31.00938188,31.04455076,31.09389793,31.15752704,31.23557232,31.32819121,31.43555962,31.55787087,31.6953265,31.8481326,32.01649387,32.20061834,32.40072417,32.61705972,32.84994038,33.09979756,33.36723935,33.65310359,33.95850165
1296,30.98603207,30.99305473,31.01413658,31.04932292,31.09869414,31.16235345,31.24043447,31.33309385,31.44050654,31.56286473,31.70036886,31.85322421,32.02163548,32.20581213,32.40597599,32.62238183,32.85535426,33.10533573,33.37294532,33.65902923,33.96470221
1297,30.99077503,30.99780123,31.01889363,31.05409737,31.10349254,31.16718191,31.24529849,31.33799816,31.44545487,31.56785974,31.70541216,31.8583167,32.02677817,32.21100762,32.41123066,32.62770851,32.8607748,33.11088273,33.37866187,33.66496636,33.97091403
1298,30.99552038,31.00255009,31.02365301,31.05887408,31.1082931,31.1720124,31.25016438,31.34290411,31.45040461,31.57285592,31.71045644,31.86341013,32.03192202,32.21620492,32.41648828,32.63303981,32.86620202,33.11643848,33.38438887,33.67091481,33.97713699
1299,31.0002681,31.00730133,31.02841472,31.06365306,31.11309583,31.17684493,31.25503212,31.34781171,31.45535575,31.57785327,31.71550172,31.86850453,32.03706711,32.22140411,32.42174897,32.63837582,32.87163593,33.12200294,33.39012619,33.67687442,33.98337089
1300,31.0050182,31.01205492,31.03317875,31.06843428,31.11790071,31.18167946,31.2599017,31.35272093,31.46030829,31.58285179,31.72054802,31.87359997,32.04221352,32.22660531,32.42701281,32.6437166,32.87707655,33.12757603,33.3958737,33.68284503,33.98961558
1301,31.00977065,31.01681086,31.03794509,31.07321775,31.12270773,31.186516,31.26477311,31.35763178,31.46526222,31.5878515,31.72559538,31.8786965,32.04736134,32.2318086,32.4322799,32.64906223,32.88252386,33.1331577,33.40163129,33.6888265,33.99587091
1302,31.01452546,31.02156914,31.04271373,31.07800345,31.12751688,31.19135453,31.26964634,31.36254424,31.47021755,31.59285239,31.7306438,31.88379414,32.05251058,32.23701406,32.43755036,32.65441283,32.88797802,33.13874799,33.40739885,33.69481853,34.00213654
1303,31.01928261,31.02632975,31.04748465,31.08279136,31.13232815,31.19619504,31.27452137,31.3674583,31.47517426,31.59785449,31.73569331,31.88889295,32.05766136,32.24222178,32.44282424,32.65976842,32.89343895,33.14434679,33.41317626,33.70082106,34.00841241
1304,31.0240421,31.03109268,31.05225786,31.08758149,31.13714152,31.20103752,31.2793982,31.37237396,31.48013237,31.60285781,31.74074397,31.89399299,32.06281375,32.24743186,32.44810164,32.66512905,32.89890665,33.14995403,33.41896341,33.70683395,34.01469839
1305,31.02880391,31.03585793,31.05703334,31.09237381,31.14195699,31.20588196,31.28427682,31.37729121,31.48509187,31.60786235,31.74579579,31.89909432,32.06796782,32.25264439,32.45338264,32.67049477,32.90438111,33.15556966,33.4247602,33.71285707,34.02099435
1306,31.03356804,31.04062547,31.06181107,31.09716833,31.14677454,31.21072834,31.28915721,31.38221005,31.49005276,31.61286814,31.75084881,31.90419699,32.07312366,32.25785943,32.45866729,32.6758656,32.90986233,33.1611936,33.43056653,33.7188903,34.02730018
1307,31.03833447,31.04539531,31.06659106,31.10196502,31.15159416,31.21557666,31.29403937,31.38713047,31.49501504,31.61787518,31.75590306,31.90930105,32.0782813,32.26307707,32.46395569,32.68124163,32.91535033,33.16682584,33.43638228,33.72493348,34.03361568
1308,31.04310321,31.05016744,31.07137329,31.10676388,31.15641585,31.22042691,31.2989233,31.39205246,31.49997873,31.6228835,31.76095856,31.91440652,32.08344081,32.26829738,32.4692479,32.68662293,32.92084519,33.17246637,33.44220736,33.7309864,34.03994063
1309,31.04787423,31.05494184,31.07615775,31.1115649,31.16123959,31.22527907,31.30380897,31.39697603,31.50494383,31.62789311,31.76601535,31.91951348,32.08860228,32.27352042,32.47454399,32.6920095,32.92634683,33.1781151,33.44804169,33.73704902,34.04627499
1310,31.05264753,31.0597185,31.08094444,31.11636806,31.16606538,31.23013314,31.30869639,31.40190117,31.50991034,31.63290403,31.77107347,31.92462198,32.09376576,32.27874628,32.479844,32.69740136,32.93185524,33.18377196,33.45388516,33.7431212,34.05261864
1311,31.0574231,31.06449741,31.08573333,31.12117336,31.17089319,31.2349891,31.31358555,31.40682788,31.51487827,31.63791629,31.77613295,31.92973207,32.09893132,32.28397501,32.485148,32.70279855,32.9373704,33.18943691,33.45973769,33.74920286,34.05897148
1312,31.06220093,31.06927857,31.09052442,31.12598079,31.17572303,31.23984695,31.31847644,31.41175616,31.51984763,31.6429299,31.78119385,31.93484382,32.10409903,32.28920669,32.49045602,32.70820107,32.94289231,33.1951099,33.46559921,33.75529388,34.06533339
1313,31.066981,31.07406197,31.0953177,31.13079034,31.18055488,31.24470669,31.32336905,31.41668601,31.52481842,31.64794487,31.78625616,31.93995723,32.10926893,32.29444137,32.49576817,32.71360905,32.94842104,33.2007909,33.47146958,33.76139407,34.07170417
1314,31.07176332,31.07884759,31.10011317,31.13560199,31.18538873,31.24956829,31.32826339,31.42161743,31.52979065,31.65296123,31.79131993,31.94507237,32.11444108,32.29967912,32.50108446,32.71902245,32.95395652,33.20647986,33.47734874,33.76750337,34.07808375
1315,31.07654787,31.08363543,31.10491081,31.14041573,31.19022457,31.25443176,31.33315945,31.42655042,31.53476435,31.65797901,31.79638521,31.95018931,32.11961555,32.30492,32.50640494,32.72444129,32.95949875,33.21217672,33.48323662,33.77362167,34.08447204
1316,31.08133464,31.08842547,31.1097106,31.14523157,31.1950624,31.25929708,31.33805721,31.43148498,31.5397395,31.66299823,31.80145203,31.95530807,32.12479239,32.31016405,32.51172966,32.72986559,32.96504771,33.21788144,33.48913314,33.77974889,34.09086893
1317,31.08612361,31.0932177,31.11451255,31.15004948,31.1999022,31.26416425,31.34295669,31.43642112,31.54471614,31.66801891,31.80652044,31.96042873,32.12997165,32.31541132,32.51705864,32.73529538,32.97060339,33.22359397,33.49503821,33.78588493,34.09727434
1318,31.09091479,31.09801212,31.11931663,31.15486945,31.20474396,31.26903326,31.34785787,31.44135884,31.54969428,31.67304108,31.81159045,31.96555131,32.1351534,32.32066188,32.52239194,32.74073065,32.97616577,33.22931425,33.50095177,33.79202964,34.10368777
1319,31.09570815,31.10280872,31.12412285,31.15969148,31.20958768,31.2739041,31.35276075,31.44629814,31.55467391,31.67806475,31.81666212,31.97067587,32.14033768,32.32591578,32.5277296,32.74617146,32.98173486,33.23504226,33.5068737,33.79818282,34.11010809
1320,31.1005037,31.10760748,31.12893118,31.16451556,31.21443335,31.27877678,31.35766534,31.45123903,31.55965506,31.68308996,31.82173546,31.97580244,32.14552453,32.33117305,32.53307165,32.75161782,32.98731064,33.24077793,33.51280393,33.80434431,34.11653471
1321,31.10530141,31.11240839,31.13374163,31.16934168,31.21928096,31.28365127,31.36257163,31.45618151,31.56463775,31.68811671,31.82681051,31.98093107,32.15071402,32.33643376,32.53841815,32.75706974,32.9928931,33.24652121,33.51874234,33.81051251,34.12288144
1322,31.11010128,31.11721145,31.13855418,31.17416983,31.2241305,31.28852759,31.36747962,31.46112559,31.56962197,31.69314505,31.83188732,31.98606181,32.15590618,32.34169795,32.54376912,32.76252723,32.99848221,33.25227206,33.52468844,33.81667487,34.1291501
1323,31.11490331,31.12201664,31.14336882,31.17899999,31.22898197,31.29340573,31.37238931,31.46607128,31.57460776,31.69817499,31.83696591,31.9911947,32.16110107,32.34696566,32.54912458,32.7679903,33.00407795,33.25803029,33.53063995,33.82281983,34.13537812
1324,31.11970747,31.12682396,31.14818554,31.18383217,31.23383536,31.29828567,31.3773007,31.47101857,31.57959512,31.70320657,31.84204633,31.99632978,32.16629874,32.35223693,32.55448458,32.77345895,33.00968028,33.26379546,33.53659339,33.82894782,34.14157271
1325,31.12451376,31.1316334,31.15300433,31.18866636,31.23869066,31.30316742,31.3822138,31.47596749,31.58458407,31.70823979,31.8471286,32.0014671,32.17149922,32.35751181,32.55984912,32.77893319,33.01528907,33.26956666,33.54254625,33.83505887,34.14774023
1326,31.12932218,31.13644494,31.15782519,31.19350253,31.24354786,31.30805097,31.38712859,31.48091803,31.58957463,31.7132747,31.85221277,32.0066067,32.17670257,32.36279033,32.56521825,32.78441299,33.02090411,33.27534282,33.54849682,33.8411536,34.15388457
1327,31.1341327,31.14125857,31.1626481,31.1983407,31.24840697,31.31293632,31.39204509,31.48587021,31.59456681,31.71831132,31.85729886,32.01174861,32.18190883,32.36807254,32.57059198,32.78989831,33.02652506,33.28112291,33.55444391,33.84723316,34.16000858
1328,31.13894532,31.1460743,31.16747306,31.20318084,31.25326796,31.31782347,31.39696329,31.49082403,31.59956063,31.72334966,31.86238691,32.01689289,32.18711803,32.37335846,32.57597032,32.79538908,33.03215156,33.28690596,33.56038649,33.85329857,34.16611482
1329,31.14376004,31.1508921,31.17230005,31.20802296,31.25813085,31.32271241,31.40188321,31.4957795,31.6045561,31.72838977,31.86747696,32.02203957,32.19233022,32.37864813,32.58135327,32.80088518,33.03778312,33.29269108,33.56632413,33.8593509,34.17220474
1330,31.14857684,31.15571197,31.17712907,31.21286704,31.26299561,31.32760315,31.40680483,31.50073664,31.60955325,31.73343166,31.87256903,32.02718868,32.19754543,32.38394157,32.58674082,32.80638644,33.04341927,33.29847757,33.57225663,33.86539089,34.17827961
1331,31.15339571,31.16053389,31.18196012,31.21771307,31.26786226,31.33249568,31.41172817,31.50569545,31.6145521,31.73847536,31.87766317,32.03234027,32.20276371,32.38923881,32.59213291,32.81189265,33.04905956,33.30426488,33.57818386,33.87141921,34.18434054
1332,31.15821665,31.16535787,31.18679317,31.22256106,31.27273077,31.33738999,31.41665323,31.51065594,31.61955265,31.7435209,31.8827594,32.03749437,32.20798508,32.39453985,32.59752951,32.81740363,33.05470352,33.31005244,33.5841057,33.87743656,34.19038865
1333,31.16303964,31.1701839,31.19162823,31.22741099,31.27760116,31.3422861,31.42158001,31.51561812,31.62455493,31.7485683,31.88785776,32.04265101,32.21320958,32.39984472,32.60293056,32.82291915,33.06035073,33.31583975,33.59002202,33.88344357,34.19642496
1334,31.16786467,31.17501195,31.19646528,31.23226286,31.28247341,31.347184,31.42650852,31.52058201,31.62955896,31.75361758,31.89295828,32.04781024,32.21843723,32.40515339,32.60833595,32.82843896,33.06600082,33.32162658,33.59593296,33.88944071,34.20245006
1335,31.17269174,31.17984203,31.20130432,31.23711665,31.28734752,31.35208368,31.43143877,31.52554761,31.63456476,31.75866878,31.89806099,32.05297209,32.22366807,32.41046588,32.61374563,32.83396285,33.07165337,33.32741245,33.6018384,33.89542862,34.20846493
1336,31.17752085,31.18467412,31.20614534,31.24197238,31.29222349,31.35698516,31.43637075,31.53051494,31.63957234,31.76372192,31.90316593,32.05813658,32.22890209,32.41578214,32.61915944,32.83949054,33.07730814,33.33319733,33.60773857,33.90140758,34.21446983
1337,31.18235197,31.18950823,31.21098833,31.24683002,31.29710131,31.36188842,31.44130447,31.53548401,31.64458172,31.76877703,31.90827311,32.06330375,32.23413933,32.42110216,32.6245773,32.84502182,33.08296472,33.33898082,33.61363343,33.90737817,34.2204656
1338,31.1871851,31.19434433,31.21583329,31.25168958,31.30198098,31.36679348,31.44623995,31.54045483,31.64959292,31.77383412,31.91338257,32.06847361,32.23937979,32.42642589,32.62999906,32.85055647,33.08862294,33.34476292,33.61952316,33.91334062,34.22645245
1339,31.19202024,31.19918243,31.22068021,31.25655104,31.30686251,31.37170033,31.45117719,31.54542742,31.65460597,31.77889324,31.91849434,32.07364621,32.24462347,32.4317533,32.63542461,32.85609424,33.09428249,33.3505434,33.62540784,33.91929538,34.23243098
1340,31.19685738,31.20402251,31.22552909,31.26141442,31.31174588,31.37660898,31.45611619,31.55040178,31.65962087,31.78395438,31.92360845,32.07882153,32.24987036,32.4370843,32.6408538,32.86163497,33.09994324,33.35632224,33.63128758,33.92524267,34.23840143
1341,31.2016965,31.20886457,31.23037991,31.26627969,31.3166311,31.38151942,31.46105696,31.55537793,31.66463765,31.7890176,31.92872491,32.08399962,32.25512045,32.44241884,32.6462865,32.86717846,33.10560498,33.36209932,33.63716249,33.9311828,34.24436419
1342,31.20653761,31.21370861,31.23523267,31.27114686,31.32151817,31.38643166,31.46599951,31.56035589,31.66965633,31.79408289,31.93384375,32.08918049,32.26037375,32.4477569,32.6517226,32.87272447,33.1112674,33.36787445,33.64303266,33.93711619,34.25031978
1343,31.21138069,31.2185546,31.24008737,31.27601592,31.32640707,31.39134571,31.47094384,31.56533566,31.67467693,31.7991503,31.93896501,32.09436416,32.26563026,32.45309841,32.65716196,32.87827283,33.11693036,33.37364758,33.64889819,33.9430431,34.25626851
1344,31.21622574,31.22340256,31.244944,31.28088687,31.33129783,31.39626156,31.47588997,31.57031727,31.67969947,31.80421984,31.94408868,32.0995506,32.27088989,32.45844325,32.66260446,32.88382346,33.12259387,33.37941882,33.65475922,33.94896357,34.2622104
1345,31.22107276,31.22825247,31.24980256,31.28575971,31.33619042,31.40117923,31.4808379,31.57530071,31.68472395,31.80929153,31.9492148,32.10473985,32.27615268,32.46379138,32.66804996,32.88937611,33.12825763,33.38518798,33.66061582,33.95487803,34.26814598
1346,31.22592172,31.23310432,31.25466303,31.29063443,31.34108486,31.4060987,31.48578765,31.58028601,31.68975041,31.8143654,31.95434339,32.10993193,32.28141861,32.46914276,32.67349834,32.8949306,33.13392146,33.39095497,33.66646811,33.96078675,34.27407558
1347,31.23077264,31.23795811,31.25952542,31.29551103,31.34598114,31.41101999,31.49073921,31.58527319,31.69477886,31.81944145,31.95947445,32.11512679,32.2866876,32.47449726,32.67894951,32.9004869,33.13958545,33.39671994,33.67231618,33.96668973,34.27999915
1348,31.2356255,31.24281384,31.26438972,31.3003895,31.35087927,31.41594311,31.4956926,31.59026224,31.69980931,31.82451972,31.96460799,32.12032445,32.29195963,32.47985483,32.68440332,32.90604483,33.14524941,33.4024828,33.67816014,33.97258725,34.28591704
1349,31.24048029,31.2476715,31.26925593,31.30526986,31.35577923,31.42086805,31.50064783,31.5952532,31.70484179,31.82960022,31.96974405,32.12552492,32.29723468,32.48521539,32.68985966,32.91160423,33.1509132,33.40824351,33.68400009,33.97847956,34.29182953
1350,31.24533702,31.25253108,31.27412404,31.31015208,31.36068105,31.42579482,31.5056049,31.60024606,31.70987631,31.83468296,31.97488261,32.13072818,32.30251272,32.49057888,32.69531842,32.91716499,33.15657674,33.41400208,33.68983612,33.98436681,34.2977368
1351,31.25019567,31.25739258,31.27899405,31.31503618,31.36558471,31.43072342,31.51056384,31.60524085,31.71491289,31.83976796,31.98002368,32.1359342,32.30779368,32.49594519,32.70077952,32.92272707,33.16224004,33.41975855,33.69566831,33.99024907,34.3036389
1352,31.25505625,31.262256,31.28386595,31.31992215,31.37049022,31.43565387,31.51552463,31.61023758,31.71995154,31.84485523,31.98516728,32.14114299,32.31307752,32.50131427,32.70624285,32.92829033,33.16790302,33.42551292,33.70149677,33.99612654,34.30953605
1353,31.25991874,31.26712132,31.28873975,31.32480999,31.37539758,31.44058617,31.52048731,31.61523625,31.72499227,31.84994478,31.99031339,32.14635451,32.31836421,32.50668603,32.7117083,32.93385468,33.17356561,33.43126521,33.70732157,34.00199934,34.3154284
1354,31.26478315,31.27198856,31.29361545,31.3296997,31.38030679,31.44552032,31.52545186,31.62023689,31.73003511,31.85503663,31.99546204,32.15156877,32.32365372,32.51206042,32.71717579,32.93941999,33.17922769,33.43701535,33.7131428,34.00786771,34.32131623
1355,31.26964946,31.27685769,31.29849302,31.33459128,31.38521786,31.45045632,31.53041831,31.62523951,31.73508005,31.86013078,32.0006132,32.15678574,32.32894598,32.51743737,32.72264523,32.94498621,33.18488926,33.4427634,33.71896054,34.01373172,34.32719959
1356,31.27451768,31.28172873,31.30337249,31.33948473,31.39013079,31.45539419,31.53538666,31.63024411,31.74012713,31.86522725,32.00576689,32.1620054,32.33424096,32.52281678,32.72811653,32.95055327,33.19055029,33.44850939,33.72477487,34.01959148,34.3330786
1357,31.27938781,31.28660167,31.30825384,31.34438005,31.39504557,31.46033394,31.54035693,31.63525071,31.74517634,31.87032605,32.0109231,32.16722772,32.33953859,32.52819858,32.73358961,32.9561211,33.19621076,33.45425336,33.73058588,34.02544709,34.33895337
1358,31.28425983,31.29147649,31.31313707,31.34927724,31.39996223,31.46527555,31.54532912,31.64025933,31.75022771,31.87542717,32.01608182,32.17245267,32.34483883,32.53358271,32.7390644,32.96168964,33.20187065,33.45999533,33.73639362,34.03129866,34.34482399
1359,31.28913374,31.29635321,31.31802218,31.3541763,31.40488074,31.47021906,31.55030324,31.64526997,31.75528123,31.88053062,32.02124305,32.17768026,32.35014167,32.53896914,32.74454081,32.96725878,33.20752982,33.46573523,33.74219818,34.03714639,34.35069075
1360,31.29400955,31.30123182,31.32290918,31.35907722,31.40980113,31.47516445,31.5552793,31.65028263,31.76033692,31.88563641,32.02640677,32.18291043,32.35544703,32.54435777,32.75001879,32.97282849,33.21318833,33.47147314,33.74799962,34.04299032,34.35655364
1361,31.29888725,31.30611232,31.32779805,31.36398003,31.4147234,31.48011174,31.5602573,31.65529735,31.76539479,31.89074453,32.03157298,32.18814317,32.36075487,32.54974854,32.75549826,32.97839872,33.21884614,33.47720909,33.75379801,34.04883055,34.36241277
1362,31.30376684,31.3109947,31.3326888,31.3688847,31.41964754,31.48506093,31.56523727,31.66031411,31.77045484,31.89585499,32.03674167,32.19337843,32.36606513,32.5551414,32.76097916,32.98396943,33.22450326,33.48294311,33.75959341,34.05466715,34.36826822
1363,31.30864831,31.31587897,31.33758144,31.37379125,31.42457356,31.49001203,31.57021921,31.66533294,31.77551709,31.9009678,32.04191282,32.19861619,32.37137776,32.56053626,32.76646143,32.98954059,33.23015968,33.48867523,33.76538588,34.0605002,34.37412007
1364,31.31353167,31.32076512,31.34247595,31.37869968,31.42950147,31.49496505,31.57520312,31.67035384,31.78058153,31.90608294,32.04708642,32.20385645,32.37669277,32.56593311,32.771945,32.99511207,33.23581529,33.49440541,33.7711755,34.06632989,34.37996854
1365,31.31841692,31.32565315,31.34737234,31.38360999,31.43443127,31.49991999,31.58018902,31.67537682,31.78564817,31.91120042,32.05226247,32.20909916,32.38201007,32.57133188,32.77742983,33.00068389,33.24147013,33.5001337,33.77696232,34.07215624,34.38581364
1366,31.32330404,31.33054306,31.3522706,31.38852218,31.43936297,31.50487686,31.5851769,31.68040188,31.79071703,31.91632022,32.05744094,32.21434429,32.38732962,32.57673251,32.78291585,33.006256,33.24712419,33.50586014,33.78274639,34.07797933,34.39165545
1367,31.32819305,31.33543485,31.35717075,31.39343625,31.44429657,31.50983566,31.59016679,31.68542904,31.79578809,31.92144236,32.06262181,32.21959181,32.39265139,32.58213494,32.78840304,33.01182838,33.25277746,33.51158474,33.78852776,34.08379923,34.39749405
1368,31.33308394,31.34032853,31.36207278,31.39835221,31.44923207,31.51479641,31.59515869,31.69045829,31.80086137,31.92656682,32.06780507,32.22484168,32.39797532,32.58753914,32.79389133,33.01740098,33.25842995,33.51730754,33.7943065,34.08961602,34.40332952
1369,31.33797671,31.34522409,31.36697669,31.40327006,31.45416948,31.5197591,31.60015259,31.69548966,31.80593686,31.9316936,32.07299072,32.2300939,32.40330139,32.59294505,32.79938066,33.02297374,33.26408159,33.52302853,33.80008267,34.09542981,34.40916199
1370,31.34287136,31.35012152,31.37188249,31.4081898,31.4591088,31.52472375,31.60514852,31.70052313,31.81101456,31.9368227,32.07817872,32.23534842,32.40862955,32.59835262,32.804871,33.02854665,33.26973241,33.52874775,33.80585631,34.10124066,34.4149915
1371,31.34776789,31.35502084,31.37679017,31.41311144,31.46405004,31.52969036,31.61014647,31.70555872,31.81609449,31.94195409,32.08336907,32.24060522,32.41395976,32.60376181,32.8103623,33.03411968,33.2753824,33.53446522,33.81162747,34.10704862,34.42081812
1372,31.35266631,31.35992204,31.38169974,31.41803497,31.46899321,31.53465894,31.61514646,31.71059643,31.82117663,31.94708779,32.08856174,32.24586427,32.41929198,32.60917258,32.81585454,33.03969281,33.28103156,33.54018097,33.81739621,34.11285375,34.42664192
1373,31.35756661,31.36482513,31.38661119,31.42296041,31.4739383,31.53962949,31.62014849,31.71563626,31.82626098,31.95222377,32.09375671,32.25112552,32.42462617,32.61458488,32.82134766,33.04526601,33.28667988,33.54589501,33.82316255,34.11865613,34.43246296
1374,31.36246879,31.3697301,31.39152454,31.42788775,31.47888532,31.54460202,31.62515256,31.72067822,31.83134755,31.95736203,32.09895398,32.25638898,32.42996231,32.61999867,32.82684162,33.05083923,33.29232735,33.55160737,33.82892657,34.12445583,34.43828133
1375,31.36737285,31.37463695,31.39643978,31.432817,31.48383428,31.54957653,31.63015867,31.72572231,31.83643634,31.96250257,32.10415352,32.2616546,32.43530034,32.62541391,32.83233639,33.05641248,33.29797398,33.55731808,33.8346883,34.1302529,34.44409707
1376,31.3722788,31.3795457,31.40135691,31.43774816,31.48878518,31.55455303,31.63516685,31.73076853,31.84152733,31.96764537,32.1093553,32.26692234,32.44064023,32.63083056,32.83783194,33.06198572,33.30361976,33.56302715,33.84044779,34.1360474,34.44991024
1377,31.37718663,31.38445633,31.40627595,31.44268123,31.49373803,31.55953152,31.64017708,31.73581689,31.84662053,31.97279042,32.11455932,32.27219219,32.44598195,32.63624859,32.84332823,33.06755894,33.30926469,33.56873462,33.84620508,34.14183938,34.4557209
1378,31.38209636,31.38936885,31.41119688,31.44761623,31.49869283,31.56451201,31.64518937,31.74086738,31.85171593,31.97793771,32.11976555,32.27746412,32.45132546,32.64166795,32.84882524,33.07313212,33.31490879,33.57444049,33.8519602,34.14762888,34.4615291
1379,31.38700798,31.39428327,31.41611972,31.45255315,31.50364958,31.5694945,31.65020372,31.74592,31.85681353,31.98308722,32.12497397,32.28273809,32.45667073,32.64708862,32.85432293,33.07870524,33.32055205,33.58014481,33.85771321,34.15341598,34.4673349
1380,31.39192148,31.39919958,31.42104446,31.45749199,31.50860829,31.574479,31.65522015,31.75097476,31.86191332,31.98823896,32.13018456,32.28801408,32.46201773,32.65251055,32.85982127,33.08427829,33.32619446,33.58584758,33.86346414,34.15920068,34.47313791
1381,31.39683689,31.40411779,31.42597111,31.46243276,31.51356896,31.57946551,31.66023864,31.75603166,31.8670153,31.9933929,32.1353973,32.29329207,32.46736641,32.65793371,32.86532023,33.08985124,33.33183604,33.59154883,33.86921299,34.16498258,34.47893218
1382,31.40175419,31.40903791,31.43089967,31.46737547,31.51853161,31.58445403,31.66525921,31.76109069,31.87211947,31.99854904,32.14061219,32.29857202,32.47271676,32.66335807,32.87081979,33.09542409,33.33747678,33.59724857,33.87495977,34.17076135,34.48471499
1383,31.40667339,31.41395992,31.43583015,31.47232011,31.52349622,31.58944457,31.67028186,31.76615186,31.87722582,32.00370736,32.14582918,32.30385391,32.47806873,32.6687836,32.87631992,33.10099683,33.3431167,33.60294682,33.88070434,34.17653618,34.49049133
1384,31.41159449,31.41888384,31.44076255,31.47726669,31.52846281,31.59443714,31.67530658,31.77121516,31.88233433,32.00886785,32.15104827,32.30913772,32.4834223,32.67421027,32.88182061,33.10656943,33.34875578,33.60864355,33.8864466,34.18230644,34.49626117
1385,31.41651749,31.42380967,31.44569686,31.48221522,31.53343137,31.59943173,31.68033338,31.77628059,31.88744502,32.01403049,32.15626943,32.31442341,32.48877744,32.67963805,32.88732182,33.1121419,33.35439402,33.61433875,33.89218628,34.18807198,34.50202518
1386,31.42144241,31.42873741,31.4506331,31.4871657,31.53840192,31.60442834,31.68536226,31.78134815,31.89255786,32.01919528,32.16149265,32.31971095,32.49413412,32.68506691,32.89282353,33.11771421,33.36003142,33.62003234,33.89792319,34.1938327,34.5077849
1387,31.42636923,31.43366706,31.45557127,31.49211812,31.54337446,31.60942699,31.69039322,31.78641784,31.89767286,32.0243622,32.1667179,32.32500034,32.4994923,32.69049683,32.89832573,33.12328635,33.36566796,33.62572427,33.90365716,34.19958907,34.51354005
1388,31.43129796,31.43859864,31.46051137,31.4970725,31.54834898,31.61442767,31.69542627,31.79148965,31.90278999,32.02953123,32.17194516,32.33029153,32.50485197,32.69592777,32.90382839,33.12885831,33.3713036,33.63141444,33.90938815,34.20534133,34.51929106
1389,31.43622861,31.44353213,31.46545341,31.50202884,31.5533255,31.61943039,31.7004614,31.79656359,31.90790927,32.03470237,32.17717442,32.3355845,32.5102131,32.70135972,32.9093315,33.13443008,33.37693832,33.63710279,33.91511618,34.21108992,34.52503786
1390,31.44116118,31.44846754,31.47039738,31.50698714,31.55830401,31.62443515,31.7054986,31.80163964,31.91303067,32.03987559,32.18240565,32.34087924,32.51557565,32.70679265,32.91483503,33.14000162,33.38257209,33.64278924,33.92084112,34.21683493,34.53078103
1391,31.44609568,31.45340489,31.47534329,31.51194741,31.56328452,31.62944194,31.7105379,31.8067178,31.91815419,32.04505089,32.18763883,32.34617571,32.52093961,32.71222654,32.92033895,33.14557291,33.38820485,33.64847378,33.92656325,34.22257631,34.53652031
1392,31.45103209,31.45834416,31.48029115,31.51690964,31.56826703,31.63445078,31.71557927,31.81179808,31.92327981,32.05022825,32.19287395,32.3514739,32.52630495,32.71766135,32.92584326,33.15114394,33.39383658,33.65415635,33.93228248,34.2283143,34.54225605
1393,31.45597044,31.46328536,31.48524095,31.52187385,31.57325155,31.63946166,31.72062272,31.81688046,31.92840754,32.05540765,32.19811099,32.35677377,32.53167164,32.72309706,32.93134791,33.15671467,33.39946725,33.65983696,33.93799891,34.2340489,34.54798828
1394,31.46091072,31.4682285,31.49019271,31.52684003,31.57823807,31.64447458,31.72566825,31.82196494,31.93353737,32.06058909,32.20334992,32.36207532,32.53703966,32.72853366,32.9368529,33.16228507,33.40509681,33.66551561,33.94371261,34.23978012,34.55371704
1395,31.46585293,31.47317358,31.49514641,31.53180819,31.58322661,31.64948955,31.73071586,31.82705152,31.93866927,32.06577254,32.20859073,32.3673785,32.54240899,32.73397112,32.94235819,33.16785512,33.41072523,33.67119227,33.94942361,34.24550806,34.55944246
1396,31.47079708,31.47812061,31.50010208,31.53677833,31.58821715,31.65450656,31.73576554,31.83214019,31.94380325,32.07095799,32.2138334,32.37268331,32.5477796,32.73940941,32.94786377,33.17342479,33.41635252,33.676867,33.95513192,34.25123278,34.56516462
1397,31.47574317,31.48306958,31.50505971,31.54175045,31.59320971,31.65952562,31.7408173,31.83723094,31.94893929,32.07614544,32.2190779,32.37798972,32.55315146,32.74484851,32.9533696,33.17899405,33.42197864,33.68253979,33.9608376,34.25695434,34.5708836
1398,31.4806912,31.4880205,31.51001929,31.54672455,31.59820428,31.66454672,31.74587113,31.84232377,31.95407738,32.08133485,32.22432423,32.38329771,32.55852456,32.75028839,32.95887566,33.1845629,33.42760361,33.68821065,33.96654063,34.26267284,34.57659948
1399,31.48564119,31.49297337,31.51498085,31.55170065,31.60320086,31.66956987,31.75092702,31.84741867,31.95921751,32.08652623,32.22957237,32.38860725,32.56389887,32.75572904,32.96438192,33.19013131,33.43322743,33.69387959,33.97224107,34.26838833,34.58231232
1400,31.49059312,31.49792819,31.51994437,31.55667873,31.60819947,31.67459506,31.75598498,31.85251563,31.96435967,32.09171955,32.23482228,32.39391833,32.56927437,32.76117042,32.96988837,33.19569924,33.43885004,33.69954661,33.97793896,34.27410089,34.58802224
1401,31.49554701,31.50288498,31.52490987,31.56165881,31.61320009,31.6796223,31.76104501,31.85761466,31.96950386,32.0969148,32.24007397,32.39923093,32.57465103,32.76661251,32.97539498,33.20126667,33.44447143,33.70521172,33.98363434,34.27981056,34.5937293
1402,31.50050285,31.50784372,31.52987734,31.56664088,31.61820273,31.68465158,31.76610709,31.86271575,31.97465006,32.10211196,32.24532739,32.40454501,32.58002884,32.7720553,32.98090172,33.20683358,33.45009159,33.71087493,33.98932723,34.28551743,34.5994336
1403,31.50546066,31.51280443,31.53484678,31.57162495,31.6232074,31.68968291,31.77117124,31.86781888,31.97979827,32.10731103,32.25058255,32.40986057,32.58540776,32.77749875,32.98640857,33.21239994,33.45571049,33.71653623,33.99501768,34.29122155,34.60513522
1404,31.51042042,31.51776711,31.53981821,31.57661102,31.62821408,31.69471628,31.77623743,31.87292405,31.98494846,32.11251198,32.25583942,32.41517758,32.59078778,32.78294284,32.99191552,33.21796581,33.46132825,33.72219569,34.00070572,34.29692293,34.61083404
1405,31.51538215,31.52273176,31.54479162,31.58159908,31.63322279,31.69975169,31.78130567,31.87803125,31.99010063,32.1177148,32.26109798,32.42049602,32.59616888,32.78838756,32.99742254,33.22353111,33.46694478,33.72785329,34.00639138,34.30262166,34.61653024
1406,31.52034585,31.52769838,31.54976701,31.58658915,31.63823352,31.70478914,31.78637595,31.88314048,31.99525477,32.12291948,32.26635822,32.42581587,32.60155103,32.79383287,33.00292961,33.22909583,33.47256007,33.73350903,34.01207471,34.30831781,34.6222239
1407,31.52531153,31.53266697,31.55474439,31.59158123,31.64324627,31.70982863,31.79144828,31.88825173,32.00041086,32.128126,32.27162012,32.43113711,32.6069342,32.79927876,33.0084367,33.23465996,33.47817412,33.73916293,34.01775573,34.31401143,34.62791508
1408,31.53027917,31.53763754,31.55972376,31.59657531,31.64826105,31.71487015,31.79652265,31.89336499,32.00556891,32.13333435,32.27688365,32.43645971,32.61231838,32.80472519,33.0139438,33.24022346,33.48378691,33.744815,34.02343448,34.3197026,34.63360386
1409,31.5352488,31.5426101,31.56470512,31.6015714,31.65327786,31.71991372,31.80159905,31.89848026,32.0107289,32.13854452,32.2821488,32.44178367,32.61770355,32.81017216,33.01945088,33.24578635,33.48939847,33.75046527,34.02911099,34.32539132,34.63929024
1410,31.5402204,31.54758463,31.56968847,31.6065695,31.65829668,31.72495931,31.80667748,31.90359752,32.0158908,32.14375648,32.28741556,32.44710895,32.62308969,32.81561964,33.02495796,33.25134866,33.49500884,33.75611378,34.0347853,34.33107756,34.64497413
1411,31.54519398,31.55256115,31.57467382,31.6115696,31.66331752,31.73000693,31.81175792,31.90871677,32.02105462,32.14897023,32.29268391,32.45243555,32.62847677,32.82106762,33.03046499,33.25691034,33.50061799,33.76176053,34.04045745,34.33676144,34.65065571
1412,31.55016955,31.55753966,31.57966116,31.61657171,31.66834039,31.73505658,31.81684038,31.913838,32.02622034,32.15418574,32.29795382,32.45776343,32.63386477,32.82651606,33.03597196,33.26247137,33.50622592,33.76740552,34.04612746,34.34244301,34.65633502
1413,31.5551471,31.56252016,31.58465051,31.62157584,31.67336528,31.74010826,31.82192486,31.9189612,32.03138795,32.15940302,32.30322529,32.46309258,32.63925368,32.83196495,33.04147885,33.26803175,33.51183261,33.77304878,34.05179538,34.34812231,34.66201211
1414,31.56012665,31.56750265,31.58964185,31.62658198,31.67839219,31.74516196,31.82701135,31.92408637,32.03655745,32.16462203,32.30849829,32.46842298,32.64464346,32.83741426,33.04698563,33.27359146,33.51743808,33.77869031,34.05746123,34.35379941,34.66768703
1415,31.56510818,31.57248714,31.5946352,31.63159012,31.68342113,31.75021768,31.83209984,31.92921349,32.04172881,32.16984276,32.3137728,32.47375462,32.6500341,32.84286399,33.05249232,33.27915052,33.52304234,33.78433016,34.06312503,34.35947428,34.67335977
1416,31.57009171,31.57747362,31.59963054,31.63660028,31.68845207,31.75527541,31.83719032,31.93434256,32.04690202,32.17506521,32.31904882,32.47908746,32.6554256,32.84831412,33.0579989,33.28470893,33.52864542,33.78996834,34.06878681,34.36514694,34.67903034
1417,31.57507723,31.58246209,31.60462789,31.64161245,31.69348504,31.76033516,31.84228279,31.93947356,32.05207708,32.18028936,32.32432632,32.4844215,32.66081792,32.85376463,33.06350536,33.29026667,33.5342473,33.79560486,34.07444661,34.37081746,34.6846988
1418,31.58006474,31.58745256,31.60962725,31.64662663,31.69852002,31.76539691,31.84737725,31.94460649,32.05725397,32.18551518,32.32960529,32.48975672,32.66621104,32.8592155,33.06901167,33.29582374,33.539848,33.80123976,34.08010445,34.37648586,34.6903652
1419,31.58505425,31.59244503,31.61462861,31.65164282,31.70355701,31.77046067,31.85247368,31.94974134,32.06243269,32.19074268,32.3348857,32.49509309,32.67160495,32.86466672,33.07451784,33.30138014,33.54544752,33.80687304,34.08576036,34.38215217,34.69602954
1420,31.59004577,31.59743951,31.61963197,31.65666102,31.70859601,31.77552643,31.85757208,31.95487811,32.06761321,32.19597183,32.34016755,32.5004306,32.67699963,32.87011827,33.08002384,33.30693588,33.55104587,33.81250473,34.09141437,34.38781642,34.70169187
1421,31.59503928,31.60243598,31.62463734,31.66168124,31.71363703,31.78059419,31.86267245,31.96001677,32.07279553,32.20120261,32.34545081,32.50576923,32.68239506,32.87557013,33.08552966,33.3124909,33.55664303,33.8181348,34.09706649,34.39347871,34.70735229
1422,31.60003479,31.60743446,31.62964471,31.66670346,31.71868005,31.78566394,31.86777478,31.96515734,32.07797963,32.20643503,32.35073548,32.51110897,32.68779123,32.88102229,33.0910353,33.31804525,33.56223902,33.8237633,34.10271676,34.39913902,34.71301077
1423,31.6050323,31.61243494,31.6346541,31.67172769,31.72372508,31.79073568,31.87287906,31.97029978,32.08316551,32.21166905,32.35602152,32.51644979,32.69318812,32.88647474,33.09654075,33.3235989,33.56783385,33.82939025,34.1083652,34.40479737,34.71866735
1424,31.61003182,31.61743742,31.63966549,31.67675392,31.72877211,31.79580941,31.87798528,31.9754441,32.08835315,32.21690466,32.36130893,32.52179169,32.69858571,32.89192746,33.102046,33.32915188,33.57342755,33.83501568,34.11401183,34.41045379,34.72432204
1425,31.61503334,31.62244191,31.64467888,31.68178217,31.73382113,31.80088511,31.88309345,31.98059028,32.09354254,32.22214186,32.3665977,32.52713463,32.70398398,32.89738044,33.10755104,33.33470416,33.5790201,33.84063959,34.11965669,34.4161083,34.72997487
1426,31.62003687,31.62744841,31.64969428,31.68681242,31.73887216,31.80596279,31.88820354,31.98573832,32.09873367,32.22738063,32.37188779,32.5324786,32.70938292,32.90283367,33.11305587,33.34025577,33.58461154,33.84626201,34.12529978,34.42176093,34.73562586
1427,31.6250424,31.63245691,31.65471169,31.69184467,31.74392518,31.81104244,31.89331556,31.99088821,32.10392652,32.23262094,32.37717921,32.5378236,32.71478251,32.90828713,33.11856048,33.3458067,33.59020187,33.85188296,34.13094114,34.42741169,34.74127503
1428,31.63004994,31.63746742,31.65973111,31.69687893,31.74898019,31.81612406,31.89842949,31.99603993,32.10912109,32.2378628,32.38247193,32.54316959,32.72018274,32.91374081,33.12406486,33.35135695,33.59579109,33.85750246,34.13658078,34.4330606,34.7469224
1429,31.63505948,31.64247993,31.66475253,31.70191518,31.75403719,31.82120763,31.90354534,32.00119348,32.11431736,32.24310618,32.38776593,32.54851658,32.72558359,32.9191947,33.129569,33.3569065,33.6013792,33.86312049,34.14221873,34.43870774,34.75256804
1430,31.64007103,31.64749445,31.66977595,31.70695344,31.75909617,31.82629317,31.90866309,32.00634884,32.11951532,32.24835107,32.39306121,32.55386453,32.73098506,32.92464879,33.1350729,33.36245535,33.60696619,33.86873707,34.14785502,34.44435314,34.758212
1431,31.64508458,31.65251097,31.67480137,31.71199369,31.76415714,31.83138065,31.91378273,32.01150602,32.12471496,32.25359746,32.39835775,32.55921345,32.73638713,32.93010306,33.14057654,33.36800352,33.6125521,33.87435223,34.15348965,34.4499968,34.76385425
1432,31.65010014,31.65752949,31.6798288,31.71703593,31.76922008,31.83647007,31.91890426,32.01666499,32.12991626,32.25884533,32.40365553,32.5645633,32.74178977,32.93555752,33.14607993,33.37355101,33.61813693,33.87996598,34.15912266,34.45563872,34.76949483
1433,31.6551177,31.66255002,31.68485823,31.72208017,31.77428499,31.84156144,31.92402767,32.02182575,32.13511922,32.26409467,32.40895454,32.56991408,32.74719299,32.94101214,33.15158307,33.37909781,33.62372069,33.88557835,34.16475405,34.46127894,34.77513374
1434,31.66013727,31.66757256,31.68988966,31.7271264,31.77935188,31.84665474,31.92915296,32.02698829,32.14032382,32.26934547,32.41425476,32.57526578,32.75259676,32.94646693,33.15708595,33.38464394,33.62930339,33.89118934,34.17038385,34.46691747,34.78077101
1435,31.66515884,31.67259709,31.69492308,31.73217461,31.78442073,31.85174996,31.9342801,32.0321526,32.14553005,32.27459771,32.41955617,32.58061836,32.75800108,32.95192187,33.16258857,33.39018941,33.63488504,33.89679897,34.17601208,34.47255434,34.78640666
1436,31.67018241,31.67762363,31.6999585,31.73722481,31.78949154,31.8568471,31.9394091,32.03731866,32.15073789,32.27985137,32.42485877,32.58597184,32.76340593,32.95737695,33.16809092,33.3957342,33.64046567,33.90240726,34.18163874,34.47818955,34.7920407
1437,31.67520799,31.68265217,31.70499592,31.74227699,31.7945643,31.86194616,31.94453995,32.04248647,32.15594734,32.28510645,32.43016254,32.59132617,32.7688113,32.96283217,33.17359301,33.40127833,33.64604526,33.90801422,34.18726387,34.48382314,34.79767316
1438,31.68023557,31.68768271,31.71003533,31.74733115,31.79963902,31.86704713,31.94967264,32.04765602,32.16115839,32.29036293,32.43546746,32.59668137,32.77421718,32.96828751,33.17909482,33.40682179,33.65162382,33.91361985,34.19288748,34.48945514,34.80330407
1439,31.68526515,31.69271524,31.71507673,31.75238728,31.80471569,31.87215,31.95480716,32.05282729,32.16637101,32.2956208,32.44077353,32.60203741,32.77962356,32.97374298,33.18459635,33.41236458,33.65720136,33.91922418,34.19850959,34.49508557,34.80893347
1440,31.69029672,31.69774977,31.72012011,31.75744539,31.8097943,31.87725477,31.95994351,32.05800029,32.17158521,32.30088004,32.44608072,32.60739429,32.78503043,32.97919855,33.1900976,33.41790669,33.66277787,33.92482719,34.20413023,34.50071436,34.81455587
1441,31.69533029,31.70278629,31.72516548,31.76250546,31.81487485,31.88236143,31.96508167,32.06317499,32.17680097,32.30614065,32.45138904,32.61275198,32.79043778,32.98465422,33.19559855,33.42344813,33.66835336,33.93042892,34.20974936,34.5063397,34.82012022
1442,31.70036585,31.70782481,31.73021284,31.7675675,31.81995734,31.88746997,31.97022164,32.0683514,32.18201828,32.31140261,32.45669845,32.61811048,32.79584559,32.99010999,33.20109921,33.42898891,33.67392786,33.93602937,34.21536661,34.51195443,34.82561803
1443,31.70540341,31.71286531,31.73526217,31.7726315,31.82504175,31.89258039,31.97536341,32.07352949,32.18723712,32.31666591,32.46200896,32.62346977,32.80125386,32.99556585,33.20659958,33.43452902,33.67950135,33.94162847,34.22098062,34.51754976,34.83107777
1444,31.71044295,31.7179078,31.74031348,31.77769746,31.83012809,31.89769268,31.98050698,32.07870925,32.19245749,32.32193053,32.46732054,32.62882985,32.80666257,33.00102178,33.21209965,33.44006846,33.68507384,33.94722593,34.22658908,34.52312376,34.8365093
1445,31.71548449,31.72295228,31.74536677,31.78276537,31.83521635,31.90280684,31.98565232,32.08389069,32.19767937,32.32719647,32.47263319,32.6341907,32.81207172,33.00647779,33.21759942,33.44560725,33.69064526,33.9528212,34.23218984,34.52867881,34.84191463
1446,31.72052801,31.72799874,31.75042203,31.78783523,31.84030652,31.90792285,31.99079944,32.08907379,32.20290275,32.3324637,32.47794689,32.6395523,32.81748129,33.01193386,33.22309889,33.45114536,33.69621549,33.95841353,34.23778167,34.5342159,34.84729656
1447,31.72557352,31.73304718,31.75547925,31.79290704,31.8453986,31.91304071,31.99594833,32.09425853,32.20812762,32.33773223,32.48326163,32.64491465,32.82289129,33.01738999,33.22859805,33.45668276,33.70178431,33.96400218,34.24336401,34.53973523,34.85265717
1448,31.730621,31.7380976,31.76053844,31.79798079,31.85049258,31.91816042,32.00109897,32.09944491,32.21335397,32.34300203,32.4885774,32.65027774,32.82830169,33.02284618,33.23409688,33.46221938,33.70735143,33.96958655,34.24893655,34.54523743,34.85799787
1449,31.73567047,31.74314999,31.7655996,31.80305647,31.85558846,31.92328197,32.00625137,32.10463292,32.21858179,32.34827309,32.49389419,32.65564156,32.83371248,33.02830241,33.23959538,33.46775514,33.71291655,33.97516608,34.2544989,34.55072317,34.8633201
1450,31.74072191,31.74820436,31.77066271,31.80813409,31.86068624,31.92840534,32.0114055,32.10982255,32.22381107,32.35354541,32.49921198,32.66100609,32.83912367,33.03375868,33.24509351,33.47328995,33.7184794,33.98074022,34.2600508,34.55619302,34.86862522
1451,31.74577533,31.75326069,31.77572778,31.81321364,31.86578589,31.93353054,32.01656137,32.11501378,32.22904179,32.35881897,32.50453076,32.66637132,32.84453523,33.03921496,33.25059123,33.47882365,33.72403964,33.98630871,34.26559221,34.56164778,34.87391382
1452,31.75083071,31.75831899,31.78079479,31.81829512,31.87088743,31.93865755,32.02171895,32.12020662,32.23427395,32.36409376,32.50985052,32.67173724,32.84994717,33.04467125,33.2560885,33.48435614,33.72959698,33.99187102,34.27112288,34.56708801,34.87918722
1453,31.75588806,31.76337925,31.78586376,31.82337851,31.87599085,31.94378637,32.02687826,32.12540104,32.23950753,32.36936976,32.51517126,32.67710385,32.85535946,33.05012752,33.26158525,33.4898872,33.73515115,33.99742712,34.27664312,34.57251412,34.8844455
1454,31.76094738,31.76844147,31.79093467,31.82846381,31.88109613,31.948917,32.03203927,32.13059704,32.24474252,32.37464698,32.52049295,32.68247113,32.86077209,33.05558375,33.26708142,33.49541672,33.74070186,34.00297655,34.28215277,34.57792675,34.88968974
1455,31.76600866,31.77350565,31.79600751,31.83355103,31.88620327,31.95404941,32.03720198,32.13579461,32.24997892,32.37992539,32.52581559,32.68783906,32.86618505,33.0610399,33.27257691,33.5009445,33.74624891,34.00851935,34.28765213,34.5833261,34.89492009
1456,31.77107189,31.77857177,31.80108229,31.83864015,31.89131228,31.95918361,32.04236637,32.14099374,32.25521671,32.38520498,32.53113917,32.69320765,32.87159832,33.06649594,33.27807166,33.50647037,33.75179205,34.01405525,34.29314123,34.58871267,34.90013723
1457,31.77613708,31.78363985,31.80615901,31.84373117,31.89642313,31.9643196,32.04753245,32.14619442,32.26045588,32.39048574,32.53646367,32.69857687,32.87701188,33.07195181,33.28356553,33.51199419,33.75733116,34.01958427,34.29862023,34.59408668,34.90534142
1458,31.78120422,31.78870987,31.81123765,31.84882408,31.90153582,31.96945735,32.0527002,32.15139663,32.26569642,32.39576767,32.54178908,32.7039467,32.8824257,33.07740747,33.28905845,33.5175158,33.76286604,34.0251063,34.30408924,34.59944848,34.91053313
1459,31.7862733,31.79378183,31.81631821,31.85391888,31.90665035,31.97459686,32.05786961,32.15660038,32.27093831,32.40105075,32.54711539,32.70931714,32.88783977,33.08286288,33.29455033,33.52303502,33.76839646,34.03062115,34.30954835,34.60479851,34.91571289
1460,31.79134432,31.79885572,31.82140068,31.85901557,31.91176672,31.97973814,32.06304067,32.16180564,32.27618156,32.40633497,32.5524426,32.71468817,32.89325405,33.08831797,33.30004106,33.52855175,33.77392233,34.03612884,34.31499768,34.61013696,34.92088095
1461,31.79641729,31.80393155,31.82648507,31.86411413,31.9168849,31.98488116,32.06821338,32.16701242,32.28142614,32.41162031,32.55777067,32.72005977,32.8986685,33.09377268,33.30553053,33.53406585,33.7794436,34.04162944,34.32043737,34.61546406,34.92603752
1462,31.80149218,31.8090093,31.83157137,31.86921456,31.92200491,31.99002592,32.07338773,32.17222069,32.28667206,32.41690677,32.56309961,32.72543192,32.9040831,33.09922695,33.31101865,33.53957716,33.78496005,34.04712278,34.32586752,34.62078018,34.93118309
1463,31.80656901,31.81408898,31.83665957,31.87431686,31.92712673,31.99517241,32.0785637,32.17743045,32.29191928,32.42219434,32.5684294,32.7308046,32.90949782,33.10468074,33.31650533,33.54508557,33.79047158,34.05260887,34.33128826,34.62608554,34.93631793
1464,31.81164776,31.81917057,31.84174966,31.87942102,31.93225035,32.00032063,32.08374129,32.1826417,32.29716782,32.427483,32.57376001,32.73617778,32.9149126,33.11013394,33.32199046,33.55059102,33.79597824,34.05808783,34.3366997,34.63138024,34.94144207
1465,31.81672843,31.82425408,31.84684165,31.88452704,31.93737577,32.00547057,32.08892049,32.18785441,32.30241765,32.43277274,32.57909145,32.74155145,32.92032741,33.1155865,33.32747394,33.55609334,33.80147985,34.06355957,34.34210197,34.63666463,34.94655596
1466,31.82181102,31.8293395,31.85193553,31.8896349,31.94250298,32.01062222,32.0941013,32.19306859,32.30766877,32.43806354,32.58442369,32.74692558,32.92574221,33.12103837,33.33295568,33.56159243,33.80697631,34.06902408,34.34749519,34.64193892,34.95165984
1467,31.82689551,31.83442682,31.85703129,31.89474461,31.94763197,32.01577557,32.09928369,32.19828421,32.31292115,32.4433554,32.5897567,32.75230014,32.93115695,33.12648946,33.3384356,33.56708825,33.81246767,34.07448146,34.35287946,34.64720319,34.95675377
1468,31.83198192,31.83951604,31.86212892,31.89985616,31.95276275,32.02093061,32.10446767,32.20350128,32.3181748,32.4486483,32.59509048,32.75767509,32.93657158,33.1319397,33.34391361,33.5725807,33.81795384,34.0799317,34.35825491,34.65245768,34.96183801
1469,31.83707022,31.84460715,31.86722842,31.90496953,31.95789529,32.02608734,32.10965322,32.20871978,32.32342971,32.45394223,32.600425,32.76305041,32.94198605,33.13738903,33.34938961,33.5780697,33.8234348,34.08537485,34.36362165,34.65770253,34.96691273
1470,31.84216042,31.84970015,31.87232979,31.91008473,31.96302959,32.03124575,32.11484034,32.21393969,32.32868585,32.45923717,32.60576025,32.76842607,32.94740033,33.14283739,33.35486356,33.58355515,33.82891044,34.09081087,34.36897977,34.662938,34.97197822
1471,31.84725251,31.85479504,31.87743302,31.91520175,31.96816566,32.03640583,32.12002901,32.21916102,32.33394321,32.46453311,32.61109619,32.77380204,32.95281436,33.14828471,33.36033535,33.58903701,33.83438077,34.09623983,34.37432939,34.6681642,34.97703458
1472,31.85234649,31.8598918,31.88253811,31.92032058,31.97330347,32.04156757,32.12521923,32.22438375,32.33920179,32.46983002,32.61643281,32.77917827,32.95822809,33.15373092,33.36580492,33.59451521,33.83984579,34.10166178,34.37967062,34.67338126,34.98208196
1473,31.85744235,31.86499044,31.88764504,31.92544121,31.97844302,32.04673096,32.13041099,32.22960787,32.34446158,32.4751279,32.62177009,32.78455474,32.96364146,33.15917595,33.37127219,33.59998971,33.84530547,34.10707677,34.38500356,34.67858933,34.98712048
1474,31.86254008,31.87009094,31.89275381,31.93056364,31.9835843,32.051896,32.13560428,32.23483337,32.34972255,32.48042673,32.627108,32.78993141,32.96905442,33.16461972,33.37673709,33.60546045,33.85075983,34.11248486,34.39032832,34.68378851,34.99215028
1475,31.86763968,31.8751933,31.89786442,31.93568787,31.98872732,32.05706268,32.14079909,32.24006023,32.3549847,32.48572649,32.63244652,32.79530825,32.97446695,33.17006222,33.38219958,33.61092735,33.85620875,34.117886,34.39564495,34.68897905,34.99717165
1476,31.87274115,31.88029752,31.90297686,31.94081388,31.99387205,32.06223098,32.14599541,32.24528846,32.36024801,32.49102716,32.63778561,32.80068521,32.97987897,33.17550335,33.38765958,33.61639039,33.86165229,34.12328028,34.40095358,34.694161,35.00218462
1477,31.87784448,31.88540359,31.90809113,31.94594167,31.9990185,32.06740091,32.15119323,32.25051803,32.36551247,32.49632871,32.64312525,32.80606226,32.98529044,33.18094307,33.39311704,33.62184953,33.86709046,34.12866776,34.4062543,34.69933449,35.00718931
1478,31.88294965,31.89051151,31.91320721,31.95107123,32.00416665,32.07257245,32.15639254,32.25574893,32.37077806,32.50163115,32.64846542,32.81143935,32.9907013,33.1863813,33.3985719,33.62730476,33.87252325,34.13404849,34.41154718,34.70449962,35.01218583
1479,31.88805668,31.89562126,31.9183251,31.95620256,32.00931649,32.07774559,32.16159333,32.26098116,32.37604478,32.50693443,32.65380608,32.81681644,32.9961115,33.19181799,33.40402412,33.63275602,33.87795068,34.13942251,34.41683233,34.70965651,35.0171743
1480,31.89316554,31.90073284,31.9234448,31.96133565,32.01446803,32.08292033,32.16679559,32.26621469,32.38131259,32.51223855,32.65914721,32.82219352,33.00152102,33.19725311,33.40947364,33.63820326,33.88337267,34.14478981,34.42210981,34.71480534,35.02215494
1481,31.89827624,31.90584625,31.9285663,31.96647048,32.01962125,32.08809666,32.17199932,32.27144953,32.38658149,32.51754347,32.66448877,32.82757054,33.00692979,33.2026866,33.41492041,33.64364647,33.88878927,34.15015047,34.42737972,34.71994617,35.02712779
1482,31.90338877,31.91096148,31.93368958,31.97160706,32.02477614,32.09327456,32.17720449,32.27668565,32.39185146,32.52284918,32.66983075,32.83294744,33.01233777,33.2081184,33.4203644,33.64908562,33.8942005,34.15550453,34.43264212,34.7250791,35.03209297
1483,31.90850313,31.91607852,31.93881466,31.97674538,32.0299327,32.09845403,32.18241111,32.28192304,32.39712249,32.52815566,32.67517309,32.83832419,33.0177449,33.21354847,33.42580556,33.65452071,33.89960636,34.16085205,34.4378971,34.73020423,35.03705056
1484,31.91361929,31.92119737,31.94394151,31.98188543,32.03509092,32.10363507,32.18761915,32.28716169,32.40239455,32.53346287,32.68051579,32.84370076,33.02315114,33.21897676,33.43124386,33.6599517,33.90500686,34.16619305,34.44314474,34.73532166,35.04200068
1485,31.91873727,31.92631802,31.94907013,31.9870272,32.04025078,32.10881765,32.19282861,32.29240159,32.40766763,32.53877081,32.6858588,32.84907712,33.02855647,33.22440322,33.43667924,33.66537854,33.91040197,34.17152758,34.44838511,34.74043152,35.04694347
1486,31.92385705,31.93144047,31.95420052,31.99217069,32.04541229,32.11400177,32.19803948,32.29764272,32.41294172,32.54407944,32.6912021,32.85445321,33.03396083,33.22982781,33.44211167,33.67080125,33.91579172,34.17685567,34.4536183,34.74553389,35.051879
1487,31.92897863,31.9365647,31.95933267,31.99731588,32.05057543,32.11918743,32.20325175,32.30288507,32.41821678,32.54938874,32.69654565,32.85982901,33.03936417,33.2352505,33.44754114,33.6762198,33.92117614,34.18217737,34.45884435,34.75062885,35.05680735
1488,31.93410201,31.94169072,31.96446657,32.00246277,32.0557402,32.1243746,32.2084654,32.30812862,32.42349281,32.55469868,32.70188942,32.86520446,33.04476645,33.24067123,33.4529676,33.68163419,33.92655522,34.18749273,34.46406336,34.75571648,35.06172861
1489,31.93922716,31.9468185,31.96960222,32.00761136,32.06090659,32.12956329,32.21368042,32.31337336,32.42876978,32.56000925,32.70723338,32.87057955,33.05016764,33.24608998,33.45839102,33.68704439,33.93192899,34.19280178,34.46927538,34.76079688,35.06664289
1490,31.94435409,31.95194806,31.9747396,32.01276163,32.06607458,32.13475348,32.2188968,32.31861927,32.43404768,32.56532041,32.71257751,32.87595423,33.05556769,33.25150669,33.46381136,33.69245038,33.93729744,34.19810458,34.47448049,34.76587014,35.07155026
1491,31.9494828,31.95707938,31.97987871,32.01791358,32.07124417,32.13994516,32.22411453,32.32386634,32.43932648,32.57063215,32.71792177,32.88132846,33.06096657,33.25692134,33.4692286,33.69785217,33.94266061,34.20340116,34.47967876,34.77093633,35.07645081
1492,31.95461326,31.96221245,31.98501955,32.0230672,32.07641535,32.14513833,32.2293336,32.32911455,32.44460617,32.57594442,32.72326612,32.88670222,33.06636424,33.26233388,33.47464272,33.70324975,33.9480185,34.20869156,34.48487024,34.77599553,35.08134461
1493,31.95974549,31.96734727,31.9901621,32.02822248,32.08158811,32.15033296,32.23455399,32.33436389,32.44988672,32.58125722,32.72861054,32.89207545,33.07176065,33.26774429,33.4800537,33.7086431,33.95337113,34.21397583,34.49005501,34.78104782,35.08623173
1494,31.96487946,31.97248382,31.99530635,32.03337941,32.08676245,32.15552906,32.23977569,32.33961433,32.45516812,32.58657051,32.733955,32.89744813,33.07715578,33.27315253,33.48546151,33.71403223,33.95871852,34.219254,34.49523312,34.78609326,35.09111226
1495,31.97001518,31.97762211,32.00045231,32.03853799,32.09193835,32.1607266,32.24499868,32.34486587,32.46045033,32.59188427,32.73929946,32.90282023,33.08254958,33.27855856,33.49086612,33.71941713,33.96406068,34.22452613,34.50040463,34.79113194,35.09598627
1496,31.97515264,31.98276213,32.00559996,32.04369821,32.0971158,32.16592558,32.25022296,32.35011848,32.46573336,32.59719847,32.74464389,32.9081917,33.08794202,33.28396236,33.49626751,33.72479779,33.96939764,34.22979224,34.50556961,34.79616393,35.10085382
1497,31.98029182,31.98790386,32.0107493,32.04886005,32.10229479,32.17112599,32.2554485,32.35537215,32.47101716,32.60251309,32.74998827,32.91356252,33.09333307,33.2893639,33.50166567,33.73017421,33.97472942,34.2350524,34.51072812,34.80118928,35.105715
1498,31.98543272,31.99304731,32.01590032,32.05402351,32.10747532,32.17632782,32.2606753,32.36062687,32.47630172,32.6078281,32.75533257,32.91893265,33.09872269,33.29476314,33.50706059,33.73554639,33.98005603,34.24030662,34.5158802,34.80620807,35.11056985
1499,31.99057534,31.99819246,32.021053,32.05918859,32.11265738,32.18153105,32.26590335,32.3658826,32.48158702,32.61314347,32.76067675,32.92430206,33.10411085,33.30016007,33.51245223,33.74091433,33.98537749,34.24555495,34.52102592,34.81122037,35.11541846
1500,31.99571967,32.0033393,32.02620734,32.06435526,32.11784094,32.18673566,32.27113261,32.37113935,32.48687303,32.61845919,32.76602078,32.92967071,33.10949752,33.30555464,33.51784059,33.74627803,33.99069382,34.25079744,34.52616534,34.8162263,35.12026619
1501,32.0008657,32.00848783,32.03136334,32.06952353,32.12302602,32.19194166,32.27636309,32.37639708,32.49215974,32.62377521,32.77136463,32.93503858,33.11488266,33.31094684,33.52322564,33.75163749,33.99600504,34.25603411,34.53129854,34.82122832,35.12521202
1502,32.00601341,32.01363804,32.03652099,32.07469338,32.12821258,32.19714903,32.28159477,32.38165578,32.49744713,32.62909152,32.77670828,32.94040562,33.12026625,33.31633665,33.52860739,33.75699272,34.00131117,34.26126503,34.53642613,34.82624066,35.13025512
1503,32.01116281,32.01878993,32.04168026,32.07986481,32.13340063,32.20235775,32.28682762,32.38691543,32.50273516,32.63440809,32.78205169,32.94577182,33.12564826,33.32172403,33.53398581,33.7623437,34.00661224,34.26649034,34.54155078,34.83127791,35.13535044
1504,32.01631389,32.02394347,32.04684117,32.0850378,32.13859015,32.20756781,32.29206165,32.39217602,32.50802382,32.6397249,32.78739484,32.95113713,33.13102865,33.32710897,33.53936089,33.76769046,34.01190829,34.27171063,34.54667665,34.83633897,35.14048896
1505,32.02146663,32.02909868,32.0520037,32.09021235,32.14378113,32.2127792,32.29729682,32.39743752,32.51331309,32.64504191,32.79273769,32.95650154,33.13640741,33.33249144,33.54473263,33.773033,34.01719946,34.27692693,34.55180681,34.84142386,35.14566353
1506,32.02662104,32.03425553,32.05716783,32.09538844,32.14897356,32.21799191,32.30253313,32.40269992,32.51860294,32.6503591,32.79808022,32.961865,33.14178449,33.33787143,33.55010101,33.77837134,34.02248601,34.28214052,34.55694324,34.84653199,35.15086898
1507,32.03177709,32.03941402,32.06233357,32.10056607,32.15416743,32.22320592,32.30777056,32.40796319,32.52389335,32.65567645,32.8034224,32.9672275,33.14715989,33.34324892,33.55546603,33.78370558,34.02776837,34.28735261,34.56208717,34.85166169,35.15610237
1508,32.03693479,32.04457414,32.0675009,32.10574523,32.15936272,32.22842122,32.31300909,32.41322733,32.52918429,32.66099393,32.8087642,32.972589,33.15253357,33.34862388,33.5608277,33.78903579,34.03304697,34.29256437,34.56723983,34.85681165,35.16136051
1509,32.04209412,32.04973588,32.07266982,32.1109259,32.16455943,32.2336378,32.31824871,32.4184923,32.53447576,32.66631152,32.81410559,32.97794948,33.1579055,33.3539963,33.56618604,33.79436213,34.03832236,34.29777681,34.57240178,34.86198078,35.16664145
1510,32.04725508,32.05489924,32.07784031,32.11610808,32.16975755,32.23885563,32.3234894,32.42375808,32.53976772,32.67162918,32.81944655,32.9833089,33.16327567,33.35936618,33.57154108,33.79968482,34.04359512,34.30299075,34.57757327,34.86716812,35.17194358
1511,32.05241766,32.0600642,32.08301236,32.12129175,32.17495706,32.24407472,32.32873115,32.42902467,32.54506014,32.6769469,32.82478704,32.98866724,33.16864405,33.3647335,33.57689288,33.80500407,34.04886579,34.30820699,34.58275459,34.8723727,35.17726526
1512,32.05758184,32.06523075,32.08818597,32.12647691,32.18015795,32.24929504,32.33397393,32.43429204,32.55035302,32.68226464,32.83012705,32.99402448,33.17401062,33.37009828,33.58224152,33.81032015,34.05413493,34.31342609,34.58794567,34.87759374,35.18260546
1513,32.06274763,32.0703989,32.09336112,32.13166354,32.1853602,32.25451658,32.33921773,32.43956017,32.55564631,32.68758239,32.83546654,32.99938059,33.17937537,33.37546054,33.58758713,33.81563338,34.05940297,34.31864836,34.59314646,34.88283063,35.18796331
1514,32.06791501,32.07556862,32.09853781,32.13685164,32.19056381,32.25973932,32.34446254,32.44482904,32.56094002,32.69290011,32.84080549,33.00473555,33.18473829,33.38082028,33.59292978,33.820944,34.06467044,34.32387442,34.59835704,34.88808252,35.19333757
1515,32.07308396,32.0807399,32.10371602,32.14204118,32.19576877,32.26496326,32.34970833,32.45009863,32.5662341,32.69821779,32.84614388,33.01008934,33.19009936,33.38617754,33.5982696,33.82625231,34.06993778,34.32910465,34.60357735,34.89334878,35.19872735
1516,32.07825449,32.08591275,32.10889575,32.14723217,32.20097505,32.27018837,32.3549551,32.45536892,32.57152853,32.70353539,32.85148168,33.01544193,33.19545859,33.39153237,33.60360677,33.83155862,34.07520531,34.33433913,34.60880721,34.89862897,35.20413213
1517,32.08342658,32.09108714,32.11407699,32.15242459,32.20618265,32.27541464,32.36020282,32.46063989,32.57682331,32.7088529,32.85681886,33.02079331,33.20081596,33.39688481,33.60894139,33.83686319,34.08047351,34.3395784,34.61404664,34.90392233,35.20955082
1518,32.08860023,32.09626308,32.11925972,32.15761842,32.21139156,32.28064206,32.36545147,32.46591152,32.58211839,32.7141703,32.8621554,33.02614346,33.20617151,33.40223494,33.61427367,33.8421663,34.08574255,34.34482233,34.61929537,34.90922864,35.21498328
1519,32.09377542,32.10144054,32.12444393,32.16281366,32.21660175,32.28587061,32.37070104,32.47118379,32.58741377,32.71948755,32.86749129,33.03149238,33.21152523,33.40758281,33.61960374,33.84746823,34.09101283,34.35007127,34.62455333,34.91454729,35.22042865
1520,32.09895214,32.10661952,32.12962962,32.1680103,32.22181323,32.29110028,32.37595151,32.47645669,32.59270941,32.72480463,32.87282649,33.03684004,33.21687714,33.4129285,33.62493178,33.85276924,34.09628463,34.35532536,34.62982037,34.91987784,35.22588643
1521,32.10413039,32.11180001,32.13481677,32.17320832,32.22702597,32.29633104,32.38120286,32.48173018,32.5980053,32.73012152,32.878161,33.04218644,33.22222727,33.41827211,33.63025797,33.85806956,34.10155809,34.36058456,34.63509631,34.92522003,35.23135634
1522,32.10931015,32.11698199,32.14000537,32.17840771,32.23223995,32.30156289,32.38645508,32.48700425,32.60330141,32.73543821,32.8834948,33.04753159,33.22757565,33.42361373,33.63558247,33.86336942,34.10683345,34.36584899,34.64038097,34.93057347,35.23683793
1523,32.11449141,32.12216547,32.14519541,32.18360846,32.23745518,32.30679581,32.39170814,32.49227889,32.60859773,32.74075467,32.88882787,33.05287548,33.23292232,33.42895342,33.64090542,33.86866902,34.11211097,34.37111882,34.6456743,34.93593774,35.24233061
1524,32.11967416,32.12735042,32.15038688,32.18881055,32.24267163,32.31202979,32.39696203,32.49755407,32.61389423,32.74607087,32.89416019,33.05821812,33.23826731,33.43429131,33.64622702,33.87396858,34.11739078,34.376394,34.65097609,34.94131257,35.24783416
1525,32.1248584,32.13253684,32.15557977,32.19401398,32.24788929,32.3172648,32.40221674,32.50282976,32.61919089,32.75138681,32.89949175,33.06355951,33.24361067,33.4396275,33.65154742,33.87926831,34.12267301,34.38167454,34.65628616,34.94669772,35.25334829
1526,32.13004411,32.13772471,32.16077406,32.19921873,32.25310814,32.32250083,32.40747223,32.50810596,32.62448769,32.75670246,32.90482255,33.06889966,33.24895245,33.44496209,33.65686679,33.88456836,34.1279578,34.38696047,34.66160438,34.95209288,35.25887266
1527,32.13523128,32.14291403,32.16596975,32.20442478,32.25832817,32.32773787,32.4127285,32.51338264,32.62978461,32.7620178,32.91015259,33.0742386,33.2542927,33.45029516,33.66218525,33.88986892,34.13324533,34.39225189,34.66693068,34.95749773,35.26440686
1528,32.1404199,32.14810478,32.17116682,32.20963214,32.26354937,32.33297589,32.41798553,32.51865979,32.63508164,32.76733283,32.91548184,33.07957633,33.25963147,33.45562684,33.66750296,33.89517012,34.13853565,34.39754871,34.67226487,34.9629121,35.26995071
1529,32.14560995,32.15329695,32.17636526,32.21484077,32.26877172,32.33821489,32.4232433,32.52393737,32.64037874,32.77264752,32.92081031,33.08491288,33.26496883,33.46095724,33.67282008,33.90047212,34.14382885,34.4028509,34.67760681,34.96833576,35.27550401
1530,32.15080144,32.15849053,32.18156506,32.22005067,32.2739952,32.34345485,32.42850179,32.52921539,32.64567592,32.77796187,32.92613801,33.09024826,33.27030483,33.46628643,33.67813672,33.90577507,34.14912508,34.40815853,34.6829564,34.97376844,35.28106639
1531,32.15599433,32.16368551,32.1867662,32.22526183,32.27921981,32.34869574,32.43376098,32.5344938,32.65097314,32.78327585,32.93146493,33.09558252,33.27563953,33.47161453,33.683453,33.91107908,34.15442439,34.41347159,34.68831351,34.97920992,35.28663762
1532,32.16118864,32.16888187,32.19196868,32.23047422,32.28444553,32.35393756,32.43902086,32.53977261,32.65627039,32.78858947,32.93679107,33.10091567,33.280973,33.47694163,33.68876908,33.91638428,34.15972685,34.41879003,34.69367803,34.98466004,35.29221754
1533,32.16638433,32.17407962,32.19717248,32.23568785,32.28967234,32.35918029,32.4442814,32.54505179,32.66156766,32.79390271,32.94211645,33.10624776,33.28630532,33.48226785,33.69408505,33.92169076,34.16503251,34.42411383,34.69904984,34.99011861,35.29780592
1534,32.17158141,32.17927872,32.20237758,32.24090269,32.29490022,32.36442391,32.4495426,32.55033132,32.66686493,32.79921557,32.94744107,33.1115788,33.29163651,33.48759326,33.69940104,33.92699866,34.17034148,34.42944301,34.70442881,34.99558538,35.30340251
1535,32.17677985,32.18447917,32.20758398,32.24611873,32.30012917,32.3696684,32.45480443,32.55561118,32.67216219,32.80452804,32.95276494,33.11690883,33.29696667,33.49291796,33.70471714,33.93230806,34.17565379,34.43477753,34.70981485,35.00106022,35.30900714
1536,32.18197965,32.18968096,32.21279167,32.25133596,32.30535916,32.37491375,32.46006688,32.56089137,32.67745943,32.80984012,32.95808808,33.1222379,33.30229585,33.49824204,33.71003347,33.93761906,34.18096948,34.44011736,34.71520784,35.00654297,35.31461964
1537,32.18718079,32.19488408,32.21800062,32.25655436,32.31059019,32.38015995,32.46532993,32.56617186,32.68275663,32.8151518,32.9634105,33.12756603,33.30762412,33.50356559,33.71535013,33.94293174,34.18628859,34.44546247,34.72060769,35.01203344,35.32023983
1538,32.19238326,32.2000885,32.22321083,32.26177392,32.31582223,32.38540697,32.47059355,32.57145264,32.68805378,32.82046309,32.9687322,33.13289326,33.31295153,33.5088887,33.72066722,33.94824619,34.19161119,34.45081283,34.72601427,35.01753148,35.32586753
1539,32.19758705,32.20529423,32.22842228,32.26699462,32.32105528,32.3906548,32.47585775,32.57673369,32.69335088,32.82577398,32.97405322,33.13821964,33.31827816,33.51421146,33.72598483,33.95356249,34.19693729,34.45616842,34.7314275,35.02303695,35.33150259
1540,32.20279215,32.21050124,32.23363496,32.27221646,32.32628931,32.39590342,32.4811225,32.582015,32.69864792,32.83108448,32.97937357,33.1435452,33.32360408,33.51953394,33.73130304,33.95888071,34.20226691,34.46152919,34.73684728,35.02854972,35.33714489
1541,32.20799854,32.21570953,32.23884885,32.27743941,32.33152431,32.40115282,32.48638778,32.58729657,32.70394488,32.83639458,32.98469325,33.14886997,33.32892932,33.52485623,33.73662196,33.96420094,34.20760013,34.46689514,34.74227351,35.03406961,35.3427942
1542,32.21320621,32.22091908,32.24406395,32.28266346,32.33676027,32.40640299,32.49165359,32.59257837,32.70924176,32.84170429,32.99001229,33.154194,33.33425396,33.5301784,33.74194166,33.96952323,34.21293693,34.47226622,34.74770609,35.0395965,35.34845043
1543,32.21841515,32.22612988,32.24928024,32.28788859,32.34199717,32.4116539,32.4969199,32.59786039,32.71453856,32.84701363,32.99533072,33.15951734,33.33957807,33.53550054,33.74726221,33.97484764,34.21827734,34.47764238,34.75314495,35.0451303,35.35411346
1544,32.22362534,32.23134191,32.25449769,32.2931148,32.34723499,32.41690555,32.50218671,32.60314262,32.71983527,32.85232258,33.00064857,33.16484002,33.34490171,33.54082272,33.7525837,33.98017421,34.22362135,34.48302357,34.75858999,35.05067088,35.35978319
1545,32.22883677,32.23655516,32.25971631,32.29834207,32.35247373,32.42215791,32.50745399,32.60842505,32.72513188,32.85763117,33.00596585,33.17016209,33.35022494,33.54614502,33.75790618,33.98550298,34.22896897,34.48840976,34.76404112,35.05621814,35.36545949
1546,32.23404943,32.24176962,32.26493608,32.30357038,32.35771335,32.42741097,32.51272173,32.61370767,32.7304284,32.8629394,33.01128259,33.17548361,33.35554783,33.5514675,33.76322973,33.990834,34.2343202,34.4938009,34.76949828,35.06177199,35.37114229
1547,32.2392633,32.24698527,32.27015698,32.30879972,32.36295386,32.43266471,32.51798992,32.61899048,32.73572482,32.86824728,33.01659881,33.18080459,33.36087041,33.55679024,33.76855442,33.99616735,34.23967511,34.49919699,34.77496137,35.06733225,35.37683136
1548,32.24447837,32.2522021,32.27537899,32.31403007,32.36819524,32.43791914,32.52325855,32.62427346,32.74102114,32.87355481,33.02191452,33.18612507,33.36619275,33.56211329,33.77388032,34.00150308,34.2450337,34.50459801,34.78043031,35.07289881,35.38252661
1549,32.24969463,32.25742009,32.28060211,32.31926142,32.37343747,32.44317422,32.52852761,32.6295566,32.74631736,32.87886202,33.02722977,33.19144511,33.37151491,33.56743672,33.77920747,34.00684119,34.25039594,34.51000387,34.78590505,35.07847163,35.38822798
1550,32.25491206,32.26263924,32.28582632,32.32449376,32.37868053,32.44842994,32.53379708,32.6348399,32.75161349,32.8841689,33.03254458,33.19676476,33.37683696,33.5727606,33.78453593,34.01218171,34.25576182,34.51541455,34.79138549,35.0840506,35.39393539
1551,32.26013065,32.26785953,32.29105161,32.32972707,32.38392441,32.45368629,32.53906696,32.64012336,32.75690951,32.88947549,33.03785898,33.20208406,33.38215895,33.57808499,33.78986575,34.01752468,34.26113133,34.52083,34.79687159,35.08963566,35.39964876
1552,32.26535038,32.27308094,32.29627795,32.33496133,32.3891691,32.45894326,32.54433722,32.64540695,32.76220544,32.89478179,33.04317301,33.20740306,33.38748094,33.58340994,33.79519697,34.0228701,34.26650445,34.52625016,34.80236326,35.09522672,35.40536802
1553,32.27057124,32.27830346,32.30150534,32.34019653,32.39441458,32.46420083,32.54960787,32.65069069,32.76750128,32.90008781,33.04848668,33.21272178,33.39280296,33.58873551,33.80052966,34.02821804,34.27188124,34.53167504,34.80786043,35.10082366,35.411093
1554,32.27579322,32.28352707,32.30673377,32.34543266,32.39966084,32.469459,32.55487889,32.65597457,32.77279703,32.90539357,33.0538,33.21804026,33.39812507,33.59406176,33.80586388,34.03356857,34.27726173,34.53710463,34.81336304,35.10642633,35.41682358
1555,32.28101631,32.28875177,32.31196321,32.3506697,32.40490787,32.47471775,32.56015027,32.66125858,32.77809269,32.91069908,33.05911303,33.22335855,33.40344731,33.59938874,33.81119966,34.03892166,34.28264586,34.54253886,34.81887102,35.11203473,35.42255972
1556,32.28624048,32.29397753,32.31719366,32.35590764,32.41015565,32.47997706,32.565422,32.66654271,32.78338828,32.91600436,33.06442579,33.22867669,33.40876975,33.60471649,33.81653702,34.04427733,34.28803362,34.54797768,34.82438432,35.11764876,35.42830137
1557,32.29146572,32.29920434,32.32242509,32.36114647,32.41540417,32.48523692,32.57069409,32.67182698,32.78868379,32.92130943,33.0697383,33.23399473,33.41409244,33.61004506,33.82187602,34.04963559,34.29342501,34.55342107,34.82990288,35.12326837,35.43404844
1558,32.29669202,32.3044322,32.3276575,32.36638616,32.42065341,32.49049733,32.5759665,32.67711137,32.79397924,32.92661431,33.07505062,33.23931271,33.41941542,33.6153745,33.82721667,34.05499647,34.29882001,34.55886899,34.83542664,35.12889348,35.43980087
1559,32.30191937,32.30966107,32.33289087,32.37162671,32.42590336,32.49575828,32.58123925,32.68239588,32.79927464,32.93191902,33.08036275,33.24463067,33.42473873,33.62070486,33.83255901,34.06035996,34.3042186,34.5643214,34.84095556,35.13452402,35.44555858
1560,32.30714775,32.31489096,32.33812519,32.3768681,32.43115401,32.50101974,32.58651233,32.68768052,32.80456998,32.93722356,33.08567473,33.24994864,33.43006242,33.62603618,33.83790311,34.06572613,34.30962083,34.5697783,34.84648955,35.14015973,35.45131235
1561,32.31237714,32.32012184,32.34336044,32.38211032,32.43640534,32.50628172,32.59178572,32.69296529,32.80986528,32.94252796,33.09098657,33.25526664,33.43538651,33.63136849,33.84324899,34.071095,34.3150267,34.57523965,34.85202849,35.14579796,35.45698955
1562,32.31760754,32.3253537,32.34859661,32.38735336,32.44165736,32.5115442,32.59705943,32.69825017,32.81516055,32.94783224,33.09629831,33.26058473,33.44071107,33.63670185,33.84859668,34.07646658,34.32043618,34.58070538,34.85757179,35.15142772,35.46257355
1563,32.32283892,32.33058653,32.35383368,32.3925972,32.44691003,32.51680718,32.60233345,32.70353519,32.82045579,32.95313641,33.10160998,33.26590294,33.44603613,33.6420363,33.85394621,34.08184086,34.32584924,34.58617535,34.86311728,35.15703524,35.46811331
1564,32.32807128,32.33582032,32.35907165,32.39784183,32.45216336,32.52207065,32.60760777,32.70882033,32.82575102,32.9584405,33.10692161,33.2712213,33.45136173,33.64737186,33.85929762,34.08721787,34.33126587,34.59164908,34.86866124,35.16262065,35.47361533
1565,32.3333046,32.34105504,32.36431049,32.40308724,32.45741733,32.52733459,32.61288239,32.7141056,32.83104623,32.96374451,33.11223322,33.27653985,33.45668791,33.65270859,33.86465092,34.09259761,34.33668593,34.59712564,34.87420089,35.16818541,35.47908527
1566,32.33853887,32.34629069,32.3695502,32.40833341,32.46267193,32.532599,32.61815731,32.719391,32.83634146,32.96904848,33.11754484,33.28185864,33.46201471,33.65804651,33.87000615,34.09798007,34.34210923,34.60260392,34.87973451,35.17372963,35.48452735
1567,32.34377407,32.35152725,32.37479076,32.41358033,32.46792715,32.53786387,32.62343251,32.72467653,32.84163669,32.97435242,33.12285651,33.28717768,33.46734217,33.66338565,33.87536332,34.1033652,34.34753542,34.60808281,34.88526093,35.1792542,35.48994488
1568,32.34901019,32.35676471,32.38003216,32.41882799,32.47318298,32.54312919,32.62870801,32.7299622,32.84693196,32.97965635,33.12816824,33.29249702,33.47267033,33.66872606,33.88072243,34.10875292,34.35296406,34.61356136,34.89077935,35.18476043,35.49534004
1569,32.35424721,32.36200306,32.38527438,32.42407638,32.4784394,32.54839496,32.6339838,32.73524802,32.85222726,32.98496029,33.13348007,33.29781669,33.47799921,33.67406776,33.8860835,34.11414309,34.35839469,34.61903869,34.8962892,35.19024942,35.50071467
1570,32.35948512,32.36724227,32.39051741,32.42932549,32.48369642,32.55366118,32.63925987,32.74053397,32.8575226,32.99026425,33.13879203,33.30313673,33.48332885,33.67941077,33.8914465,34.11953557,34.36382684,34.62451404,34.90179007,35.19572205,35.50607041
1571,32.36472391,32.37248235,32.39576124,32.4345753,32.48895401,32.55892782,32.64453622,32.74582008,32.86281801,32.99556827,33.14410414,33.30845715,33.4886593,33.68475512,33.8968114,34.12493016,34.36926003,34.62998673,34.90728177,35.20117912,35.51140857
1572,32.36996357,32.37772326,32.40100586,32.4398258,32.49421218,32.5641949,32.64981286,32.75110634,32.86811349,33.00087236,33.14941642,33.31377801,33.49399056,33.69010081,33.90217814,34.13032664,34.3746938,34.63545628,34.91276432,35.20662127,35.51673009
1573,32.37520407,32.38296501,32.40625125,32.44507698,32.4994709,32.56946239,32.65508977,32.75639276,32.87340906,33.00617653,33.15472891,33.31909932,33.49932268,33.69544785,33.90754666,34.13572479,34.38012769,34.64092215,34.91823765,35.21204922,35.52203608
1574,32.38044542,32.38820758,32.41149741,32.45032884,32.50473018,32.57473031,32.66036697,32.76167934,32.87870472,33.01148082,33.16004163,33.32442111,33.50465567,33.70079622,33.91291685,34.14112433,34.38556133,34.64638413,34.92370191,35.21746346,35.52732713
1575,32.38568758,32.39345095,32.41674431,32.45558136,32.50999,32.57999864,32.66564445,32.7669661,32.8840005,33.01678523,33.16535461,33.32974342,33.50998955,33.70614593,33.91828863,34.14652504,34.39099433,34.65184183,34.9291571,35.22286458,35.53260406
1576,32.39093057,32.39869512,32.42199196,32.46083452,32.51525036,32.58526737,32.67092221,32.77225304,32.88929639,33.02208979,33.17066786,33.33506627,33.51532433,33.7114969,33.92366184,34.15192667,34.39642644,34.65729519,34.93460338,35.22825295,35.5378673
1577,32.39617435,32.40394007,32.42724033,32.46608833,32.52051125,32.59053651,32.67620025,32.77754015,32.89459243,33.02739452,33.17598142,33.34038967,33.52066003,33.71684916,33.92903641,34.15732898,34.40185722,34.66274379,34.94004077,35.23362921,35.54311775
1578,32.40141891,32.40918579,32.43248941,32.47134277,32.52577266,32.59580605,32.68147858,32.78282746,32.89988861,33.03269944,33.18129531,33.34571366,33.52599666,33.72220265,33.93441222,34.16273173,34.40728642,34.66818746,34.94546938,35.23899376,35.54835592
1579,32.40666426,32.41443226,32.4377392,32.47659783,32.53103459,32.60107599,32.68675719,32.78811497,32.90518495,33.03800456,33.18660955,33.35103825,33.53133419,33.72755729,33.93978908,34.16813471,34.41271389,34.67362624,34.95088938,35.24434684,35.55358204
1580,32.41191036,32.41967948,32.44298968,32.4818535,32.53629702,32.60634632,32.69203608,32.79340268,32.91048147,33.04330991,33.19192416,33.35636345,33.53667265,33.73291307,33.94516691,34.17353769,34.41813925,34.67905982,34.95630082,35.24968901,35.55879689
1581,32.41715722,32.42492743,32.44824085,32.48710977,32.54155996,32.61161704,32.69731526,32.7986906,32.91577818,33.0486155,33.19723917,33.36168929,33.54201201,33.73826991,33.95054556,34.17894047,34.42356235,34.68448816,34.96170386,35.25502055,35.56400076
1582,32.42240481,32.4301761,32.45349268,32.49236664,32.54682339,32.61688815,32.70259473,32.80397874,32.9210751,33.05392136,33.20255458,33.36701577,33.54735225,33.74362772,33.95592488,34.18434289,34.4289831,34.6899113,34.96709865,35.26034165,35.56919387
1583,32.42765313,32.43542549,32.45874518,32.49762409,32.55208731,32.62215965,32.7078745,32.80926711,32.92637222,33.05922749,33.20787042,33.37234289,33.55269336,33.74898647,33.96130474,34.1897447,34.4344012,34.69532906,34.9724853,35.26565278,35.57437678
1584,32.43290217,32.44067557,32.46399833,32.50288212,32.55735171,32.62743153,32.71315456,32.81455571,32.93166958,33.06453391,33.21318671,33.37767067,33.55803532,33.75434607,33.96668501,34.19514576,34.43981654,34.70074142,34.97786393,35.27095414,35.57954975
1585,32.43815191,32.44592634,32.46925212,32.50814072,32.5626166,32.63270379,32.71843491,32.81984456,32.93696718,33.06984065,33.21850345,33.3829991,33.56337808,33.75970642,33.97206555,34.20054594,34.44522906,34.70614843,34.98323469,35.27624593,35.58471296
1586,32.44340235,32.4511778,32.47450655,32.51339988,32.56788195,32.63797644,32.72371557,32.82513366,32.94226503,33.07514771,33.22382065,33.38832817,33.56872161,33.76506745,33.97744624,34.20594506,34.4506386,34.71155006,34.98859771,35.28152841,35.58986671
1587,32.44865347,32.45642992,32.4797616,32.5186596,32.57314778,32.64324947,32.72899653,32.83042302,32.94756315,33.08045511,33.22913834,33.39365788,33.57406589,33.7704291,33.98282695,34.21134298,34.45604503,34.71694624,34.99395308,35.28680187,35.59501136
1588,32.45390526,32.46168269,32.48501726,32.52391987,32.57841407,32.64852287,32.7342778,32.83571265,32.95286155,33.08576286,33.2344565,33.39898823,33.57941087,33.77579129,33.98820759,34.21673957,34.46144825,34.72233696,34.99930092,35.29206651,35.60014715
1589,32.45915772,32.46693612,32.49027353,32.52918067,32.58368083,32.65379666,32.73955939,32.84100256,32.95816023,33.09107098,33.23977516,33.4043192,33.58475652,33.78115392,33.993588,34.22213471,34.4668482,34.72772227,35.00464137,35.29732251,35.60527422
1590,32.46441083,32.47219018,32.4955304,32.53444201,32.58894804,32.65907083,32.74484128,32.84629274,32.96345922,33.09637947,33.24509431,33.40965077,33.59010277,33.7865169,33.99896808,34.22752828,34.47224484,34.73310223,35.00997454,35.30257002,35.61039276
1591,32.46966458,32.47744488,32.50078786,32.53970388,32.5942157,32.66434537,32.7501235,32.85158323,32.96875853,33.10168835,33.25041395,33.41498294,33.59544959,33.79188016,34.00434773,34.23292018,34.47763807,34.73847679,35.01530054,35.30780928,35.61550302
1592,32.47491897,32.48270019,32.50604589,32.54496626,32.59948382,32.6696203,32.75540604,32.85687401,32.97405815,33.10699762,33.25573409,33.42031568,33.60079694,33.79724364,34.00972687,34.23831029,34.48302779,34.74384592,35.02061945,35.31304048,35.62060527
1593,32.48017399,32.48795612,32.51130451,32.55022917,32.60475238,32.6748956,32.76068891,32.86216509,32.9793581,33.11230728,33.26105471,33.42564897,33.60614477,33.80260725,34.01510537,34.24369854,34.48841399,34.74920972,35.0259314,35.31826376,35.62569961
1594,32.48542961,32.49321265,32.51656369,32.55549259,32.61002139,32.68017129,32.76597212,32.8674565,32.98465839,33.11761736,33.26637583,33.43098278,33.61149301,33.80797089,34.02048314,34.24908485,34.49379666,34.7545682,35.03123648,35.32347923,35.63078616
1595,32.49068585,32.49846978,32.52182342,32.56075651,32.61529084,32.68544736,32.77125566,32.87274823,32.98995903,33.12292784,33.27169743,33.43631709,33.61684162,33.81333449,34.02586009,34.25446914,34.49917574,34.75992141,35.03653479,35.32868707,35.63586511
1596,32.49594269,32.50372749,32.52708371,32.56602093,32.62056073,32.69072381,32.77653954,32.87804028,32.99526003,33.12823873,33.2770195,33.44165188,33.62219056,33.81869802,34.03123615,34.2598513,34.50455113,34.76526928,35.04182641,35.33388749,35.64093673
1597,32.50120011,32.50898578,32.53234455,32.57128585,32.62583106,32.69600064,32.78182376,32.88333267,33.00056138,33.13355004,33.28234203,33.44698712,33.62753978,33.82406137,34.03661124,34.26523129,34.50992285,34.7706119,35.04711144,35.33908057,35.64600108
1598,32.50645812,32.51424465,32.53760593,32.57655126,32.63110183,32.70127786,32.78710834,32.88862541,33.00586311,33.13886176,33.28766501,33.45232278,33.63288921,33.82942447,34.04198527,34.27060905,34.51529087,34.7759493,35.05238997,35.34426644,35.6510583
1599,32.51171671,32.51950407,32.54286784,32.58181716,32.63637303,32.70655547,32.79239327,32.89391849,33.0111652,33.1441739,33.29298844,33.45765882,33.63823881,33.83478726,34.04735817,34.27598452,34.52065518,34.78128151,35.05766209,35.34944523,35.65610852
1600,32.51697586,32.52476406,32.54813028,32.58708354,32.64164467,32.71183346,32.79767856,32.89921192,33.01646767,33.14948644,33.29831229,33.46299522,33.64358854,33.84014969,34.05272987,34.2813576,34.52601571,34.78660852,35.06292788,35.3546171,35.66115194
1601,32.52223558,32.5300246,32.55339324,32.5923504,32.64691673,32.71711184,32.80296421,32.90450571,33.02177052,33.1547994,33.30363655,33.46833196,33.64893835,33.84551168,34.0581003,34.28672827,34.53137246,34.79193039,35.06818742,35.35978215,35.66618865
1602,32.52749585,32.53528568,32.55865671,32.59761774,32.65218923,32.72239061,32.80825022,32.90979986,33.02707375,33.16011276,33.30896121,33.47366899,33.65428818,33.85087317,34.0634694,34.29209648,34.53672542,34.79724715,35.07344079,35.36494049,35.67121876
1603,32.53275667,32.5405473,32.5639207,32.60288555,32.65746216,32.72766978,32.8135366,32.91509438,33.03237735,33.16542651,33.31428625,33.47900628,33.65963799,33.8562341,34.06883712,34.29746219,34.54207458,34.80255882,35.07868807,35.37009223,35.67624239
1604,32.53801803,32.54580945,32.5691852,32.60815384,32.66273551,32.73294933,32.81882336,32.92038927,33.03768135,33.17074066,33.31961165,33.48434381,33.66498773,33.86159442,34.07420337,34.30282533,34.54741992,34.80786545,35.08392935,35.37523748,35.68125967
1605,32.54327992,32.55107213,32.5744502,32.61342259,32.6680093,32.73822928,32.82411048,32.92568453,33.04298572,33.1760552,33.3249374,33.48968154,33.67033735,33.86695405,34.07956812,34.30818587,34.55276143,34.81316705,35.08916469,35.38037635,35.68627069
1606,32.54854234,32.55633534,32.5797157,32.6186918,32.67328351,32.74350963,32.82939799,32.93098016,33.04829047,33.18137011,33.33026348,33.49501943,33.67568681,33.87231296,34.0849313,34.31354378,34.5580991,34.81846368,35.09439416,35.38550892,35.69127556
1607,32.55380529,32.56159905,32.58498169,32.62396148,32.67855815,32.74879038,32.83468587,32.93627617,33.0535956,33.18668539,33.33558985,33.50035746,33.68103606,33.87767109,34.09029287,34.31889903,34.56343294,34.82375537,35.09961784,35.39063529,35.69627436
1608,32.55906876,32.56686328,32.59024817,32.62923161,32.68383322,32.75407152,32.83997414,32.94157256,33.05890111,33.19200104,33.34091652,33.5056956,33.68638505,33.88302838,34.09565276,34.32425156,34.56876293,34.82904213,35.1048358,35.39575558,35.70126723
1609,32.56433274,32.57212802,32.59551514,32.6345022,32.68910871,32.75935306,32.84526278,32.94686932,33.064207,33.19731704,33.34624346,33.51103381,33.69173376,33.88838477,34.10101093,34.32960134,34.57408906,34.834324,35.11004811,35.40086987,35.70625425
1610,32.56959723,32.57739325,32.60078259,32.63977325,32.69438462,32.764635,32.85055181,32.95216646,33.06951326,33.20263337,33.35157065,33.51637207,33.69708212,33.89374023,34.10636735,34.33494836,34.57941134,34.83960103,35.11525483,35.40597823,35.7112355
1611,32.57486222,32.58265899,32.60605051,32.64504475,32.69966096,32.76991734,32.85584123,32.95746398,33.07481988,33.20795004,33.35689806,33.52171032,33.7024301,33.89909471,34.11172196,34.34029259,34.58472978,34.84487325,35.12045602,35.41108074,35.71621105
1612,32.58012772,32.58792521,32.61131892,32.6503167,32.70493773,32.77520008,32.86113103,32.96276187,33.08012686,33.21326702,33.36222567,33.52704854,33.70777764,33.90444816,34.11707474,34.34563402,34.5900444,34.8501407,35.12565175,35.41617747,35.72118097
1613,32.5853937,32.59319193,32.6165878,32.6555891,32.71021492,32.78048323,32.86642122,32.96806014,33.0854342,33.21858429,33.36755345,33.53238669,33.71312471,33.90980053,34.12242565,34.35097264,34.5953552,34.85540342,35.13084207,35.42126849,35.72614534
1614,32.59066018,32.59845914,32.62185715,32.66086195,32.71549253,32.78576678,32.8717118,32.97335879,33.09074188,33.22390185,33.37288137,33.53772474,33.71847127,33.91515179,34.12777466,34.35630842,34.6006622,34.86066146,35.13602705,35.42635387,35.7311042
1615,32.59592715,32.60372682,32.62712696,32.66613525,32.72077057,32.79105074,32.87700277,32.9786578,33.0960499,33.22921967,33.37820942,33.54306266,33.72381728,33.92050189,34.13312173,34.36164136,34.60596539,34.86591483,35.14120673,35.43143368,35.73605766
1616,32.60119461,32.60899499,32.63239724,32.67140899,32.72604904,32.7963351,32.88229413,32.98395719,33.10135826,33.23453776,33.38353759,33.54840041,33.7291627,33.92585079,34.13846681,34.3669714,34.61126477,34.87116356,35.14638118,35.43650802,35.74100581
1617,32.60646254,32.61426363,32.63766799,32.67668317,32.73132792,32.80161986,32.88758587,32.98925693,33.10666694,33.23985609,33.38886583,33.55373797,33.73450748,33.93119846,34.1438099,34.37229856,34.61656036,34.87640768,35.15155045,35.44157694,35.7459487
1618,32.61173095,32.61953274,32.64293919,32.6819578,32.73660723,32.80690503,32.892878,32.99455704,33.11197593,33.24517465,33.39419413,33.5590753,33.73985161,33.93654486,34.14915094,34.37762282,34.62185216,34.88164724,35.1567146,35.44664051,35.75088641
1619,32.61699984,32.62480233,32.64821085,32.68723287,32.74188696,32.8121906,32.89817051,32.99985751,33.11728524,33.25049341,33.39952247,33.56441237,33.74519503,33.94188995,34.15448993,34.38294415,34.62714017,34.88688225,35.16187367,35.4516988,35.75581901
1620,32.62226919,32.63007238,32.65348297,32.69250838,32.74716712,32.81747657,32.9034634,33.00515833,33.12259484,33.25581238,33.40485083,33.56974916,33.75053773,33.9472337,34.15982682,34.38826255,34.6324244,34.89211274,35.16702773,35.45675221,35.7607571
1621,32.62753902,32.6353429,32.65875555,32.69778432,32.75244769,32.82276294,32.90875667,33.01045949,33.12790473,33.26113153,33.41017917,33.57508564,33.75587965,33.95257608,34.16516159,34.39357801,34.63770486,34.89733876,35.17217692,35.46180302,35.76573981
1622,32.63280931,32.64061388,32.66402857,32.7030607,32.75772868,32.82804972,32.91405031,33.015761,33.13321491,33.26645084,33.41550748,33.58042176,33.76122077,33.95791705,34.17049423,34.39889051,34.64298157,34.90256036,35.17732174,35.46685767,35.77079195
1623,32.63808007,32.64588532,32.66930204,32.70833752,32.76301008,32.83333689,32.91934433,33.02106284,33.13852534,33.27177029,33.42083573,33.58575751,33.76656106,33.96325658,34.1758247,34.40420006,34.64825454,34.90777766,35.18246355,35.47192546,35.77587655
1624,32.64335129,32.65115721,32.67457597,32.71361477,32.76829191,32.83862445,32.92463872,33.02636501,33.14383604,33.27708988,33.42616391,33.59109285,33.77190048,33.96859465,34.18115299,34.40950664,34.6535238,34.91299098,35.1876048,35.47700955,35.7809847
1625,32.64862296,32.65642957,32.67985033,32.71889246,32.77357415,32.84391241,32.92993348,33.0316675,33.14914698,33.28240958,33.43149197,33.59642776,33.777239,33.97393122,34.18647907,34.41481025,34.65878944,34.91820096,35.19274794,35.48210711,35.78611386
1626,32.6538951,32.66170237,32.68512515,32.72417057,32.7788568,32.84920077,32.9352286,33.03697031,33.15445816,33.28772937,33.43681991,33.6017622,33.7825766,33.97926627,34.19180293,34.42011091,34.66405161,34.92340842,35.19789418,35.48721708,35.79126192
1627,32.65916768,32.66697563,32.6904004,32.72944912,32.78413986,32.85448951,32.94052408,33.04227343,33.15976955,33.29304924,33.44214769,33.60709615,33.78791323,33.98459978,34.19712456,34.42540865,34.66931056,34.9286142,35.20304421,35.49233946,35.79642641
1628,32.66444072,32.67224934,32.6956761,32.73472809,32.78942334,32.85977865,32.94581992,33.04757684,33.16508116,33.29836917,33.4474753,33.61242958,33.79324888,33.98993171,34.20244395,34.43070352,34.67456659,34.93381901,35.20819856,35.49747386,35.80160563
1629,32.66971421,32.67752349,32.70095224,32.74000749,32.79470723,32.86506816,32.9511161,33.05288055,33.17039296,33.30368915,33.45280271,33.61776247,33.79858352,33.99526204,34.20776109,34.43599562,34.67982006,34.93902345,35.21335767,35.50261942,35.80679818
1630,32.67498815,32.68279809,32.70622881,32.74528731,32.79999152,32.87035806,32.95641263,33.05818455,33.17570495,33.30900914,33.4581299,33.62309478,33.80391712,34.00059077,34.21307601,34.44128507,34.6850713,34.94422805,35.21852185,35.50777539,35.81200297
1631,32.68026254,32.68807314,32.71150582,32.75056756,32.80527622,32.87564834,32.9617095,33.06348882,33.18101711,33.31432914,33.46345684,33.62842649,33.80924966,34.00591787,34.21838873,34.44657203,34.69032066,34.94943319,35.22369115,35.51294126,35.81721926
1632,32.68553737,32.69334863,32.71678327,32.75584823,32.81056132,32.880939,32.9670067,33.06879335,33.18632943,33.31964913,33.46878351,33.63375758,33.81458111,34.01124333,34.2236993,34.45185664,34.69556846,34.95463932,35.22886573,35.51811643,35.82244617
1633,32.69081264,32.69862455,32.72206114,32.76112931,32.81584682,32.88623002,32.97230423,33.07409815,33.19164189,33.32496908,33.4741099,33.63908803,33.81991144,34.01656716,34.22900775,34.45713905,34.70081504,34.95984683,35.23404567,35.52330037,35.8276829
1634,32.69608836,32.70390092,32.72733945,32.76641082,32.82113272,32.89152142,32.97760208,33.07940319,33.19695448,33.33028899,33.47943597,33.6444178,33.82524066,34.02188935,34.23431416,34.46241947,34.70606065,34.96505587,35.23923079,35.52849286,35.83292913
1635,32.70136451,32.70917772,32.73261819,32.77169274,32.82641901,32.89681318,32.98290025,33.08470847,33.20226719,33.33560883,33.48476171,33.64974687,33.83056872,34.02720991,34.23961858,34.46769804,34.71130562,34.97026687,35.24442122,35.53369333,35.838184
1636,32.70664111,32.71445496,32.73789735,32.77697507,32.8317057,32.9021053,32.98819873,33.09001398,33.20758,33.34092859,33.4900871,33.65507524,33.83589564,34.03252887,34.24492112,34.47297497,34.71655012,34.97547977,35.24961673,35.53890164,35.84344743
1637,32.71191813,32.71973263,32.74317694,32.78225782,32.83699277,32.90739777,32.99349751,33.09531971,33.21289291,33.34624824,33.49541211,33.66040286,33.84122139,34.03784623,34.25022184,34.47825041,34.72179446,34.9806949,35.25481735,35.54411734,35.84871876
1638,32.7171956,32.72501074,32.74845696,32.78754097,32.84228023,32.9126906,32.99879658,33.10062565,33.21820589,33.35156777,33.50073673,33.66572974,33.84654596,34.04316204,34.25552085,34.48352455,34.72703879,34.98591232,35.26002298,35.5493402,35.85399771
1639,32.72247349,32.73028927,32.75373739,32.79282454,32.84756808,32.91798377,33.00409595,33.10593178,33.22351893,33.35688716,33.50606093,33.67105585,33.85186938,34.04847633,34.26081824,34.48879754,34.73228331,34.99113209,35.26523352,35.55456995,35.85928401
1640,32.72775182,32.73556823,32.75901824,32.7981085,32.8528563,32.92327728,33.00939559,33.11123811,33.22883201,33.3622064,33.5113847,33.67638117,33.85719162,34.05378914,34.26611412,34.49406955,34.73752818,34.99635433,35.27044892,35.55980635,35.86457731
1641,32.73303057,32.74084762,32.76429952,32.80339287,32.8581449,32.92857113,33.01469551,33.11654461,33.23414513,33.36752547,33.51670802,33.68170572,33.86251273,34.05910054,34.27140858,34.49934067,34.74277344,35.00157898,35.27566906,35.56504926,35.86987749
1642,32.73830975,32.74612743,32.7695812,32.80867763,32.86343387,32.9338653,33.01999569,33.12185127,33.23945827,33.37284434,33.52203088,33.68702946,33.86783268,34.06441054,34.27670172,34.50461109,34.74801936,35.00680624,35.28089389,35.57029834,35.87518411
1643,32.74358936,32.75140766,32.7748633,32.81396279,32.86872321,32.9391598,33.02529613,33.12715809,33.24477141,33.37816301,33.52735325,33.69235238,33.87315148,34.06971918,34.28199363,34.50988098,34.75326611,35.01203619,35.28612333,35.57555334,35.88049685
1644,32.74886939,32.75668831,32.78014581,32.81924834,32.87401291,32.94445462,33.03059681,33.13246505,33.25008455,33.38348146,33.53267513,33.69767449,33.87846917,34.07502654,34.28728441,34.51515042,34.7585137,35.01726879,35.29135729,35.58081416,35.88581563
1645,32.75414984,32.76196938,32.78542872,32.82453428,32.87930297,32.94974975,33.03589774,33.13777215,33.25539766,33.38879968,33.53799651,33.7029958,33.88378577,34.08033269,34.29257415,34.52041948,34.76376219,35.02250402,35.29659569,35.58608068,35.89114031
1646,32.7594307,32.76725086,32.79071204,32.82982061,32.88459338,32.95504519,33.0411989,33.14307937,33.26071074,33.39411765,33.54331736,33.70831628,33.88910129,34.08563764,34.29786295,34.52568836,34.76901178,35.02774201,35.30183844,35.59135261,35.89647053
1647,32.76471199,32.77253276,32.79599576,32.83510732,32.88988415,32.96034093,33.04650028,33.14838669,33.26602376,33.39943534,33.54863768,33.71363593,33.89441573,34.09094146,34.3031509,34.53095717,34.77426259,35.03298281,35.30708548,35.59662974,35.90180604
1648,32.76999368,32.77781507,32.80127989,32.84039441,32.89517526,32.96563696,33.05180187,33.15369412,33.27133673,33.40475277,33.55395747,33.71895478,33.89972916,34.09624423,34.30843807,34.53622593,34.77951455,35.03822628,35.31233672,35.60191211,35.90714692
1649,32.77527579,32.78309779,32.8065644,32.84568187,32.90046671,32.97093327,33.05710368,33.15900164,33.27664962,33.41006991,33.55927672,33.72427283,33.9050416,34.10154599,34.31372455,34.54149474,34.78476776,35.04347249,35.3175921,35.60719951,35.91249293
1650,32.78055831,32.78838091,32.81184932,32.8509697,32.9057585,32.97622987,33.06240567,33.16430923,33.28196241,33.41538674,33.56459541,33.72959008,33.91035305,34.10684681,34.31901044,34.54676375,34.79002234,35.04872146,35.32285152,35.61249176,35.91784384
1651,32.78584124,32.79366443,32.81713462,32.85625791,32.91105061,32.98152674,33.06770786,33.16961688,33.28727511,33.42070326,33.56991354,33.73490652,33.91566356,34.11214672,34.32429583,34.55203305,34.79527838,35.05397322,35.32811491,35.6177887,35.92319947
1652,32.79112457,32.79894836,32.82242031,32.86154647,32.91634305,32.98682388,33.07301022,33.1749246,33.2925877,33.42601946,33.57523112,33.74022219,33.92097317,34.11744581,34.32958075,34.55730262,34.80053579,35.05922768,35.33338223,35.62309034,35.92855987
1653,32.7964083,32.80423268,32.82770638,32.8668354,32.92163582,32.99212127,33.07831276,33.18023235,33.29790017,33.43133533,33.58054814,33.74553711,33.92628191,34.12274412,34.33486529,34.56257257,34.80579469,35.06448487,35.33865339,35.62839652,35.93392485
1654,32.80169243,32.80951739,32.83299283,32.87212468,32.92692889,32.99741891,33.08361545,33.18554014,33.3032125,33.43665086,33.5858646,33.75085127,33.93158982,34.12804171,34.34014953,34.56784298,34.81105508,35.06974475,35.34392833,35.63370713,35.93929429
1655,32.80697695,32.8148025,32.83827966,32.8774143,32.93222227,33.0027168,33.08891829,33.19084795,33.30852468,33.44196605,33.59118051,33.7561647,33.93689693,34.13333864,34.34543352,34.5731139,34.81631703,35.07500734,35.34920699,35.63902207,35.94466808
1656,32.81226187,32.82008799,32.84356687,32.88270428,32.93751595,33.00801492,33.09422128,33.19615578,33.31383672,33.44728089,33.59649586,33.7614774,33.94220325,34.13863494,34.35071734,34.57838542,34.82158061,35.08027266,35.3544893,35.64434119,35.95004603
1657,32.81754717,32.82537387,32.84885444,32.8879946,32.94280993,33.01331328,33.0995244,33.20146361,33.31914859,33.45259537,33.60181066,33.7667894,33.94750883,34.14393067,34.35600104,34.58365757,34.8268458,35.08554065,35.35977521,35.64966444,35.95542811
1658,32.82283287,32.83066013,32.85414237,32.89328525,32.9481042,33.01861185,33.10482765,33.20677143,33.32446029,33.4579095,33.60712491,33.77210072,33.95281372,34.1492259,34.36128468,34.58893039,34.83211261,35.0908113,35.36506466,35.65499175,35.96081425
1659,32.82811894,32.83594677,32.85943067,32.89857623,32.95339876,33.02391064,33.11013101,33.21207924,33.32977181,33.46322325,33.61243861,33.77741138,33.95811796,34.15452067,34.36656832,34.59420392,34.83738107,35.09608457,35.37035759,35.66032304,35.96620437
1660,32.83340539,32.84123378,32.86471933,32.90386754,32.95869359,33.02920963,33.11543447,33.21738702,33.33508314,33.46853664,33.61775179,33.7827214,33.96342159,34.15981504,34.37185201,34.59947821,34.84265116,35.10136044,35.37565394,35.66565824,35.9715984
1661,32.83869222,32.84652115,32.87000833,32.90915917,32.96398869,33.03450882,33.12073803,33.22269477,33.34039429,33.47384967,33.62306444,33.78803079,33.9687246,34.16510902,34.3771358,34.60475332,34.84792298,35.10663895,35.38095366,35.67099721,35.97699615
1662,32.84397942,32.8518089,32.87529769,32.91445111,32.96928405,33.03980821,33.12604169,33.22800248,33.34570523,33.47916233,33.62837657,33.79333957,33.97402705,34.17040269,34.38241974,34.61002929,34.85319653,35.11192006,35.38625671,35.6763399,35.98239759
1663,32.84926699,32.85709701,32.88058738,32.91974337,32.97457968,33.04510777,33.13134542,33.23331013,33.35101597,33.48447462,33.63368819,33.79864778,33.97932899,34.17569608,34.38770387,34.61530614,34.85847178,35.11720374,35.39156304,35.68168625,35.98780267
1664,32.85455492,32.86238547,32.88587742,32.92503592,32.97987555,33.05040752,33.13664923,33.23861773,33.3563265,33.48978654,33.63899931,33.80395543,33.98463044,34.18098923,34.39298823,34.62058389,34.86374875,35.12248996,35.39687259,35.68703622,35.99321133
1665,32.85984321,32.86767429,32.89116779,32.93032878,32.98517167,33.05570742,33.1419531,33.24392527,33.36163681,33.4950981,33.64430995,33.80926256,33.98993145,34.1862822,34.39827286,34.62586256,34.86902743,35.1277787,35.40218533,35.69238974,35.99862351
1666,32.86513186,32.87296346,32.89645849,32.93562193,32.99046803,33.06100749,33.14725703,33.24923273,33.36694691,33.50040929,33.64962012,33.81456918,33.99523204,34.19157502,34.40355781,34.6311422,34.87430784,35.13306994,35.4075012,35.69774673,36.00403912
1667,32.87042086,32.87825297,32.90174951,32.94091537,32.99576462,33.06630772,33.152561,33.25454011,33.37225678,33.50572012,33.65492981,33.81987529,34.00053223,34.19686772,34.40884313,34.63642287,34.87959004,35.13836371,35.41282016,35.70310709,36.00945804
1668,32.8757102,32.88354282,32.90704085,32.94620909,33.00106143,33.07160809,33.15786503,33.25984742,33.37756644,33.5110306,33.66023905,33.82518093,34.00583206,34.20216035,34.41412883,34.64170456,34.884874,35.14365996,35.41814217,35.70847079,36.01488026
1669,32.88099989,32.888833,32.91233251,32.95150308,33.00635847,33.07690859,33.16316908,33.26515463,33.38287587,33.51634073,33.66554786,33.83048614,34.01113157,34.20745293,34.41941496,34.6469873,34.89015972,35.14895866,35.42346718,35.71383779,36.02030572
1670,32.88628991,32.89412352,32.91762447,32.95679735,33.01165571,33.08220923,33.16847317,33.27046175,33.38818507,33.52165051,33.67085624,33.83579092,34.01643078,34.2127455,34.42470154,34.65227109,34.8954472,35.1542598,35.42879516,35.71920803,36.02573437
1671,32.89158026,32.89941436,32.92291673,32.96209187,33.01695316,33.08750999,33.17377727,33.27576877,33.39349405,33.52695996,33.67616421,33.84109531,34.02172974,34.21803811,34.4299886,34.65755597,34.90073643,35.15956336,35.43412608,35.72458146,36.03116615
1672,32.89687095,32.90470552,32.9282093,32.96738666,33.02225081,33.09281087,33.17908139,33.28107569,33.3988028,33.53226906,33.68147178,33.84639931,34.02702846,34.22333077,34.43527619,34.66284197,34.90602746,35.16486932,35.43945988,35.729958,36.03660098
1673,32.90216195,32.909997,32.93350215,32.97268169,33.02754864,33.09811186,33.18438552,33.2863825,33.40411132,33.53757783,33.68677896,33.85170295,34.03232696,34.22862353,34.44056433,34.66812912,34.91132027,35.17017768,35.44479652,35.73533762,36.04203882
1674,32.90745328,32.91528878,32.93879529,32.97797698,33.03284667,33.10341296,33.18968966,33.2916892,33.40941962,33.54288628,33.69208577,33.85700626,34.03762529,34.23391642,34.44585305,34.67341741,34.91661485,35.1754884,35.45013598,35.74072026,36.04747962
1675,32.91274491,32.92058087,32.94408871,32.9832725,33.03814487,33.10871415,33.19499379,33.29699578,33.41472769,33.54819442,33.69739223,33.86230926,34.04292347,34.23920945,34.45114237,34.67870686,34.92191122,35.18080148,35.45547821,35.74610588,36.05292334
1676,32.91803685,32.92587326,32.94938241,32.98856825,33.04344325,33.11401544,33.20029792,33.30230226,33.42003554,33.55350225,33.70269835,33.86761197,34.04822153,34.24450267,34.45643231,34.68399749,34.92720935,35.18611688,35.4608232,35.75149444,36.05836994
1677,32.92332909,32.93116595,32.95467638,32.99386423,33.04874178,33.11931681,33.20560204,33.30760861,33.42534317,33.55880978,33.70800414,33.87291441,34.05351948,34.24979609,34.46172289,34.68928931,34.93250927,35.1914346,35.46617089,35.7568859,36.06381936
1678,32.92862163,32.93645892,32.9599706,32.99916043,33.05404048,33.12461826,33.21090614,33.31291484,33.43065058,33.56411701,33.71330961,33.87821659,34.05881737,34.25508975,34.46701416,34.69458234,34.93781096,35.19675461,35.47152126,35.7622802,36.06927155
1679,32.93391446,32.94175217,32.96526509,33.00445685,33.05933934,33.12991978,33.21621022,33.31822096,33.43595778,33.56942396,33.71861479,33.88351855,34.0641152,34.26038368,34.47230612,34.69987659,34.94311442,35.20207689,35.47687426,35.76767731,36.07472649
1680,32.93920758,32.9470457,32.97055983,33.00975347,33.06463834,33.13522138,33.22151428,33.32352695,33.44126476,33.57473064,33.72391968,33.8888203,34.06941302,34.26567789,34.4775988,34.70517208,34.94841966,35.20740143,35.48222988,35.7730773,36.08018917
1681,32.94450097,32.9523395,32.97585481,33.0150503,33.06993748,33.14052304,33.22681831,33.32883281,33.44657153,33.58003704,33.7292243,33.89412186,34.07471083,34.27097242,34.48289223,34.71046881,34.95372666,35.21272821,35.48758813,35.77848174,36.08570051
1682,32.94979464,32.95763357,32.98115003,33.02034732,33.07523676,33.14582475,33.23212231,33.33413856,33.45187809,33.58534319,33.73452866,33.89942325,34.08000868,34.27626729,34.48818641,34.7157668,34.95903543,35.21805723,35.49294932,35.78389618,36.09126838
1683,32.95508858,32.96292789,32.98644549,33.02564454,33.08053617,33.15112652,33.23742627,33.33944417,33.45718444,33.59064908,33.73983278,33.90472449,34.08530657,34.28156253,34.49348137,34.72106605,34.96434596,35.22338853,35.49831449,35.78932784,36.09686914
1684,32.96038277,32.96822247,32.99174117,33.03094194,33.0858357,33.15642834,33.2427302,33.34474967,33.4624906,33.59595473,33.74513667,33.91002561,34.09060454,34.28685814,34.49877713,34.72636656,34.96965827,35.22872234,35.50368554,35.79477889,36.10249482
1685,32.96567723,32.9735173,32.99703708,33.03623952,33.09113536,33.16173021,33.24803409,33.35005504,33.46779656,33.60126015,33.75044036,33.91532662,34.09590261,34.29215417,34.50407369,34.73166836,34.9749724,35.23405911,35.50906423,35.80024715,36.10814347
1686,32.97097194,32.97881237,33.00233321,33.04153727,33.09643512,33.16703211,33.25333794,33.35536028,33.47310233,33.60656535,33.75574385,33.92062754,34.10120079,34.29745062,34.50937108,34.73697146,34.98028847,35.23939945,35.51445163,35.80573163,36.11381269
1687,32.97626689,32.98410768,33.00762954,33.0468352,33.101735,33.17233405,33.25864174,33.3606654,33.47840792,33.61187033,33.76104716,33.92592839,34.10649911,34.30274751,34.51466932,34.74227589,34.98560664,35.24474396,35.51984826,35.81123187,36.11950083
1688,32.98156208,32.98940321,33.01292608,33.05213328,33.10703498,33.17763603,33.26394549,33.3659704,33.48371332,33.61717511,33.7663503,33.93122919,34.11179759,34.30804487,34.51996842,34.74758171,34.99092715,35.25009321,35.52525434,35.81674761,36.12520656
1689,32.9868575,32.99469898,33.01822282,33.05743152,33.11233506,33.18293803,33.2692492,33.37127527,33.48901855,33.6224797,33.77165329,33.93652996,34.11709625,34.31334273,34.52526842,34.75288902,34.99625026,35.25544755,35.53067003,35.82227824,36.13092895
1690,32.99215315,32.99999496,33.02351975,33.06272991,33.11763523,33.18824005,33.27455286,33.37658003,33.49432361,33.62778411,33.77695614,33.94183071,34.12239511,34.31864109,34.53056936,34.75819791,35.00157623,35.26080739,35.53609552,35.82782323,36.13666699
1691,32.99744903,33.00529115,33.02881687,33.06802845,33.12293549,33.1935421,33.27985646,33.38188467,33.4996285,33.63308834,33.78225887,33.94713147,34.12769418,34.32393998,34.53587126,34.76350846,35.00690529,35.26617318,35.54153099,35.83338215,36.14241957
1692,33.00274512,33.01058755,33.03411418,33.07332713,33.12823584,33.19884417,33.28516002,33.38718919,33.50493324,33.63839241,33.78756149,33.95243225,34.1329935,34.32923943,34.54117421,34.76882086,35.01223769,35.27154494,35.54697631,35.83895439,36.14818652
1693,33.00804142,33.01588416,33.03941166,33.07862594,33.13353627,33.20414625,33.29046352,33.39249361,33.51023782,33.64369633,33.79286402,33.95773307,34.13829308,34.33453948,34.54647822,34.77413518,35.01757369,35.27692312,35.55243167,35.84453948,36.15396671
1694,33.01333792,33.02118096,33.04470931,33.08392488,33.13883677,33.20944835,33.29576697,33.3977979,33.51554225,33.64900011,33.79816646,33.96303394,34.14359294,34.33984014,34.5517834,34.77945158,35.02291347,35.28230782,35.55789692,35.85013708,36.15975987
1695,33.01863463,33.02647795,33.05000712,33.08922395,33.14413735,33.21475045,33.30107036,33.4031021,33.52084655,33.65430375,33.80346885,33.96833489,34.14889311,34.34514147,34.55708981,34.78477023,35.02825723,35.28769912,35.5633719,35.85574682,36.16556563
1696,33.02393152,33.03177513,33.0553051,33.09452314,33.14943799,33.22005256,33.30637371,33.40840618,33.52615071,33.65960727,33.80877118,33.97363593,34.15419361,34.3504435,34.56239751,34.79009125,35.0336052,35.29309728,35.56885665,35.86136825,36.17138334
1697,33.02922861,33.03707248,33.06060323,33.09982245,33.1547387,33.22535468,33.31167699,33.41371016,33.53145475,33.66491069,33.81407347,33.97893709,34.15949447,34.35574628,34.56770663,34.79541479,35.03895745,35.29850219,35.57435088,35.8670013,36.17721297
1698,33.03452588,33.04237001,33.06590151,33.10512187,33.16003947,33.2306568,33.31698023,33.41901405,33.53675867,33.670214,33.81937574,33.98423838,34.16479571,34.36104985,34.57301723,34.80074099,35.04431421,35.30391404,35.57985455,35.87264552,36.18305394
1699,33.03982332,33.04766771,33.07119994,33.11042139,33.1653403,33.23595892,33.32228341,33.42431784,33.54206247,33.67551723,33.82467801,33.98953982,34.17009737,34.36635429,34.57832941,34.80606995,35.04967551,35.30933278,35.58536755,35.87830077,36.18890609
1700,33.04512093,33.05296557,33.07649851,33.11572102,33.17064118,33.24126105,33.32758654,33.42962153,33.54736617,33.68082037,33.82998028,33.99484143,34.1753995,34.37165965,34.58364327,34.8114018,35.05504148,35.31475844,35.59088976,35.88396681,36.19476914
1701,33.05041872,33.05826359,33.08179721,33.12102074,33.17594211,33.24656317,33.33288961,33.43492514,33.55266977,33.68612345,33.83528258,34.00014324,34.18070211,34.37696596,34.58895889,34.81673668,35.06041228,35.32019112,35.59642106,35.88964331,36.20064265
1702,33.05571666,33.06356176,33.08709604,33.12632056,33.18124309,33.25186529,33.33819264,33.44022866,33.55797327,33.69142647,33.84058491,34.00544527,34.18600522,34.38227329,34.59427635,34.82207472,35.06578808,35.32563089,35.60196135,35.89532997,36.20652631
1703,33.06101475,33.06886009,33.092395,33.13162047,33.18654411,33.2571674,33.34349562,33.44553211,33.5632767,33.69672945,33.84588731,34.01074755,34.19130893,34.38758173,34.59959576,34.82741592,35.07116872,35.33107755,35.60751055,35.90102685,36.2124202
1704,33.066313,33.07415855,33.09769407,33.13692047,33.19184518,33.26246951,33.34879855,33.45083547,33.56858004,33.7020324,33.85118978,34.01605009,34.19661323,34.39289132,34.60491719,34.83276046,35.07655442,35.33653123,35.61306853,35.90673357,36.21832386
1705,33.07161139,33.07945715,33.10299327,33.14222055,33.19714629,33.26777161,33.35410143,33.45613877,33.57388332,33.70733532,33.85649233,34.02135293,34.20191817,34.39820211,34.61024074,34.83810843,35.08194528,35.34199194,35.6186352,35.91244989,36.22423703
1706,33.07690993,33.08475588,33.10829257,33.1475207,33.20244743,33.27307371,33.35940427,33.46144199,33.57918654,33.71263824,33.861795,34.0266561,34.20722379,34.40351419,34.61556648,34.84345992,35.08734133,35.34745965,35.62421043,35.91817569,36.23015955
1707,33.08220859,33.09005475,33.11359199,33.15282093,33.20774861,33.2783758,33.36470706,33.46674516,33.5844897,33.71794116,33.8670978,34.03195962,34.21253016,34.40882761,34.62089448,34.84881494,35.0927425,35.35293426,35.62979415,35.9239109,36.2360914
1708,33.08750739,33.09535373,33.1188915,33.15812124,33.21304983,33.28367788,33.37000981,33.47204827,33.58979283,33.7232441,33.87240074,34.03726353,34.2178373,34.41414245,34.62622483,34.85417361,35.09814893,35.35841581,35.63538625,35.92965525,36.24203225
1709,33.09280632,33.10065283,33.12419112,33.16342161,33.21835107,33.28897996,33.37531253,33.47735132,33.59509591,33.72854706,33.87770385,34.04256784,34.22314527,34.41945875,34.63155763,34.85953603,35.10356069,35.3639043,35.64098661,35.93540856,36.2479819
1710,33.09810536,33.10595205,33.12949083,33.16872205,33.22365234,33.29428203,33.3806152,33.48265432,33.60039897,33.73385007,33.88300715,34.04787261,34.22845411,34.42477659,34.63689292,34.86490222,35.10897773,35.36939966,35.64659516,35.94117074,36.25394027
1711,33.10340452,33.11125138,33.13479063,33.17402255,33.22895364,33.29958409,33.38591785,33.48795729,33.60570201,33.73915315,33.88831067,34.05317786,34.23376387,34.43009602,34.64223076,34.87027223,35.11440008,35.37490185,35.65221179,35.94694168,36.25990723
1712,33.1087038,33.11655082,33.14009052,33.17932311,33.23425497,33.30488614,33.39122046,33.49326022,33.61100505,33.74445629,33.89361443,34.05848363,34.23907461,34.43541711,34.64757123,34.87564612,35.11982777,35.38041084,35.65783641,35.95272123,36.26588263
1713,33.11400318,33.12185035,33.14539049,33.18462372,33.23955632,33.31018819,33.39652304,33.49856312,33.61630809,33.74975953,33.89891844,34.06378995,34.24438636,34.44073993,34.65291439,34.88102393,35.1252608,35.3859266,35.66346894,35.95850925,36.27186633
1714,33.11930267,33.12714999,33.15069055,33.18992439,33.2448577,33.31549023,33.4018256,33.50386599,33.62161114,33.75506288,33.90422273,34.06909685,34.24969917,34.44606449,34.6582603,34.88640576,35.13069925,35.39144913,35.66910928,35.96430556,36.27785811
1715,33.12460225,33.13244972,33.15599068,33.19522512,33.25015909,33.32079226,33.40712814,33.50916885,33.62691422,33.76036634,33.90952734,34.07440437,34.25501308,34.45139089,34.66360902,34.89179161,35.13614309,35.39697837,35.67475735,35.97011008,36.2838579
1716,33.12990193,33.13774954,33.16129088,33.20052589,33.25546051,33.3260943,33.41243066,33.5144717,33.63221733,33.76566995,33.91483228,34.07971255,34.26032816,34.45671918,34.6689606,34.89718151,35.14159232,35.40251427,35.68041307,35.97592272,36.2898656
1717,33.13520171,33.14304944,33.16659116,33.20582671,33.26076195,33.33139632,33.41773316,33.51977454,33.63752049,33.77097372,33.92013758,34.08502142,34.26564444,34.46204941,34.67431509,34.90257551,35.14704693,35.40805678,35.68607634,35.98174336,36.29588111
1718,33.14050157,33.14834943,33.1718915,33.21112758,33.26606341,33.33669835,33.42303565,33.52507739,33.64282371,33.77627766,33.92544326,34.09033103,34.27096199,34.46738164,34.67967254,34.90797363,35.1525069,35.41360585,35.69174709,35.98757193,36.30190435
1719,33.14580151,33.1536495,33.17719191,33.21642849,33.2713649,33.34200038,33.42833814,33.53038025,33.648127,33.7815818,33.93074936,34.09564141,34.27628083,34.4727159,34.685033,34.91337591,35.15797228,35.41916148,35.69742524,35.99340827,36.30793513
1720,33.15110154,33.15894964,33.18249239,33.22172944,33.2766664,33.34730241,33.43364062,33.53568313,33.65343037,33.78688615,33.9360559,34.10095258,34.281601,34.47805225,34.69039652,34.9187824,35.16344309,35.42472364,35.70311073,35.99925226,36.31397333
1721,33.15640165,33.16424986,33.18779292,33.22703043,33.28196792,33.35260444,33.43894311,33.54098603,33.65873384,33.79219073,33.94136291,34.10626459,34.28692256,34.48339074,34.69576312,34.92419309,35.16891928,35.43029226,35.70880348,36.00510385,36.32001891
1722,33.16170183,33.16955015,33.19309351,33.23233146,33.28726946,33.35790648,33.4442456,33.54628897,33.66403742,33.79749557,33.94667042,34.11157749,34.29224556,34.48873141,34.70113286,34.92960801,35.17440084,35.4358673,35.71450341,36.01096295,36.32607178
1723,33.16700208,33.1748505,33.19839415,33.23763253,33.29257102,33.36320853,33.4495481,33.55159196,33.66934113,33.80280068,33.95197845,34.1168913,34.29757004,34.49407431,34.70650576,34.93502716,35.17988775,35.4414487,35.72021046,36.01682948,36.33213186
1724,33.17230241,33.18015092,33.20369485,33.24293364,33.2978726,33.36851059,33.45485062,33.556895,33.67464497,33.80810609,33.95728705,34.12220607,34.30289604,34.49941949,34.71188187,34.94045057,35.18538,35.44703643,35.72592456,36.02270337,36.33819907
1725,33.17760279,33.18545141,33.2089956,33.24823478,33.3031742,33.37381266,33.46015317,33.56219811,33.67994897,33.81341182,33.96259622,34.12752182,34.30822359,34.50476698,34.71726122,34.9458783,35.19087766,35.45263051,35.73164563,36.02858444,36.34427321
1726,33.18290324,33.19075195,33.2142964,33.25353596,33.30847582,33.37911475,33.46545574,33.56750129,33.68525313,33.81871788,33.967906,34.13283859,34.31355273,34.51011682,34.72264385,34.95131034,35.19638066,35.45823085,35.73737362,36.03447267,36.35035426
1727,33.18820376,33.19605255,33.21959725,33.25883717,33.31377747,33.38441686,33.47075835,33.57280455,33.69055748,33.8240243,33.97321643,34.13815642,34.31888352,34.51546905,34.72802978,34.95674668,35.201889,35.46383742,35.74310846,36.04036797,36.35644216
1728,33.19350433,33.2013532,33.22489814,33.26413842,33.31907914,33.38971899,33.47606101,33.5781079,33.69586203,33.82933111,33.97852752,34.14347534,34.32421598,34.5208237,34.73341903,34.96218735,35.20740265,35.46945017,35.74885009,36.04627029,36.36253683
1729,33.19880496,33.20665391,33.23019908,33.2694397,33.32438083,33.39502115,33.48136371,33.58341137,33.7011668,33.83463832,33.98383933,34.14879541,34.32955016,34.52618082,34.73881163,34.96763234,35.2129216,35.47506908,35.75459846,36.05217953,36.36863818
1730,33.20410564,33.21195467,33.23550006,33.27474101,33.32968255,33.40032334,33.48666646,33.58871494,33.70647179,33.83994596,33.98915185,34.15411663,34.33488609,34.53154044,34.74420762,34.97308168,35.21844585,35.4806941,35.76035349,36.05809562,36.37474613
1731,33.20940637,33.21725548,33.24080108,33.28004236,33.3349843,33.40562556,33.49196928,33.59401865,33.71177704,33.84525404,33.99446513,34.15943904,34.34022381,34.5369026,34.74960703,34.9785354,35.22397541,35.4863252,35.76611512,36.06401846,36.38086059
1732,33.21470716,33.22255634,33.24610214,33.28534374,33.34028609,33.41092782,33.49727217,33.59932249,33.71708255,33.8505626,33.9997792,34.16476268,34.34556335,34.54226731,34.75500986,34.98399348,35.22951024,35.49196235,35.7718833,36.06994801,36.3869815
1733,33.22000799,33.22785724,33.25140325,33.29064516,33.3455879,33.41623013,33.50257513,33.60462649,33.72238834,33.85587166,34.00509408,34.17008759,34.35090474,34.54763462,34.76041615,34.98945593,35.23505033,35.49760551,35.77765798,36.07588419,36.3931088
1734,33.22530887,33.23315819,33.25670439,33.29594661,33.35088975,33.42153248,33.50787819,33.60993065,33.72769444,33.86118123,34.01040981,34.17541379,34.35624803,34.55300456,34.7658259,34.99492275,35.24059566,35.50325463,35.78343909,36.08182694,36.39924242
1735,33.2306098,33.23845918,33.26200558,33.30124809,33.35619163,33.42683489,33.51318133,33.61523498,33.73300085,33.86649135,34.01572641,34.18074133,34.36159324,34.55837714,34.77123915,35.00039395,35.24614621,35.50890968,35.7892266,36.08777621,36.4053823
1736,33.23591077,33.24376022,33.2673068,33.30654962,33.36149356,33.43213735,33.51848458,33.62053951,33.7383076,33.87180203,34.02104391,34.18607022,34.3669404,34.56375241,34.77665591,35.00586954,35.25170199,35.51457064,35.79502043,36.0937319,36.41152836
1737,33.24121178,33.2490613,33.27260807,33.31185118,33.36679552,33.43743988,33.52378794,33.62584424,33.7436147,33.8771133,34.02636233,34.1914005,34.37228955,34.56913039,34.7820762,35.01134951,35.25726296,35.52023745,35.80082054,36.09969397,36.41768054
1738,33.24651284,33.25436242,33.27790937,33.31715277,33.37209754,33.44274247,33.52909142,33.63114918,33.74892218,33.88242519,34.03168171,34.1967322,34.37764071,34.57451111,34.78750003,35.01683387,35.26282911,35.52591008,35.80662687,36.10566236,36.42383879
1739,33.25181394,33.25966358,33.28321071,33.32245441,33.3773996,33.44804515,33.53439503,33.63645435,33.75423004,33.8877377,34.03700207,34.20206534,34.38299392,34.57989458,34.79292743,35.02232262,35.26840042,35.53158851,35.81243938,36.11163701,36.43000305
1740,33.25711508,33.26496478,33.28851209,33.32775609,33.38270172,33.4533479,33.53969879,33.64175977,33.75953832,33.89305087,34.04232344,34.20739997,34.38834921,34.58528085,34.79835841,35.02781577,35.27397688,35.53727268,35.81825801,36.11761785,36.43617278
1741,33.26241626,33.27026602,33.29381351,33.33305782,33.38800389,33.45865074,33.54500269,33.64706544,33.76484701,33.89836472,34.04764585,34.21273611,34.3937066,34.59066992,34.80379298,35.0333133,35.27955847,35.54296257,35.82408269,36.12360327,36.44228215
1742,33.26771748,33.2755673,33.29911498,33.33835959,33.39330612,33.46395368,33.55030675,33.65237138,33.77015616,33.90367928,34.05296931,34.21807378,34.39906613,34.59606183,34.80923115,35.03881522,35.28514517,35.54865814,35.82991304,36.12958541,36.44833497
1743,33.27301875,33.28086862,33.30441648,33.3436614,33.39860842,33.46925672,33.55561098,33.6576776,33.77546576,33.90899455,34.05829387,34.22341302,34.40442781,34.60145659,34.81467294,35.04432153,35.29073695,35.55435927,35.83574756,36.13555436,36.45435905
1744,33.27832005,33.28616999,33.30971803,33.34896327,33.40391079,33.47455987,33.56091539,33.66298413,33.78077585,33.91431058,34.06361954,34.22875386,34.40979168,34.60685422,34.82011835,35.04983222,35.29633379,35.56006563,35.84158361,36.14151057,36.46036
1745,33.28362139,33.29147139,33.31501962,33.35426519,33.40921323,33.47986313,33.56622,33.66829097,33.78608644,33.91962738,34.06894635,34.23409631,34.41515776,34.61225475,34.8255674,35.05534728,35.30193559,35.56577658,35.84741923,36.14745533,36.46634136
1746,33.28892278,33.29677284,33.32032126,33.35956717,33.41451576,33.48516652,33.5715248,33.67359813,33.79139755,33.92494497,34.07427433,34.23944042,34.42052607,34.6176582,34.83102009,35.0608667,35.3075422,35.57149132,35.85325327,36.15338856,36.47230592
1747,33.29422421,33.30207433,33.32562294,33.36486921,33.41981836,33.49047004,33.57682982,33.67890564,33.7967092,33.93026338,34.0796035,34.2447862,34.42589665,34.62306457,34.83647643,35.06639044,35.31315338,35.57720908,35.85908497,36.15931075,36.47825603
1748,33.29952568,33.30737587,33.33092468,33.37017131,33.42512106,33.4957737,33.58213506,33.68421351,33.80202141,33.93558263,34.08493389,34.25013368,34.43126951,34.6284739,34.84193642,35.07191842,35.3187688,35.5829292,35.86491376,36.16522281,36.48419318
1749,33.30482719,33.31267745,33.33622647,33.37547348,33.43042385,33.50107751,33.58744053,33.68952175,33.80733419,33.94090274,34.09026552,34.25548288,34.43664467,34.63388618,34.84740004,35.07745054,35.32438814,35.5886511,35.87073929,36.17112548,36.49011849
1750,33.31012875,33.31797907,33.34152831,33.38077571,33.43572674,33.50638147,33.59274626,33.69483038,33.81264757,33.94622374,34.09559841,34.26083383,34.44202217,34.63930144,34.85286728,35.0829867,35.33001109,35.59437418,35.87656113,36.17701947,36.49603334
1751,33.31543036,33.32328075,33.3468302,33.38607802,33.44102974,33.51168559,33.59805224,33.70013941,33.81796156,33.95154564,34.1009326,34.26618656,34.447402,34.64471967,34.8583381,35.08852674,35.33563727,35.60009807,35.88237932,36.18290516,36.50193828
1752,33.32073201,33.32858247,33.35213216,33.39138041,33.44633285,33.51698989,33.60335849,33.70544886,33.82327618,33.95686847,34.10626811,34.27154109,34.45278421,34.6501409,34.86381247,35.09407053,35.34126639,35.60582228,35.88819361,36.18878318,36.50783437
1753,33.32603371,33.33388425,33.35743418,33.39668288,33.45163607,33.52229437,33.60866502,33.71075874,33.82859146,33.96219225,34.11160495,34.27689743,34.4581688,34.6555651,34.86929032,35.09961788,35.34689812,35.6115466,35.89400419,36.19465382,36.51372192
1754,33.33133546,33.33918608,33.36273626,33.40198543,33.45693943,33.52759905,33.61397185,33.71606908,33.83390741,33.967517,34.11694315,34.28225562,34.46355578,34.66099228,34.87477159,35.10516862,35.35253217,35.61727068,35.89981096,36.20051757,36.51960171
1755,33.33663727,33.34448797,33.36803841,33.40728807,33.46224291,33.53290392,33.61927899,33.72137988,33.83922405,33.97284274,34.12228274,34.28761566,34.46894517,34.66642241,34.8802562,35.11072255,35.35816828,35.6229944,35.90561407,36.20637471,36.52547402
1756,33.34193913,33.34978992,33.37334063,33.41259082,33.46754654,33.538209,33.62458645,33.72669116,33.8445414,33.9781695,34.12762374,34.29297759,34.47433698,34.67185548,34.88574406,35.11627951,35.36380621,35.62871756,35.91141352,36.21222559,36.53133935
1757,33.34724105,33.35509193,33.37864293,33.41789366,33.47285031,33.5435143,33.62989423,33.73200294,33.84985947,33.9834973,34.13296616,34.29834141,34.47973119,34.67729143,34.89123506,35.12183934,35.36944582,35.63444013,35.91720941,36.21807042,36.53719794
1758,33.35254304,33.360394,33.3839453,33.42319661,33.47815424,33.54881983,33.63520237,33.73731523,33.8551783,33.98882615,34.13831002,34.30370715,34.48512783,34.68273026,34.89672914,35.12740184,35.3750868,35.64016181,35.92300176,36.22390962,36.54305036
1759,33.35784508,33.36569615,33.38924776,33.42849967,33.48345832,33.5541256,33.64051086,33.74262805,33.86049788,33.99415608,34.14365536,34.30907483,34.4905269,34.68817195,34.90222622,35.13296686,35.38072891,35.64588245,35.92879062,36.2297435,36.54889703
1760,33.36314719,33.37099836,33.39455031,33.43380284,33.48876258,33.55943162,33.64581972,33.74794142,33.86581825,33.9994871,34.14900218,34.31444443,34.49592837,34.6936164,34.90772614,35.13853428,35.38637221,35.65160221,35.93457613,36.23557206,36.55473789
1761,33.36844937,33.37630065,33.39985294,33.43910615,33.49406701,33.5647379,33.65112897,33.75325535,33.87113943,34.00481924,34.15435051,34.31981598,34.50133224,34.69906361,34.91322883,35.14410391,35.39201637,35.65732083,35.94035831,36.24139571,36.56057347
1762,33.37375163,33.38160302,33.40515568,33.44440957,33.49937162,33.57004445,33.65643861,33.75856985,33.87646142,34.01015252,34.15970036,34.32518951,34.50673852,34.70451353,34.91873421,35.14967559,35.39766121,35.66303819,35.94613723,36.24721472,36.56640415
1763,33.37905396,33.38690547,33.41045851,33.44971314,33.50467642,33.57535128,33.66174866,33.76388495,33.88178425,34.01548694,34.16505174,34.33056499,34.51214716,34.70996608,34.92424216,35.15524924,35.40330678,35.66875443,35.951913,36.25302909,36.57222985
1764,33.38435637,33.39220801,33.41576145,33.45501684,33.50998143,33.5806584,33.66705914,33.76920065,33.88710794,34.02082254,34.17040467,34.33594244,34.51755816,34.71542121,34.92975258,35.16082473,35.40895289,35.67446943,35.9576857,36.25883908,36.57805089
1765,33.38965887,33.39751064,33.4210645,33.4603207,33.51528665,33.58596582,33.67237005,33.77451698,33.8924325,34.02615933,34.17575918,34.34132187,34.5229715,34.72087889,34.93526538,35.16640188,35.41459938,35.68018312,35.96345539,36.26464492,36.58386757
1766,33.39496146,33.40281336,33.42636766,33.46562471,33.52059208,33.59127355,33.67768141,33.77983395,33.89775795,34.03149733,34.18111526,34.34670327,34.52838716,34.72633904,34.94078046,35.17198062,35.42024621,35.6858955,35.96922216,36.27044673,36.58968002
1767,33.40026414,33.40811618,33.43167095,33.47092888,33.52589774,33.59658161,33.68299323,33.78515157,33.9030843,34.03683655,34.18647292,34.35208662,34.53380509,34.73180159,34.94629774,35.17756086,35.42589333,35.6916066,35.97498607,36.27624459,36.59548831
1768,33.40556691,33.41341911,33.43697436,33.47623321,33.53120363,33.60189,33.68830554,33.79046986,33.90841159,34.042177,34.19183218,34.35747195,34.53922528,34.7372665,34.95181711,35.1831425,35.43154067,35.69731641,35.98074721,36.28203868,36.60129264
1769,33.41086979,33.41872215,33.44227791,33.48153773,33.53650977,33.60719874,33.69361833,33.79578884,33.91373981,34.04751871,34.19719305,34.36285922,34.54464769,34.74273369,34.9573385,35.18872543,35.43718813,35.7030249,35.98650565,36.28782913,36.60709316
1770,33.41617278,33.4240253,33.4475816,33.48684243,33.54181616,33.61250784,33.69893162,33.80110852,33.91906898,34.05286167,34.20255552,34.36824845,34.5500723,34.74820314,34.96286184,35.19430955,35.44283561,35.70873202,35.99226143,36.29361612,36.6128901
1771,33.42147588,33.42932858,33.45288543,33.49214732,33.54712282,33.6178173,33.70424544,33.80642892,33.92439913,34.05820591,34.2079196,34.37363961,34.55549908,34.75367476,34.96838704,35.19989481,35.4484831,35.71443781,35.99801463,36.29939971,36.61868353
1772,33.4267791,33.43463198,33.45818942,33.4974524,33.55242975,33.62312715,33.70955978,33.81175004,33.92973026,34.06355145,34.21328531,34.37903269,34.56092798,34.75914849,34.97391401,35.20548112,35.45413057,35.7201423,36.00376533,36.30518001,36.62447352
1773,33.43208244,33.43993551,33.46349356,33.5027577,33.55773696,33.62843738,33.71487467,33.81707192,33.93506239,34.06889828,34.21865263,34.38442768,34.56635896,34.76462426,34.97944267,35.21106841,35.45977798,35.7258455,36.0095136,36.3109571,36.63026017
1774,33.43738591,33.44523918,33.46879787,33.50806321,33.56304446,33.63374802,33.72019012,33.82239455,33.94039553,34.07424642,34.22402157,34.38982457,34.571792,34.77010204,34.98497298,35.21665662,35.46542527,35.7315474,36.01525947,36.31673111,36.63604365
1775,33.44268952,33.450543,33.47410235,33.51336894,33.56835226,33.63905908,33.72550613,33.82771796,33.9457297,34.07959587,34.22939213,34.39522334,34.57722707,34.77558178,34.99050486,35.22224567,35.47107237,35.73724795,36.02100301,36.32250218,36.64182411
1776,33.44799327,33.45584696,33.47940701,33.5186749,33.57366037,33.64437056,33.73082273,33.83304215,33.95106491,34.08494665,34.23476431,34.40062398,34.58266412,34.7810634,34.99603824,35.22783551,35.47671928,35.74294722,36.02674427,36.32827035,36.64760158
1777,33.45329716,33.46115109,33.48471186,33.52398111,33.57896881,33.64968248,33.73613993,33.83836715,33.95640117,34.09029876,34.2401381,34.40602645,34.58810312,34.78654686,35.00157307,35.2334261,35.48236599,35.74864523,36.03248332,36.33403569,36.65337615
1778,33.45860121,33.46645537,33.4900169,33.52928756,33.58427758,33.65499485,33.74145773,33.84369296,33.96173849,34.0956522,34.24551349,34.41143074,34.59354401,34.79203209,35.00710928,35.2390174,35.48801249,35.754342,36.0382202,36.33979827,36.65914787
1779,33.46390543,33.47175983,33.49532214,33.53459427,33.58958669,33.66030768,33.74677616,33.8490196,33.96707688,34.10100699,34.25089049,34.41683684,34.59898678,34.79751906,35.01264681,35.24460932,35.4936587,35.7600375,36.04395496,36.34555821,36.6649169
1780,33.4692098,33.47706447,33.50062759,33.53990124,33.59489615,33.66562099,33.75209522,33.85434707,33.97241634,34.10636312,34.25626909,34.42224473,34.6044314,34.80300773,35.01818562,35.25020183,35.4993046,35.76573174,36.04968765,36.35131561,36.67068334
1781,33.47451436,33.48236929,33.50593326,33.54520849,33.60020597,33.67093478,33.75741493,33.85967539,33.9777569,34.1117206,34.26164927,34.42765437,34.60987782,34.80849803,35.02372566,35.25579489,35.50495019,35.77142475,36.05541832,36.35707051,36.67644722
1782,33.47981909,33.4876743,33.51123916,33.55051603,33.60551617,33.67624906,33.7627353,33.86500458,33.98309856,34.11707942,34.26703104,34.43306576,34.615326,34.81398992,35.02926687,35.26138848,35.51059546,35.77711654,36.06114701,36.36282296,36.68220862
1783,33.48512401,33.49297951,33.51654529,33.55582386,33.61082675,33.68156386,33.76805634,33.87033465,33.98844133,34.1224396,34.27241437,34.43847886,34.6207759,34.81948336,35.03480922,35.26698255,35.5162404,35.78280714,36.06687376,36.36857304,36.68796759
1784,33.49042913,33.49828493,33.52185166,33.56113199,33.61613772,33.68687917,33.77337807,33.87566559,33.9937852,34.12780113,34.27779927,34.44389366,34.62622751,34.8249783,35.04035264,35.27257704,35.52188496,35.78849654,36.07259863,36.37432083,36.69372426
1785,33.49573446,33.50359057,33.52715828,33.56644043,33.6214491,33.69219501,33.77870048,33.88099743,33.9991302,34.13316401,34.28318572,34.44931015,34.63168079,34.83047471,35.0458971,35.27817193,35.52752914,35.79418476,36.07832166,36.3800664,36.69947867
1786,33.50103999,33.50889642,33.53246516,33.57174919,33.62676089,33.6975114,33.7840236,33.88633017,34.00447632,34.13852823,34.28857372,34.45472828,34.63713569,34.83597254,35.05144255,35.28376719,35.53317293,35.79987181,36.08404288,36.38580979,36.70523087
1787,33.50634574,33.51420251,33.53777231,33.57705829,33.63207311,33.70282834,33.78934744,33.89166382,34.00982357,34.14389381,34.29396324,34.46014804,34.6425922,34.84147175,35.05698897,35.2893628,35.53881632,35.80555771,36.08976234,36.39155106,36.71098094
1788,33.51165173,33.51950884,33.54307973,33.58236772,33.63738576,33.70814584,33.79467201,33.8969984,34.01517196,34.14926073,34.29935428,34.46556941,34.64805026,34.84697231,35.06253631,35.29495872,35.5444593,35.81124248,36.09548007,36.39729027,36.71672891
1789,33.51695794,33.52481542,33.54838744,33.58767751,33.64269885,33.71346392,33.79999731,33.9023339,34.02052148,34.15462899,34.30474683,34.47099238,34.65350986,34.85247416,35.06808452,35.30055492,35.55010186,35.81692613,36.10119612,36.40302747,36.72247487
1790,33.5222644,33.53012225,33.55369545,33.59298765,33.64801241,33.71878258,33.80532336,33.90767034,34.02587215,34.1599986,34.31014088,34.4764169,34.65897097,34.85797729,35.07363357,35.30615137,35.55574398,35.82260867,36.10691052,36.40876271,36.72821885
1791,33.52757112,33.53542935,33.55900375,33.59829817,33.65332643,33.72410183,33.81065017,33.91300772,34.03122396,34.16536954,34.3155364,34.48184298,34.66443355,34.86348165,35.07918344,35.31174806,35.56138567,35.82829013,36.11262331,36.41449604,36.73396091
1792,33.53287809,33.54073672,33.56431237,33.60360906,33.65864092,33.7294217,33.81597774,33.91834606,34.03657692,34.1707418,34.3209334,34.48727057,34.66989756,34.86898721,35.08473409,35.31734496,35.56702693,35.83397051,36.11833451,36.42022751,36.7397011
1793,33.53818533,33.54604437,33.56962131,33.60892035,33.66395591,33.73474218,33.82130609,33.92368535,34.04193102,34.1761154,34.32633185,34.49269965,34.67536299,34.87449393,35.09028549,35.32294205,35.57266774,35.83964984,36.12404418,36.42595716,36.74543945
1794,33.54349285,33.55135232,33.57493059,33.61423203,33.66927138,33.74006328,33.82663522,33.92902561,34.04728629,34.18149033,34.33173176,34.49813023,34.68082981,34.88000177,35.09583759,35.3285393,35.57830809,35.84532812,36.12975233,36.43168505,36.75117605
1795,33.54880066,33.55666056,33.5802402,33.61954411,33.67458737,33.74538502,33.83196514,33.93436683,34.0526427,34.18686657,34.33713309,34.50356225,34.68629797,34.88551072,35.10139038,35.33413669,35.58394799,35.85100537,36.13545901,36.43741122,36.75691092
1796,33.55410876,33.56196911,33.58555015,33.62485662,33.67990387,33.7507074,33.83729586,33.93970904,34.05800027,34.19224412,34.34253585,34.50899571,34.69176747,34.89102073,35.10694383,35.33973422,35.58958744,35.85668161,36.14116424,36.44313569,36.76264408
1797,33.55941717,33.56727798,33.59086047,33.63016956,33.6852209,33.75603044,33.84262739,33.94505222,34.06335899,34.19762298,34.34794,34.51443059,34.69723825,34.89653178,35.11249792,35.34533187,35.59522644,35.86235686,36.14686805,36.44885851,36.76837559
1798,33.56472589,33.57258718,33.59617116,33.63548293,33.69053846,33.76135414,33.84795974,33.95039638,34.06871886,34.20300313,34.35334554,34.51986684,34.70271031,34.90204384,35.11805262,35.35092962,35.60086499,35.86803114,36.15257047,36.4545797,36.77410547
1799,33.57003494,33.57789671,33.60148223,33.64079675,33.69585657,33.76667851,33.85329291,33.95574153,34.07407988,34.20838457,34.35875245,34.52530447,34.70818361,34.90755688,35.12360791,35.35652748,35.6065031,35.87370446,36.15827153,36.46029931,36.77983376
1800,33.57534431,33.58320659,33.60679368,33.64611103,33.70117524,33.77200357,33.85862691,33.96108768,34.07944205,34.21376728,34.36416071,34.53074344,34.71365813,34.91307089,35.12916378,35.36212542,35.61214077,35.87937684,36.16397125,36.46601735,36.78556047
