time_s,0,0.1,0.2,0.3,0.4,0.5,0.6,0.7,0.8,0.9,1,1.1,1.2,1.3,1.4,1.5,1.6,1.7,1.8,1.9,2
1,2.55,2.55,2.55,2.55,2.55,2.55,2.55,2.55,2.55,2.55,2.55,2.55,2.55,2.55,2.55,2.55,2.55,2.55,2.55,2.55,2.517737233
2,2.55,2.55,2.55,2.55,2.55,2.55,2.55,2.55,2.55,2.55,2.55,2.55,2.55,2.55,2.55,2.55,2.55,2.55,2.55,2.55,2.504502348
3,2.55,2.55,2.55,2.55,2.55,2.55,2.55,2.55,2.55,2.55,2.55,2.55,2.55,2.55,2.55,2.55,2.55,2.55,2.55,2.55,2.494400259
4,2.55,2.55,2.55,2.55,2.55,2.55,2.55,2.55,2.55,2.55,2.55,2.55,2.55,2.55,2.55,2.55,2.55,2.55,2.55,2.549999991,2.485919549
5,2.55,2.55,2.55,2.55,2.55,2.55,2.55,2.55,2.55,2.55,2.55,2.55,2.55,2.55,2.55,2.55,2.55,2.55,2.55,2.549999864,2.478474865
6,2.55,2.55,2.55,2.55,2.55,2.55,2.55,2.55,2.55,2.55,2.55,2.55,2.55,2.55,2.55,2.55,2.55,2.55,2.55,2.54999908,2.47176589
7,2.55,2.55,2.55,2.55,2.55,2.55,2.55,2.55,2.55,2.55,2.55,2.55,2.55,2.55,2.55,2.55,2.55,2.55,2.55,2.549996258,2.465614469
8,2.55,2.55,2.55,2.55,2.55,2.55,2.55,2.55,2.55,2.55,2.55,2.55,2.55,2.55,2.55,2.55,2.55,2.55,2.55,2.549989016,2.459904268
9,2.55,2.55,2.55,2.55,2.55,2.55,2.55,2.55,2.55,2.55,2.55,2.55,2.55,2.55,2.55,2.55,2.55,2.55,2.55,2.549974158,2.454554785
10,2.55,2.55,2.55,2.55,2.55,2.55,2.55,2.55,2.55,2.55,2.55,2.55,2.55,2.55,2.55,2.55,2.55,2.55,2.55,2.549948059,2.449507097
11,2.55,2.55,2.55,2.55,2.55,2.55,2.55,2.55,2.55,2.55,2.55,2.55,2.55,2.55,2.55,2.55,2.55,2.55,2.55,2.549907033,2.444716891
12,2.55,2.55,2.55,2.55,2.55,2.55,2.55,2.55,2.55,2.55,2.55,2.55,2.55,2.55,2.55,2.55,2.55,2.55,2.55,2.54984763,2.440149836
13,2.55,2.55,2.55,2.55,2.55,2.55,2.55,2.55,2.55,2.55,2.55,2.55,2.55,2.55,2.55,2.55,2.55,2.55,2.549999999,2.549766835,2.4357784
14,2.55,2.55,2.55,2.55,2.55,2.55,2.55,2.55,2.55,2.55,2.55,2.55,2.55,2.55,2.55,2.55,2.55,2.55,2.549999998,2.549662141,2.431580371
15,2.55,2.55,2.55,2.55,2.55,2.55,2.55,2.55,2.55,2.55,2.55,2.55,2.55,2.55,2.55,2.55,2.55,2.55,2.549999994,2.549531572,2.427537524
16,2.55,2.55,2.55,2.55,2.55,2.55,2.55,2.55,2.55,2.55,2.55,2.55,2.55,2.55,2.55,2.55,2.55,2.55,2.549999984,2.549373669,2.423634562
17,2.55,2.55,2.55,2.55,2.55,2.55,2.55,2.55,2.55,2.55,2.55,2.55,2.55,2.55,2.55,2.55,2.55,2.55,2.549999963,2.549187439,2.419858503
18,2.55,2.55,2.55,2.55,2.55,2.55,2.55,2.55,2.55,2.55,2.55,2.55,2.55,2.55,2.55,2.55,2.55,2.55,2.549999924,2.548972287,2.416198242
19,2.55,2.55,2.55,2.55,2.55,2.55,2.55,2.55,2.55,2.55,2.55,2.55,2.55,2.55,2.55,2.55,2.55,2.55,2.549999853,2.548727971,2.412644271
20,2.55,2.55,2.55,2.55,2.55,2.55,2.55,2.55,2.55,2.55,2.55,2.55,2.55,2.55,2.55,2.55,2.55,2.55,2.549999732,2.548454541,2.409188332
21,2.55,2.55,2.55,2.55,2.55,2.55,2.55,2.55,2.55,2.55,2.55,2.55,2.55,2.55,2.55,2.55,2.55,2.55,2.549999537,2.548152276,2.405823146
22,2.55,2.55,2.55,2.55,2.55,2.55,2.55,2.55,2.55,2.55,2.55,2.55,2.55,2.55,2.55,2.55,2.55,2.55,2.549999238,2.547821637,2.402542274
23,2.55,2.55,2.55,2.55,2.55,2.55,2.55,2.55,2.55,2.55,2.55,2.55,2.55,2.55,2.55,2.55,2.55,2.55,2.549998795,2.547463228,2.399339996
24,2.55,2.55,2.55,2.55,2.55,2.55,2.55,2.55,2.55,2.55,2.55,2.55,2.55,2.55,2.55,2.55,2.55,2.55,2.549998161,2.547077769,2.396211233
25,2.55,2.55,2.55,2.55,2.55,2.55,2.55,2.55,2.55,2.55,2.55,2.55,2.55,2.55,2.55,2.55,2.55,2.55,2.54999728,2.546666057,2.393151414
26,2.55,2.55,2.55,2.55,2.55,2.55,2.55,2.55,2.55,2.55,2.55,2.55,2.55,2.55,2.55,2.55,2.55,2.55,2.549996089,2.54622897,2.390156494
27,2.55,2.55,2.55,2.55,2.55,2.55,2.55,2.55,2.55,2.55,2.55,2.55,2.55,2.55,2.55,2.55,2.55,2.55,2.549994515,2.545767401,2.387222739
28,2.55,2.55,2.55,2.55,2.55,2.55,2.55,2.55,2.55,2.55,2.55,2.55,2.55,2.55,2.55,2.55,2.55,2.55,2.549992479,2.545282264,2.384346752
29,2.55,2.55,2.55,2.55,2.55,2.55,2.55,2.55,2.55,2.55,2.55,2.55,2.55,2.55,2.55,2.55,2.55,2.549999999,2.549989893,2.544774498,2.38152548
30,2.55,2.55,2.55,2.55,2.55,2.55,2.55,2.55,2.55,2.55,2.55,2.55,2.55,2.55,2.55,2.55,2.55,2.549999998,2.549986663,2.544245026,2.378756092
31,2.55,2.55,2.55,2.55,2.55,2.55,2.55,2.55,2.55,2.55,2.55,2.55,2.55,2.55,2.55,2.55,2.55,2.549999997,2.549982691,2.543694764,2.37603598
32,2.55,2.55,2.55,2.55,2.55,2.55,2.55,2.55,2.55,2.55,2.55,2.55,2.55,2.55,2.55,2.55,2.55,2.549999996,2.549977871,2.543124633,2.373362821
33,2.55,2.55,2.55,2.55,2.55,2.55,2.55,2.55,2.55,2.55,2.55,2.55,2.55,2.55,2.55,2.55,2.55,2.549999993,2.549972095,2.542535512,2.370734389
34,2.55,2.55,2.55,2.55,2.55,2.55,2.55,2.55,2.55,2.55,2.55,2.55,2.55,2.55,2.55,2.55,2.55,2.549999989,2.54996525,2.541928279,2.36814871
35,2.55,2.55,2.55,2.55,2.55,2.55,2.55,2.55,2.55,2.55,2.55,2.55,2.55,2.55,2.55,2.55,2.55,2.549999984,2.549957222,2.541303767,2.365603872
36,2.55,2.55,2.55,2.55,2.55,2.55,2.55,2.55,2.55,2.55,2.55,2.55,2.55,2.55,2.55,2.55,2.55,2.549999976,2.549947893,2.540662795,2.363098157
37,2.55,2.55,2.55,2.55,2.55,2.55,2.55,2.55,2.55,2.55,2.55,2.55,2.55,2.55,2.55,2.55,2.55,2.549999965,2.549937148,2.540006142,2.360629924
38,2.55,2.55,2.55,2.55,2.55,2.55,2.55,2.55,2.55,2.55,2.55,2.55,2.55,2.55,2.55,2.55,2.55,2.549999949,2.549924869,2.539334566,2.358197661
39,2.55,2.55,2.55,2.55,2.55,2.55,2.55,2.55,2.55,2.55,2.55,2.55,2.55,2.55,2.55,2.55,2.55,2.549999929,2.549910938,2.538648794,2.355799954
40,2.55,2.55,2.55,2.55,2.55,2.55,2.55,2.55,2.55,2.55,2.55,2.55,2.55,2.55,2.55,2.55,2.55,2.549999902,2.549895241,2.537949523,2.353435452
41,2.55,2.55,2.55,2.55,2.55,2.55,2.55,2.55,2.55,2.55,2.55,2.55,2.55,2.55,2.55,2.55,2.55,2.549999866,2.549877663,2.537237423,2.351102942
42,2.55,2.55,2.55,2.55,2.55,2.55,2.55,2.55,2.55,2.55,2.55,2.55,2.55,2.55,2.55,2.55,2.55,2.54999982,2.549858091,2.536513136,2.348801255
43,2.55,2.55,2.55,2.55,2.55,2.55,2.55,2.55,2.55,2.55,2.55,2.55,2.55,2.55,2.55,2.55,2.55,2.549999761,2.549836417,2.535777276,2.34652928
44,2.55,2.55,2.55,2.55,2.55,2.55,2.55,2.55,2.55,2.55,2.55,2.55,2.55,2.55,2.55,2.55,2.55,2.549999686,2.549812532,2.535030429,2.344286021
45,2.55,2.55,2.55,2.55,2.55,2.55,2.55,2.55,2.55,2.55,2.55,2.55,2.55,2.55,2.55,2.55,2.55,2.549999593,2.549786335,2.534273159,2.342070458
46,2.55,2.55,2.55,2.55,2.55,2.55,2.55,2.55,2.55,2.55,2.55,2.55,2.55,2.55,2.55,2.55,2.55,2.549999478,2.549757725,2.533505996,2.33988171
47,2.55,2.55,2.55,2.55,2.55,2.55,2.55,2.55,2.55,2.55,2.55,2.55,2.55,2.55,2.55,2.55,2.55,2.549999337,2.549726607,2.532729457,2.337718875
48,2.55,2.55,2.55,2.55,2.55,2.55,2.55,2.55,2.55,2.55,2.55,2.55,2.55,2.55,2.55,2.55,2.55,2.549999166,2.549692888,2.531944026,2.335581139
49,2.55,2.55,2.55,2.55,2.55,2.55,2.55,2.55,2.55,2.55,2.55,2.55,2.55,2.55,2.55,2.55,2.55,2.54999896,2.549656481,2.531150169,2.333467721
50,2.55,2.55,2.55,2.55,2.55,2.55,2.55,2.55,2.55,2.55,2.55,2.55,2.55,2.55,2.55,2.55,2.549999999,2.549998714,2.549617303,2.530348333,2.331377864
51,2.55,2.55,2.55,2.55,2.55,2.55,2.55,2.55,2.55,2.55,2.55,2.55,2.55,2.55,2.55,2.55,2.549999999,2.549998421,2.549575274,2.529538939,2.329310876
52,2.55,2.55,2.55,2.55,2.55,2.55,2.55,2.55,2.55,2.55,2.55,2.55,2.55,2.55,2.55,2.55,2.549999999,2.549998076,2.54953032,2.5287224,2.327266057
53,2.55,2.55,2.55,2.55,2.55,2.55,2.55,2.55,2.55,2.55,2.55,2.55,2.55,2.55,2.55,2.55,2.549999998,2.549997672,2.549482369,2.527899094,2.325242794
54,2.55,2.55,2.55,2.55,2.55,2.55,2.55,2.55,2.55,2.55,2.55,2.55,2.55,2.55,2.55,2.55,2.549999997,2.549997202,2.549431355,2.527069386,2.323240485
55,2.55,2.55,2.55,2.55,2.55,2.55,2.55,2.55,2.55,2.55,2.55,2.55,2.55,2.55,2.55,2.55,2.549999997,2.549996658,2.549377217,2.52623364,2.321258516
56,2.55,2.55,2.55,2.55,2.55,2.55,2.55,2.55,2.55,2.55,2.55,2.55,2.55,2.55,2.55,2.55,2.549999995,2.549996032,2.549319896,2.525392178,2.319296365
57,2.55,2.55,2.55,2.55,2.55,2.55,2.55,2.55,2.55,2.55,2.55,2.55,2.55,2.55,2.55,2.55,2.549999994,2.549995314,2.549259338,2.524545319,2.317353505
58,2.55,2.55,2.55,2.55,2.55,2.55,2.55,2.55,2.55,2.55,2.55,2.55,2.55,2.55,2.55,2.55,2.549999992,2.549994497,2.549195494,2.52369338,2.315429397
59,2.55,2.55,2.55,2.55,2.55,2.55,2.55,2.55,2.55,2.55,2.55,2.55,2.55,2.55,2.55,2.55,2.54999999,2.54999357,2.549128318,2.52283664,2.313523585
60,2.55,2.55,2.55,2.55,2.55,2.55,2.55,2.55,2.55,2.55,2.55,2.55,2.55,2.55,2.55,2.55,2.549999987,2.549992522,2.549057771,2.52197537,2.311635614
61,2.55,2.55,2.55,2.55,2.55,2.55,2.55,2.55,2.55,2.55,2.55,2.55,2.55,2.55,2.55,2.55,2.549999983,2.549991344,2.548983813,2.521109847,2.309765025
62,2.55,2.55,2.55,2.55,2.55,2.55,2.55,2.55,2.55,2.55,2.55,2.55,2.55,2.55,2.55,2.55,2.549999979,2.549990024,2.54890641,2.520240324,2.307911395
63,2.55,2.55,2.55,2.55,2.55,2.55,2.55,2.55,2.55,2.55,2.55,2.55,2.55,2.55,2.55,2.55,2.549999974,2.549988551,2.548825532,2.519367038,2.30607431
64,2.55,2.55,2.55,2.55,2.55,2.55,2.55,2.55,2.55,2.55,2.55,2.55,2.55,2.55,2.55,2.55,2.549999967,2.549986913,2.548741152,2.518490221,2.304253375
65,2.55,2.55,2.55,2.55,2.55,2.55,2.55,2.55,2.55,2.55,2.55,2.55,2.55,2.55,2.55,2.55,2.549999959,2.549985097,2.548653246,2.517610092,2.302448209
66,2.55,2.55,2.55,2.55,2.55,2.55,2.55,2.55,2.55,2.55,2.55,2.55,2.55,2.55,2.55,2.55,2.54999995,2.549983091,2.548561793,2.516726861,2.300658449
67,2.55,2.55,2.55,2.55,2.55,2.55,2.55,2.55,2.55,2.55,2.55,2.55,2.55,2.55,2.55,2.55,2.549999939,2.549980882,2.548466778,2.515840721,2.298883755
68,2.55,2.55,2.55,2.55,2.55,2.55,2.55,2.55,2.55,2.55,2.55,2.55,2.55,2.55,2.55,2.55,2.549999925,2.549978457,2.548368183,2.514951876,2.29712377
69,2.55,2.55,2.55,2.55,2.55,2.55,2.55,2.55,2.55,2.55,2.55,2.55,2.55,2.55,2.55,2.55,2.549999909,2.549975802,2.548265999,2.514060494,2.295378189
70,2.55,2.55,2.55,2.55,2.55,2.55,2.55,2.55,2.55,2.55,2.55,2.55,2.55,2.55,2.55,2.55,2.549999891,2.549972903,2.548160213,2.51316677,2.293646672
71,2.55,2.55,2.55,2.55,2.55,2.55,2.55,2.55,2.55,2.55,2.55,2.55,2.55,2.55,2.55,2.55,2.549999869,2.549969746,2.548050823,2.512270852,2.291928942
72,2.55,2.55,2.55,2.55,2.55,2.55,2.55,2.55,2.55,2.55,2.55,2.55,2.55,2.55,2.55,2.55,2.549999844,2.549966317,2.54793782,2.511372918,2.290224681
73,2.55,2.55,2.55,2.55,2.55,2.55,2.55,2.55,2.55,2.55,2.55,2.55,2.55,2.55,2.55,2.55,2.549999815,2.549962601,2.547821205,2.510473106,2.288533628
74,2.55,2.55,2.55,2.55,2.55,2.55,2.55,2.55,2.55,2.55,2.55,2.55,2.55,2.55,2.55,2.55,2.549999781,2.549958583,2.54770098,2.509571566,2.286855507
75,2.55,2.55,2.55,2.55,2.55,2.55,2.55,2.55,2.55,2.55,2.55,2.55,2.55,2.55,2.55,2.55,2.549999742,2.549954249,2.547577144,2.50866844,2.285190048
76,2.55,2.55,2.55,2.55,2.55,2.55,2.55,2.55,2.55,2.55,2.55,2.55,2.55,2.55,2.55,2.549999999,2.549999697,2.549949582,2.547449704,2.507763859,2.283537002
77,2.55,2.55,2.55,2.55,2.55,2.55,2.55,2.55,2.55,2.55,2.55,2.55,2.55,2.55,2.55,2.549999999,2.549999646,2.549944569,2.547318666,2.506857949,2.281896126
78,2.55,2.55,2.55,2.55,2.55,2.55,2.55,2.55,2.55,2.55,2.55,2.55,2.55,2.55,2.55,2.549999999,2.549999588,2.549939194,2.547184039,2.505950835,2.280267178
79,2.55,2.55,2.55,2.55,2.55,2.55,2.55,2.55,2.55,2.55,2.55,2.55,2.55,2.55,2.55,2.549999999,2.549999522,2.54993344,2.547045833,2.505042629,2.278649934
80,2.55,2.55,2.55,2.55,2.55,2.55,2.55,2.55,2.55,2.55,2.55,2.55,2.55,2.55,2.55,2.549999999,2.549999447,2.549927293,2.54690406,2.504133442,2.277044171
81,2.55,2.55,2.55,2.55,2.55,2.55,2.55,2.55,2.55,2.55,2.55,2.55,2.55,2.55,2.55,2.549999998,2.549999363,2.549920738,2.546758732,2.503223383,2.27544967
82,2.55,2.55,2.55,2.55,2.55,2.55,2.55,2.55,2.55,2.55,2.55,2.55,2.55,2.55,2.55,2.549999998,2.549999269,2.549913757,2.546609866,2.502312552,2.273866226
83,2.55,2.55,2.55,2.55,2.55,2.55,2.55,2.55,2.55,2.55,2.55,2.55,2.55,2.55,2.55,2.549999998,2.549999163,2.549906337,2.546457477,2.501401047,2.272293635
84,2.55,2.55,2.55,2.55,2.55,2.55,2.55,2.55,2.55,2.55,2.55,2.55,2.55,2.55,2.55,2.549999997,2.549999045,2.549898461,2.546301581,2.500488962,2.270731698
85,2.55,2.55,2.55,2.55,2.55,2.55,2.55,2.55,2.55,2.55,2.55,2.55,2.55,2.55,2.55,2.549999996,2.549998913,2.549890114,2.546142199,2.499576385,2.269180228
86,2.55,2.55,2.55,2.55,2.55,2.55,2.55,2.55,2.55,2.55,2.55,2.55,2.55,2.55,2.55,2.549999996,2.549998767,2.549881281,2.545979347,2.498663404,2.267639036
87,2.55,2.55,2.55,2.55,2.55,2.55,2.55,2.55,2.55,2.55,2.55,2.55,2.55,2.55,2.55,2.549999995,2.549998605,2.549871945,2.545813048,2.4977501,2.266107944
88,2.55,2.55,2.55,2.55,2.55,2.55,2.55,2.55,2.55,2.55,2.55,2.55,2.55,2.55,2.55,2.549999994,2.549998425,2.549862092,2.545643323,2.496836551,2.264586778
89,2.55,2.55,2.55,2.55,2.55,2.55,2.55,2.55,2.55,2.55,2.55,2.55,2.55,2.55,2.55,2.549999992,2.549998227,2.549851708,2.545470191,2.495922838,2.263075359
90,2.55,2.55,2.55,2.55,2.55,2.55,2.55,2.55,2.55,2.55,2.55,2.55,2.55,2.55,2.55,2.549999991,2.549998009,2.549840776,2.545293677,2.495009028,2.261573529
91,2.55,2.55,2.55,2.55,2.55,2.55,2.55,2.55,2.55,2.55,2.55,2.55,2.55,2.55,2.55,2.549999989,2.54999777,2.549829281,2.545113807,2.49409519,2.260081129
92,2.55,2.55,2.55,2.55,2.55,2.55,2.55,2.55,2.55,2.55,2.55,2.55,2.55,2.55,2.55,2.549999988,2.549997507,2.549817208,2.544930606,2.493181386,2.258598006
93,2.55,2.55,2.55,2.55,2.55,2.55,2.55,2.55,2.55,2.55,2.55,2.55,2.55,2.55,2.55,2.549999985,2.54999722,2.549804543,2.544744098,2.49226768,2.257124008
94,2.55,2.55,2.55,2.55,2.55,2.55,2.55,2.55,2.55,2.55,2.55,2.55,2.55,2.55,2.55,2.549999983,2.549996907,2.549791272,2.544554306,2.491354144,2.255658973
95,2.55,2.55,2.55,2.55,2.55,2.55,2.55,2.55,2.55,2.55,2.55,2.55,2.55,2.55,2.55,2.54999998,2.549996566,2.549777381,2.544361259,2.490440827,2.254202768
96,2.55,2.55,2.55,2.55,2.55,2.55,2.55,2.55,2.55,2.55,2.55,2.55,2.55,2.55,2.55,2.549999977,2.549996194,2.549762853,2.544164985,2.489527781,2.252755259
97,2.55,2.55,2.55,2.55,2.55,2.55,2.55,2.55,2.55,2.55,2.55,2.55,2.55,2.55,2.55,2.549999973,2.549995791,2.549747675,2.543965514,2.488615056,2.251316312
98,2.55,2.55,2.55,2.55,2.55,2.55,2.55,2.55,2.55,2.55,2.55,2.55,2.55,2.55,2.55,2.549999968,2.549995354,2.549731834,2.54376287,2.487702709,2.249885788
99,2.55,2.55,2.55,2.55,2.55,2.55,2.55,2.55,2.55,2.55,2.55,2.55,2.55,2.55,2.55,2.549999964,2.549994881,2.549715317,2.543557079,2.486790795,2.248463547
100,2.55,2.55,2.55,2.55,2.55,2.55,2.55,2.55,2.55,2.55,2.55,2.55,2.55,2.55,2.55,2.549999958,2.549994371,2.54969811,2.543348173,2.485879354,2.247049474
101,2.55,2.55,2.55,2.55,2.55,2.55,2.55,2.55,2.55,2.55,2.55,2.55,2.55,2.55,2.55,2.549999952,2.54999382,2.549680198,2.543136181,2.484968426,2.245643449
102,2.55,2.55,2.55,2.55,2.55,2.55,2.55,2.55,2.55,2.55,2.55,2.55,2.55,2.55,2.55,2.549999945,2.549993227,2.54966157,2.542921134,2.484058053,2.244245357
103,2.55,2.55,2.55,2.55,2.55,2.55,2.55,2.55,2.55,2.55,2.55,2.55,2.55,2.55,2.55,2.549999937,2.54999259,2.549642213,2.542703058,2.483148284,2.242855067
104,2.55,2.55,2.55,2.55,2.55,2.55,2.55,2.55,2.55,2.55,2.55,2.55,2.55,2.55,2.55,2.549999928,2.549991905,2.549622114,2.542481981,2.48223916,2.241472465
105,2.55,2.55,2.55,2.55,2.55,2.55,2.55,2.55,2.55,2.55,2.55,2.55,2.55,2.55,2.55,2.549999918,2.549991171,2.549601261,2.542257935,2.481330713,2.240097445
106,2.55,2.55,2.55,2.55,2.55,2.55,2.55,2.55,2.55,2.55,2.55,2.55,2.55,2.55,2.55,2.549999907,2.549990386,2.549579641,2.542030951,2.480422978,2.238729902
107,2.55,2.55,2.55,2.55,2.55,2.55,2.55,2.55,2.55,2.55,2.55,2.55,2.55,2.55,2.55,2.549999895,2.549989546,2.549557244,2.541801059,2.479515986,2.237369731
108,2.55,2.55,2.55,2.55,2.55,2.55,2.55,2.55,2.55,2.55,2.55,2.55,2.55,2.55,2.549999999,2.549999882,2.549988649,2.549534057,2.541568286,2.478609782,2.236016814
109,2.55,2.55,2.55,2.55,2.55,2.55,2.55,2.55,2.55,2.55,2.55,2.55,2.55,2.55,2.549999999,2.549999867,2.549987692,2.54951007,2.541332662,2.477704392,2.234671058
110,2.55,2.55,2.55,2.55,2.55,2.55,2.55,2.55,2.55,2.55,2.55,2.55,2.55,2.55,2.549999999,2.54999985,2.549986673,2.549485271,2.541094219,2.476799845,2.233332364
111,2.55,2.55,2.55,2.55,2.55,2.55,2.55,2.55,2.55,2.55,2.55,2.55,2.55,2.55,2.549999999,2.549999832,2.549985589,2.549459649,2.540852987,2.475896168,2.232000638
112,2.55,2.55,2.55,2.55,2.55,2.55,2.55,2.55,2.55,2.55,2.55,2.55,2.55,2.55,2.549999999,2.549999811,2.549984437,2.549433194,2.540608998,2.474993389,2.230675785
113,2.55,2.55,2.55,2.55,2.55,2.55,2.55,2.55,2.55,2.55,2.55,2.55,2.55,2.55,2.549999999,2.549999789,2.549983214,2.549405897,2.540362276,2.474091545,2.229357699
114,2.55,2.55,2.55,2.55,2.55,2.55,2.55,2.55,2.55,2.55,2.55,2.55,2.55,2.55,2.549999999,2.549999764,2.549981917,2.549377746,2.540112854,2.473190653,2.2280463
115,2.55,2.55,2.55,2.55,2.55,2.55,2.55,2.55,2.55,2.55,2.55,2.55,2.55,2.55,2.549999998,2.549999738,2.549980544,2.549348732,2.539860764,2.472290737,2.226741501
116,2.55,2.55,2.55,2.55,2.55,2.55,2.55,2.55,2.55,2.55,2.55,2.55,2.55,2.55,2.549999998,2.549999708,2.549979091,2.549318845,2.539606035,2.471391818,2.225443216
117,2.55,2.55,2.55,2.55,2.55,2.55,2.55,2.55,2.55,2.55,2.55,2.55,2.55,2.55,2.549999998,2.549999676,2.549977555,2.549288076,2.539348698,2.470493917,2.224151364
118,2.55,2.55,2.55,2.55,2.55,2.55,2.55,2.55,2.55,2.55,2.55,2.55,2.55,2.55,2.549999998,2.549999641,2.549975932,2.549256417,2.539088783,2.469597055,2.222865862
119,2.55,2.55,2.55,2.55,2.55,2.55,2.55,2.55,2.55,2.55,2.55,2.55,2.55,2.55,2.549999997,2.549999603,2.549974221,2.549223858,2.538826318,2.468701255,2.221586623
120,2.55,2.55,2.55,2.55,2.55,2.55,2.55,2.55,2.55,2.55,2.55,2.55,2.55,2.55,2.549999997,2.549999561,2.549972417,2.549190392,2.538561334,2.467806537,2.220313568
121,2.55,2.55,2.55,2.55,2.55,2.55,2.55,2.55,2.55,2.55,2.55,2.55,2.55,2.55,2.549999996,2.549999516,2.549970517,2.549156009,2.538293858,2.466912919,2.219046617
122,2.55,2.55,2.55,2.55,2.55,2.55,2.55,2.55,2.55,2.55,2.55,2.55,2.55,2.55,2.549999996,2.549999467,2.549968519,2.549120702,2.53802392,2.466020421,2.217785688
123,2.55,2.55,2.55,2.55,2.55,2.55,2.55,2.55,2.55,2.55,2.55,2.55,2.55,2.55,2.549999995,2.549999413,2.549966418,2.549084464,2.537751549,2.465129056,2.216530713
124,2.55,2.55,2.55,2.55,2.55,2.55,2.55,2.55,2.55,2.55,2.55,2.55,2.55,2.55,2.549999994,2.549999356,2.549964212,2.549047287,2.537476775,2.464238843,2.215281618
125,2.55,2.55,2.55,2.55,2.55,2.55,2.55,2.55,2.55,2.55,2.55,2.55,2.55,2.55,2.549999994,2.549999293,2.549961896,2.549009163,2.537199626,2.463349795,2.214038332
126,2.55,2.55,2.55,2.55,2.55,2.55,2.55,2.55,2.55,2.55,2.55,2.55,2.55,2.55,2.549999993,2.549999226,2.549959468,2.548970087,2.536920132,2.462461928,2.212800785
127,2.55,2.55,2.55,2.55,2.55,2.55,2.55,2.55,2.55,2.55,2.55,2.55,2.55,2.55,2.549999992,2.549999154,2.549956924,2.54893005,2.536638319,2.461575255,2.211568909
128,2.55,2.55,2.55,2.55,2.55,2.55,2.55,2.55,2.55,2.55,2.55,2.55,2.55,2.55,2.549999991,2.549999076,2.549954261,2.548889047,2.536354217,2.460689789,2.210342637
129,2.55,2.55,2.55,2.55,2.55,2.55,2.55,2.55,2.55,2.55,2.55,2.55,2.55,2.55,2.54999999,2.549998992,2.549951474,2.548847072,2.536067854,2.459805542,2.209121903
130,2.55,2.55,2.55,2.55,2.55,2.55,2.55,2.55,2.55,2.55,2.55,2.55,2.55,2.55,2.549999988,2.549998901,2.549948562,2.548804118,2.535779257,2.458922528,2.207906641
131,2.55,2.55,2.55,2.55,2.55,2.55,2.55,2.55,2.55,2.55,2.55,2.55,2.55,2.55,2.549999987,2.549998805,2.549945519,2.54876018,2.535488454,2.458040756,2.206696789
132,2.55,2.55,2.55,2.55,2.55,2.55,2.55,2.55,2.55,2.55,2.55,2.55,2.55,2.55,2.549999985,2.549998701,2.549942342,2.548715252,2.535195473,2.457160239,2.205492283
133,2.55,2.55,2.55,2.55,2.55,2.55,2.55,2.55,2.55,2.55,2.55,2.55,2.55,2.55,2.549999984,2.549998589,2.549939028,2.548669329,2.534900341,2.456280985,2.204293063
134,2.55,2.55,2.55,2.55,2.55,2.55,2.55,2.55,2.55,2.55,2.55,2.55,2.55,2.55,2.549999982,2.549998471,2.549935574,2.548622406,2.534603084,2.455403005,2.20309907
135,2.55,2.55,2.55,2.55,2.55,2.55,2.55,2.55,2.55,2.55,2.55,2.55,2.55,2.55,2.54999998,2.549998343,2.549931975,2.548574479,2.53430373,2.454526306,2.201910246
136,2.55,2.55,2.55,2.55,2.55,2.55,2.55,2.55,2.55,2.55,2.55,2.55,2.55,2.55,2.549999977,2.549998208,2.549928227,2.548525541,2.534002305,2.453650901,2.200726529
137,2.55,2.55,2.55,2.55,2.55,2.55,2.55,2.55,2.55,2.55,2.55,2.55,2.55,2.55,2.549999975,2.549998063,2.549924328,2.548475591,2.533698835,2.452776794,2.199547866
138,2.55,2.55,2.55,2.55,2.55,2.55,2.55,2.55,2.55,2.55,2.55,2.55,2.55,2.55,2.549999972,2.549997909,2.549920273,2.548424622,2.533393347,2.451903994,2.198374201
139,2.55,2.55,2.55,2.55,2.55,2.55,2.55,2.55,2.55,2.55,2.55,2.55,2.55,2.55,2.549999969,2.549997745,2.54991606,2.548372631,2.533085867,2.451032511,2.197205474
140,2.55,2.55,2.55,2.55,2.55,2.55,2.55,2.55,2.55,2.55,2.55,2.55,2.55,2.55,2.549999965,2.54999757,2.549911683,2.548319615,2.532776419,2.450162348,2.196041639
141,2.55,2.55,2.55,2.55,2.55,2.55,2.55,2.55,2.55,2.55,2.55,2.55,2.55,2.55,2.549999962,2.549997385,2.549907139,2.54826557,2.53246503,2.449293514,2.19488264
142,2.55,2.55,2.55,2.55,2.55,2.55,2.55,2.55,2.55,2.55,2.55,2.55,2.55,2.55,2.549999958,2.549997188,2.549902425,2.548210491,2.532151726,2.448426016,2.19372842
143,2.55,2.55,2.55,2.55,2.55,2.55,2.55,2.55,2.55,2.55,2.55,2.55,2.55,2.55,2.549999953,2.549996979,2.549897538,2.548154377,2.531836529,2.447559856,2.192578936
144,2.55,2.55,2.55,2.55,2.55,2.55,2.55,2.55,2.55,2.55,2.55,2.55,2.55,2.55,2.549999949,2.549996758,2.549892472,2.548097225,2.531519465,2.446695042,2.191434135
145,2.55,2.55,2.55,2.55,2.55,2.55,2.55,2.55,2.55,2.55,2.55,2.55,2.55,2.55,2.549999943,2.549996523,2.549887225,2.548039031,2.53120056,2.445831579,2.190293968
146,2.55,2.55,2.55,2.55,2.55,2.55,2.55,2.55,2.55,2.55,2.55,2.55,2.55,2.549999999,2.549999938,2.549996275,2.549881793,2.547979793,2.530879836,2.444969471,2.189158386
147,2.55,2.55,2.55,2.55,2.55,2.55,2.55,2.55,2.55,2.55,2.55,2.55,2.55,2.549999999,2.549999932,2.549996013,2.549876171,2.547919509,2.530557318,2.444108723,2.188027341
148,2.55,2.55,2.55,2.55,2.55,2.55,2.55,2.55,2.55,2.55,2.55,2.55,2.55,2.549999999,2.549999925,2.549995736,2.549870358,2.547858176,2.530233029,2.443249339,2.186900788
149,2.55,2.55,2.55,2.55,2.55,2.55,2.55,2.55,2.55,2.55,2.55,2.55,2.55,2.549999999,2.549999918,2.549995444,2.549864347,2.547795793,2.529906994,2.442391321,2.185778681
150,2.55,2.55,2.55,2.55,2.55,2.55,2.55,2.55,2.55,2.55,2.55,2.55,2.55,2.549999999,2.54999991,2.549995136,2.549858137,2.547732357,2.529579234,2.441534676,2.184660973
151,2.55,2.55,2.55,2.55,2.55,2.55,2.55,2.55,2.55,2.55,2.55,2.55,2.55,2.549999999,2.549999902,2.549994811,2.549851723,2.547667867,2.529249774,2.440679404,2.183547622
152,2.55,2.55,2.55,2.55,2.55,2.55,2.55,2.55,2.55,2.55,2.55,2.55,2.55,2.549999999,2.549999892,2.549994469,2.549845101,2.547602322,2.528918636,2.439825508,2.182438583
153,2.55,2.55,2.55,2.55,2.55,2.55,2.55,2.55,2.55,2.55,2.55,2.55,2.55,2.549999999,2.549999883,2.549994109,2.549838269,2.54753572,2.528585842,2.438972992,2.181333815
154,2.55,2.55,2.55,2.55,2.55,2.55,2.55,2.55,2.55,2.55,2.55,2.55,2.55,2.549999999,2.549999872,2.54999373,2.549831221,2.547468061,2.528251415,2.438121858,2.180233275
155,2.55,2.55,2.55,2.55,2.55,2.55,2.55,2.55,2.55,2.55,2.55,2.55,2.55,2.549999998,2.549999861,2.549993332,2.549823955,2.547399342,2.527915376,2.437272108,2.17913692
156,2.55,2.55,2.55,2.55,2.55,2.55,2.55,2.55,2.55,2.55,2.55,2.55,2.55,2.549999998,2.549999849,2.549992914,2.549816467,2.547329563,2.527577748,2.436423744,2.178044711
157,2.55,2.55,2.55,2.55,2.55,2.55,2.55,2.55,2.55,2.55,2.55,2.55,2.55,2.549999998,2.549999836,2.549992476,2.549808753,2.547258724,2.527238551,2.435576768,2.176956607
158,2.55,2.55,2.55,2.55,2.55,2.55,2.55,2.55,2.55,2.55,2.55,2.55,2.55,2.549999998,2.549999822,2.549992015,2.54980081,2.547186825,2.526897808,2.43473118,2.17587257
159,2.55,2.55,2.55,2.55,2.55,2.55,2.55,2.55,2.55,2.55,2.55,2.55,2.55,2.549999998,2.549999806,2.549991533,2.549792634,2.547113863,2.526555539,2.433886984,2.174792559
160,2.55,2.55,2.55,2.55,2.55,2.55,2.55,2.55,2.55,2.55,2.55,2.55,2.55,2.549999997,2.54999979,2.549991027,2.549784221,2.54703984,2.526211765,2.433044179,2.173716536
161,2.55,2.55,2.55,2.55,2.55,2.55,2.55,2.55,2.55,2.55,2.55,2.55,2.55,2.549999997,2.549999773,2.549990498,2.549775568,2.546964755,2.525866507,2.432202766,2.172644464
162,2.55,2.55,2.55,2.55,2.55,2.55,2.55,2.55,2.55,2.55,2.55,2.55,2.55,2.549999997,2.549999755,2.549989944,2.549766672,2.546888609,2.525519785,2.431362747,2.171576307
163,2.55,2.55,2.55,2.55,2.55,2.55,2.55,2.55,2.55,2.55,2.55,2.55,2.55,2.549999996,2.549999735,2.549989365,2.549757528,2.5468114,2.525171619,2.430524122,2.170512026
164,2.55,2.55,2.55,2.55,2.55,2.55,2.55,2.55,2.55,2.55,2.55,2.55,2.55,2.549999996,2.549999714,2.549988759,2.549748134,2.54673313,2.524822029,2.429686891,2.169451586
165,2.55,2.55,2.55,2.55,2.55,2.55,2.55,2.55,2.55,2.55,2.55,2.55,2.55,2.549999995,2.549999692,2.549988127,2.549738485,2.5466538,2.524471035,2.428851054,2.168394952
166,2.55,2.55,2.55,2.55,2.55,2.55,2.55,2.55,2.55,2.55,2.55,2.55,2.55,2.549999995,2.549999668,2.549987466,2.549728579,2.546573408,2.524118656,2.428016611,2.167342089
167,2.55,2.55,2.55,2.55,2.55,2.55,2.55,2.55,2.55,2.55,2.55,2.55,2.55,2.549999994,2.549999642,2.549986777,2.549718412,2.546491957,2.523764912,2.427183564,2.16629296
168,2.55,2.55,2.55,2.55,2.55,2.55,2.55,2.55,2.55,2.55,2.55,2.55,2.55,2.549999994,2.549999615,2.549986059,2.54970798,2.546409446,2.523409821,2.426351912,2.165247533
169,2.55,2.55,2.55,2.55,2.55,2.55,2.55,2.55,2.55,2.55,2.55,2.55,2.55,2.549999993,2.549999586,2.54998531,2.549697281,2.546325877,2.523053403,2.425521653,2.164205776
170,2.55,2.55,2.55,2.55,2.55,2.55,2.55,2.55,2.55,2.55,2.55,2.55,2.55,2.549999993,2.549999556,2.549984529,2.54968631,2.546241251,2.522695675,2.424692787,2.163167654
171,2.55,2.55,2.55,2.55,2.55,2.55,2.55,2.55,2.55,2.55,2.55,2.55,2.55,2.549999992,2.549999523,2.549983716,2.549675065,2.546155568,2.522336657,2.423865314,2.162133137
172,2.55,2.55,2.55,2.55,2.55,2.55,2.55,2.55,2.55,2.55,2.55,2.55,2.55,2.549999991,2.549999489,2.54998287,2.549663542,2.546068831,2.521976366,2.423039232,2.161102193
173,2.55,2.55,2.55,2.55,2.55,2.55,2.55,2.55,2.55,2.55,2.55,2.55,2.55,2.54999999,2.549999452,2.54998199,2.549651738,2.545981041,2.521614819,2.42221454,2.160074791
174,2.55,2.55,2.55,2.55,2.55,2.55,2.55,2.55,2.55,2.55,2.55,2.55,2.55,2.549999989,2.549999414,2.549981075,2.549639649,2.545892198,2.521252037,2.421391239,2.159050898
175,2.55,2.55,2.55,2.55,2.55,2.55,2.55,2.55,2.55,2.55,2.55,2.55,2.55,2.549999988,2.549999373,2.549980124,2.549627273,2.545802305,2.520888034,2.420569326,2.158030483
176,2.55,2.55,2.55,2.55,2.55,2.55,2.55,2.55,2.55,2.55,2.55,2.55,2.55,2.549999987,2.549999329,2.549979136,2.549614606,2.545711362,2.52052283,2.4197488,2.157013518
177,2.55,2.55,2.55,2.55,2.55,2.55,2.55,2.55,2.55,2.55,2.55,2.55,2.55,2.549999986,2.549999284,2.54997811,2.549601644,2.545619373,2.52015644,2.41892966,2.155999973
178,2.55,2.55,2.55,2.55,2.55,2.55,2.55,2.55,2.55,2.55,2.55,2.55,2.55,2.549999985,2.549999235,2.549977045,2.549588386,2.545526338,2.519788882,2.418111905,2.154989819
179,2.55,2.55,2.55,2.55,2.55,2.55,2.55,2.55,2.55,2.55,2.55,2.55,2.55,2.549999984,2.549999184,2.549975939,2.549574827,2.545432259,2.519420172,2.417295531,2.153983027
180,2.55,2.55,2.55,2.55,2.55,2.55,2.55,2.55,2.55,2.55,2.55,2.55,2.55,2.549999982,2.54999913,2.549974793,2.549560965,2.545337139,2.519050327,2.41648054,2.152979569
181,2.55,2.55,2.55,2.55,2.55,2.55,2.55,2.55,2.55,2.55,2.55,2.55,2.55,2.549999981,2.549999074,2.549973606,2.549546797,2.545240979,2.518679364,2.415666928,2.151979419
182,2.55,2.55,2.55,2.55,2.55,2.55,2.55,2.55,2.55,2.55,2.55,2.55,2.55,2.549999979,2.549999014,2.549972375,2.549532319,2.545143781,2.518307298,2.414854694,2.150982552
183,2.55,2.55,2.55,2.55,2.55,2.55,2.55,2.55,2.55,2.55,2.55,2.55,2.55,2.549999977,2.549998951,2.5499711,2.549517529,2.545045548,2.517934145,2.414043836,2.149988938
184,2.55,2.55,2.55,2.55,2.55,2.55,2.55,2.55,2.55,2.55,2.55,2.55,2.55,2.549999975,2.549998884,2.54996978,2.549502424,2.544946282,2.517559921,2.413234352,2.148998549
185,2.55,2.55,2.55,2.55,2.55,2.55,2.55,2.55,2.55,2.55,2.55,2.55,2.55,2.549999973,2.549998814,2.549968413,2.549487001,2.544845985,2.517184642,2.41242624,2.148011359
186,2.55,2.55,2.55,2.55,2.55,2.55,2.55,2.55,2.55,2.55,2.55,2.55,2.55,2.549999971,2.549998741,2.549967,2.549471256,2.54474466,2.516808322,2.411619498,2.147027341
187,2.55,2.55,2.55,2.55,2.55,2.55,2.55,2.55,2.55,2.55,2.55,2.55,2.55,2.549999968,2.549998664,2.549965538,2.549455188,2.544642309,2.516430978,2.410814123,2.146046469
188,2.55,2.55,2.55,2.55,2.55,2.55,2.55,2.55,2.55,2.55,2.55,2.55,2.55,2.549999966,2.549998583,2.549964027,2.549438792,2.544538935,2.516052624,2.410010113,2.145068718
189,2.55,2.55,2.55,2.55,2.55,2.55,2.55,2.55,2.55,2.55,2.55,2.55,2.549999999,2.549999963,2.549998497,2.549962466,2.549422068,2.544434541,2.515673274,2.409207466,2.144094063
190,2.55,2.55,2.55,2.55,2.55,2.55,2.55,2.55,2.55,2.55,2.55,2.55,2.549999999,2.54999996,2.549998408,2.549960853,2.549405011,2.544329129,2.515292944,2.40840618,2.143122478
191,2.55,2.55,2.55,2.55,2.55,2.55,2.55,2.55,2.55,2.55,2.55,2.55,2.549999999,2.549999957,2.549998314,2.549959188,2.549387619,2.544222701,2.514911647,2.407606251,2.142153939
192,2.55,2.55,2.55,2.55,2.55,2.55,2.55,2.55,2.55,2.55,2.55,2.55,2.549999999,2.549999954,2.549998216,2.549957468,2.549369889,2.544115262,2.514529399,2.406807679,2.141188421
193,2.55,2.55,2.55,2.55,2.55,2.55,2.55,2.55,2.55,2.55,2.55,2.55,2.549999999,2.54999995,2.549998113,2.549955694,2.549351819,2.544006813,2.514146213,2.406010459,2.140225902
194,2.55,2.55,2.55,2.55,2.55,2.55,2.55,2.55,2.55,2.55,2.55,2.55,2.549999999,2.549999947,2.549998006,2.549953864,2.549333406,2.543897357,2.513762103,2.405214589,2.139266357
195,2.55,2.55,2.55,2.55,2.55,2.55,2.55,2.55,2.55,2.55,2.55,2.55,2.549999999,2.549999943,2.549997893,2.549951977,2.549314648,2.543786899,2.513377083,2.404420067,2.138309763
196,2.55,2.55,2.55,2.55,2.55,2.55,2.55,2.55,2.55,2.55,2.55,2.55,2.549999999,2.549999938,2.549997775,2.549950031,2.549295541,2.543675439,2.512991166,2.40362689,2.137356097
197,2.55,2.55,2.55,2.55,2.55,2.55,2.55,2.55,2.55,2.55,2.55,2.55,2.549999999,2.549999934,2.549997652,2.549948026,2.549276085,2.543562983,2.512604367,2.402835055,2.136405335
198,2.55,2.55,2.55,2.55,2.55,2.55,2.55,2.55,2.55,2.55,2.55,2.55,2.549999999,2.549999929,2.549997523,2.549945961,2.549256275,2.543449532,2.512216697,2.402044559,2.135457457
199,2.55,2.55,2.55,2.55,2.55,2.55,2.55,2.55,2.55,2.55,2.55,2.55,2.549999999,2.549999924,2.549997388,2.549943833,2.549236109,2.543335091,2.511828171,2.4012554,2.134512439
200,2.55,2.55,2.55,2.55,2.55,2.55,2.55,2.55,2.55,2.55,2.55,2.55,2.549999998,2.549999918,2.549997247,2.549941643,2.549215586,2.543219662,2.5114388,2.400467574,2.133570261
201,2.55,2.55,2.55,2.55,2.55,2.55,2.55,2.55,2.55,2.55,2.55,2.55,2.549999998,2.549999913,2.549997101,2.549939389,2.549194703,2.543103248,2.511048598,2.399681079,2.132630902
202,2.55,2.55,2.55,2.55,2.55,2.55,2.55,2.55,2.55,2.55,2.55,2.55,2.549999998,2.549999906,2.549996948,2.54993707,2.549173458,2.542985854,2.510657578,2.398895911,2.131694338
203,2.55,2.55,2.55,2.55,2.55,2.55,2.55,2.55,2.55,2.55,2.55,2.55,2.549999998,2.5499999,2.549996788,2.549934684,2.549151847,2.542867482,2.510265753,2.398112068,2.130760548
204,2.55,2.55,2.55,2.55,2.55,2.55,2.55,2.55,2.55,2.55,2.55,2.55,2.549999998,2.549999893,2.549996621,2.54993223,2.54912987,2.542748135,2.509873133,2.397329547,2.129829515
205,2.55,2.55,2.55,2.55,2.55,2.55,2.55,2.55,2.55,2.55,2.55,2.55,2.549999998,2.549999886,2.549996448,2.549929708,2.549107523,2.542627818,2.509479731,2.396548344,2.128901216
206,2.55,2.55,2.55,2.55,2.55,2.55,2.55,2.55,2.55,2.55,2.55,2.55,2.549999997,2.549999878,2.549996268,2.549927116,2.549084805,2.542506534,2.509085561,2.395768456,2.127975629
207,2.55,2.55,2.55,2.55,2.55,2.55,2.55,2.55,2.55,2.55,2.55,2.55,2.549999997,2.54999987,2.54999608,2.549924452,2.549061713,2.542384285,2.508690633,2.394989881,2.127052734
208,2.55,2.55,2.55,2.55,2.55,2.55,2.55,2.55,2.55,2.55,2.55,2.55,2.549999997,2.549999861,2.549995884,2.549921717,2.549038246,2.542261077,2.508294959,2.394212615,2.126132516
209,2.55,2.55,2.55,2.55,2.55,2.55,2.55,2.55,2.55,2.55,2.55,2.55,2.549999997,2.549999852,2.54999568,2.549918907,2.549014401,2.542136912,2.50789855,2.393436654,2.125214952
210,2.55,2.55,2.55,2.55,2.55,2.55,2.55,2.55,2.55,2.55,2.55,2.55,2.549999997,2.549999843,2.549995469,2.549916023,2.548990176,2.542011793,2.50750142,2.392661996,2.124300021
211,2.55,2.55,2.55,2.55,2.55,2.55,2.55,2.55,2.55,2.55,2.55,2.55,2.549999996,2.549999833,2.549995249,2.549913063,2.548965568,2.541885725,2.507103578,2.391888638,2.123387706
212,2.55,2.55,2.55,2.55,2.55,2.55,2.55,2.55,2.55,2.55,2.55,2.55,2.549999996,2.549999822,2.54999502,2.549910026,2.548940578,2.541758712,2.506705036,2.391116576,2.122477989
213,2.55,2.55,2.55,2.55,2.55,2.55,2.55,2.55,2.55,2.55,2.55,2.55,2.549999996,2.549999811,2.549994783,2.54990691,2.548915201,2.541630757,2.506305804,2.390345806,2.121570851
214,2.55,2.55,2.55,2.55,2.55,2.55,2.55,2.55,2.55,2.55,2.55,2.55,2.549999995,2.549999799,2.549994537,2.549903714,2.548889437,2.541501863,2.505905893,2.389576327,2.120666274
215,2.55,2.55,2.55,2.55,2.55,2.55,2.55,2.55,2.55,2.55,2.55,2.55,2.549999995,2.549999786,2.549994281,2.549900438,2.548863284,2.541372035,2.505505315,2.388808133,2.119764238
216,2.55,2.55,2.55,2.55,2.55,2.55,2.55,2.55,2.55,2.55,2.55,2.55,2.549999994,2.549999773,2.549994016,2.54989708,2.548836739,2.541241276,2.505104081,2.388041222,2.118864726
217,2.55,2.55,2.55,2.55,2.55,2.55,2.55,2.55,2.55,2.55,2.55,2.55,2.549999994,2.54999976,2.54999374,2.549893638,2.548809801,2.541109591,2.504702199,2.387275591,2.11796772
218,2.55,2.55,2.55,2.55,2.55,2.55,2.55,2.55,2.55,2.55,2.55,2.55,2.549999994,2.549999745,2.549993455,2.549890112,2.548782468,2.540976982,2.504299682,2.386511236,2.117073204
219,2.55,2.55,2.55,2.55,2.55,2.55,2.55,2.55,2.55,2.55,2.55,2.55,2.549999993,2.54999973,2.549993159,2.5498865,2.548754738,2.540843454,2.503896539,2.385748153,2.116181158
220,2.55,2.55,2.55,2.55,2.55,2.55,2.55,2.55,2.55,2.55,2.55,2.55,2.549999993,2.549999714,2.549992853,2.549882801,2.54872661,2.540709011,2.503492779,2.384986339,2.115291568
221,2.55,2.55,2.55,2.55,2.55,2.55,2.55,2.55,2.55,2.55,2.55,2.55,2.549999992,2.549999697,2.549992536,2.549879013,2.548698082,2.540573657,2.503088415,2.384225792,2.114404414
222,2.55,2.55,2.55,2.55,2.55,2.55,2.55,2.55,2.55,2.55,2.55,2.55,2.549999991,2.549999679,2.549992207,2.549875137,2.548669153,2.540437395,2.502683454,2.383466507,2.113519681
223,2.55,2.55,2.55,2.55,2.55,2.55,2.55,2.55,2.55,2.55,2.55,2.55,2.549999991,2.549999661,2.549991867,2.549871169,2.54863982,2.540300229,2.502277907,2.382708481,2.112637352
224,2.55,2.55,2.55,2.55,2.55,2.55,2.55,2.55,2.55,2.55,2.55,2.55,2.54999999,2.549999641,2.549991515,2.54986711,2.548610082,2.540162164,2.501871784,2.38195171,2.111757411
225,2.55,2.55,2.55,2.55,2.55,2.55,2.55,2.55,2.55,2.55,2.55,2.55,2.549999989,2.549999621,2.549991152,2.549862957,2.548579939,2.540023203,2.501465093,2.381196191,2.110879843
226,2.55,2.55,2.55,2.55,2.55,2.55,2.55,2.55,2.55,2.55,2.55,2.55,2.549999989,2.5499996,2.549990775,2.549858711,2.548549387,2.539883351,2.501057844,2.380441921,2.110004629
227,2.55,2.55,2.55,2.55,2.55,2.55,2.55,2.55,2.55,2.55,2.55,2.55,2.549999988,2.549999577,2.549990386,2.549854368,2.548518426,2.539742611,2.500650048,2.379688896,2.109131756
228,2.55,2.55,2.55,2.55,2.55,2.55,2.55,2.55,2.55,2.55,2.55,2.55,2.549999987,2.549999554,2.549989984,2.549849929,2.548487055,2.539600987,2.500241712,2.378937112,2.108261206
229,2.55,2.55,2.55,2.55,2.55,2.55,2.55,2.55,2.55,2.55,2.55,2.55,2.549999986,2.54999953,2.549989569,2.549845391,2.548455272,2.539458484,2.499832846,2.378186566,2.107392965
230,2.55,2.55,2.55,2.55,2.55,2.55,2.55,2.55,2.55,2.55,2.55,2.55,2.549999985,2.549999504,2.54998914,2.549840754,2.548423075,2.539315105,2.499423458,2.377437255,2.106527018
231,2.55,2.55,2.55,2.55,2.55,2.55,2.55,2.55,2.55,2.55,2.55,2.55,2.549999984,2.549999477,2.549988697,2.549836017,2.548390463,2.539170855,2.499013558,2.376689174,2.10566335
232,2.55,2.55,2.55,2.55,2.55,2.55,2.55,2.55,2.55,2.55,2.55,2.55,2.549999983,2.549999449,2.549988239,2.549831178,2.548357436,2.539025736,2.498603154,2.375942322,2.104801944
233,2.55,2.55,2.55,2.55,2.55,2.55,2.55,2.55,2.55,2.55,2.55,2.55,2.549999982,2.54999942,2.549987768,2.549826236,2.548323991,2.538879755,2.498192256,2.375196693,2.103942787
234,2.55,2.55,2.55,2.55,2.55,2.55,2.55,2.55,2.55,2.55,2.55,2.55,2.54999998,2.54999939,2.549987281,2.549821189,2.548290128,2.538732914,2.497780871,2.374452284,2.103085863
235,2.55,2.55,2.55,2.55,2.55,2.55,2.55,2.55,2.55,2.55,2.55,2.55,2.549999979,2.549999358,2.549986779,2.549816038,2.548255845,2.538585217,2.497369008,2.373709093,2.102231159
236,2.55,2.55,2.55,2.55,2.55,2.55,2.55,2.55,2.55,2.55,2.55,2.55,2.549999978,2.549999325,2.549986261,2.549810779,2.548221141,2.53843667,2.496956674,2.372967114,2.101378661
237,2.55,2.55,2.55,2.55,2.55,2.55,2.55,2.55,2.55,2.55,2.55,2.549999999,2.549999976,2.54999929,2.549985728,2.549805413,2.548186015,2.538287275,2.49654388,2.372226345,2.100528353
238,2.55,2.55,2.55,2.55,2.55,2.55,2.55,2.55,2.55,2.55,2.55,2.549999999,2.549999975,2.549999254,2.549985178,2.549799937,2.548150466,2.538137037,2.496130631,2.371486783,2.099680221
239,2.55,2.55,2.55,2.55,2.55,2.55,2.55,2.55,2.55,2.55,2.55,2.549999999,2.549999973,2.549999217,2.549984611,2.549794352,2.548114493,2.53798596,2.495716938,2.370748423,2.098834253
240,2.55,2.55,2.55,2.55,2.55,2.55,2.55,2.55,2.55,2.55,2.55,2.549999999,2.549999971,2.549999177,2.549984028,2.549788654,2.548078094,2.537834048,2.495302806,2.370011263,2.097990432
241,2.55,2.55,2.55,2.55,2.55,2.55,2.55,2.55,2.55,2.55,2.55,2.549999999,2.549999969,2.549999137,2.549983427,2.549782844,2.548041269,2.537681305,2.494888246,2.369275298,2.097148733
242,2.55,2.55,2.55,2.55,2.55,2.55,2.55,2.55,2.55,2.55,2.55,2.549999999,2.549999968,2.549999094,2.549982808,2.54977692,2.548004017,2.537527735,2.494473263,2.368540525,2.096309141
243,2.55,2.55,2.55,2.55,2.55,2.55,2.55,2.55,2.55,2.55,2.55,2.549999999,2.549999966,2.54999905,2.549982172,2.549770881,2.547966337,2.537373343,2.494057866,2.367806941,2.095471649
244,2.55,2.55,2.55,2.55,2.55,2.55,2.55,2.55,2.55,2.55,2.55,2.549999999,2.549999963,2.549999004,2.549981517,2.549764726,2.547928227,2.537218132,2.493642062,2.367074542,2.094636246
245,2.55,2.55,2.55,2.55,2.55,2.55,2.55,2.55,2.55,2.55,2.55,2.549999999,2.549999961,2.549998956,2.549980843,2.549758453,2.547889687,2.537062106,2.493225858,2.366343324,2.093802919
246,2.55,2.55,2.55,2.55,2.55,2.55,2.55,2.55,2.55,2.55,2.55,2.549999999,2.549999959,2.549998906,2.54998015,2.549752061,2.547850717,2.536905271,2.492809263,2.365613284,2.092971656
247,2.55,2.55,2.55,2.55,2.55,2.55,2.55,2.55,2.55,2.55,2.55,2.549999999,2.549999956,2.549998855,2.549979437,2.54974555,2.547811314,2.536747628,2.492392283,2.364884419,2.092142445
248,2.55,2.55,2.55,2.55,2.55,2.55,2.55,2.55,2.55,2.55,2.55,2.549999999,2.549999954,2.549998801,2.549978705,2.549738917,2.547771479,2.536589184,2.491974926,2.364156725,2.091315274
249,2.55,2.55,2.55,2.55,2.55,2.55,2.55,2.55,2.55,2.55,2.55,2.549999999,2.549999951,2.549998745,2.549977952,2.549732162,2.547731211,2.536429941,2.491557198,2.363430197,2.09049013
250,2.55,2.55,2.55,2.55,2.55,2.55,2.55,2.55,2.55,2.55,2.55,2.549999999,2.549999948,2.549998687,2.549977179,2.549725284,2.547690508,2.536269905,2.491139106,2.362704834,2.089667001
251,2.55,2.55,2.55,2.55,2.55,2.55,2.55,2.55,2.55,2.55,2.55,2.549999998,2.549999945,2.549998627,2.549976384,2.549718281,2.547649371,2.536109078,2.490720659,2.361980631,2.088845875
252,2.55,2.55,2.55,2.55,2.55,2.55,2.55,2.55,2.55,2.55,2.55,2.549999998,2.549999942,2.549998564,2.549975568,2.549711152,2.547607798,2.535947466,2.490301861,2.361257585,2.088026741
253,2.55,2.55,2.55,2.55,2.55,2.55,2.55,2.55,2.55,2.55,2.55,2.549999998,2.549999938,2.5499985,2.54997473,2.549703896,2.547565788,2.535785071,2.489882721,2.360535692,2.087209585
254,2.55,2.55,2.55,2.55,2.55,2.55,2.55,2.55,2.55,2.55,2.55,2.549999998,2.549999935,2.549998432,2.54997387,2.549696512,2.547523342,2.5356219,2.489463244,2.359814949,2.086394397
255,2.55,2.55,2.55,2.55,2.55,2.55,2.55,2.55,2.55,2.55,2.55,2.549999998,2.549999931,2.549998363,2.549972987,2.549688999,2.547480458,2.535457954,2.489043438,2.359095351,2.085581165
256,2.55,2.55,2.55,2.55,2.55,2.55,2.55,2.55,2.55,2.55,2.55,2.549999998,2.549999927,2.54999829,2.549972081,2.549681356,2.547437135,2.535293239,2.488623309,2.358376897,2.084769877
257,2.55,2.55,2.55,2.55,2.55,2.55,2.55,2.55,2.55,2.55,2.55,2.549999998,2.549999923,2.549998215,2.549971152,2.54967358,2.547393374,2.535127759,2.488202863,2.357659582,2.083960522
258,2.55,2.55,2.55,2.55,2.55,2.55,2.55,2.55,2.55,2.55,2.55,2.549999998,2.549999919,2.549998138,2.549970198,2.549665672,2.547349174,2.534961517,2.487782107,2.356943402,2.083153088
259,2.55,2.55,2.55,2.55,2.55,2.55,2.55,2.55,2.55,2.55,2.55,2.549999997,2.549999914,2.549998058,2.549969221,2.549657631,2.547304534,2.534794517,2.487361047,2.356228355,2.082347564
260,2.55,2.55,2.55,2.55,2.55,2.55,2.55,2.55,2.55,2.55,2.55,2.549999997,2.54999991,2.549997974,2.549968218,2.549649454,2.547259453,2.534626765,2.486939689,2.355514436,2.081543939
261,2.55,2.55,2.55,2.55,2.55,2.55,2.55,2.55,2.55,2.55,2.55,2.549999997,2.549999905,2.549997888,2.549967191,2.549641141,2.547213932,2.534458263,2.48651804,2.354801643,2.080742202
262,2.55,2.55,2.55,2.55,2.55,2.55,2.55,2.55,2.55,2.55,2.55,2.549999997,2.5499999,2.549997799,2.549966138,2.549632691,2.547167969,2.534289016,2.486096105,2.354089971,2.079942342
263,2.55,2.55,2.55,2.55,2.55,2.55,2.55,2.55,2.55,2.55,2.55,2.549999997,2.549999894,2.549997707,2.549965058,2.549624103,2.547121565,2.534119027,2.48567389,2.353379417,2.079144348
264,2.55,2.55,2.55,2.55,2.55,2.55,2.55,2.55,2.55,2.55,2.55,2.549999996,2.549999889,2.549997612,2.549963953,2.549615375,2.547074718,2.533948302,2.485251402,2.352669979,2.07834821
265,2.55,2.55,2.55,2.55,2.55,2.55,2.55,2.55,2.55,2.55,2.55,2.549999996,2.549999883,2.549997513,2.549962821,2.549606506,2.547027429,2.533776843,2.484828646,2.351961651,2.077553915
266,2.55,2.55,2.55,2.55,2.55,2.55,2.55,2.55,2.55,2.55,2.55,2.549999996,2.549999877,2.549997411,2.549961661,2.549597496,2.546979697,2.533604655,2.484405628,2.351254432,2.076761455
267,2.55,2.55,2.55,2.55,2.55,2.55,2.55,2.55,2.55,2.55,2.55,2.549999996,2.54999987,2.549997306,2.549960474,2.549588343,2.546931522,2.533431742,2.483982354,2.350548317,2.075970819
268,2.55,2.55,2.55,2.55,2.55,2.55,2.55,2.55,2.55,2.55,2.55,2.549999995,2.549999864,2.549997197,2.549959258,2.549579047,2.546882903,2.533258108,2.483558829,2.349843303,2.075181996
269,2.55,2.55,2.55,2.55,2.55,2.55,2.55,2.55,2.55,2.55,2.55,2.549999995,2.549999857,2.549997084,2.549958014,2.549569605,2.54683384,2.533083757,2.483135059,2.349139387,2.074394976
270,2.55,2.55,2.55,2.55,2.55,2.55,2.55,2.55,2.55,2.55,2.55,2.549999995,2.549999849,2.549996968,2.549956741,2.549560018,2.546784334,2.532908692,2.482711049,2.348436564,2.073609749
271,2.55,2.55,2.55,2.55,2.55,2.55,2.55,2.55,2.55,2.55,2.55,2.549999994,2.549999842,2.549996848,2.549955438,2.549550283,2.546734383,2.532732918,2.482286806,2.347734833,2.072826304
272,2.55,2.55,2.55,2.55,2.55,2.55,2.55,2.55,2.55,2.55,2.55,2.549999994,2.549999834,2.549996725,2.549954106,2.5495404,2.546683987,2.532556439,2.481862333,2.347034189,2.072044633
273,2.55,2.55,2.55,2.55,2.55,2.55,2.55,2.55,2.55,2.55,2.55,2.549999994,2.549999826,2.549996597,2.549952743,2.549530368,2.546633147,2.532379258,2.481437637,2.346334629,2.071264724
274,2.55,2.55,2.55,2.55,2.55,2.55,2.55,2.55,2.55,2.55,2.55,2.549999993,2.549999817,2.549996465,2.549951349,2.549520186,2.546581862,2.53220138,2.481012723,2.34563615,2.070486568
275,2.55,2.55,2.55,2.55,2.55,2.55,2.55,2.55,2.55,2.55,2.55,2.549999993,2.549999808,2.549996329,2.549949924,2.549509853,2.546530131,2.532022808,2.480587596,2.344938747,2.069710156
276,2.55,2.55,2.55,2.55,2.55,2.55,2.55,2.55,2.55,2.55,2.55,2.549999992,2.549999799,2.549996189,2.549948467,2.549499367,2.546477956,2.531843547,2.480162261,2.344242419,2.068935477
277,2.55,2.55,2.55,2.55,2.55,2.55,2.55,2.55,2.55,2.55,2.55,2.549999992,2.549999789,2.549996045,2.549946979,2.549488728,2.546425335,2.5316636,2.479736723,2.343547162,2.068162522
278,2.55,2.55,2.55,2.55,2.55,2.55,2.55,2.55,2.55,2.55,2.55,2.549999991,2.549999779,2.549995896,2.549945457,2.549477935,2.546372268,2.531482971,2.479310988,2.342852971,2.067391282
279,2.55,2.55,2.55,2.55,2.55,2.55,2.55,2.55,2.55,2.55,2.55,2.549999991,2.549999768,2.549995742,2.549943902,2.549466986,2.546318756,2.531301664,2.478885059,2.342159845,2.066621748
280,2.55,2.55,2.55,2.55,2.55,2.55,2.55,2.55,2.55,2.55,2.55,2.54999999,2.549999757,2.549995584,2.549942314,2.549455881,2.546264798,2.531119683,2.478458943,2.341467779,2.065853909
281,2.55,2.55,2.55,2.55,2.55,2.55,2.55,2.55,2.55,2.55,2.55,2.54999999,2.549999746,2.549995421,2.549940692,2.549444619,2.546210395,2.530937031,2.478032644,2.34077677,2.065087758
282,2.55,2.55,2.55,2.55,2.55,2.55,2.55,2.55,2.55,2.55,2.55,2.549999989,2.549999734,2.549995254,2.549939035,2.549433198,2.546155546,2.530753714,2.477606166,2.340086816,2.064323284
283,2.55,2.55,2.55,2.55,2.55,2.55,2.55,2.55,2.55,2.55,2.55,2.549999989,2.549999722,2.549995081,2.549937343,2.549421617,2.546100251,2.530569733,2.477179514,2.339397912,2.063560478
284,2.55,2.55,2.55,2.55,2.55,2.55,2.55,2.55,2.55,2.55,2.55,2.549999988,2.549999709,2.549994903,2.549935616,2.549409877,2.54604451,2.530385094,2.476752694,2.338710055,2.062799332
285,2.55,2.55,2.55,2.55,2.55,2.55,2.55,2.55,2.55,2.55,2.55,2.549999987,2.549999695,2.54999472,2.549933853,2.549397975,2.545988324,2.5301998,2.476325709,2.338023243,2.062039837
286,2.55,2.55,2.55,2.55,2.55,2.55,2.55,2.55,2.55,2.55,2.55,2.549999987,2.549999682,2.549994532,2.549932053,2.549385911,2.545931693,2.530013854,2.475898564,2.337337472,2.061281984
287,2.55,2.55,2.55,2.55,2.55,2.55,2.55,2.55,2.55,2.55,2.55,2.549999986,2.549999667,2.549994338,2.549930217,2.549373684,2.545874615,2.529827262,2.475471264,2.336652738,2.060525765
288,2.55,2.55,2.55,2.55,2.55,2.55,2.55,2.55,2.55,2.55,2.55,2.549999985,2.549999652,2.549994139,2.549928343,2.549361292,2.545817093,2.529640025,2.475043813,2.335969039,2.059771169
289,2.55,2.55,2.55,2.55,2.55,2.55,2.55,2.55,2.55,2.55,2.55,2.549999984,2.549999637,2.549993934,2.549926432,2.549348735,2.545759125,2.529452149,2.474616216,2.335286371,2.05901819
290,2.55,2.55,2.55,2.55,2.55,2.55,2.55,2.55,2.55,2.55,2.549999999,2.549999983,2.549999621,2.549993724,2.549924482,2.549336012,2.545700712,2.529263636,2.474188476,2.334604731,2.058266818
291,2.55,2.55,2.55,2.55,2.55,2.55,2.55,2.55,2.55,2.55,2.549999999,2.549999982,2.549999604,2.549993507,2.549922493,2.549323123,2.545641853,2.529074492,2.473760599,2.333924115,2.057517046
292,2.55,2.55,2.55,2.55,2.55,2.55,2.55,2.55,2.55,2.55,2.549999999,2.549999982,2.549999587,2.549993285,2.549920465,2.549310065,2.54558255,2.528884718,2.473332587,2.333244522,2.056768864
293,2.55,2.55,2.55,2.55,2.55,2.55,2.55,2.55,2.55,2.55,2.549999999,2.549999981,2.549999569,2.549993056,2.549918397,2.549296838,2.545522802,2.528694319,2.472904447,2.332565946,2.056022264
294,2.55,2.55,2.55,2.55,2.55,2.55,2.55,2.55,2.55,2.55,2.549999999,2.54999998,2.54999955,2.549992822,2.54991629,2.549283442,2.54546261,2.528503299,2.472476181,2.331888386,2.055277239
295,2.55,2.55,2.55,2.55,2.55,2.55,2.55,2.55,2.55,2.55,2.549999999,2.549999978,2.549999531,2.54999258,2.549914141,2.549269875,2.545401973,2.528311662,2.472047794,2.331211839,2.054533779
296,2.55,2.55,2.55,2.55,2.55,2.55,2.55,2.55,2.55,2.55,2.549999999,2.549999977,2.549999511,2.549992333,2.549911951,2.549256136,2.545340892,2.52811941,2.471619289,2.3305363,2.053791878
297,2.55,2.55,2.55,2.55,2.55,2.55,2.55,2.55,2.55,2.55,2.549999999,2.549999976,2.549999491,2.549992078,2.54990972,2.549242225,2.545279367,2.527926548,2.471190672,2.329861767,2.053051526
298,2.55,2.55,2.55,2.55,2.55,2.55,2.55,2.55,2.55,2.55,2.549999999,2.549999975,2.549999469,2.549991817,2.549907446,2.54922814,2.545217399,2.527733079,2.470761945,2.329188236,2.052312717
299,2.55,2.55,2.55,2.55,2.55,2.55,2.55,2.55,2.55,2.55,2.549999999,2.549999974,2.549999447,2.549991549,2.54990513,2.549213882,2.545154987,2.527539007,2.470333113,2.328515706,2.051575441
300,2.55,2.55,2.55,2.55,2.55,2.55,2.55,2.55,2.55,2.55,2.549999999,2.549999972,2.549999424,2.549991274,2.54990277,2.549199448,2.545092132,2.527344336,2.469904179,2.327844171,2.050839692
301,2.55,2.55,2.55,2.55,2.55,2.55,2.55,2.55,2.55,2.55,2.549999999,2.549999971,2.549999401,2.549990992,2.549900367,2.549184838,2.545028834,2.527149068,2.469475147,2.32717363,2.050105464
302,2.55,2.55,2.55,2.55,2.55,2.55,2.55,2.55,2.55,2.55,2.549999999,2.549999969,2.549999376,2.549990703,2.54989792,2.549170052,2.544965094,2.526953208,2.469046022,2.32650408,2.04937275
303,2.55,2.55,2.55,2.55,2.55,2.55,2.55,2.55,2.55,2.55,2.549999999,2.549999968,2.549999351,2.549990406,2.549895428,2.549155088,2.544900912,2.52675676,2.468616807,2.325835517,2.04864154
304,2.55,2.55,2.55,2.55,2.55,2.55,2.55,2.55,2.55,2.55,2.549999999,2.549999966,2.549999325,2.549990101,2.549892891,2.549139945,2.544836288,2.526559726,2.468187505,2.325167938,2.047911827
305,2.55,2.55,2.55,2.55,2.55,2.55,2.55,2.55,2.55,2.55,2.549999999,2.549999964,2.549999298,2.549989789,2.549890308,2.549124623,2.544771222,2.526362111,2.46775812,2.32450134,2.047183604
306,2.55,2.55,2.55,2.55,2.55,2.55,2.55,2.55,2.55,2.55,2.549999999,2.549999963,2.54999927,2.549989469,2.549887679,2.549109121,2.544705715,2.526163917,2.467328655,2.32383572,2.046456862
307,2.55,2.55,2.55,2.55,2.55,2.55,2.55,2.55,2.55,2.55,2.549999999,2.549999961,2.549999241,2.549989142,2.549885003,2.549093439,2.544639768,2.525965148,2.466899115,2.323171075,2.045731594
308,2.55,2.55,2.55,2.55,2.55,2.55,2.55,2.55,2.55,2.55,2.549999998,2.549999959,2.549999211,2.549988805,2.549882281,2.549077574,2.54457338,2.525765809,2.466469503,2.322507403,2.045007793
309,2.55,2.55,2.55,2.55,2.55,2.55,2.55,2.55,2.55,2.55,2.549999998,2.549999957,2.54999918,2.549988461,2.549879511,2.549061527,2.544506552,2.525565901,2.466039822,2.321844699,2.044285452
310,2.55,2.55,2.55,2.55,2.55,2.55,2.55,2.55,2.55,2.55,2.549999998,2.549999955,2.549999148,2.549988108,2.549876692,2.549045297,2.544439285,2.525365429,2.465610076,2.321182962,2.043564563
311,2.55,2.55,2.55,2.55,2.55,2.55,2.55,2.55,2.55,2.55,2.549999998,2.549999953,2.549999115,2.549987747,2.549873825,2.549028882,2.544371579,2.525164397,2.465180267,2.320522187,2.042845119
312,2.55,2.55,2.55,2.55,2.55,2.55,2.55,2.55,2.55,2.55,2.549999998,2.54999995,2.549999081,2.549987377,2.549870909,2.549012283,2.544303434,2.524962807,2.4647504,2.319862373,2.042127113
313,2.55,2.55,2.55,2.55,2.55,2.55,2.55,2.55,2.55,2.55,2.549999998,2.549999948,2.549999046,2.549986998,2.549867944,2.548995498,2.544234851,2.524760663,2.464320478,2.319203516,2.041410538
314,2.55,2.55,2.55,2.55,2.55,2.55,2.55,2.55,2.55,2.55,2.549999998,2.549999946,2.54999901,2.549986611,2.549864928,2.548978526,2.54416583,2.524557968,2.463890504,2.318545614,2.040695387
315,2.55,2.55,2.55,2.55,2.55,2.55,2.55,2.55,2.55,2.55,2.549999998,2.549999943,2.549998973,2.549986214,2.549861861,2.548961368,2.544096372,2.524354726,2.46346048,2.317888662,2.039981653
316,2.55,2.55,2.55,2.55,2.55,2.55,2.55,2.55,2.55,2.55,2.549999998,2.54999994,2.549998934,2.549985807,2.549858744,2.548944021,2.544026478,2.52415094,2.463030412,2.317232659,2.039269329
317,2.55,2.55,2.55,2.55,2.55,2.55,2.55,2.55,2.55,2.55,2.549999997,2.549999938,2.549998895,2.549985392,2.549855575,2.548926486,2.543956147,2.523946614,2.4626003,2.316577602,2.038558409
318,2.55,2.55,2.55,2.55,2.55,2.55,2.55,2.55,2.55,2.55,2.549999997,2.549999935,2.549998854,2.549984966,2.549852353,2.548908762,2.54388538,2.52374175,2.46217015,2.315923487,2.037848885
319,2.55,2.55,2.55,2.55,2.55,2.55,2.55,2.55,2.55,2.55,2.549999997,2.549999932,2.549998812,2.549984531,2.54984908,2.548890847,2.543814179,2.523536353,2.461739963,2.315270312,2.037140751
320,2.55,2.55,2.55,2.55,2.55,2.55,2.55,2.55,2.55,2.55,2.549999997,2.549999929,2.549998768,2.549984086,2.549845753,2.548872742,2.543742542,2.523330425,2.461309742,2.314618073,2.036434
321,2.55,2.55,2.55,2.55,2.55,2.55,2.55,2.55,2.55,2.55,2.549999997,2.549999925,2.549998723,2.549983631,2.549842372,2.548854446,2.543670472,2.52312397,2.460879492,2.313966769,2.035728625
322,2.55,2.55,2.55,2.55,2.55,2.55,2.55,2.55,2.55,2.55,2.549999997,2.549999922,2.549998677,2.549983165,2.549838937,2.548835957,2.543597968,2.522916991,2.460449214,2.313316396,2.035024621
323,2.55,2.55,2.55,2.55,2.55,2.55,2.55,2.55,2.55,2.55,2.549999996,2.549999919,2.54999863,2.549982689,2.549835448,2.548817275,2.543525031,2.522709491,2.460018913,2.312666951,2.03432198
324,2.55,2.55,2.55,2.55,2.55,2.55,2.55,2.55,2.55,2.55,2.549999996,2.549999915,2.549998581,2.549982203,2.549831903,2.548798399,2.543451662,2.522501473,2.459588589,2.312018432,2.033620696
325,2.55,2.55,2.55,2.55,2.55,2.55,2.55,2.55,2.55,2.55,2.549999996,2.549999911,2.549998531,2.549981705,2.549828303,2.54877933,2.543377861,2.522292942,2.459158247,2.311370835,2.032920763
326,2.55,2.55,2.55,2.55,2.55,2.55,2.55,2.55,2.55,2.55,2.549999996,2.549999907,2.549998479,2.549981197,2.549824647,2.548760065,2.543303629,2.522083899,2.45872789,2.310724158,2.032222174
327,2.55,2.55,2.55,2.55,2.55,2.55,2.55,2.55,2.55,2.55,2.549999996,2.549999903,2.549998425,2.549980678,2.549820934,2.548740605,2.543228966,2.521874349,2.45829752,2.310078398,2.031524923
328,2.55,2.55,2.55,2.55,2.55,2.55,2.55,2.55,2.55,2.55,2.549999995,2.549999899,2.549998371,2.549980148,2.549817164,2.548720949,2.543153874,2.521664294,2.457867139,2.309433552,2.030829004
329,2.55,2.55,2.55,2.55,2.55,2.55,2.55,2.55,2.55,2.55,2.549999995,2.549999895,2.549998314,2.549979606,2.549813336,2.548701096,2.543078352,2.521453737,2.457436751,2.308789618,2.030134411
330,2.55,2.55,2.55,2.55,2.55,2.55,2.55,2.55,2.55,2.55,2.549999995,2.54999989,2.549998256,2.549979052,2.549809451,2.548681045,2.543002401,2.521242683,2.457006359,2.308146592,2.029441137
331,2.55,2.55,2.55,2.55,2.55,2.55,2.55,2.55,2.55,2.55,2.549999995,2.549999886,2.549998196,2.549978487,2.549805506,2.548660796,2.542926023,2.521031133,2.456575964,2.307504473,2.028749176
332,2.55,2.55,2.55,2.55,2.55,2.55,2.55,2.55,2.55,2.55,2.549999994,2.549999881,2.549998135,2.54997791,2.549801503,2.548640349,2.542849217,2.520819091,2.45614557,2.306863256,2.028058523
333,2.55,2.55,2.55,2.55,2.55,2.55,2.55,2.55,2.55,2.55,2.549999994,2.549999876,2.549998072,2.54997732,2.54979744,2.548619702,2.542771984,2.52060656,2.45571518,2.30622294,2.02736917
334,2.55,2.55,2.55,2.55,2.55,2.55,2.55,2.55,2.55,2.55,2.549999994,2.549999871,2.549998007,2.549976719,2.549793316,2.548598855,2.542694326,2.520393543,2.455284795,2.305583522,2.026681113
335,2.55,2.55,2.55,2.55,2.55,2.55,2.55,2.55,2.55,2.55,2.549999993,2.549999865,2.54999794,2.549976104,2.549789132,2.548577808,2.542616242,2.520180044,2.454854419,2.304944999,2.025994346
336,2.55,2.55,2.55,2.55,2.55,2.55,2.55,2.55,2.55,2.55,2.549999993,2.54999986,2.549997872,2.549975478,2.549784887,2.548556559,2.542537733,2.519966065,2.454424054,2.304307368,2.025308862
337,2.55,2.55,2.55,2.55,2.55,2.55,2.55,2.55,2.55,2.55,2.549999993,2.549999854,2.549997802,2.549974838,2.549780581,2.548535109,2.542458801,2.519751609,2.453993702,2.303670627,2.024624655
338,2.55,2.55,2.55,2.55,2.55,2.55,2.55,2.55,2.55,2.55,2.549999992,2.549999848,2.549997729,2.549974185,2.549776212,2.548513456,2.542379445,2.51953668,2.453563366,2.303034773,2.02394172
339,2.55,2.55,2.55,2.55,2.55,2.55,2.55,2.55,2.55,2.55,2.549999992,2.549999842,2.549997655,2.54997352,2.549771781,2.548491601,2.542299667,2.51932128,2.453133048,2.302399803,2.023260052
340,2.55,2.55,2.55,2.55,2.55,2.55,2.55,2.55,2.55,2.55,2.549999992,2.549999836,2.549997579,2.54997284,2.549767286,2.548469542,2.542219467,2.519105413,2.452702751,2.301765715,2.022579643
341,2.55,2.55,2.55,2.55,2.55,2.55,2.55,2.55,2.55,2.55,2.549999991,2.549999829,2.5499975,2.549972148,2.549762728,2.548447279,2.542138846,2.518889081,2.452272478,2.301132506,2.02190049
342,2.55,2.55,2.55,2.55,2.55,2.55,2.55,2.55,2.55,2.55,2.549999991,2.549999822,2.54999742,2.549971441,2.549758106,2.548424811,2.542057804,2.518672287,2.45184223,2.300500173,2.021222585
343,2.55,2.55,2.55,2.55,2.55,2.55,2.55,2.55,2.55,2.55,2.54999999,2.549999815,2.549997338,2.549970721,2.549753419,2.548402138,2.541976344,2.518455035,2.451412009,2.299868714,2.020545924
344,2.55,2.55,2.55,2.55,2.55,2.55,2.55,2.55,2.55,2.55,2.54999999,2.549999808,2.549997253,2.549969986,2.549748667,2.54837926,2.541894464,2.518237327,2.450981819,2.299238127,2.019870501
345,2.55,2.55,2.55,2.55,2.55,2.55,2.55,2.55,2.55,2.55,2.549999989,2.5499998,2.549997166,2.549969237,2.54974385,2.548356176,2.541812166,2.518019167,2.450551661,2.298608407,2.019196311
346,2.55,2.55,2.55,2.55,2.55,2.55,2.55,2.55,2.55,2.55,2.549999989,2.549999793,2.549997077,2.549968474,2.549738967,2.548332885,2.541729451,2.517800556,2.450121538,2.297979554,2.018523347
347,2.55,2.55,2.55,2.55,2.55,2.55,2.55,2.55,2.55,2.55,2.549999988,2.549999785,2.549996986,2.549967696,2.549734017,2.548309386,2.54164632,2.517581499,2.449691452,2.297351564,2.017851605
348,2.55,2.55,2.55,2.55,2.55,2.55,2.55,2.55,2.55,2.549999999,2.549999988,2.549999776,2.549996892,2.549966903,2.549729,2.54828568,2.541562773,2.517361998,2.449261404,2.296724435,2.017181079
349,2.55,2.55,2.55,2.55,2.55,2.55,2.55,2.55,2.55,2.549999999,2.549999987,2.549999768,2.549996796,2.549966095,2.549723915,2.548261766,2.54147881,2.517142055,2.448831399,2.296098164,2.016511764
350,2.55,2.55,2.55,2.55,2.55,2.55,2.55,2.55,2.55,2.549999999,2.549999987,2.549999759,2.549996697,2.549965272,2.549718763,2.548237643,2.541394434,2.516921674,2.448401436,2.295472749,2.015843655
351,2.55,2.55,2.55,2.55,2.55,2.55,2.55,2.55,2.55,2.549999999,2.549999986,2.54999975,2.549996596,2.549964433,2.549713541,2.548213311,2.541309645,2.516700858,2.447971519,2.294848186,2.015176746
352,2.55,2.55,2.55,2.55,2.55,2.55,2.55,2.55,2.55,2.549999999,2.549999985,2.54999974,2.549996493,2.549963579,2.549708251,2.54818877,2.541224443,2.51647961,2.447541649,2.294224475,2.014511032
353,2.55,2.55,2.55,2.55,2.55,2.55,2.55,2.55,2.55,2.549999999,2.549999985,2.549999731,2.549996387,2.549962708,2.549702892,2.548164018,2.541138829,2.516257931,2.447111829,2.293601611,2.013846508
354,2.55,2.55,2.55,2.55,2.55,2.55,2.55,2.55,2.55,2.549999999,2.549999984,2.549999721,2.549996278,2.549961822,2.549697462,2.548139056,2.541052804,2.516035825,2.446682061,2.292979593,2.013183169
355,2.55,2.55,2.55,2.55,2.55,2.55,2.55,2.55,2.55,2.549999999,2.549999983,2.54999971,2.549996167,2.54996092,2.549691962,2.548113882,2.540966369,2.515813296,2.446252347,2.292358419,2.012521009
356,2.55,2.55,2.55,2.55,2.55,2.55,2.55,2.55,2.55,2.549999999,2.549999982,2.5499997,2.549996052,2.549960001,2.549686392,2.548088497,2.540879526,2.515590344,2.445822688,2.291738084,2.011860024
357,2.55,2.55,2.55,2.55,2.55,2.55,2.55,2.55,2.55,2.549999999,2.549999982,2.549999689,2.549995936,2.549959065,2.549680749,2.548062901,2.540792273,2.515366975,2.445393087,2.291118588,2.011200208
358,2.55,2.55,2.55,2.55,2.55,2.55,2.55,2.55,2.55,2.549999999,2.549999981,2.549999677,2.549995816,2.549958113,2.549675035,2.548037092,2.540704613,2.515143189,2.444963546,2.290499928,2.010541557
359,2.55,2.55,2.55,2.55,2.55,2.55,2.55,2.55,2.55,2.549999999,2.54999998,2.549999666,2.549995693,2.549957143,2.549669249,2.54801107,2.540616547,2.51491899,2.444534066,2.2898821,2.009884065
360,2.55,2.55,2.55,2.55,2.55,2.55,2.55,2.55,2.55,2.549999999,2.549999979,2.549999653,2.549995568,2.549956156,2.549663389,2.547984835,2.540528074,2.51469438,2.44410465,2.289265104,2.009227728
361,2.55,2.55,2.55,2.55,2.55,2.55,2.55,2.55,2.55,2.549999999,2.549999978,2.549999641,2.549995439,2.549955152,2.549657457,2.547958386,2.540439197,2.514469363,2.443675299,2.288648935,2.008572544
362,2.55,2.55,2.55,2.55,2.55,2.55,2.55,2.55,2.55,2.549999999,2.549999977,2.549999628,2.549995308,2.54995413,2.54965145,2.547931724,2.540349916,2.514243941,2.443246015,2.288033593,2.00791851
363,2.55,2.55,2.55,2.55,2.55,2.55,2.55,2.55,2.55,2.549999999,2.549999976,2.549999615,2.549995173,2.549953091,2.54964537,2.547904847,2.540260231,2.514018116,2.442816801,2.287419074,2.007265618
364,2.55,2.55,2.55,2.55,2.55,2.55,2.55,2.55,2.55,2.549999999,2.549999975,2.549999601,2.549995036,2.549952033,2.549639215,2.547877755,2.540170144,2.513791892,2.442387657,2.286805376,2.006613863
365,2.55,2.55,2.55,2.55,2.55,2.55,2.55,2.55,2.55,2.549999999,2.549999974,2.549999587,2.549994895,2.549950957,2.549632984,2.547850448,2.540079655,2.51356527,2.441958586,2.286192497,2.00596324
366,2.55,2.55,2.55,2.55,2.55,2.55,2.55,2.55,2.55,2.549999999,2.549999973,2.549999573,2.549994751,2.549949862,2.549626678,2.547822925,2.539988766,2.513338254,2.44152959,2.285580434,2.005313743
367,2.55,2.55,2.55,2.55,2.55,2.55,2.55,2.55,2.55,2.549999999,2.549999972,2.549999558,2.549994603,2.549948749,2.549620295,2.547795186,2.539897477,2.513110846,2.44110067,2.284969184,2.00466537
368,2.55,2.55,2.55,2.55,2.55,2.55,2.55,2.55,2.55,2.549999999,2.549999971,2.549999543,2.549994452,2.549947617,2.549613837,2.547767232,2.539805789,2.512883049,2.440671828,2.284358747,2.004018113
369,2.55,2.55,2.55,2.55,2.55,2.55,2.55,2.55,2.55,2.549999998,2.54999997,2.549999527,2.549994298,2.549946466,2.549607301,2.54773906,2.539713703,2.512654865,2.440243065,2.283749118,2.00337197
370,2.55,2.55,2.55,2.55,2.55,2.55,2.55,2.55,2.55,2.549999998,2.549999968,2.549999511,2.549994141,2.549945295,2.549600687,2.547710672,2.53962122,2.512426297,2.439814384,2.283140296,2.002726934
371,2.55,2.55,2.55,2.55,2.55,2.55,2.55,2.55,2.55,2.549999998,2.549999967,2.549999494,2.549993979,2.549944105,2.549593996,2.547682066,2.539528341,2.512197347,2.439385786,2.282532279,2.002083002
372,2.55,2.55,2.55,2.55,2.55,2.55,2.55,2.55,2.55,2.549999998,2.549999966,2.549999477,2.549993815,2.549942895,2.549587226,2.547653242,2.539435067,2.511968019,2.438957273,2.281925064,2.001440169
373,2.55,2.55,2.55,2.55,2.55,2.55,2.55,2.55,2.55,2.549999998,2.549999964,2.54999946,2.549993646,2.549941665,2.549580377,2.5476242,2.539341398,2.511738314,2.438528846,2.281318648,2.00079843
374,2.55,2.55,2.55,2.55,2.55,2.55,2.55,2.55,2.55,2.549999998,2.549999963,2.549999442,2.549993474,2.549940415,2.549573449,2.54759494,2.539247336,2.511508235,2.438100507,2.28071303,2.000157781
375,2.55,2.55,2.55,2.55,2.55,2.55,2.55,2.55,2.55,2.549999998,2.549999961,2.549999423,2.549993298,2.549939145,2.549566441,2.547565462,2.539152882,2.511277785,2.437672258,2.280108208,1.999518218
376,2.55,2.55,2.55,2.55,2.55,2.55,2.55,2.55,2.55,2.549999998,2.54999996,2.549999404,2.549993119,2.549937854,2.549559352,2.547535764,2.539058036,2.511046966,2.4372441,2.279504178,1.998879735
377,2.55,2.55,2.55,2.55,2.55,2.55,2.55,2.55,2.55,2.549999998,2.549999958,2.549999384,2.549992935,2.549936542,2.549552183,2.547505847,2.538962799,2.51081578,2.436816034,2.278900939,1.998242328
378,2.55,2.55,2.55,2.55,2.55,2.55,2.55,2.55,2.55,2.549999998,2.549999956,2.549999364,2.549992748,2.549935209,2.549544933,2.54747571,2.538867172,2.51058423,2.436388063,2.278298488,1.997605994
379,2.55,2.55,2.55,2.55,2.55,2.55,2.55,2.55,2.55,2.549999998,2.549999955,2.549999343,2.549992556,2.549933855,2.549537602,2.547445354,2.538771157,2.510352319,2.435960188,2.277696823,1.996970727
380,2.55,2.55,2.55,2.55,2.55,2.55,2.55,2.55,2.55,2.549999997,2.549999953,2.549999322,2.54999236,2.549932479,2.549530188,2.547414777,2.538674754,2.510120049,2.43553241,2.277095942,1.996336523
381,2.55,2.55,2.55,2.55,2.55,2.55,2.55,2.55,2.55,2.549999997,2.549999951,2.5499993,2.549992161,2.549931082,2.549522691,2.54738398,2.538577964,2.509887422,2.435104731,2.276495843,1.995703379
382,2.55,2.55,2.55,2.55,2.55,2.55,2.55,2.55,2.55,2.549999997,2.549999949,2.549999277,2.549991957,2.549929663,2.549515112,2.547352962,2.538480788,2.509654441,2.434677152,2.275896523,1.995071289
383,2.55,2.55,2.55,2.55,2.55,2.55,2.55,2.55,2.55,2.549999997,2.549999947,2.549999254,2.549991748,2.549928221,2.54950745,2.547321723,2.538383227,2.509421108,2.434249675,2.27529798,1.99444025
384,2.55,2.55,2.55,2.55,2.55,2.55,2.55,2.55,2.55,2.549999997,2.549999945,2.54999923,2.549991536,2.549926757,2.549499703,2.547290262,2.538285282,2.509187426,2.433822301,2.274700212,1.993810257
385,2.55,2.55,2.55,2.55,2.55,2.55,2.55,2.55,2.55,2.549999997,2.549999943,2.549999206,2.549991319,2.549925271,2.549491872,2.547258581,2.538186954,2.508953396,2.433395032,2.274103217,1.993181307
386,2.55,2.55,2.55,2.55,2.55,2.55,2.55,2.55,2.55,2.549999997,2.549999941,2.549999181,2.549991098,2.549923762,2.549483957,2.547226677,2.538088243,2.508719022,2.432967868,2.273506993,1.992553394
387,2.55,2.55,2.55,2.55,2.55,2.55,2.55,2.55,2.55,2.549999996,2.549999939,2.549999155,2.549990872,2.54992223,2.549475956,2.547194551,2.537989151,2.508484306,2.432540813,2.272911537,1.991926515
388,2.55,2.55,2.55,2.55,2.55,2.55,2.55,2.55,2.55,2.549999996,2.549999936,2.549999129,2.549990641,2.549920674,2.54946787,2.547162203,2.537889679,2.508249249,2.432113865,2.272316847,1.991300666
389,2.55,2.55,2.55,2.55,2.55,2.55,2.55,2.55,2.55,2.549999996,2.549999934,2.549999102,2.549990406,2.549919096,2.549459698,2.547129632,2.537789828,2.508013855,2.431687028,2.271722921,1.990675843
390,2.55,2.55,2.55,2.55,2.55,2.55,2.55,2.55,2.55,2.549999996,2.549999931,2.549999074,2.549990166,2.549917493,2.549451439,2.547096839,2.537689599,2.507778126,2.431260302,2.271129757,1.990052041
391,2.55,2.55,2.55,2.55,2.55,2.55,2.55,2.55,2.55,2.549999996,2.549999929,2.549999046,2.549989921,2.549915867,2.549443094,2.547063823,2.537588992,2.507542063,2.43083369,2.270537352,1.989429257
392,2.55,2.55,2.55,2.55,2.55,2.55,2.55,2.55,2.55,2.549999996,2.549999926,2.549999017,2.549989672,2.549914216,2.549434661,2.547030583,2.537488008,2.50730567,2.430407191,2.269945705,1.988807486
393,2.55,2.55,2.55,2.55,2.55,2.55,2.55,2.55,2.55,2.549999995,2.549999923,2.549998987,2.549989417,2.549912541,2.54942614,2.54699712,2.537386649,2.507068948,2.429980808,2.269354814,1.988186725
394,2.55,2.55,2.55,2.55,2.55,2.55,2.55,2.55,2.55,2.549999995,2.549999921,2.549998956,2.549989158,2.549910842,2.549417531,2.546963433,2.537284916,2.5068319,2.429554541,2.268764676,1.98756697
395,2.55,2.55,2.55,2.55,2.55,2.55,2.55,2.55,2.55,2.549999995,2.549999918,2.549998924,2.549988893,2.549909117,2.549408834,2.546929523,2.537182809,2.506594528,2.429128393,2.268175289,1.986948217
396,2.55,2.55,2.55,2.55,2.55,2.55,2.55,2.55,2.55,2.549999995,2.549999915,2.549998892,2.549988623,2.549907368,2.549400048,2.546895388,2.53708033,2.506356834,2.428702363,2.267586651,1.98633046
397,2.55,2.55,2.55,2.55,2.55,2.55,2.55,2.55,2.55,2.549999995,2.549999912,2.549998859,2.549988348,2.549905593,2.549391172,2.546861029,2.536977479,2.506118821,2.428276454,2.26699876,1.985713699
398,2.55,2.55,2.55,2.55,2.55,2.55,2.55,2.55,2.55,2.549999994,2.549999908,2.549998825,2.549988068,2.549903793,2.549382207,2.546826446,2.536874257,2.50588049,2.427850667,2.266411614,1.985097927
399,2.55,2.55,2.55,2.55,2.55,2.55,2.55,2.55,2.55,2.549999994,2.549999905,2.54999879,2.549987782,2.549901967,2.549373151,2.546791638,2.536770666,2.505641845,2.427425002,2.265825211,1.984483142
400,2.55,2.55,2.55,2.55,2.55,2.55,2.55,2.55,2.55,2.549999994,2.549999902,2.549998755,2.549987491,2.549900115,2.549364005,2.546756606,2.536666706,2.505402886,2.426999462,2.265239548,1.98386934
401,2.55,2.55,2.55,2.55,2.55,2.55,2.55,2.55,2.55,2.549999994,2.549999898,2.549998718,2.549987194,2.549898237,2.549354767,2.546721348,2.536562379,2.505163617,2.426574047,2.264654624,1.983256516
402,2.55,2.55,2.55,2.55,2.55,2.55,2.55,2.55,2.55,2.549999993,2.549999895,2.549998681,2.549986892,2.549896332,2.549345438,2.546685866,2.536457685,2.504924038,2.426148758,2.264070438,1.982644668
403,2.55,2.55,2.55,2.55,2.55,2.55,2.55,2.55,2.55,2.549999993,2.549999891,2.549998643,2.549986584,2.549894401,2.549336018,2.546650158,2.536352625,2.504684153,2.425723596,2.263486985,1.982033792
404,2.55,2.55,2.55,2.55,2.55,2.55,2.55,2.55,2.55,2.549999993,2.549999887,2.549998604,2.54998627,2.549892443,2.549326505,2.546614225,2.536247201,2.504443964,2.425298562,2.262904266,1.981423884
405,2.55,2.55,2.55,2.55,2.55,2.55,2.55,2.55,2.55,2.549999992,2.549999883,2.549998563,2.54998595,2.549890458,2.549316899,2.546578067,2.536141413,2.504203473,2.424873659,2.262322276,1.980814939
406,2.55,2.55,2.55,2.55,2.55,2.55,2.55,2.55,2.55,2.549999992,2.549999879,2.549998522,2.549985625,2.549888446,2.549307201,2.546541682,2.536035262,2.503962681,2.424448886,2.261741015,1.980206954
407,2.55,2.55,2.55,2.55,2.55,2.55,2.55,2.55,2.55,2.549999992,2.549999875,2.54999848,2.549985293,2.549886406,2.549297409,2.546505072,2.53592875,2.503721592,2.424024246,2.261160481,1.979599926
408,2.55,2.55,2.55,2.55,2.55,2.55,2.55,2.55,2.55,2.549999991,2.549999871,2.549998437,2.549984956,2.549884338,2.549287522,2.546468236,2.535821876,2.503480208,2.423599739,2.26058067,1.97899385
409,2.55,2.55,2.55,2.55,2.55,2.55,2.55,2.55,2.55,2.549999991,2.549999866,2.549998393,2.549984612,2.549882242,2.549277542,2.546431173,2.535714644,2.503238529,2.423175366,2.260001582,1.978388724
410,2.55,2.55,2.55,2.55,2.55,2.55,2.55,2.55,2.55,2.549999991,2.549999862,2.549998348,2.549984262,2.549880118,2.549267467,2.546393885,2.535607052,2.502996558,2.422751128,2.259423216,1.977784546
411,2.55,2.55,2.55,2.55,2.55,2.55,2.55,2.55,2.549999999,2.54999999,2.549999857,2.549998302,2.549983906,2.549877965,2.549257298,2.54635637,2.535499103,2.502754298,2.422327025,2.258845567,1.977181309
412,2.55,2.55,2.55,2.55,2.55,2.55,2.55,2.55,2.549999999,2.54999999,2.549999852,2.549998255,2.549983543,2.549875784,2.549247032,2.546318629,2.535390797,2.50251175,2.42190306,2.258268635,1.976579012
413,2.55,2.55,2.55,2.55,2.55,2.55,2.55,2.55,2.549999999,2.54999999,2.549999847,2.549998206,2.549983174,2.549873574,2.549236671,2.546280662,2.535282135,2.502268916,2.421479234,2.257692418,1.975977649
414,2.55,2.55,2.55,2.55,2.55,2.55,2.55,2.55,2.549999999,2.549999989,2.549999842,2.549998157,2.549982799,2.549871334,2.549226214,2.546242467,2.535173118,2.5020258,2.421055547,2.257116912,1.975377218
415,2.55,2.55,2.55,2.55,2.55,2.55,2.55,2.55,2.549999999,2.549999989,2.549999837,2.549998106,2.549982416,2.549869065,2.54921566,2.546204046,2.535063748,2.501782402,2.420632001,2.256542117,1.974777715
416,2.55,2.55,2.55,2.55,2.55,2.55,2.55,2.55,2.549999999,2.549999988,2.549999831,2.549998055,2.549982027,2.549866767,2.549205009,2.546165397,2.534954025,2.501538725,2.420208597,2.255968031,1.974179135
417,2.55,2.55,2.55,2.55,2.55,2.55,2.55,2.55,2.549999999,2.549999988,2.549999826,2.549998002,2.549981632,2.549864438,2.54919426,2.546126522,2.53484395,2.501294771,2.419785335,2.255394651,1.973581478
418,2.55,2.55,2.55,2.55,2.55,2.55,2.55,2.55,2.549999999,2.549999987,2.54999982,2.549997948,2.549981229,2.54986208,2.549183414,2.546087419,2.534733525,2.501050541,2.419362216,2.254821976,1.972984738
419,2.55,2.55,2.55,2.55,2.55,2.55,2.55,2.55,2.549999999,2.549999987,2.549999814,2.549997893,2.549980819,2.549859691,2.54917247,2.54604809,2.534622749,2.500806037,2.418939241,2.254250004,1.972388914
420,2.55,2.55,2.55,2.55,2.55,2.55,2.55,2.55,2.549999999,2.549999986,2.549999808,2.549997836,2.549980403,2.549857271,2.549161428,2.546008533,2.534511625,2.500561262,2.418516411,2.253678733,1.971794001
421,2.55,2.55,2.55,2.55,2.55,2.55,2.55,2.55,2.549999999,2.549999986,2.549999802,2.549997778,2.549979979,2.549854821,2.549150286,2.545968749,2.534400154,2.500316217,2.418093727,2.253108161,1.9712
422,2.55,2.55,2.55,2.55,2.55,2.55,2.55,2.55,2.549999999,2.549999985,2.549999796,2.549997719,2.549979548,2.549852339,2.549139046,2.545928738,2.534288335,2.500070904,2.41767119,2.252538286,1.970606906
423,2.55,2.55,2.55,2.55,2.55,2.55,2.55,2.55,2.549999999,2.549999985,2.549999789,2.549997659,2.54997911,2.549849826,2.549127706,2.5458885,2.534176171,2.499825326,2.417248801,2.251969106,1.970014714
424,2.55,2.55,2.55,2.55,2.55,2.55,2.55,2.55,2.549999999,2.549999984,2.549999782,2.549997598,2.549978664,2.549847282,2.549116266,2.545848034,2.534063662,2.499579484,2.41682656,2.25140062,1.969423423
425,2.55,2.55,2.55,2.55,2.55,2.55,2.55,2.55,2.549999999,2.549999984,2.549999776,2.549997535,2.549978211,2.549844706,2.549104725,2.545807341,2.53395081,2.499333379,2.416404469,2.250832825,1.968833027
426,2.55,2.55,2.55,2.55,2.55,2.55,2.55,2.55,2.549999999,2.549999983,2.549999768,2.54999747,2.54997775,2.549842098,2.549093085,2.54576642,2.533837615,2.499087015,2.415982528,2.25026572,1.968243525
427,2.55,2.55,2.55,2.55,2.55,2.55,2.55,2.55,2.549999999,2.549999982,2.549999761,2.549997405,2.549977282,2.549839458,2.549081343,2.545725272,2.533724077,2.498840392,2.415560739,2.249699303,1.967654912
428,2.55,2.55,2.55,2.55,2.55,2.55,2.55,2.55,2.549999999,2.549999982,2.549999754,2.549997338,2.549976805,2.549836785,2.5490695,2.545683896,2.5336102,2.498593514,2.415139102,2.249133572,1.967067185
429,2.55,2.55,2.55,2.55,2.55,2.55,2.55,2.55,2.549999999,2.549999981,2.549999746,2.549997269,2.549976321,2.549834079,2.549057555,2.545642292,2.533495982,2.49834638,2.414717618,2.248568525,1.966480342
430,2.55,2.55,2.55,2.55,2.55,2.55,2.55,2.55,2.549999999,2.54999998,2.549999738,2.549997199,2.549975829,2.549831341,2.549045508,2.545600461,2.533381426,2.498098994,2.414296288,2.24800416,1.965894378
431,2.55,2.55,2.55,2.55,2.55,2.55,2.55,2.55,2.549999999,2.54999998,2.54999973,2.549997128,2.549975329,2.549828569,2.549033358,2.545558402,2.533266532,2.497851357,2.413875112,2.247440476,1.96530929
432,2.55,2.55,2.55,2.55,2.55,2.55,2.55,2.55,2.549999999,2.549999979,2.549999722,2.549997055,2.549974821,2.549825764,2.549021106,2.545516115,2.533151302,2.497603472,2.413454092,2.24687747,1.964725076
433,2.55,2.55,2.55,2.55,2.55,2.55,2.55,2.55,2.549999999,2.549999978,2.549999713,2.549996981,2.549974305,2.549822926,2.549008751,2.545473601,2.533035736,2.497355339,2.413033228,2.246315141,1.964141733
434,2.55,2.55,2.55,2.55,2.55,2.55,2.55,2.55,2.549999999,2.549999977,2.549999705,2.549996905,2.54997378,2.549820053,2.548996293,2.545430859,2.532919835,2.497106961,2.412612521,2.245753487,1.963559257
435,2.55,2.55,2.55,2.55,2.55,2.55,2.55,2.55,2.549999999,2.549999976,2.549999696,2.549996827,2.549973247,2.549817146,2.54898373,2.545387889,2.5328036,2.496858339,2.412191971,2.245192506,1.962977644
436,2.55,2.55,2.55,2.55,2.55,2.55,2.55,2.55,2.549999998,2.549999976,2.549999686,2.549996748,2.549972706,2.549814205,2.548971064,2.545344692,2.532687033,2.496609476,2.411771581,2.244632197,1.962396893
437,2.55,2.55,2.55,2.55,2.55,2.55,2.55,2.55,2.549999998,2.549999975,2.549999677,2.549996667,2.549972156,2.54981123,2.548958293,2.545301267,2.532570134,2.496360372,2.411351349,2.244072557,1.961817
438,2.55,2.55,2.55,2.55,2.55,2.55,2.55,2.55,2.549999998,2.549999974,2.549999667,2.549996585,2.549971597,2.549808219,2.548945418,2.545257614,2.532452904,2.496111031,2.410931278,2.243513585,1.961237962
439,2.55,2.55,2.55,2.55,2.55,2.55,2.55,2.55,2.549999998,2.549999973,2.549999657,2.549996501,2.54997103,2.549805174,2.548932437,2.545213733,2.532335345,2.495861453,2.410511368,2.242955279,1.960659776
440,2.55,2.55,2.55,2.55,2.55,2.55,2.55,2.55,2.549999998,2.549999972,2.549999647,2.549996415,2.549970453,2.549802093,2.548919351,2.545169625,2.532217457,2.49561164,2.410091619,2.242397637,1.960082439
441,2.55,2.55,2.55,2.55,2.55,2.55,2.55,2.55,2.549999998,2.549999971,2.549999637,2.549996327,2.549969868,2.549798976,2.548906159,2.545125289,2.532099241,2.495361595,2.409672032,2.241840659,1.959505948
442,2.55,2.55,2.55,2.55,2.55,2.55,2.55,2.55,2.549999998,2.54999997,2.549999626,2.549996238,2.549969274,2.549795824,2.548892862,2.545080725,2.531980699,2.495111318,2.409252608,2.24128434,1.958930299
443,2.55,2.55,2.55,2.55,2.55,2.55,2.55,2.55,2.549999998,2.549999969,2.549999615,2.549996147,2.54996867,2.549792636,2.548879457,2.545035934,2.531861831,2.494860812,2.408833348,2.240728681,1.958355491
444,2.55,2.55,2.55,2.55,2.55,2.55,2.55,2.55,2.549999998,2.549999968,2.549999604,2.549996054,2.549968058,2.549789411,2.548865946,2.544990915,2.531742638,2.494610078,2.408414253,2.24017368,1.957781521
445,2.55,2.55,2.55,2.55,2.55,2.55,2.55,2.55,2.549999998,2.549999967,2.549999592,2.54999596,2.549967436,2.549786151,2.548852328,2.544945669,2.531623122,2.494359118,2.407995322,2.239619334,1.957208384
446,2.55,2.55,2.55,2.55,2.55,2.55,2.55,2.55,2.549999998,2.549999965,2.549999581,2.549995863,2.549966804,2.549782853,2.548838603,2.544900195,2.531503283,2.494107934,2.407576557,2.239065641,1.956636079
447,2.55,2.55,2.55,2.55,2.55,2.55,2.55,2.55,2.549999998,2.549999964,2.549999569,2.549995765,2.549966163,2.549779518,2.54882477,2.544854493,2.531383122,2.493856527,2.407157958,2.238512601,1.956064602
448,2.55,2.55,2.55,2.55,2.55,2.55,2.55,2.55,2.549999997,2.549999963,2.549999556,2.549995665,2.549965513,2.549776147,2.548810829,2.544808565,2.531262641,2.493604899,2.406739527,2.237960212,1.955493951
449,2.55,2.55,2.55,2.55,2.55,2.55,2.55,2.55,2.549999997,2.549999962,2.549999544,2.549995563,2.549964852,2.549772737,2.54879678,2.544762408,2.53114184,2.493353051,2.406321263,2.237408471,1.954924123
450,2.55,2.55,2.55,2.55,2.55,2.55,2.55,2.55,2.549999997,2.54999996,2.549999531,2.549995458,2.549964182,2.549769291,2.548782623,2.544716025,2.53102072,2.493100986,2.405903168,2.236857377,1.954355115
451,2.55,2.55,2.55,2.55,2.55,2.55,2.55,2.55,2.549999997,2.549999959,2.549999517,2.549995352,2.549963502,2.549765806,2.548768356,2.544669414,2.530899283,2.492848705,2.405485241,2.236306929,1.953786924
452,2.55,2.55,2.55,2.55,2.55,2.55,2.55,2.55,2.549999997,2.549999958,2.549999504,2.549995244,2.549962812,2.549762283,2.54875398,2.544622576,2.530777528,2.49259621,2.405067484,2.235757124,1.953219548
453,2.55,2.55,2.55,2.55,2.55,2.55,2.55,2.55,2.549999997,2.549999956,2.54999949,2.549995134,2.549962112,2.549758722,2.548739495,2.54457551,2.530655459,2.492343501,2.404649897,2.235207962,1.952652983
454,2.55,2.55,2.55,2.55,2.55,2.55,2.55,2.55,2.549999997,2.549999955,2.549999476,2.549995021,2.549961401,2.549755122,2.5487249,2.544528218,2.530533074,2.492090582,2.404232482,2.23465944,1.952087227
455,2.55,2.55,2.55,2.55,2.55,2.55,2.55,2.55,2.549999997,2.549999953,2.549999461,2.549994907,2.549960681,2.549751483,2.548710195,2.544480698,2.530410376,2.491837453,2.403815237,2.234111556,1.951522277
456,2.55,2.55,2.55,2.55,2.55,2.55,2.55,2.55,2.549999997,2.549999952,2.549999446,2.54999479,2.54995995,2.549747806,2.54869538,2.544432952,2.530287365,2.491584116,2.403398165,2.23356431,1.950958131
457,2.55,2.55,2.55,2.55,2.55,2.55,2.55,2.55,2.549999996,2.54999995,2.549999431,2.549994672,2.549959208,2.549744089,2.548680454,2.544384979,2.530164042,2.491330572,2.402981265,2.233017699,1.950394785
458,2.55,2.55,2.55,2.55,2.55,2.55,2.55,2.55,2.549999996,2.549999949,2.549999415,2.549994551,2.549958455,2.549740332,2.548665417,2.544336779,2.530040409,2.491076824,2.402564538,2.232471722,1.949832238
459,2.55,2.55,2.55,2.55,2.55,2.55,2.55,2.55,2.549999996,2.549999947,2.549999399,2.549994427,2.549957692,2.549736536,2.548650269,2.544288352,2.529916465,2.490822873,2.402147985,2.231926377,1.949270485
460,2.55,2.55,2.55,2.55,2.55,2.55,2.55,2.55,2.549999996,2.549999945,2.549999383,2.549994302,2.549956918,2.5497327,2.548635009,2.544239698,2.529792213,2.49056872,2.401731607,2.231381663,1.948709526
461,2.55,2.55,2.55,2.55,2.55,2.55,2.55,2.55,2.549999996,2.549999944,2.549999366,2.549994174,2.549956134,2.549728823,2.548619638,2.544190818,2.529667653,2.490314367,2.401315403,2.230837577,1.948149356
462,2.55,2.55,2.55,2.55,2.55,2.55,2.55,2.55,2.549999996,2.549999942,2.549999349,2.549994044,2.549955338,2.549724907,2.548604154,2.544141712,2.529542787,2.490059815,2.400899374,2.230294119,1.947589974
463,2.55,2.55,2.55,2.55,2.55,2.55,2.55,2.55,2.549999996,2.54999994,2.549999332,2.549993912,2.549954531,2.549720949,2.548588558,2.544092379,2.529417614,2.489805066,2.400483522,2.229751286,1.947031376
464,2.55,2.55,2.55,2.55,2.55,2.55,2.55,2.55,2.549999995,2.549999938,2.549999314,2.549993777,2.549953712,2.54971695,2.54857285,2.54404282,2.529292137,2.489550122,2.400067846,2.229209078,1.946473561
465,2.55,2.55,2.55,2.55,2.55,2.55,2.55,2.55,2.549999995,2.549999936,2.549999295,2.54999364,2.549952883,2.549712911,2.548557028,2.543993035,2.529166356,2.489294984,2.399652347,2.228667491,1.945916525
466,2.55,2.55,2.55,2.55,2.55,2.55,2.55,2.55,2.549999995,2.549999934,2.549999277,2.5499935,2.549952041,2.54970883,2.548541094,2.543943024,2.529040272,2.489039653,2.399237026,2.228126526,1.945360266
467,2.55,2.55,2.55,2.55,2.55,2.55,2.55,2.55,2.549999995,2.549999932,2.549999258,2.549993358,2.549951189,2.549704707,2.548525046,2.543892787,2.528913886,2.488784131,2.398821882,2.22758618,1.944804782
468,2.55,2.55,2.55,2.55,2.55,2.55,2.55,2.55,2.549999995,2.54999993,2.549999238,2.549993213,2.549950324,2.549700543,2.548508884,2.543842324,2.528787199,2.48852842,2.398406917,2.227046452,1.944250069
469,2.55,2.55,2.55,2.55,2.55,2.55,2.55,2.55,2.549999994,2.549999928,2.549999218,2.549993066,2.549949448,2.549696336,2.548492609,2.543791635,2.528660212,2.488272521,2.397992132,2.22650734,1.943696126
470,2.55,2.55,2.55,2.55,2.55,2.55,2.55,2.55,2.549999994,2.549999925,2.549999198,2.549992916,2.54994856,2.549692087,2.548476219,2.543740721,2.528532926,2.488016435,2.397577525,2.225968843,1.94314295
471,2.55,2.55,2.55,2.55,2.55,2.55,2.55,2.55,2.549999994,2.549999923,2.549999177,2.549992764,2.54994766,2.549687796,2.548459714,2.543689581,2.528405342,2.487760164,2.397163099,2.225430958,1.942590538
472,2.55,2.55,2.55,2.55,2.55,2.55,2.55,2.55,2.549999994,2.549999921,2.549999155,2.549992609,2.549946748,2.549683462,2.548443095,2.543638216,2.528277461,2.48750371,2.396748853,2.224893686,1.942038887
473,2.55,2.55,2.55,2.55,2.55,2.55,2.55,2.55,2.549999994,2.549999918,2.549999134,2.549992451,2.549945824,2.549679084,2.548426361,2.543586626,2.528149284,2.487247074,2.396334788,2.224357023,1.941487996
474,2.55,2.55,2.55,2.55,2.55,2.55,2.55,2.55,2.549999993,2.549999916,2.549999111,2.54999229,2.549944887,2.549674664,2.548409512,2.543534811,2.528020812,2.486990256,2.395920905,2.223820968,1.940937862
475,2.55,2.55,2.55,2.55,2.55,2.55,2.55,2.55,2.549999993,2.549999913,2.549999089,2.549992127,2.549943938,2.5496702,2.548392547,2.54348277,2.527892046,2.48673326,2.395507203,2.22328552,1.940388482
476,2.55,2.55,2.55,2.55,2.55,2.55,2.55,2.55,2.549999993,2.54999991,2.549999065,2.549991961,2.549942976,2.549665693,2.548375467,2.543430505,2.527762987,2.486476086,2.395093684,2.222750678,1.939839854
477,2.55,2.55,2.55,2.55,2.55,2.55,2.55,2.55,2.549999993,2.549999908,2.549999042,2.549991792,2.549942002,2.549661141,2.54835827,2.543378015,2.527633635,2.486218735,2.394680348,2.222216439,1.939291976
478,2.55,2.55,2.55,2.55,2.55,2.55,2.55,2.55,2.549999992,2.549999905,2.549999017,2.54999162,2.549941015,2.549656546,2.548340957,2.543325301,2.527503992,2.485961209,2.394267195,2.221682803,1.938744845
479,2.55,2.55,2.55,2.55,2.55,2.55,2.55,2.549999999,2.549999992,2.549999902,2.549998993,2.549991446,2.549940015,2.549651906,2.548323528,2.543272363,2.527374059,2.48570351,2.393854225,2.221149767,1.938198458
480,2.55,2.55,2.55,2.55,2.55,2.55,2.55,2.549999999,2.549999992,2.549999899,2.549998967,2.549991268,2.549939002,2.549647221,2.548305982,2.5432192,2.527243837,2.485445639,2.39344144,2.220617331,1.937652814
481,2.55,2.55,2.55,2.55,2.55,2.55,2.55,2.549999999,2.549999992,2.549999896,2.549998942,2.549991088,2.549937976,2.549642492,2.548288319,2.543165813,2.527113326,2.485187596,2.393028839,2.220085492,1.937107917
482,2.55,2.55,2.55,2.55,2.55,2.55,2.55,2.549999999,2.549999991,2.549999893,2.549998915,2.549990904,2.549936937,2.549637718,2.548270539,2.543112202,2.526982528,2.484929385,2.392616423,2.21955425,1.936563764
483,2.55,2.55,2.55,2.55,2.55,2.55,2.55,2.549999999,2.549999991,2.54999989,2.549998888,2.549990718,2.549935885,2.549632898,2.548252642,2.543058367,2.526851444,2.484671005,2.392204192,2.219023602,1.93602035
484,2.55,2.55,2.55,2.55,2.55,2.55,2.55,2.549999999,2.549999991,2.549999887,2.549998861,2.549990528,2.549934819,2.549628033,2.548234627,2.543004309,2.526720074,2.484412458,2.391792147,2.218493548,1.935477672
485,2.55,2.55,2.55,2.55,2.55,2.55,2.55,2.549999999,2.54999999,2.549999883,2.549998833,2.549990335,2.549933739,2.549623122,2.548216494,2.542950027,2.52658842,2.484153747,2.391380288,2.217964085,1.934935727
486,2.55,2.55,2.55,2.55,2.55,2.55,2.55,2.549999999,2.54999999,2.54999988,2.549998804,2.549990139,2.549932646,2.549618165,2.548198242,2.542895522,2.526456481,2.483894871,2.390968616,2.217435213,1.934394513
487,2.55,2.55,2.55,2.55,2.55,2.55,2.55,2.549999999,2.54999999,2.549999877,2.549998775,2.54998994,2.54993154,2.549613162,2.548179873,2.542840794,2.526324261,2.483635832,2.390557131,2.21690693,1.933854027
488,2.55,2.55,2.55,2.55,2.55,2.55,2.55,2.549999999,2.549999989,2.549999873,2.549998745,2.549989738,2.549930419,2.549608113,2.548161385,2.542785843,2.526191758,2.483376632,2.390145833,2.216379234,1.933314267
489,2.55,2.55,2.55,2.55,2.55,2.55,2.55,2.549999999,2.549999989,2.549999869,2.549998715,2.549989532,2.549929284,2.549603017,2.548142778,2.542730669,2.526058975,2.483117273,2.389734722,2.215852124,1.93277523
490,2.55,2.55,2.55,2.55,2.55,2.55,2.55,2.549999999,2.549999989,2.549999866,2.549998684,2.549989323,2.549928136,2.549597874,2.548124052,2.542675273,2.525925913,2.482857754,2.3893238,2.215325598,1.932236913
491,2.55,2.55,2.55,2.55,2.55,2.55,2.55,2.549999999,2.549999988,2.549999862,2.549998652,2.549989111,2.549926973,2.549592685,2.548105207,2.542619654,2.525792571,2.482598078,2.388913066,2.214799656,1.931699316
492,2.55,2.55,2.55,2.55,2.55,2.55,2.55,2.549999999,2.549999988,2.549999858,2.54999862,2.549988895,2.549925795,2.549587448,2.548086242,2.542563813,2.525658951,2.482338246,2.38850252,2.214274295,1.931162434
493,2.55,2.55,2.55,2.55,2.55,2.55,2.55,2.549999999,2.549999987,2.549999854,2.549998587,2.549988676,2.549924604,2.549582163,2.548067158,2.54250775,2.525525055,2.48207826,2.388092164,2.213749515,1.930626266
494,2.55,2.55,2.55,2.55,2.55,2.55,2.55,2.549999999,2.549999987,2.54999985,2.549998554,2.549988454,2.549923397,2.549576831,2.548047954,2.542451464,2.525390882,2.481818119,2.387681998,2.213225313,1.93009081
495,2.55,2.55,2.55,2.55,2.55,2.55,2.55,2.549999999,2.549999987,2.549999845,2.54999852,2.549988228,2.549922177,2.54957145,2.54802863,2.542394958,2.525256435,2.481557827,2.387272021,2.212701689,1.929556063
496,2.55,2.55,2.55,2.55,2.55,2.55,2.55,2.549999999,2.549999986,2.549999841,2.549998485,2.549987998,2.549920941,2.549566022,2.548009186,2.542338229,2.525121713,2.481297384,2.386862234,2.21217864,1.929022024
497,2.55,2.55,2.55,2.55,2.55,2.55,2.55,2.549999999,2.549999986,2.549999837,2.549998449,2.549987765,2.54991969,2.549560545,2.547989621,2.54228128,2.524986718,2.481036791,2.386452638,2.211656166,1.928488689
498,2.55,2.55,2.55,2.55,2.55,2.55,2.55,2.549999999,2.549999985,2.549999832,2.549998413,2.549987528,2.549918425,2.54955502,2.547969935,2.542224109,2.524851451,2.480776049,2.386043232,2.211134265,1.927956056
499,2.55,2.55,2.55,2.55,2.55,2.55,2.55,2.549999999,2.549999985,2.549999827,2.549998376,2.549987287,2.549917144,2.549549446,2.547950129,2.542166717,2.524715912,2.480515161,2.385634018,2.210612936,1.927424124
500,2.55,2.55,2.55,2.55,2.55,2.55,2.55,2.549999999,2.549999984,2.549999823,2.549998338,2.549987043,2.549915848,2.549543823,2.547930201,2.542109105,2.524580103,2.480254126,2.385224995,2.210092178,1.92689289
501,2.55,2.55,2.55,2.55,2.55,2.55,2.55,2.549999999,2.549999984,2.549999818,2.5499983,2.549986795,2.549914537,2.54953815,2.547910152,2.542051272,2.524444024,2.479992947,2.384816164,2.209571988,1.926362352
502,2.55,2.55,2.55,2.55,2.55,2.55,2.55,2.549999999,2.549999983,2.549999813,2.549998261,2.549986544,2.54991321,2.549532428,2.547889982,2.541993219,2.524307677,2.479731625,2.384407524,2.209052366,1.925832508
503,2.55,2.55,2.55,2.55,2.55,2.55,2.55,2.549999999,2.549999983,2.549999808,2.549998221,2.549986288,2.549911868,2.549526657,2.54786969,2.541934945,2.524171063,2.47947016,2.383999078,2.20853331,1.925303356
504,2.55,2.55,2.55,2.55,2.55,2.55,2.55,2.549999999,2.549999982,2.549999802,2.54999818,2.549986029,2.54991051,2.549520835,2.547849276,2.541876452,2.524034181,2.479208554,2.383590824,2.208014819,1.924774893
505,2.55,2.55,2.55,2.55,2.55,2.55,2.55,2.549999999,2.549999982,2.549999797,2.549998139,2.549985765,2.549909136,2.549514963,2.54782874,2.541817739,2.523897034,2.478946809,2.383182762,2.207496892,1.924247118
506,2.55,2.55,2.55,2.55,2.55,2.55,2.55,2.549999999,2.549999981,2.549999792,2.549998097,2.549985498,2.549907747,2.549509041,2.547808082,2.541758806,2.523759622,2.478684925,2.382774894,2.206979527,1.923720027
507,2.55,2.55,2.55,2.55,2.55,2.55,2.55,2.549999998,2.54999998,2.549999786,2.549998054,2.549985227,2.549906341,2.549503069,2.547787302,2.541699655,2.523621946,2.478422903,2.38236722,2.206462722,1.923193621
508,2.55,2.55,2.55,2.55,2.55,2.55,2.55,2.549999998,2.54999998,2.54999978,2.54999801,2.549984951,2.549904919,2.549497046,2.547766399,2.541640284,2.523484007,2.478160745,2.381959739,2.205946477,1.922667895
509,2.55,2.55,2.55,2.55,2.55,2.55,2.55,2.549999998,2.549999979,2.549999774,2.549997965,2.549984672,2.549903481,2.549490972,2.547745373,2.541580694,2.523345805,2.477898453,2.381552453,2.20543079,1.922142848
510,2.55,2.55,2.55,2.55,2.55,2.55,2.55,2.549999998,2.549999978,2.549999768,2.54999792,2.549984388,2.549902026,2.549484846,2.547724224,2.541520886,2.523207343,2.477636026,2.381145361,2.20491566,1.921618478
511,2.55,2.55,2.55,2.55,2.55,2.55,2.55,2.549999998,2.549999978,2.549999762,2.549997874,2.549984101,2.549900555,2.549478669,2.547702952,2.541460859,2.52306862,2.477373467,2.380738463,2.204401085,1.921094783
512,2.55,2.55,2.55,2.55,2.55,2.55,2.55,2.549999998,2.549999977,2.549999756,2.549997827,2.549983809,2.549899067,2.549472441,2.547681557,2.541400614,2.522929637,2.477110776,2.38033176,2.203887065,1.920571761
513,2.55,2.55,2.55,2.55,2.55,2.55,2.55,2.549999998,2.549999976,2.54999975,2.549997779,2.549983512,2.549897562,2.549466161,2.547660038,2.541340151,2.522790397,2.476847955,2.379925253,2.203373597,1.92004941
514,2.55,2.55,2.55,2.55,2.55,2.55,2.55,2.549999998,2.549999976,2.549999743,2.54999773,2.549983212,2.549896041,2.549459828,2.547638396,2.54127947,2.522650898,2.476585005,2.379518941,2.20286068,1.919527727
515,2.55,2.55,2.55,2.55,2.55,2.55,2.55,2.549999998,2.549999975,2.549999736,2.54999768,2.549982907,2.549894503,2.549453444,2.54761663,2.541218572,2.522511143,2.476321927,2.379112824,2.202348314,1.919006711
516,2.55,2.55,2.55,2.55,2.55,2.55,2.55,2.549999998,2.549999974,2.54999973,2.549997629,2.549982598,2.549892947,2.549447007,2.547594739,2.541157457,2.522371132,2.476058722,2.378706903,2.201836497,1.91848636
517,2.55,2.55,2.55,2.55,2.55,2.55,2.55,2.549999998,2.549999973,2.549999723,2.549997578,2.549982284,2.549891374,2.549440517,2.547572725,2.541096124,2.522230866,2.475795391,2.378301179,2.201325227,1.917966672
518,2.55,2.55,2.55,2.55,2.55,2.55,2.55,2.549999998,2.549999973,2.549999715,2.549997525,2.549981966,2.549889784,2.549433975,2.547550586,2.541034575,2.522090346,2.475531935,2.37789565,2.200814504,1.917447644
519,2.55,2.55,2.55,2.55,2.55,2.55,2.55,2.549999998,2.549999972,2.549999708,2.549997472,2.549981643,2.549888177,2.54942738,2.547528323,2.540972809,2.521949573,2.475268356,2.377490319,2.200304325,1.916929276
520,2.55,2.55,2.55,2.55,2.55,2.55,2.55,2.549999998,2.549999971,2.549999701,2.549997417,2.549981316,2.549886551,2.549420731,2.547505936,2.540910827,2.521808548,2.475004654,2.377085184,2.19979469,1.916411564
521,2.55,2.55,2.55,2.55,2.55,2.55,2.55,2.549999998,2.54999997,2.549999693,2.549997362,2.549980984,2.549884908,2.549414029,2.547483423,2.540848628,2.521667271,2.474740832,2.376680246,2.199285597,1.915894507
522,2.55,2.55,2.55,2.55,2.55,2.55,2.55,2.549999997,2.549999969,2.549999685,2.549997306,2.549980647,2.549883248,2.549407273,2.547460786,2.540786214,2.521525744,2.474476888,2.376275506,2.198777046,1.915378103
523,2.55,2.55,2.55,2.55,2.55,2.55,2.55,2.549999997,2.549999968,2.549999677,2.549997248,2.549980306,2.549881569,2.549400463,2.547438023,2.540723584,2.521383967,2.474212826,2.375870963,2.198269034,1.91486235
524,2.55,2.55,2.55,2.55,2.55,2.55,2.55,2.549999997,2.549999967,2.549999669,2.54999719,2.54997996,2.549879872,2.549393599,2.547415135,2.540660739,2.521241942,2.473948646,2.375466617,2.197761561,1.914347246
525,2.55,2.55,2.55,2.55,2.55,2.55,2.55,2.549999997,2.549999966,2.549999661,2.549997131,2.549979609,2.549878157,2.549386681,2.547392122,2.540597679,2.521099669,2.473684349,2.37506247,2.197254625,1.913832789
526,2.55,2.55,2.55,2.55,2.55,2.55,2.55,2.549999997,2.549999965,2.549999652,2.54999707,2.549979253,2.549876424,2.549379708,2.547368983,2.540534404,2.520957148,2.473419936,2.37465852,2.196748225,1.913318977
527,2.55,2.55,2.55,2.55,2.55,2.55,2.55,2.549999997,2.549999964,2.549999644,2.549997009,2.549978892,2.549874673,2.54937268,2.547345719,2.540470914,2.520814382,2.473155408,2.374254769,2.19624236,1.912805809
528,2.55,2.55,2.55,2.55,2.55,2.55,2.55,2.549999997,2.549999963,2.549999635,2.549996946,2.549978527,2.549872902,2.549365598,2.547322329,2.54040721,2.520671371,2.472890766,2.373851217,2.195737029,1.912293282
529,2.55,2.55,2.55,2.55,2.55,2.55,2.55,2.549999997,2.549999962,2.549999626,2.549996883,2.549978156,2.549871113,2.549358461,2.547298812,2.540343291,2.520528115,2.472626012,2.373447863,2.195232229,1.911781395
530,2.55,2.55,2.55,2.55,2.55,2.55,2.55,2.549999997,2.549999961,2.549999617,2.549996818,2.54997778,2.549869306,2.549351268,2.54727517,2.540279159,2.520384616,2.472361146,2.373044708,2.194727961,1.911270146
531,2.55,2.55,2.55,2.55,2.55,2.55,2.55,2.549999997,2.54999996,2.549999607,2.549996752,2.5499774,2.549867479,2.549344019,2.547251402,2.540214813,2.520240874,2.472096169,2.372641752,2.194224222,1.910759532
532,2.55,2.55,2.55,2.55,2.55,2.55,2.55,2.549999996,2.549999959,2.549999597,2.549996686,2.549977014,2.549865634,2.549336715,2.547227507,2.540150254,2.52009689,2.471831083,2.372238995,2.193721012,1.910249552
533,2.55,2.55,2.55,2.55,2.55,2.55,2.55,2.549999996,2.549999958,2.549999588,2.549996618,2.549976622,2.549863769,2.549329356,2.547203485,2.540085482,2.519952666,2.471565888,2.371836438,2.193218329,1.909740205
534,2.55,2.55,2.55,2.55,2.55,2.55,2.55,2.549999996,2.549999956,2.549999578,2.549996548,2.549976226,2.549861885,2.54932194,2.547179337,2.540020497,2.519808202,2.471300586,2.37143408,2.192716173,1.909231488
535,2.55,2.55,2.55,2.55,2.55,2.55,2.55,2.549999996,2.549999955,2.549999567,2.549996478,2.549975824,2.549859981,2.549314467,2.547155062,2.539955299,2.519663498,2.471035177,2.371031922,2.192214541,1.908723399
536,2.55,2.55,2.55,2.55,2.55,2.55,2.55,2.549999996,2.549999954,2.549999557,2.549996407,2.549975417,2.549858058,2.549306938,2.54713066,2.539889889,2.519518557,2.470769663,2.370629964,2.191713432,1.908215937
537,2.55,2.55,2.55,2.55,2.55,2.55,2.55,2.549999996,2.549999953,2.549999546,2.549996334,2.549975005,2.549856116,2.549299353,2.547106131,2.539824267,2.519373377,2.470504045,2.370228206,2.191212847,1.9077091
538,2.55,2.55,2.55,2.55,2.55,2.55,2.55,2.549999996,2.549999951,2.549999535,2.54999626,2.549974587,2.549854153,2.549291711,2.547081475,2.539758434,2.519227962,2.470238322,2.369826649,2.190712782,1.907202886
539,2.55,2.55,2.55,2.55,2.55,2.55,2.55,2.549999996,2.54999995,2.549999524,2.549996185,2.549974163,2.549852171,2.549284011,2.547056692,2.539692389,2.51908231,2.469972498,2.369425291,2.190213237,1.906697294
540,2.55,2.55,2.55,2.55,2.55,2.55,2.55,2.549999995,2.549999949,2.549999513,2.549996109,2.549973735,2.549850169,2.549276254,2.547031781,2.539626132,2.518936424,2.469706572,2.369024135,2.189714211,1.90619232
541,2.55,2.55,2.55,2.55,2.55,2.55,2.55,2.549999995,2.549999947,2.549999502,2.549996031,2.5499733,2.549848146,2.54926844,2.547006743,2.539559665,2.518790304,2.469440546,2.368623179,2.189215703,1.905687964
542,2.55,2.55,2.55,2.55,2.55,2.55,2.55,2.549999995,2.549999946,2.54999949,2.549995952,2.54997286,2.549846104,2.549260568,2.546981577,2.539492987,2.51864395,2.46917442,2.368222424,2.188717711,1.905184221
543,2.55,2.55,2.55,2.55,2.55,2.55,2.55,2.549999995,2.549999944,2.549999478,2.549995872,2.549972414,2.549844041,2.549252638,2.546956284,2.539426098,2.518497365,2.468908195,2.36782187,2.188220234,1.904681092
544,2.55,2.55,2.55,2.55,2.55,2.55,2.55,2.549999995,2.549999943,2.549999466,2.549995791,2.549971962,2.549841957,2.549244651,2.546930862,2.539358999,2.518350547,2.468641873,2.367421517,2.187723271,1.904178575
545,2.55,2.55,2.55,2.55,2.55,2.55,2.55,2.549999995,2.549999941,2.549999453,2.549995708,2.549971505,2.549839853,2.549236605,2.546905313,2.539291691,2.5182035,2.468375455,2.367021366,2.187226822,1.903676669
546,2.55,2.55,2.55,2.55,2.55,2.55,2.55,2.549999994,2.549999939,2.54999944,2.549995624,2.549971041,2.549837728,2.5492285,2.546879635,2.539224173,2.518056222,2.468108941,2.366621416,2.186730883,1.90317537
547,2.55,2.55,2.55,2.55,2.55,2.55,2.55,2.549999994,2.549999938,2.549999427,2.549995538,2.549970572,2.549835582,2.549220337,2.546853829,2.539156445,2.517908715,2.467842332,2.366221667,2.186235456,1.902674679
548,2.55,2.55,2.55,2.55,2.55,2.55,2.55,2.549999994,2.549999936,2.549999414,2.549995451,2.549970097,2.549833415,2.549212115,2.546827895,2.539088509,2.517760981,2.467575629,2.36582212,2.185740537,1.902174592
549,2.55,2.55,2.55,2.55,2.55,2.55,2.55,2.549999994,2.549999934,2.549999401,2.549995363,2.549969616,2.549831228,2.549203834,2.546801833,2.539020364,2.517613018,2.467308834,2.365422776,2.185246127,1.90167511
550,2.55,2.55,2.55,2.55,2.55,2.55,2.55,2.549999994,2.549999933,2.549999387,2.549995274,2.549969129,2.549829018,2.549195494,2.546775642,2.53895201,2.51746483,2.467041947,2.365023633,2.184752224,1.901176228
551,2.55,2.55,2.55,2.55,2.55,2.55,2.549999999,2.549999994,2.549999931,2.549999373,2.549995183,2.549968635,2.549826788,2.549187095,2.546749322,2.538883448,2.517316416,2.466774969,2.364624692,2.184258826,1.900677947
552,2.55,2.55,2.55,2.55,2.55,2.55,2.549999999,2.549999993,2.549999929,2.549999358,2.54999509,2.549968136,2.549824536,2.549178636,2.546722873,2.538814678,2.517167777,2.466507901,2.364225953,2.183765933,1.900180265
553,2.55,2.55,2.55,2.55,2.55,2.55,2.549999999,2.549999993,2.549999927,2.549999344,2.549994996,2.54996763,2.549822263,2.549170117,2.546696296,2.538745701,2.517018914,2.466240744,2.363827417,2.183273544,1.899683179
554,2.55,2.55,2.55,2.55,2.55,2.55,2.549999999,2.549999993,2.549999925,2.549999329,2.549994901,2.549967118,2.549819967,2.549161538,2.54666959,2.538676516,2.516869828,2.465973499,2.363429083,2.182781657,1.899186688
555,2.55,2.55,2.55,2.55,2.55,2.55,2.549999999,2.549999993,2.549999923,2.549999314,2.549994804,2.549966599,2.54981765,2.5491529,2.546642755,2.538607125,2.516720519,2.465706166,2.363030952,2.182290272,1.898690791
556,2.55,2.55,2.55,2.55,2.55,2.55,2.549999999,2.549999992,2.549999921,2.549999299,2.549994706,2.549966075,2.549815311,2.549144201,2.546615791,2.538537526,2.516570989,2.465438748,2.362633023,2.181799386,1.898195486
557,2.55,2.55,2.55,2.55,2.55,2.55,2.549999999,2.549999992,2.549999919,2.549999283,2.549994606,2.549965543,2.54981295,2.549135441,2.546588697,2.538467721,2.516421239,2.465171243,2.362235297,2.181309,1.897700771
558,2.55,2.55,2.55,2.55,2.55,2.55,2.549999999,2.549999992,2.549999917,2.549999267,2.549994504,2.549965006,2.549810567,2.549126621,2.546561474,2.53839771,2.516271268,2.464903655,2.361837774,2.180819111,1.897206644
559,2.55,2.55,2.55,2.55,2.55,2.55,2.549999999,2.549999992,2.549999915,2.54999925,2.549994401,2.549964461,2.549808161,2.54911774,2.546534122,2.538327493,2.516121078,2.464635983,2.361440453,2.180329719,1.896713105
560,2.55,2.55,2.55,2.55,2.55,2.55,2.549999999,2.549999992,2.549999913,2.549999234,2.549994297,2.54996391,2.549805733,2.549108798,2.546506641,2.538257071,2.51597067,2.464368228,2.361043336,2.179840823,1.89622015
561,2.55,2.55,2.55,2.55,2.55,2.55,2.549999999,2.549999991,2.54999991,2.549999217,2.549994191,2.549963353,2.549803282,2.549099795,2.546479029,2.538186443,2.515820044,2.464100391,2.360646422,2.179352421,1.89572778
562,2.55,2.55,2.55,2.55,2.55,2.55,2.549999999,2.549999991,2.549999908,2.5499992,2.549994083,2.549962789,2.549800808,2.54909073,2.546451289,2.53811561,2.515669202,2.463832473,2.360249711,2.178864513,1.895235991
563,2.55,2.55,2.55,2.55,2.55,2.55,2.549999999,2.549999991,2.549999906,2.549999182,2.549993974,2.549962218,2.549798312,2.549081604,2.546423418,2.538044573,2.515518144,2.463564475,2.359853204,2.178377096,1.894744783
564,2.55,2.55,2.55,2.55,2.55,2.55,2.549999999,2.54999999,2.549999903,2.549999164,2.549993863,2.54996164,2.549795793,2.549072416,2.546395418,2.537973331,2.515366871,2.463296398,2.3594569,2.177890171,1.894254154
565,2.55,2.55,2.55,2.55,2.55,2.55,2.549999999,2.54999999,2.549999901,2.549999146,2.54999375,2.549961055,2.549793251,2.549063167,2.546367288,2.537901885,2.515215383,2.463028243,2.359060799,2.177403736,1.893764103
566,2.55,2.55,2.55,2.55,2.55,2.55,2.549999999,2.54999999,2.549999898,2.549999127,2.549993636,2.549960463,2.549790685,2.549053855,2.546339027,2.537830235,2.515063683,2.46276001,2.358664902,2.17691779,1.893274627
567,2.55,2.55,2.55,2.55,2.55,2.55,2.549999999,2.54999999,2.549999896,2.549999109,2.54999352,2.549959865,2.549788096,2.549044481,2.546310637,2.537758382,2.514911769,2.4624917,2.358269209,2.176432332,1.892785725
568,2.55,2.55,2.55,2.55,2.55,2.55,2.549999999,2.549999989,2.549999893,2.549999089,2.549993402,2.549959259,2.549785484,2.549035044,2.546282117,2.537686326,2.514759643,2.462223315,2.357873719,2.17594736,1.892297396
569,2.55,2.55,2.55,2.55,2.55,2.55,2.549999999,2.549999989,2.54999989,2.54999907,2.549993282,2.549958646,2.549782848,2.549025545,2.546253467,2.537614067,2.514607307,2.461954855,2.357478433,2.175462875,1.891809638
570,2.55,2.55,2.55,2.55,2.55,2.55,2.549999999,2.549999989,2.549999887,2.54999905,2.549993161,2.549958026,2.549780188,2.549015983,2.546224686,2.537541605,2.51445476,2.46168632,2.357083351,2.174978873,1.891322449
571,2.55,2.55,2.55,2.55,2.55,2.55,2.549999999,2.549999988,2.549999885,2.54999903,2.549993038,2.549957399,2.549777505,2.549006358,2.546195775,2.537468941,2.514302003,2.461417712,2.356688473,2.174495356,1.890835829
572,2.55,2.55,2.55,2.55,2.55,2.55,2.549999999,2.549999988,2.549999882,2.549999009,2.549992913,2.549956765,2.549774798,2.54899667,2.546166733,2.537396075,2.514149038,2.461149032,2.356293799,2.174012321,1.890349775
573,2.55,2.55,2.55,2.55,2.55,2.55,2.549999999,2.549999988,2.549999879,2.549998988,2.549992786,2.549956123,2.549772066,2.548986919,2.546137561,2.537323007,2.513995864,2.46088028,2.355899329,2.173529767,1.889864286
574,2.55,2.55,2.55,2.55,2.55,2.55,2.549999999,2.549999987,2.549999876,2.549998966,2.549992658,2.549955473,2.549769311,2.548977105,2.546108259,2.537249738,2.513842484,2.460611457,2.355505063,2.173047693,1.889379361
575,2.55,2.55,2.55,2.55,2.55,2.55,2.549999999,2.549999987,2.549999873,2.549998945,2.549992528,2.549954817,2.549766531,2.548967226,2.546078826,2.537176268,2.513688897,2.460342565,2.355111001,2.172566099,1.888894997
576,2.55,2.55,2.55,2.55,2.55,2.55,2.549999999,2.549999987,2.54999987,2.549998923,2.549992395,2.549954153,2.549763726,2.548957284,2.546049263,2.537102597,2.513535104,2.460073603,2.354717143,2.172084983,1.888411193
577,2.55,2.55,2.55,2.55,2.55,2.55,2.549999999,2.549999986,2.549999866,2.5499989,2.549992261,2.549953481,2.549760897,2.548947278,2.546019568,2.537028726,2.513381107,2.459804572,2.35432349,2.171604344,1.887927949
578,2.55,2.55,2.55,2.55,2.55,2.55,2.549999999,2.549999986,2.549999863,2.549998877,2.549992125,2.549952802,2.549758044,2.548937208,2.545989743,2.536954654,2.513226905,2.459535475,2.353930041,2.171124181,1.887445262
579,2.55,2.55,2.55,2.55,2.55,2.55,2.549999999,2.549999985,2.54999986,2.549998854,2.549991987,2.549952114,2.549755165,2.548927074,2.545959787,2.536880383,2.5130725,2.45926631,2.353536796,2.170644493,1.886963131
580,2.55,2.55,2.55,2.55,2.55,2.55,2.549999999,2.549999985,2.549999856,2.54999883,2.549991847,2.54995142,2.549752262,2.548916875,2.5459297,2.536805912,2.512917893,2.458997079,2.353143756,2.170165279,1.886481554
581,2.55,2.55,2.55,2.55,2.55,2.55,2.549999999,2.549999985,2.549999853,2.549998806,2.549991705,2.549950717,2.549749334,2.548906611,2.545899483,2.536731242,2.512763083,2.458727784,2.35275092,2.169686538,1.88600053
582,2.55,2.55,2.55,2.55,2.55,2.55,2.549999999,2.549999984,2.549999849,2.549998781,2.549991561,2.549950007,2.54974638,2.548896283,2.545869134,2.536656374,2.512608073,2.458458423,2.352358289,2.169208269,1.885520058
583,2.55,2.55,2.55,2.55,2.55,2.55,2.549999999,2.549999984,2.549999846,2.549998756,2.549991416,2.549949288,2.549743402,2.54888589,2.545838654,2.536581306,2.512452862,2.458188999,2.351965862,2.168730471,1.885040136
584,2.55,2.55,2.55,2.55,2.55,2.55,2.549999998,2.549999983,2.549999842,2.549998731,2.549991268,2.549948562,2.549740397,2.548875431,2.545808044,2.536506041,2.512297452,2.457919513,2.35157364,2.168253143,1.884560762
585,2.55,2.55,2.55,2.55,2.55,2.55,2.549999998,2.549999983,2.549999838,2.549998705,2.549991118,2.549947828,2.549737368,2.548864908,2.545777302,2.536430577,2.512141843,2.457649964,2.351181623,2.167776283,1.884081936
586,2.55,2.55,2.55,2.55,2.55,2.55,2.549999998,2.549999982,2.549999834,2.549998678,2.549990965,2.549947085,2.549734312,2.548854319,2.545746429,2.536354916,2.511986036,2.457380354,2.35078981,2.167299891,1.883603655
587,2.55,2.55,2.55,2.55,2.55,2.55,2.549999998,2.549999982,2.549999831,2.549998652,2.549990811,2.549946334,2.549731231,2.548843664,2.545715424,2.536279058,2.511830032,2.457110683,2.350398202,2.166823966,1.883125918
588,2.55,2.55,2.55,2.55,2.55,2.55,2.549999998,2.549999981,2.549999826,2.549998624,2.549990655,2.549945576,2.549728124,2.548832943,2.545684289,2.536203003,2.511673831,2.456840953,2.350006799,2.166348507,1.882648724
589,2.55,2.55,2.55,2.55,2.55,2.55,2.549999998,2.549999981,2.549999822,2.549998597,2.549990496,2.549944809,2.549724991,2.548822157,2.545653022,2.536126751,2.511517435,2.456571163,2.3496156,2.165873512,1.882172071
590,2.55,2.55,2.55,2.55,2.55,2.55,2.549999998,2.54999998,2.549999818,2.549998569,2.549990336,2.549944033,2.549721831,2.548811305,2.545621623,2.536050302,2.511360843,2.456301315,2.349224606,2.165398981,1.881695959
591,2.55,2.55,2.55,2.55,2.55,2.55,2.549999998,2.54999998,2.549999814,2.54999854,2.549990173,2.549943249,2.549718646,2.548800386,2.545590094,2.535973658,2.511204057,2.45603141,2.348833817,2.164924913,1.881220384
592,2.55,2.55,2.55,2.55,2.55,2.55,2.549999998,2.549999979,2.54999981,2.549998511,2.549990008,2.549942457,2.549715434,2.548789401,2.545558433,2.535896818,2.511047077,2.455761448,2.348443233,2.164451306,1.880745347
593,2.55,2.55,2.55,2.55,2.55,2.55,2.549999998,2.549999979,2.549999805,2.549998481,2.54998984,2.549941656,2.549712195,2.54877835,2.54552664,2.535819783,2.510889905,2.45549143,2.348052853,2.16397816,1.880270846
594,2.55,2.55,2.55,2.55,2.55,2.55,2.549999998,2.549999978,2.549999801,2.549998451,2.549989671,2.549940847,2.54970893,2.548767231,2.545494716,2.535742552,2.510732541,2.455221356,2.347662679,2.163505474,1.879796879
595,2.55,2.55,2.55,2.55,2.55,2.55,2.549999998,2.549999977,2.549999796,2.549998421,2.549989499,2.549940029,2.549705638,2.548756046,2.545462661,2.535665127,2.510574985,2.454951228,2.347272709,2.163033247,1.879323445
596,2.55,2.55,2.55,2.55,2.55,2.55,2.549999998,2.549999977,2.549999791,2.54999839,2.549989325,2.549939202,2.54970232,2.548744794,2.545430473,2.535587508,2.510417239,2.454681046,2.346882944,2.162561477,1.878850542
597,2.55,2.55,2.55,2.55,2.55,2.55,2.549999998,2.549999976,2.549999787,2.549998358,2.549989148,2.549938366,2.549698974,2.548733475,2.545398155,2.535509694,2.510259303,2.454410811,2.346493384,2.162090164,1.87837817
598,2.55,2.55,2.55,2.55,2.55,2.55,2.549999998,2.549999976,2.549999782,2.549998326,2.54998897,2.549937522,2.549695601,2.548722088,2.545365704,2.535431687,2.510101177,2.454140523,2.346104029,2.161619307,1.877906326
599,2.55,2.55,2.55,2.55,2.55,2.55,2.549999998,2.549999975,2.549999777,2.549998293,2.549988788,2.549936669,2.549692201,2.548710634,2.545333122,2.535353486,2.509942863,2.453870184,2.345714879,2.161148904,1.87743501
600,2.55,2.55,2.55,2.55,2.55,2.55,2.549999997,2.549999974,2.549999772,2.54999826,2.549988605,2.549935807,2.549688773,2.548699113,2.545300409,2.535275092,2.509784362,2.453599794,2.345325934,2.160678956,1.876964218
601,2.55,2.55,2.55,2.55,2.55,2.55,2.549999997,2.549999974,2.549999766,2.549998227,2.549988419,2.549934936,2.549685318,2.548687524,2.545267563,2.535196505,2.509625673,2.453329353,2.344937193,2.16020946,1.876493934
602,2.55,2.55,2.55,2.55,2.55,2.55,2.549999997,2.549999973,2.549999761,2.549998192,2.54998823,2.549934055,2.549681836,2.548675866,2.545234586,2.535117726,2.509466799,2.453058863,2.344548658,2.159740416,1.876024153
603,2.55,2.55,2.55,2.55,2.55,2.55,2.549999997,2.549999972,2.549999756,2.549998158,2.54998804,2.549933166,2.549678325,2.548664141,2.545201477,2.535038755,2.509307738,2.452788324,2.344160328,2.159271823,1.875554883
604,2.55,2.55,2.55,2.55,2.55,2.55,2.549999997,2.549999971,2.54999975,2.549998122,2.549987846,2.549932267,2.549674787,2.548652348,2.545168236,2.534959592,2.509148493,2.452517736,2.343772202,2.15880368,1.875086125
605,2.55,2.55,2.55,2.55,2.55,2.55,2.549999997,2.549999971,2.549999745,2.549998086,2.54998765,2.54993136,2.549671221,2.548640486,2.545134864,2.534880237,2.508989064,2.452247101,2.343384282,2.158335986,1.874617878
606,2.55,2.55,2.55,2.55,2.55,2.55,2.549999997,2.54999997,2.549999739,2.54999805,2.549987452,2.549930442,2.549667627,2.548628556,2.54510136,2.534800691,2.508829451,2.451976419,2.342996566,2.157868739,1.874150143
607,2.55,2.55,2.55,2.55,2.55,2.55,2.549999997,2.549999969,2.549999733,2.549998013,2.549987251,2.549929516,2.549664004,2.548616557,2.545067723,2.534720955,2.508669656,2.451705692,2.342609055,2.15740194,1.873682918
608,2.55,2.55,2.55,2.55,2.55,2.55,2.549999997,2.549999968,2.549999727,2.549997975,2.549987047,2.54992858,2.549660353,2.548604489,2.545033955,2.534641028,2.508509678,2.451434918,2.342221749,2.156935587,1.873216203
609,2.55,2.55,2.55,2.55,2.55,2.55,2.549999997,2.549999968,2.549999721,2.549997937,2.549986841,2.549927635,2.549656674,2.548592352,2.545000056,2.534560911,2.50834952,2.4511641,2.341834648,2.156469679,1.872749996
610,2.55,2.55,2.55,2.55,2.55,2.55,2.549999997,2.549999967,2.549999715,2.549997898,2.549986632,2.549926679,2.549652966,2.548580147,2.544966024,2.534480604,2.50818918,2.450893237,2.341447752,2.156004216,1.872284297
611,2.55,2.55,2.55,2.55,2.55,2.55,2.549999997,2.549999966,2.549999709,2.549997859,2.549986421,2.549925715,2.54964923,2.548567872,2.54493186,2.534400107,2.508028661,2.450622332,2.341061061,2.155539195,1.871819104
612,2.55,2.55,2.55,2.55,2.55,2.55,2.549999996,2.549999965,2.549999702,2.549997819,2.549986207,2.54992474,2.549645464,2.548555528,2.544897565,2.534319422,2.507867963,2.450351383,2.340674575,2.155074617,1.871354418
613,2.55,2.55,2.55,2.55,2.55,2.55,2.549999996,2.549999964,2.549999696,2.549997778,2.54998599,2.549923756,2.54964167,2.548543114,2.544863137,2.534238547,2.507707086,2.450080392,2.340288293,2.154610481,1.870890235
614,2.55,2.55,2.55,2.55,2.55,2.55,2.549999996,2.549999963,2.549999689,2.549997737,2.54998577,2.549922762,2.549637846,2.548530631,2.544828578,2.534157484,2.507546031,2.44980936,2.339902216,2.154146784,1.870426556
615,2.55,2.55,2.55,2.55,2.55,2.55,2.549999996,2.549999962,2.549999683,2.549997695,2.549985548,2.549921758,2.549633994,2.548518078,2.544793887,2.534076233,2.5073848,2.449538287,2.339516344,2.153683528,1.86996338
616,2.55,2.55,2.55,2.55,2.55,2.55,2.549999996,2.549999961,2.549999676,2.549997652,2.549985323,2.549920745,2.549630112,2.548505455,2.544759063,2.533994794,2.507223392,2.449267173,2.339130677,2.153220709,1.869500705
617,2.55,2.55,2.55,2.55,2.55,2.55,2.549999996,2.54999996,2.549999669,2.549997609,2.549985095,2.549919721,2.549626201,2.548492762,2.544724108,2.533913167,2.507061808,2.44899602,2.338745215,2.152758329,1.869038529
618,2.55,2.55,2.55,2.55,2.55,2.55,2.549999996,2.549999959,2.549999662,2.549997565,2.549984864,2.549918687,2.54962226,2.548479999,2.544689021,2.533831354,2.506900049,2.448724828,2.338359957,2.152296385,1.868576853
619,2.55,2.55,2.55,2.55,2.55,2.55,2.549999996,2.549999958,2.549999654,2.549997521,2.549984631,2.549917643,2.549618289,2.548467165,2.544653802,2.533749353,2.506738115,2.448453598,2.337974905,2.151834876,1.868115674
620,2.55,2.55,2.55,2.55,2.55,2.55,2.549999996,2.549999957,2.549999647,2.549997476,2.549984394,2.549916589,2.549614289,2.548454261,2.544618451,2.533667166,2.506576008,2.448182331,2.337590056,2.151373803,1.867654992
621,2.55,2.55,2.55,2.55,2.55,2.55,2.549999995,2.549999956,2.549999639,2.54999743,2.549984155,2.549915524,2.549610259,2.548441287,2.544582968,2.533584793,2.506413728,2.447911026,2.337205413,2.150913163,1.867194805
622,2.55,2.55,2.55,2.55,2.55,2.55,2.549999995,2.549999955,2.549999632,2.549997383,2.549983912,2.549914449,2.549606199,2.548428242,2.544547353,2.533502234,2.506251276,2.447639685,2.336820974,2.150452956,1.866735112
623,2.55,2.55,2.55,2.55,2.55,2.55,2.549999995,2.549999954,2.549999624,2.549997336,2.549983667,2.549913364,2.549602108,2.548415126,2.544511606,2.533419489,2.506088652,2.447368308,2.33643674,2.149993181,1.866275913
624,2.55,2.55,2.55,2.55,2.55,2.55,2.549999995,2.549999953,2.549999616,2.549997288,2.549983419,2.549912268,2.549597988,2.548401939,2.544475727,2.53333656,2.505925857,2.447096896,2.33605271,2.149533837,1.865817205
625,2.55,2.55,2.55,2.55,2.55,2.55,2.549999995,2.549999952,2.549999608,2.549997239,2.549983168,2.549911162,2.549593837,2.548388681,2.544439716,2.533253445,2.505762892,2.446825449,2.335668885,2.149074924,1.865358989
626,2.55,2.55,2.55,2.55,2.55,2.55,2.549999995,2.549999951,2.5499996,2.54999719,2.549982913,2.549910045,2.549589656,2.548375351,2.544403574,2.533170146,2.505599757,2.446553969,2.335285264,2.148616439,1.864901262
627,2.55,2.55,2.55,2.55,2.55,2.549999999,2.549999995,2.549999949,2.549999591,2.549997139,2.549982656,2.549908917,2.549585444,2.548361951,2.544367299,2.533086663,2.505436454,2.446282455,2.334901848,2.148158383,1.864444023
628,2.55,2.55,2.55,2.55,2.55,2.549999999,2.549999994,2.549999948,2.549999583,2.549997089,2.549982396,2.549907779,2.549581201,2.548348479,2.544330892,2.533002995,2.505272982,2.446010909,2.334518636,2.147700754,1.863987272
629,2.55,2.55,2.55,2.55,2.55,2.549999999,2.549999994,2.549999947,2.549999574,2.549997037,2.549982132,2.54990663,2.549576927,2.548334935,2.544294354,2.532919145,2.505109342,2.44573933,2.334135628,2.147243552,1.863531007
630,2.55,2.55,2.55,2.55,2.55,2.549999999,2.549999994,2.549999946,2.549999565,2.549996984,2.549981865,2.54990547,2.549572623,2.548321319,2.544257683,2.532835111,2.504945535,2.44546772,2.333752825,2.146786775,1.863075227
631,2.55,2.55,2.55,2.55,2.55,2.549999999,2.549999994,2.549999944,2.549999556,2.549996931,2.549981595,2.549904299,2.549568287,2.548307632,2.544220881,2.532750894,2.504781562,2.445196079,2.333370226,2.146330423,1.862619931
632,2.55,2.55,2.55,2.55,2.55,2.549999999,2.549999994,2.549999943,2.549999547,2.549996877,2.549981322,2.549903117,2.54956392,2.548293873,2.544183947,2.532666495,2.504617424,2.444924408,2.332987832,2.145874495,1.862165117
633,2.55,2.55,2.55,2.55,2.55,2.549999999,2.549999994,2.549999942,2.549999538,2.549996823,2.549981046,2.549901924,2.549559522,2.548280041,2.544146881,2.532581914,2.50445312,2.444652708,2.332605641,2.145418989,1.861710785
634,2.55,2.55,2.55,2.55,2.55,2.549999999,2.549999993,2.54999994,2.549999529,2.549996767,2.549980766,2.54990072,2.549555093,2.548266138,2.544109683,2.532497151,2.504288652,2.444380978,2.332223655,2.144963906,1.861256934
635,2.55,2.55,2.55,2.55,2.55,2.549999999,2.549999993,2.549999939,2.549999519,2.549996711,2.549980484,2.549899505,2.549550631,2.548252162,2.544072353,2.532412207,2.50412402,2.444109219,2.331841873,2.144509244,1.860803562
636,2.55,2.55,2.55,2.55,2.55,2.549999999,2.549999993,2.549999938,2.549999509,2.549996654,2.549980197,2.549898279,2.549546139,2.548238113,2.544034892,2.532327081,2.503959226,2.443837433,2.331460295,2.144055002,1.860350668
637,2.55,2.55,2.55,2.55,2.55,2.549999999,2.549999993,2.549999936,2.549999499,2.549996596,2.549979908,2.549897041,2.549541614,2.548223992,2.543997298,2.532241775,2.503794269,2.443565619,2.331078921,2.143601179,1.859898251
638,2.55,2.55,2.55,2.55,2.55,2.549999999,2.549999993,2.549999935,2.549999489,2.549996537,2.549979615,2.549895792,2.549537058,2.548209798,2.543959573,2.532156288,2.50362915,2.443293778,2.330697751,2.143147775,1.85944631
639,2.55,2.55,2.55,2.55,2.55,2.549999999,2.549999993,2.549999933,2.549999479,2.549996477,2.549979319,2.549894531,2.549532469,2.548195531,2.543921716,2.532070621,2.50346387,2.443021911,2.330316785,2.142694788,1.858994844
640,2.55,2.55,2.55,2.55,2.55,2.549999999,2.549999992,2.549999931,2.549999468,2.549996417,2.549979019,2.549893259,2.549527849,2.548181192,2.543883728,2.531984774,2.50329843,2.442750019,2.329936023,2.142242218,1.858543851
641,2.55,2.55,2.55,2.55,2.55,2.549999999,2.549999992,2.54999993,2.549999458,2.549996355,2.549978716,2.549891975,2.549523196,2.548166779,2.543845607,2.531898747,2.50313283,2.442478101,2.329555465,2.141790064,1.858093331
642,2.55,2.55,2.55,2.55,2.55,2.549999999,2.549999992,2.549999928,2.549999447,2.549996293,2.54997841,2.54989068,2.549518511,2.548152293,2.543807355,2.531812542,2.50296707,2.442206159,2.32917511,2.141338325,1.857643282
643,2.55,2.55,2.55,2.55,2.55,2.549999999,2.549999992,2.549999927,2.549999436,2.54999623,2.5499781,2.549889372,2.549513793,2.548137734,2.543768971,2.531726158,2.502801152,2.441934193,2.328794959,2.140887001,1.857193704
644,2.55,2.55,2.55,2.55,2.55,2.549999999,2.549999991,2.549999925,2.549999425,2.549996166,2.549977786,2.549888054,2.549509043,2.548123101,2.543730456,2.531639595,2.502635077,2.441662204,2.328415012,2.140436089,1.856744595
645,2.55,2.55,2.55,2.55,2.55,2.549999999,2.549999991,2.549999923,2.549999413,2.549996101,2.549977469,2.549886723,2.54950426,2.548108395,2.543691809,2.531552854,2.502468844,2.441390191,2.328035268,2.13998559,1.856295953
646,2.55,2.55,2.55,2.55,2.55,2.549999999,2.549999991,2.549999921,2.549999402,2.549996036,2.549977148,2.54988538,2.549499444,2.548093615,2.54365303,2.531465936,2.502302454,2.441118156,2.327655728,2.139535503,1.855847779
647,2.55,2.55,2.55,2.55,2.55,2.549999999,2.549999991,2.54999992,2.54999939,2.549995969,2.549976824,2.549884025,2.549494595,2.548078761,2.54361412,2.53137884,2.502135908,2.4408461,2.327276391,2.139085826,1.855400071
648,2.55,2.55,2.55,2.55,2.55,2.549999999,2.549999991,2.549999918,2.549999378,2.549995902,2.549976496,2.549882658,2.549489714,2.548063833,2.543575079,2.531291567,2.501969207,2.440574022,2.326897257,2.138636559,1.854952828
649,2.55,2.55,2.55,2.55,2.55,2.549999999,2.54999999,2.549999916,2.549999366,2.549995833,2.549976164,2.54988128,2.549484799,2.548048832,2.543535905,2.531204117,2.501802351,2.440301924,2.326518327,2.138187701,1.854506048
650,2.55,2.55,2.55,2.55,2.55,2.549999999,2.54999999,2.549999914,2.549999353,2.549995764,2.549975829,2.549879888,2.549479851,2.548033756,2.543496601,2.531116491,2.501635341,2.440029805,2.3261396,2.137739252,1.854059731
651,2.55,2.55,2.55,2.55,2.55,2.549999999,2.54999999,2.549999912,2.549999341,2.549995693,2.54997549,2.549878485,2.549474869,2.548018606,2.543457165,2.531028689,2.501468178,2.439757667,2.325761077,2.13729121,1.853613875
652,2.55,2.55,2.55,2.55,2.55,2.549999999,2.54999999,2.54999991,2.549999328,2.549995622,2.549975147,2.549877069,2.549469854,2.548003382,2.543417597,2.530940711,2.501300861,2.43948551,2.325382756,2.136843574,1.85316848
653,2.55,2.55,2.55,2.55,2.55,2.549999999,2.549999989,2.549999908,2.549999315,2.54999555,2.5499748,2.549875641,2.549464806,2.547988083,2.543377898,2.530852558,2.501133393,2.439213334,2.325004638,2.136396345,1.852723544
654,2.55,2.55,2.55,2.55,2.55,2.549999999,2.549999989,2.549999906,2.549999302,2.549995476,2.54997445,2.549874201,2.549459723,2.547972709,2.543338068,2.53076423,2.500965772,2.43894114,2.324626724,2.13594952,1.852279067
655,2.55,2.55,2.55,2.55,2.55,2.549999999,2.549999989,2.549999904,2.549999289,2.549995402,2.549974095,2.549872748,2.549454607,2.547957262,2.543298106,2.530675727,2.500798001,2.438668929,2.324249012,2.135503099,1.851835046
656,2.55,2.55,2.55,2.55,2.55,2.549999999,2.549999988,2.549999902,2.549999275,2.549995327,2.549973737,2.549871282,2.549449457,2.547941739,2.543258014,2.530587049,2.500630079,2.4383967,2.323871503,2.135057082,1.851391482
657,2.55,2.55,2.55,2.55,2.55,2.549999999,2.549999988,2.5499999,2.549999261,2.54999525,2.549973375,2.549869804,2.549444273,2.547926141,2.54321779,2.530498198,2.500462007,2.438124455,2.323494197,2.134611467,1.850948373
658,2.55,2.55,2.55,2.55,2.55,2.549999999,2.549999988,2.549999897,2.549999247,2.549995173,2.549973009,2.549868313,2.549439054,2.547910468,2.543177434,2.530409173,2.500293786,2.437852194,2.323117094,2.134166254,1.850505718
659,2.55,2.55,2.55,2.55,2.55,2.549999999,2.549999987,2.549999895,2.549999233,2.549995095,2.549972639,2.549866809,2.549433802,2.547894721,2.543136948,2.530319974,2.500125417,2.437579918,2.322740193,2.133721441,1.850063516
660,2.55,2.55,2.55,2.55,2.55,2.549999999,2.549999987,2.549999893,2.549999218,2.549995015,2.549972265,2.549865292,2.549428514,2.547878898,2.543096331,2.530230603,2.499956899,2.437307627,2.322363495,2.133277029,1.849621766
661,2.55,2.55,2.55,2.55,2.55,2.549999999,2.549999987,2.549999891,2.549999203,2.549994935,2.549971887,2.549863762,2.549423193,2.547863,2.543055582,2.530141059,2.499788234,2.437035321,2.321986999,2.132833016,1.849180473
662,2.55,2.55,2.55,2.55,2.55,2.549999999,2.549999987,2.549999888,2.549999188,2.549994853,2.549971505,2.549862219,2.549417837,2.547847026,2.543014703,2.530051342,2.499619422,2.436763001,2.321610705,2.132389401,1.848739635
663,2.55,2.55,2.55,2.55,2.55,2.549999999,2.549999986,2.549999886,2.549999173,2.549994771,2.549971119,2.549860664,2.549412446,2.547830977,2.542973692,2.529961454,2.499450464,2.436490668,2.321234614,2.131946184,1.848299248
664,2.55,2.55,2.55,2.55,2.55,2.549999998,2.549999986,2.549999883,2.549999158,2.549994687,2.549970728,2.549859095,2.54940702,2.547814852,2.542932551,2.529871394,2.499281361,2.436218322,2.320858725,2.131503364,1.847859312
665,2.55,2.55,2.55,2.55,2.55,2.549999998,2.549999985,2.549999881,2.549999142,2.549994602,2.549970334,2.549857513,2.549401559,2.547798652,2.542891278,2.529781162,2.499112112,2.435945964,2.320483038,2.13106094,1.847419825
666,2.55,2.55,2.55,2.55,2.55,2.549999998,2.549999985,2.549999878,2.549999126,2.549994517,2.549969935,2.549855917,2.549396063,2.547782376,2.542849875,2.52969076,2.498942719,2.435673593,2.320107554,2.130618911,1.846980786
667,2.55,2.55,2.55,2.55,2.55,2.549999998,2.549999985,2.549999876,2.54999911,2.54999443,2.549969533,2.549854308,2.549390532,2.547766024,2.542808341,2.529600187,2.498773182,2.435401211,2.319732271,2.130177276,1.846542193
668,2.55,2.55,2.55,2.55,2.55,2.549999998,2.549999984,2.549999873,2.549999093,2.549994341,2.549969125,2.549852686,2.549384966,2.547749595,2.542766677,2.529509444,2.498603502,2.435128819,2.31935719,2.129736036,1.846104045
669,2.55,2.55,2.55,2.55,2.55,2.549999998,2.549999984,2.54999987,2.549999077,2.549994252,2.549968714,2.54985105,2.549379364,2.547733091,2.542724881,2.529418531,2.498433679,2.434856415,2.31898231,2.129295188,1.845666342
670,2.55,2.55,2.55,2.55,2.55,2.549999998,2.549999984,2.549999867,2.54999906,2.549994162,2.549968298,2.549849401,2.549373727,2.547716511,2.542682955,2.529327448,2.498263714,2.434584002,2.318607633,2.128854732,1.845229082
671,2.55,2.55,2.55,2.55,2.55,2.549999998,2.549999983,2.549999865,2.549999042,2.54999407,2.549967878,2.549847738,2.549368055,2.547699854,2.542640899,2.529236196,2.498093607,2.434311579,2.318233157,2.128414668,1.844792263
672,2.55,2.55,2.55,2.55,2.55,2.549999998,2.549999983,2.549999862,2.549999025,2.549993977,2.549967454,2.549846062,2.549362346,2.547683121,2.542598712,2.529144775,2.49792336,2.434039147,2.317858883,2.127974994,1.844355886
673,2.55,2.55,2.55,2.55,2.55,2.549999998,2.549999982,2.549999859,2.549999007,2.549993884,2.549967025,2.549844371,2.549356602,2.547666311,2.542556394,2.529053185,2.497752972,2.433766706,2.31748481,2.12753571,1.843919948
674,2.55,2.55,2.55,2.55,2.55,2.549999998,2.549999982,2.549999856,2.549998989,2.549993788,2.549966592,2.549842667,2.549350821,2.547649425,2.542513946,2.528961427,2.497582445,2.433494257,2.317110938,2.127096816,1.843484449
675,2.55,2.55,2.55,2.55,2.55,2.549999998,2.549999982,2.549999853,2.549998971,2.549993692,2.549966154,2.549840949,2.549345005,2.547632463,2.542471368,2.528869501,2.497411778,2.433221801,2.316737268,2.126658309,1.843049388
676,2.55,2.55,2.55,2.55,2.55,2.549999998,2.549999981,2.54999985,2.549998952,2.549993595,2.549965712,2.549839217,2.549339153,2.547615423,2.542428659,2.528777408,2.497240973,2.432949337,2.316363799,2.12622019,1.842614764
677,2.55,2.55,2.55,2.55,2.55,2.549999998,2.549999981,2.549999847,2.549998933,2.549993496,2.549965265,2.549837471,2.549333264,2.547598307,2.54238582,2.528685147,2.497070029,2.432676867,2.31599053,2.125782458,1.842180575
678,2.55,2.55,2.55,2.55,2.55,2.549999998,2.54999998,2.549999843,2.549998914,2.549993396,2.549964814,2.549835711,2.549327339,2.547581113,2.542342851,2.52859272,2.496898949,2.43240439,2.315617463,2.125345111,1.841746821
679,2.55,2.55,2.55,2.55,2.55,2.549999998,2.54999998,2.54999984,2.549998894,2.549993295,2.549964358,2.549833936,2.549321377,2.547563843,2.542299751,2.528500126,2.496727731,2.432131908,2.315244597,2.124908151,1.8413135
680,2.55,2.55,2.55,2.55,2.55,2.549999998,2.549999979,2.549999837,2.549998875,2.549993192,2.549963898,2.549832148,2.549315379,2.547546495,2.542256522,2.528407365,2.496556377,2.43185942,2.314871931,2.124471574,1.840880613
681,2.55,2.55,2.55,2.55,2.55,2.549999998,2.549999979,2.549999833,2.549998855,2.549993088,2.549963432,2.549830345,2.549309344,2.54752907,2.542213163,2.528314439,2.496384887,2.431586927,2.314499467,2.124035381,1.840448156
682,2.55,2.55,2.55,2.55,2.55,2.549999998,2.549999978,2.54999983,2.549998834,2.549992983,2.549962963,2.549828527,2.549303273,2.547511568,2.542169673,2.528221348,2.496213262,2.43131443,2.314127202,2.123599572,1.840016131
683,2.55,2.55,2.55,2.55,2.55,2.549999997,2.549999978,2.549999827,2.549998814,2.549992877,2.549962488,2.549826695,2.549297164,2.547493989,2.542126054,2.528128091,2.496041502,2.431041929,2.313755139,2.123164145,1.839584535
684,2.55,2.55,2.55,2.55,2.55,2.549999997,2.549999977,2.549999823,2.549998793,2.549992769,2.549962009,2.549824849,2.549291019,2.547476332,2.542082305,2.528034669,2.495869609,2.430769424,2.313383275,2.122729099,1.839153367
685,2.55,2.55,2.55,2.55,2.55,2.549999997,2.549999977,2.549999819,2.549998771,2.54999266,2.549961524,2.549822988,2.549284836,2.547458597,2.542038426,2.527941083,2.495697581,2.430496916,2.313011612,2.122294434,1.838722628
686,2.55,2.55,2.55,2.55,2.55,2.549999997,2.549999976,2.549999816,2.54999875,2.54999255,2.549961036,2.549821112,2.549278616,2.547440785,2.541994417,2.527847332,2.495525421,2.430224406,2.31264015,2.121860149,1.838292315
687,2.55,2.55,2.55,2.55,2.55,2.549999997,2.549999976,2.549999812,2.549998728,2.549992438,2.549960542,2.549819222,2.549272359,2.547422895,2.541950279,2.527753418,2.495353128,2.429951893,2.312268887,2.121426244,1.837862428
688,2.55,2.55,2.55,2.55,2.55,2.549999997,2.549999975,2.549999808,2.549998706,2.549992325,2.549960043,2.549817317,2.549266064,2.547404928,2.541906011,2.52765934,2.495180704,2.429679378,2.311897824,2.120992717,1.837432965
689,2.55,2.55,2.55,2.55,2.55,2.549999997,2.549999974,2.549999804,2.549998683,2.54999221,2.549959539,2.549815397,2.549259732,2.547386882,2.541861613,2.527565099,2.495008148,2.429406862,2.311526961,2.120559568,1.837003926
690,2.55,2.55,2.55,2.55,2.55,2.549999997,2.549999974,2.5499998,2.54999866,2.549992095,2.549959031,2.549813462,2.549253362,2.547368759,2.541817086,2.527470695,2.494835461,2.429134346,2.311156298,2.120126796,1.836575311
691,2.55,2.55,2.55,2.55,2.55,2.549999997,2.549999973,2.549999796,2.549998637,2.549991977,2.549958517,2.549811512,2.549246955,2.547350557,2.54177243,2.527376128,2.494662644,2.428861828,2.310785835,2.119694401,1.836147116
692,2.55,2.55,2.55,2.55,2.55,2.549999997,2.549999973,2.549999792,2.549998613,2.549991859,2.549957999,2.549809547,2.549240509,2.547332277,2.541727645,2.5272814,2.494489698,2.42858931,2.310415571,2.119262381,1.835719343
693,2.55,2.55,2.55,2.55,2.55,2.549999997,2.549999972,2.549999788,2.549998589,2.549991739,2.549957475,2.549807567,2.549234026,2.547313919,2.54168273,2.52718651,2.494316622,2.428316793,2.310045507,2.118830736,1.83529199
694,2.55,2.55,2.55,2.55,2.55,2.549999997,2.549999971,2.549999784,2.549998565,2.549991617,2.549956946,2.549805571,2.549227504,2.547295483,2.541637686,2.527091458,2.494143418,2.428044277,2.309675642,2.118399466,1.834865056
695,2.55,2.55,2.55,2.55,2.55,2.549999997,2.549999971,2.54999978,2.54999854,2.549991494,2.549956412,2.549803561,2.549220945,2.547276968,2.541592513,2.526996245,2.493970086,2.427771761,2.309305976,2.11796857,1.83443854
696,2.55,2.55,2.55,2.55,2.55,2.549999996,2.54999997,2.549999775,2.549998516,2.54999137,2.549955873,2.549801534,2.549214347,2.547258375,2.54154721,2.526900871,2.493796626,2.427499247,2.30893651,2.117538046,1.834012441
697,2.55,2.55,2.55,2.55,2.55,2.549999996,2.549999969,2.549999771,2.54999849,2.549991244,2.549955329,2.549799493,2.549207711,2.547239703,2.541501779,2.526805336,2.493623039,2.427226736,2.308567243,2.117107894,1.833586758
698,2.55,2.55,2.55,2.55,2.55,2.549999996,2.549999969,2.549999766,2.549998465,2.549991116,2.54995478,2.549797436,2.549201036,2.547220953,2.541456219,2.526709642,2.493449326,2.426954226,2.308198174,2.116678114,1.833161491
699,2.55,2.55,2.55,2.55,2.55,2.549999996,2.549999968,2.549999762,2.549998438,2.549990988,2.549954225,2.549795363,2.549194323,2.547202124,2.54141053,2.526613788,2.493275487,2.42668172,2.307829304,2.116248704,1.832736637
700,2.55,2.55,2.55,2.55,2.55,2.549999996,2.549999967,2.549999757,2.549998412,2.549990857,2.549953665,2.549793275,2.549187571,2.547183216,2.541364713,2.526517774,2.493101523,2.426409216,2.307460634,2.115819665,1.832312198
701,2.55,2.55,2.55,2.55,2.55,2.549999996,2.549999967,2.549999752,2.549998385,2.549990725,2.5499531,2.549791171,2.54918078,2.547164229,2.541318767,2.526421601,2.492927433,2.426136716,2.307092161,2.115390995,1.83188817
702,2.55,2.55,2.55,2.55,2.55,2.549999996,2.549999966,2.549999748,2.549998358,2.549990592,2.549952529,2.549789051,2.549173951,2.547145164,2.541272692,2.526325269,2.49275322,2.425864221,2.306723888,2.114962694,1.831464555
703,2.55,2.55,2.55,2.55,2.55,2.549999996,2.549999965,2.549999743,2.549998331,2.549990457,2.549951953,2.549786916,2.549167082,2.547126019,2.541226488,2.526228779,2.492578882,2.425591729,2.306355812,2.11453476,1.83104135
704,2.55,2.55,2.55,2.55,2.55,2.549999996,2.549999964,2.549999738,2.549998303,2.54999032,2.549951371,2.549784764,2.549160175,2.547106796,2.541180156,2.526132131,2.492404422,2.425319243,2.305987935,2.114107194,1.830618555
705,2.55,2.55,2.55,2.55,2.55,2.549999996,2.549999963,2.549999733,2.549998274,2.549990182,2.549950784,2.549782597,2.549153228,2.547087493,2.541133696,2.526035325,2.492229838,2.425046761,2.305620257,2.113679994,1.830196168
706,2.55,2.55,2.55,2.55,2.55,2.549999995,2.549999963,2.549999727,2.549998246,2.549990042,2.549950192,2.549780413,2.549146242,2.547068111,2.541087108,2.525938361,2.492055133,2.424774286,2.305252776,2.11325316,1.82977419
707,2.55,2.55,2.55,2.55,2.549999999,2.549999995,2.549999962,2.549999722,2.549998217,2.549989901,2.549949594,2.549778213,2.549139216,2.547048649,2.541040391,2.52584124,2.491880305,2.424501816,2.304885493,2.112826692,1.829352618
708,2.55,2.55,2.55,2.55,2.549999999,2.549999995,2.549999961,2.549999717,2.549998187,2.549989758,2.54994899,2.549775997,2.549132151,2.547029109,2.540993546,2.525743963,2.491705357,2.424229353,2.304518408,2.112400588,1.828931453
709,2.55,2.55,2.55,2.55,2.549999999,2.549999995,2.54999996,2.549999711,2.549998157,2.549989613,2.549948381,2.549773765,2.549125047,2.547009489,2.540946574,2.525646529,2.491530288,2.423956896,2.304151521,2.111974847,1.828510693
710,2.55,2.55,2.55,2.55,2.549999999,2.549999995,2.549999959,2.549999706,2.549998127,2.549989467,2.549947766,2.549771517,2.549117903,2.546989789,2.540899473,2.525548939,2.491355099,2.423684447,2.303784831,2.11154947,1.828090338
711,2.55,2.55,2.55,2.55,2.549999999,2.549999995,2.549999958,2.5499997,2.549998096,2.549989319,2.549947146,2.549769252,2.549110719,2.54697001,2.540852244,2.525451193,2.49117979,2.423412005,2.303418339,2.111124455,1.827670386
712,2.55,2.55,2.55,2.55,2.549999999,2.549999995,2.549999957,2.549999695,2.549998065,2.549989169,2.549946519,2.54976697,2.549103495,2.546950151,2.540804888,2.525353291,2.491004362,2.423139571,2.303052045,2.110699802,1.827250836
713,2.55,2.55,2.55,2.55,2.549999999,2.549999995,2.549999957,2.549999689,2.549998033,2.549989018,2.549945887,2.549764672,2.549096231,2.546930213,2.540757403,2.525255235,2.490828815,2.422867145,2.302685947,2.11027551,1.826831689
714,2.55,2.55,2.55,2.55,2.549999999,2.549999994,2.549999956,2.549999683,2.549998001,2.549988865,2.54994525,2.549762358,2.549088928,2.546910195,2.540709792,2.525157023,2.49065315,2.422594728,2.302320047,2.109851579,1.826412942
715,2.55,2.55,2.55,2.55,2.549999999,2.549999994,2.549999955,2.549999677,2.549997969,2.54998871,2.549944606,2.549760027,2.549081584,2.546890097,2.540662052,2.525058658,2.490477368,2.42232232,2.301954344,2.109428007,1.825994595
716,2.55,2.55,2.55,2.55,2.549999999,2.549999994,2.549999954,2.549999671,2.549997936,2.549988554,2.549943957,2.549757679,2.549074199,2.546869919,2.540614185,2.524960138,2.490301469,2.422049922,2.301588837,2.109004794,1.825576647
717,2.55,2.55,2.55,2.55,2.549999999,2.549999994,2.549999953,2.549999665,2.549997902,2.549988395,2.549943301,2.549755314,2.549066775,2.546849661,2.540566191,2.524861464,2.490125453,2.421777533,2.301223528,2.10858194,1.825159098
718,2.55,2.55,2.55,2.55,2.549999999,2.549999994,2.549999952,2.549999659,2.549997869,2.549988235,2.54994264,2.549752932,2.54905931,2.546829323,2.54051807,2.524762637,2.489949321,2.421505154,2.300858415,2.108159443,1.824741945
719,2.55,2.55,2.55,2.55,2.549999999,2.549999994,2.549999951,2.549999652,2.549997834,2.549988074,2.549941973,2.549750533,2.549051804,2.546808905,2.540469821,2.524663657,2.489773073,2.421232786,2.300493499,2.107737303,1.82432519
720,2.55,2.55,2.55,2.55,2.549999999,2.549999994,2.54999995,2.549999646,2.5499978,2.54998791,2.549941299,2.549748117,2.549044258,2.546788407,2.540421445,2.524564523,2.48959671,2.420960429,2.300128779,2.10731552,1.82390883
721,2.55,2.55,2.55,2.55,2.549999999,2.549999993,2.549999948,2.549999639,2.549997765,2.549987745,2.54994062,2.549745684,2.549036671,2.546767828,2.540372942,2.524465238,2.489420233,2.420688083,2.299764256,2.106894092,1.823492872
722,2.55,2.55,2.55,2.55,2.549999999,2.549999993,2.549999947,2.549999633,2.549997729,2.549987577,2.549939935,2.549743234,2.549029043,2.54674717,2.540324312,2.5243658,2.489243641,2.420415749,2.299399929,2.10647302,1.823077315
723,2.55,2.55,2.55,2.55,2.549999999,2.549999993,2.549999946,2.549999626,2.549997693,2.549987408,2.549939243,2.549740767,2.549021374,2.546726431,2.540275556,2.52426621,2.489066936,2.420143427,2.299035798,2.106052302,1.822662155
724,2.55,2.55,2.55,2.55,2.549999999,2.549999993,2.549999945,2.549999619,2.549997656,2.549987238,2.549938546,2.549738282,2.549013665,2.546705611,2.540226672,2.524166469,2.488890118,2.419871117,2.298671863,2.105631937,1.82224739
725,2.55,2.55,2.55,2.55,2.549999999,2.549999993,2.549999944,2.549999612,2.549997619,2.549987065,2.549937842,2.54973578,2.549005914,2.546684711,2.540177662,2.524066577,2.488713188,2.419598819,2.298308123,2.105211926,1.82183302
726,2.55,2.55,2.55,2.55,2.549999999,2.549999993,2.549999943,2.549999605,2.549997582,2.54998689,2.549937132,2.549733261,2.548998122,2.546663731,2.540128526,2.523966534,2.488536145,2.419326535,2.29794458,2.104792267,1.821419043
727,2.55,2.55,2.55,2.55,2.549999999,2.549999992,2.549999942,2.549999598,2.549997544,2.549986714,2.549936416,2.549730724,2.548990288,2.54664267,2.540079263,2.523866341,2.48835899,2.419054264,2.297581232,2.10437296,1.821005457
728,2.55,2.55,2.55,2.55,2.549999999,2.549999992,2.54999994,2.549999591,2.549997505,2.549986535,2.549935693,2.549728169,2.548982413,2.546621529,2.540029873,2.523765997,2.488181724,2.418782007,2.297218079,2.103954004,1.820592263
729,2.55,2.55,2.55,2.55,2.549999999,2.549999992,2.549999939,2.549999583,2.549997466,2.549986355,2.549934964,2.549725597,2.548974497,2.546600306,2.539980357,2.523665503,2.488004348,2.418509764,2.296855122,2.103535399,1.820179459
730,2.55,2.55,2.55,2.55,2.549999999,2.549999992,2.549999938,2.549999576,2.549997426,2.549986173,2.549934229,2.549723007,2.548966539,2.546579004,2.539930715,2.52356486,2.487826862,2.418237535,2.296492361,2.103117143,1.819767044
731,2.55,2.55,2.55,2.55,2.549999999,2.549999992,2.549999937,2.549999568,2.549997386,2.549985988,2.549933487,2.549720399,2.54895854,2.54655762,2.539880947,2.523464068,2.487649265,2.417965321,2.296129794,2.102699237,1.819355017
732,2.55,2.55,2.55,2.55,2.549999999,2.549999992,2.549999935,2.54999956,2.549997346,2.549985802,2.549932739,2.549717773,2.548950498,2.546536155,2.539831053,2.523363127,2.48747156,2.417693122,2.295767422,2.102281679,1.818943377
733,2.55,2.55,2.55,2.55,2.549999999,2.549999991,2.549999934,2.549999552,2.549997305,2.549985614,2.549931985,2.549715129,2.548942415,2.54651461,2.539781033,2.523262037,2.487293746,2.417420938,2.295405246,2.101864469,1.818532124
734,2.55,2.55,2.55,2.55,2.549999999,2.549999991,2.549999933,2.549999544,2.549997263,2.549985424,2.549931224,2.549712468,2.54893429,2.546492983,2.539730887,2.523160799,2.487115823,2.417148771,2.295043263,2.101447607,1.818121256
735,2.55,2.55,2.55,2.55,2.549999999,2.549999991,2.549999931,2.549999536,2.549997221,2.549985231,2.549930456,2.549709788,2.548926122,2.546471276,2.539680615,2.523059413,2.486937793,2.416876619,2.294681476,2.101031091,1.817710773
736,2.55,2.55,2.55,2.55,2.549999999,2.549999991,2.54999993,2.549999528,2.549997178,2.549985037,2.549929682,2.54970709,2.548917913,2.546449487,2.539630218,2.52295788,2.486759655,2.416604484,2.294319883,2.100614921,1.817300673
737,2.55,2.55,2.55,2.55,2.549999999,2.549999991,2.549999928,2.54999952,2.549997135,2.549984841,2.549928901,2.549704374,2.548909661,2.546427618,2.539579695,2.5228562,2.486581411,2.416332365,2.293958485,2.100199096,1.816890957
738,2.55,2.55,2.55,2.55,2.549999999,2.54999999,2.549999927,2.549999511,2.549997091,2.549984642,2.549928113,2.549701639,2.548901367,2.546405667,2.539529047,2.522754372,2.48640306,2.416060264,2.29359728,2.099783617,1.816481622
739,2.55,2.55,2.55,2.55,2.549999999,2.54999999,2.549999926,2.549999503,2.549997047,2.549984442,2.549927319,2.549698886,2.548893031,2.546383635,2.539478273,2.522652398,2.486224603,2.41578818,2.29323627,2.099368481,1.816072669
740,2.55,2.55,2.55,2.55,2.549999999,2.54999999,2.549999924,2.549999494,2.549997002,2.549984239,2.549926518,2.549696115,2.548884652,2.546361522,2.539427374,2.522550278,2.486046041,2.415516114,2.292875454,2.098953689,1.815664096
741,2.55,2.55,2.55,2.55,2.549999999,2.54999999,2.549999923,2.549999485,2.549996956,2.549984034,2.549925711,2.549693325,2.548876231,2.546339327,2.53937635,2.522448012,2.485867374,2.415244066,2.292514832,2.09853924,1.815255903
742,2.55,2.55,2.55,2.55,2.549999999,2.549999989,2.549999921,2.549999476,2.54999691,2.549983828,2.549924896,2.549690517,2.548867766,2.546317051,2.539325201,2.5223456,2.485688602,2.414972036,2.292154403,2.098125134,1.814848088
743,2.55,2.55,2.55,2.55,2.549999999,2.549999989,2.549999919,2.549999467,2.549996864,2.549983619,2.549924075,2.54968769,2.548859259,2.546294694,2.539273927,2.522243043,2.485509726,2.414700025,2.291794168,2.097711369,1.814440651
744,2.55,2.55,2.55,2.55,2.549999999,2.549999989,2.549999918,2.549999458,2.549996817,2.549983408,2.549923246,2.549684844,2.54885071,2.546272255,2.539222529,2.522140341,2.485330747,2.414428033,2.291434127,2.097297945,1.814033592
745,2.55,2.55,2.55,2.55,2.549999999,2.549999989,2.549999916,2.549999448,2.549996769,2.549983194,2.549922411,2.54968198,2.548842117,2.546249734,2.539171005,2.522037494,2.485151664,2.41415606,2.291074279,2.096884861,1.813626908
746,2.55,2.55,2.55,2.55,2.549999999,2.549999988,2.549999915,2.549999439,2.54999672,2.549982979,2.549921569,2.549679096,2.548833481,2.546227133,2.539119357,2.521934503,2.484972479,2.413884108,2.290714624,2.096472118,1.813220601
747,2.55,2.55,2.55,2.55,2.549999999,2.549999988,2.549999913,2.549999429,2.549996671,2.549982761,2.54992072,2.549676194,2.548824802,2.546204449,2.539067584,2.521831368,2.484793192,2.413612175,2.290355162,2.096059714,1.812814667
748,2.55,2.55,2.55,2.55,2.549999999,2.549999988,2.549999911,2.549999419,2.549996622,2.549982541,2.549919864,2.549673273,2.54881608,2.546181684,2.539015687,2.521728089,2.484613803,2.413340262,2.289995893,2.095647648,1.812409108
749,2.55,2.55,2.55,2.55,2.549999998,2.549999988,2.549999909,2.549999409,2.549996572,2.549982319,2.549919,2.549670332,2.548807314,2.546158837,2.538963665,2.521624667,2.484434312,2.41306837,2.289636817,2.09523592,1.812003922
750,2.55,2.55,2.55,2.55,2.549999998,2.549999987,2.549999908,2.549999399,2.549996521,2.549982095,2.54991813,2.549667373,2.548798506,2.546135909,2.53891152,2.521521102,2.484254721,2.412796498,2.289277934,2.09482453,1.811599108
751,2.55,2.55,2.55,2.55,2.549999998,2.549999987,2.549999906,2.549999389,2.549996469,2.549981868,2.549917252,2.549664394,2.548789653,2.546112898,2.53885925,2.521417395,2.484075029,2.412524648,2.288919243,2.094413477,1.811194666
752,2.55,2.55,2.55,2.55,2.549999998,2.549999987,2.549999904,2.549999378,2.549996417,2.549981639,2.549916368,2.549661396,2.548780757,2.546089806,2.538806856,2.521313545,2.483895237,2.41225282,2.288560745,2.09400276,1.810790594
753,2.55,2.55,2.55,2.55,2.549999998,2.549999986,2.549999902,2.549999368,2.549996365,2.549981407,2.549915476,2.549658379,2.548771818,2.546066632,2.538754338,2.521209552,2.483715346,2.411981013,2.288202439,2.093592379,1.810386892
754,2.55,2.55,2.55,2.55,2.549999998,2.549999986,2.5499999,2.549999357,2.549996311,2.549981174,2.549914576,2.549655342,2.548762834,2.546043376,2.538701697,2.521105419,2.483535356,2.411709229,2.287844325,2.093182333,1.80998356
755,2.55,2.55,2.55,2.55,2.549999998,2.549999986,2.549999898,2.549999346,2.549996257,2.549980938,2.54991367,2.549652286,2.548753807,2.546020038,2.538648931,2.521001143,2.483355267,2.411437466,2.287486403,2.092772621,1.809580595
756,2.55,2.55,2.55,2.55,2.549999998,2.549999986,2.549999896,2.549999335,2.549996203,2.549980699,2.549912756,2.54964921,2.548744736,2.545996618,2.538596042,2.520896727,2.48317508,2.411165727,2.287128674,2.092363243,1.809177999
757,2.55,2.55,2.55,2.55,2.549999998,2.549999985,2.549999894,2.549999324,2.549996147,2.549980459,2.549911834,2.549646115,2.548735621,2.545973117,2.53854303,2.52079217,2.482994795,2.410894011,2.286771136,2.091954198,1.808775769
758,2.55,2.55,2.55,2.55,2.549999998,2.549999985,2.549999892,2.549999313,2.549996091,2.549980216,2.549910906,2.549643,2.548726462,2.545949533,2.538489894,2.520687472,2.482814413,2.410622317,2.286413789,2.091545487,1.808373906
759,2.55,2.55,2.55,2.55,2.549999998,2.549999985,2.54999989,2.549999301,2.549996035,2.54997997,2.549909969,2.549639865,2.548717259,2.545925867,2.538436635,2.520582634,2.482633934,2.410350648,2.286056634,2.091137107,1.807972407
760,2.55,2.55,2.55,2.55,2.549999998,2.549999984,2.549999888,2.549999289,2.549995977,2.549979722,2.549909026,2.54963671,2.548708011,2.545902119,2.538383253,2.520477657,2.482453358,2.410079002,2.285699671,2.090729059,1.807571274
761,2.55,2.55,2.55,2.55,2.549999998,2.549999984,2.549999886,2.549999277,2.549995919,2.549979472,2.549908074,2.549633536,2.548698719,2.545878288,2.538329748,2.520372539,2.482272687,2.409807381,2.285342899,2.090321341,1.807170504
762,2.55,2.55,2.55,2.55,2.549999998,2.549999984,2.549999884,2.549999265,2.549995861,2.549979219,2.549907115,2.549630341,2.548689383,2.545854376,2.53827612,2.520267283,2.48209192,2.409535784,2.284986318,2.089913954,1.806770097
763,2.55,2.55,2.55,2.55,2.549999998,2.549999983,2.549999882,2.549999253,2.549995801,2.549978964,2.549906149,2.549627127,2.548680002,2.545830381,2.538222369,2.520161888,2.481911058,2.409264211,2.284629928,2.089506897,1.806370052
764,2.55,2.55,2.55,2.55,2.549999998,2.549999983,2.549999879,2.549999241,2.549995741,2.549978706,2.549905175,2.549623892,2.548670577,2.545806304,2.538168495,2.520056354,2.481730101,2.408992664,2.284273729,2.089100169,1.80597037
765,2.55,2.55,2.55,2.55,2.549999998,2.549999982,2.549999877,2.549999228,2.54999568,2.549978445,2.549904193,2.549620638,2.548661107,2.545782144,2.538114499,2.519950682,2.48154905,2.408721142,2.28391772,2.08869377,1.805571047
766,2.55,2.55,2.55,2.55,2.549999998,2.549999982,2.549999875,2.549999216,2.549995619,2.549978182,2.549903203,2.549617363,2.548651592,2.545757903,2.53806038,2.519844872,2.481367906,2.408449646,2.283561902,2.088287698,1.805172085
767,2.55,2.55,2.55,2.55,2.549999998,2.549999982,2.549999872,2.549999203,2.549995557,2.549977917,2.549902206,2.549614067,2.548642033,2.545733578,2.538006139,2.519738925,2.481186667,2.408178175,2.283206275,2.087881954,1.804773482
768,2.55,2.55,2.55,2.55,2.549999998,2.549999981,2.54999987,2.54999919,2.549995494,2.549977649,2.549901201,2.549610752,2.548632428,2.545709172,2.537951775,2.51963284,2.481005336,2.407906731,2.282850838,2.087476537,1.804375238
769,2.55,2.55,2.55,2.55,2.549999998,2.549999981,2.549999867,2.549999177,2.54999543,2.549977378,2.549900188,2.549607416,2.548622779,2.545684683,2.53789729,2.519526618,2.480823912,2.407635313,2.282495591,2.087071446,1.803977352
770,2.55,2.55,2.55,2.55,2.549999997,2.54999998,2.549999865,2.549999163,2.549995366,2.549977105,2.549899167,2.549604059,2.548613084,2.545660111,2.537842682,2.519420259,2.480642397,2.407363922,2.282140534,2.086666681,1.803579823
771,2.55,2.55,2.55,2.55,2.549999997,2.54999998,2.549999863,2.54999915,2.549995301,2.549976829,2.549898138,2.549600682,2.548603344,2.545635457,2.537787952,2.519313765,2.480460789,2.407092558,2.281785667,2.086262241,1.80318265
772,2.55,2.55,2.55,2.55,2.549999997,2.54999998,2.54999986,2.549999136,2.549995235,2.549976551,2.549897101,2.549597284,2.548593559,2.54561072,2.537733101,2.519207134,2.48027909,2.406821221,2.28143099,2.085858126,1.802785833
773,2.55,2.55,2.55,2.55,2.549999997,2.549999979,2.549999857,2.549999122,2.549995168,2.54997627,2.549896056,2.549593865,2.548583729,2.545585901,2.537678127,2.519100367,2.480097301,2.406549911,2.281076502,2.085454334,1.802389371
774,2.55,2.55,2.55,2.55,2.549999997,2.549999979,2.549999855,2.549999108,2.5499951,2.549975986,2.549895003,2.549590426,2.548573853,2.545560999,2.537623033,2.518993465,2.47991542,2.40627863,2.280722204,2.085050867,1.801993263
775,2.55,2.55,2.55,2.55,2.549999997,2.549999978,2.549999852,2.549999093,2.549995032,2.5499757,2.549893942,2.549586966,2.548563932,2.545536015,2.537567816,2.518886428,2.47973345,2.406007376,2.280368096,2.084647722,1.801597509
776,2.55,2.55,2.55,2.55,2.549999997,2.549999978,2.549999849,2.549999079,2.549994963,2.54997541,2.549892873,2.549583485,2.548553965,2.545510948,2.537512479,2.518779256,2.479551391,2.405736151,2.280014176,2.084244899,1.801202108
777,2.55,2.55,2.55,2.55,2.549999997,2.549999977,2.549999847,2.549999064,2.549994893,2.549975118,2.549891796,2.549579983,2.548543953,2.545485798,2.53745702,2.51867195,2.479369242,2.405464954,2.279660446,2.083842398,1.800807058
778,2.55,2.55,2.55,2.55,2.549999997,2.549999977,2.549999844,2.549999049,2.549994823,2.549974824,2.54989071,2.54957646,2.548533895,2.545460565,2.53740144,2.518564509,2.479187004,2.405193787,2.279306905,2.083440218,1.80041236
779,2.55,2.55,2.55,2.55,2.549999997,2.549999976,2.549999841,2.549999034,2.549994752,2.549974526,2.549889616,2.549572915,2.548523791,2.54543525,2.537345739,2.518456935,2.479004678,2.404922648,2.278953552,2.083038359,1.800018013
780,2.55,2.55,2.55,2.55,2.549999997,2.549999976,2.549999838,2.549999019,2.549994679,2.549974226,2.549888514,2.54956935,2.548513642,2.545409852,2.537289917,2.518349227,2.478822264,2.404651539,2.278600389,2.08263682,1.799624016
781,2.55,2.55,2.55,2.55,2.549999997,2.549999976,2.549999835,2.549999003,2.549994606,2.549973923,2.549887404,2.549565763,2.548503446,2.545384371,2.537233974,2.518241385,2.478639762,2.404380459,2.278247413,2.0822356,1.799230388
782,2.55,2.55,2.55,2.55,2.549999997,2.549999975,2.549999832,2.549998987,2.549994533,2.549973617,2.549886285,2.549562155,2.548493204,2.545358807,2.537177911,2.518133411,2.478457173,2.404109409,2.277894626,2.0818347,1.798837128
783,2.55,2.55,2.55,2.55,2.549999997,2.549999974,2.549999829,2.549998971,2.549994458,2.549973308,2.549885157,2.549558526,2.548482916,2.545333161,2.537121727,2.518025304,2.478274498,2.40383839,2.277542028,2.081434118,1.798444226
784,2.55,2.55,2.55,2.55,2.549999996,2.549999974,2.549999826,2.549998955,2.549994382,2.549972997,2.549884022,2.549554875,2.548472583,2.545307431,2.537065422,2.517917065,2.478091736,2.4035674,2.277189617,2.081033853,1.798051681
785,2.55,2.55,2.55,2.55,2.549999996,2.549999973,2.549999823,2.549998939,2.549994306,2.549972683,2.549882877,2.549551202,2.548462202,2.545281619,2.537008997,2.517808694,2.477908888,2.403296442,2.276837395,2.080633906,1.79765949
786,2.55,2.55,2.55,2.55,2.549999996,2.549999973,2.54999982,2.549998922,2.549994229,2.549972365,2.549881725,2.549547508,2.548451776,2.545255723,2.536952452,2.517700191,2.477725955,2.403025514,2.27648536,2.080234276,1.797267653
787,2.55,2.55,2.55,2.55,2.549999996,2.549999972,2.549999816,2.549998905,2.549994151,2.549972045,2.549880563,2.549543793,2.548441303,2.545229745,2.536895787,2.517591557,2.477542936,2.402754618,2.276133514,2.079834962,1.796876166
788,2.55,2.55,2.55,2.55,2.549999996,2.549999972,2.549999813,2.549998888,2.549994072,2.549971722,2.549879393,2.549540055,2.548430783,2.545203684,2.536839002,2.517482792,2.477359833,2.402483752,2.275781854,2.079435964,1.79648503
789,2.55,2.55,2.55,2.55,2.549999996,2.549999971,2.54999981,2.549998871,2.549993992,2.549971396,2.549878215,2.549536296,2.548420217,2.545177539,2.536782098,2.517373896,2.477176645,2.402212919,2.275430382,2.079037281,1.796094243
790,2.55,2.55,2.55,2.549999999,2.549999996,2.549999971,2.549999806,2.549998853,2.549993912,2.549971067,2.549877027,2.549532515,2.548409605,2.545151312,2.536725073,2.517264869,2.476993374,2.401942117,2.275079098,2.078638912,1.795703804
791,2.55,2.55,2.55,2.549999999,2.549999996,2.54999997,2.549999803,2.549998836,2.54999383,2.549970734,2.549875831,2.549528712,2.548398946,2.545125002,2.536667929,2.517155712,2.476810019,2.401671348,2.274728001,2.078240857,1.795313712
792,2.55,2.55,2.55,2.549999999,2.549999996,2.549999969,2.5499998,2.549998818,2.549993748,2.549970399,2.549874626,2.549524887,2.548388239,2.545098608,2.536610665,2.517046426,2.476626581,2.401400611,2.27437709,2.077843116,1.794923967
793,2.55,2.55,2.55,2.549999999,2.549999996,2.549999969,2.549999796,2.549998799,2.549993664,2.549970061,2.549873413,2.54952104,2.548377487,2.545072132,2.536553282,2.51693701,2.47644306,2.401129907,2.274026367,2.077445688,1.794534567
794,2.55,2.55,2.55,2.549999999,2.549999996,2.549999968,2.549999792,2.549998781,2.54999358,2.54996972,2.54987219,2.549517171,2.548366687,2.545045572,2.53649578,2.516827464,2.476259456,2.400859235,2.27367583,2.077048573,1.794145512
795,2.55,2.55,2.55,2.549999999,2.549999995,2.549999968,2.549999789,2.549998762,2.549993495,2.549969376,2.549870959,2.54951328,2.54835584,2.545018929,2.536438159,2.51671779,2.476075771,2.400588597,2.27332548,2.076651769,1.7937568
796,2.55,2.55,2.55,2.549999999,2.549999995,2.549999967,2.549999785,2.549998743,2.549993409,2.549969028,2.549869718,2.549509366,2.548344946,2.544992203,2.536380418,2.516607987,2.475892004,2.400317992,2.272975316,2.076255277,1.793368431
797,2.55,2.55,2.55,2.549999999,2.549999995,2.549999966,2.549999781,2.549998724,2.549993322,2.549968678,2.549868469,2.54950543,2.548334005,2.544965394,2.536322559,2.516498056,2.475708156,2.40004742,2.272625339,2.075859096,1.792980405
798,2.55,2.55,2.55,2.549999999,2.549999995,2.549999966,2.549999778,2.549998705,2.549993234,2.549968324,2.549867211,2.549501472,2.548323017,2.544938502,2.536264581,2.516387996,2.475524227,2.399776882,2.272275548,2.075463225,1.79259272
799,2.55,2.55,2.55,2.549999999,2.549999995,2.549999965,2.549999774,2.549998685,2.549993145,2.549967968,2.549865943,2.549497491,2.548311981,2.544911526,2.536206485,2.516277809,2.475340217,2.399506379,2.271925943,2.075067664,1.792205375
800,2.55,2.55,2.55,2.549999999,2.549999995,2.549999964,2.54999977,2.549998665,2.549993055,2.549967608,2.549864666,2.549493488,2.548300898,2.544884468,2.53614827,2.516167495,2.475156128,2.399235909,2.271576524,2.074672412,1.79181837
801,2.55,2.55,2.55,2.549999999,2.549999995,2.549999964,2.549999766,2.549998645,2.549992964,2.549967245,2.549863381,2.549489462,2.548289768,2.544857326,2.536089936,2.516057053,2.474971959,2.398965475,2.271227291,2.07427747,1.791431705
802,2.55,2.55,2.55,2.549999999,2.549999995,2.549999963,2.549999762,2.549998625,2.549992873,2.549966878,2.549862086,2.549485413,2.54827859,2.544830101,2.536031485,2.515946484,2.47478771,2.398695074,2.270878243,2.073882835,1.791045377
803,2.55,2.55,2.55,2.549999999,2.549999995,2.549999962,2.549999758,2.549998604,2.54999278,2.549966509,2.549860782,2.549481342,2.548267364,2.544802792,2.535972915,2.515835789,2.474603383,2.398424709,2.270529381,2.073488509,1.790659388
804,2.55,2.55,2.55,2.549999999,2.549999995,2.549999961,2.549999753,2.549998583,2.549992686,2.549966136,2.549859468,2.549477248,2.548256091,2.5447754,2.535914227,2.515724968,2.474418977,2.398154379,2.270180704,2.07309449,1.790273735
805,2.55,2.55,2.55,2.549999999,2.549999994,2.549999961,2.549999749,2.549998562,2.549992591,2.54996576,2.549858145,2.549473131,2.54824477,2.544747925,2.535855421,2.515614021,2.474234493,2.397884085,2.269832212,2.072700778,1.789888418
806,2.55,2.55,2.55,2.549999999,2.549999994,2.54999996,2.549999745,2.549998541,2.549992496,2.549965381,2.549856813,2.549468991,2.548233402,2.544720367,2.535796498,2.515502948,2.474049932,2.397613826,2.269483905,2.072307372,1.789503436
807,2.55,2.55,2.55,2.549999999,2.549999994,2.549999959,2.549999741,2.549998519,2.549992399,2.549964998,2.549855472,2.549464828,2.548221985,2.544692725,2.535737457,2.515391749,2.473865292,2.397343603,2.269135784,2.071914272,1.78911879
808,2.55,2.55,2.55,2.549999999,2.549999994,2.549999958,2.549999736,2.549998497,2.549992301,2.549964612,2.549854121,2.549460642,2.548210521,2.544665,2.535678298,2.515280426,2.473680576,2.397073416,2.268787847,2.071521478,1.788734477
809,2.55,2.55,2.55,2.549999999,2.549999994,2.549999957,2.549999732,2.549998475,2.549992202,2.549964223,2.54985276,2.549456433,2.548199009,2.544637192,2.535619022,2.515168978,2.473495783,2.396803266,2.268440094,2.071128988,1.788350498
810,2.55,2.55,2.55,2.549999999,2.549999994,2.549999957,2.549999727,2.549998452,2.549992103,2.54996383,2.54985139,2.549452201,2.548187448,2.5446093,2.535559629,2.515057406,2.473310914,2.396533152,2.268092527,2.070736803,1.787966851
811,2.55,2.55,2.55,2.549999999,2.549999994,2.549999956,2.549999723,2.549998429,2.549992002,2.549963434,2.549850011,2.549447945,2.54817584,2.544581325,2.535500118,2.514945709,2.473125969,2.396263074,2.267745143,2.070344922,1.787583537
812,2.55,2.55,2.55,2.549999999,2.549999993,2.549999955,2.549999718,2.549998406,2.5499919,2.549963035,2.549848622,2.549443666,2.548164183,2.544553267,2.535440491,2.514833888,2.472940948,2.395993034,2.267397944,2.069953344,1.787200553
813,2.55,2.55,2.55,2.549999999,2.549999993,2.549999954,2.549999713,2.549998383,2.549991797,2.549962632,2.549847223,2.549439364,2.548152478,2.544525125,2.535380747,2.514721944,2.472755853,2.395723031,2.267050929,2.069562069,1.7868179
814,2.55,2.55,2.55,2.549999999,2.549999993,2.549999953,2.549999708,2.549998359,2.549991693,2.549962226,2.549845814,2.549435039,2.548140725,2.5444969,2.535320886,2.514609877,2.472570682,2.395453065,2.266704097,2.069171097,1.786435578
815,2.55,2.55,2.55,2.549999999,2.549999993,2.549999952,2.549999704,2.549998335,2.549991588,2.549961816,2.549844396,2.549430689,2.548128923,2.544468591,2.535260908,2.514497687,2.472385437,2.395183137,2.26635745,2.068780426,1.786053584
816,2.55,2.55,2.55,2.549999999,2.549999993,2.549999951,2.549999699,2.549998311,2.549991482,2.549961402,2.549842968,2.549426317,2.548117073,2.544440199,2.535200814,2.514385374,2.472200118,2.394913247,2.266010986,2.068390057,1.785671919
817,2.55,2.55,2.55,2.549999999,2.549999993,2.549999951,2.549999694,2.549998286,2.549991374,2.549960986,2.54984153,2.54942192,2.548105174,2.544411723,2.535140603,2.514272938,2.472014725,2.394643395,2.265664706,2.067999989,1.785290582
818,2.55,2.55,2.55,2.549999999,2.549999993,2.54999995,2.549999688,2.549998261,2.549991266,2.549960565,2.549840083,2.5494175,2.548093227,2.544383164,2.535080277,2.514160381,2.471829259,2.394373581,2.265318609,2.067610222,1.784909572
819,2.55,2.55,2.55,2.549999999,2.549999992,2.549999949,2.549999683,2.549998236,2.549991156,2.549960141,2.549838625,2.549413056,2.548081231,2.544354522,2.535019834,2.514047702,2.471643719,2.394103806,2.264972695,2.067220754,1.784528889
820,2.55,2.55,2.55,2.549999999,2.549999992,2.549999948,2.549999678,2.549998211,2.549991046,2.549959714,2.549837158,2.549408589,2.548069186,2.544325796,2.534959275,2.513934901,2.471458108,2.393834069,2.264626965,2.066831586,1.784148531
821,2.55,2.55,2.55,2.549999999,2.549999992,2.549999947,2.549999673,2.549998185,2.549990934,2.549959283,2.54983568,2.549404097,2.548057092,2.544296987,2.5348986,2.513821979,2.471272423,2.393564371,2.264281417,2.066442717,1.783768499
822,2.55,2.55,2.55,2.549999999,2.549999992,2.549999946,2.549999667,2.549998159,2.549990821,2.549958848,2.549834193,2.549399582,2.54804495,2.544268094,2.53483781,2.513708936,2.471086667,2.393294712,2.263936052,2.066054146,1.783388792
823,2.55,2.55,2.55,2.549999999,2.549999992,2.549999945,2.549999662,2.549998132,2.549990707,2.54995841,2.549832695,2.549395042,2.548032759,2.544239118,2.534776904,2.513595773,2.47090084,2.393025092,2.26359087,2.065665874,1.783009409
824,2.55,2.55,2.55,2.549999999,2.549999992,2.549999944,2.549999656,2.549998106,2.549990592,2.549957968,2.549831188,2.549390478,2.548020518,2.544210058,2.534715882,2.513482489,2.470714941,2.392755512,2.26324587,2.065277899,1.782630349
825,2.55,2.55,2.55,2.549999999,2.549999991,2.549999943,2.549999651,2.549998079,2.549990476,2.549957522,2.54982967,2.549385891,2.548008229,2.544180915,2.534654746,2.513369085,2.470528971,2.392485972,2.262901052,2.064890221,1.782251612
826,2.55,2.55,2.55,2.549999999,2.549999991,2.549999942,2.549999645,2.549998051,2.549990358,2.549957073,2.549828142,2.549381279,2.547995891,2.544151688,2.534593494,2.513255561,2.470342931,2.392216472,2.262556417,2.064502839,1.781873197
827,2.55,2.55,2.55,2.549999999,2.549999991,2.54999994,2.549999639,2.549998024,2.54999024,2.54995662,2.549826604,2.549376642,2.547983503,2.544122378,2.534532126,2.513141918,2.47015682,2.391947011,2.262211964,2.064115754,1.781495103
828,2.55,2.55,2.55,2.549999999,2.549999991,2.549999939,2.549999633,2.549997996,2.54999012,2.549956163,2.549825055,2.549371981,2.547971066,2.544092984,2.534470644,2.513028156,2.46997064,2.391677591,2.261867693,2.063728964,1.78111733
829,2.55,2.55,2.55,2.549999999,2.549999991,2.549999938,2.549999628,2.549997967,2.549989999,2.549955703,2.549823496,2.549367296,2.54795858,2.544063507,2.534409048,2.512914275,2.46978439,2.391408211,2.261523604,2.06334247,1.780739878
830,2.55,2.55,2.55,2.549999999,2.54999999,2.549999937,2.549999622,2.549997939,2.549989877,2.549955239,2.549821927,2.549362587,2.547946044,2.544033946,2.534347336,2.512800275,2.469598071,2.391138873,2.261179696,2.06295627,1.780362745
831,2.55,2.55,2.55,2.549999999,2.54999999,2.549999936,2.549999615,2.54999791,2.549989753,2.54995477,2.549820348,2.549357853,2.547933459,2.544004302,2.53428551,2.512686157,2.469411684,2.390869575,2.26083597,2.062570364,1.779985931
832,2.55,2.55,2.55,2.549999999,2.54999999,2.549999935,2.549999609,2.54999788,2.549989629,2.549954298,2.549818758,2.549353094,2.547920825,2.543974574,2.53422357,2.512571921,2.469225227,2.390600318,2.260492425,2.062184752,1.779609435
833,2.55,2.55,2.55,2.549999999,2.54999999,2.549999934,2.549999603,2.549997851,2.549989503,2.549953823,2.549817157,2.549348311,2.547908141,2.543944763,2.534161515,2.512457567,2.469038703,2.390331102,2.260149061,2.061799433,1.779233257
834,2.55,2.55,2.55,2.549999999,2.54999999,2.549999932,2.549999597,2.549997821,2.549989376,2.549953343,2.549815546,2.549343503,2.547895407,2.543914868,2.534099346,2.512343096,2.468852111,2.390061928,2.259805879,2.061414407,1.778857397
835,2.55,2.55,2.55,2.549999999,2.549999989,2.549999931,2.54999959,2.54999779,2.549989247,2.549952859,2.549813925,2.54933867,2.547882624,2.54388489,2.534037063,2.512228507,2.468665452,2.389792795,2.259462877,2.061029673,1.778481852
836,2.55,2.55,2.55,2.549999998,2.549999989,2.54999993,2.549999584,2.549997759,2.549989118,2.549952372,2.549812293,2.549333812,2.547869791,2.543854828,2.533974666,2.512113802,2.468478726,2.389523704,2.259120057,2.060645231,1.778106624
837,2.55,2.55,2.55,2.549999998,2.549999989,2.549999929,2.549999577,2.549997728,2.549988987,2.549951881,2.54981065,2.549328929,2.547856908,2.543824683,2.533912155,2.51199898,2.468291933,2.389254656,2.258777417,2.06026108,1.777731711
838,2.55,2.55,2.55,2.549999998,2.549999989,2.549999927,2.54999957,2.549997697,2.549988855,2.549951385,2.549808996,2.549324022,2.547843975,2.543794454,2.533849531,2.511884041,2.468105073,2.388985649,2.258434957,2.05987722,1.777357113
839,2.55,2.55,2.55,2.549999998,2.549999989,2.549999926,2.549999564,2.549997665,2.549988721,2.549950886,2.549807332,2.549319089,2.547830993,2.543764142,2.533786793,2.511768987,2.467918148,2.388716685,2.258092678,2.059493651,1.776982829
840,2.55,2.55,2.55,2.549999998,2.549999988,2.549999925,2.549999557,2.549997633,2.549988587,2.549950383,2.549805657,2.549314131,2.54781796,2.543733746,2.533723942,2.511653817,2.467731156,2.388447764,2.257750579,2.059110371,1.776608854
841,2.55,2.55,2.55,2.549999998,2.549999988,2.549999923,2.54999955,2.5499976,2.549988451,2.549949875,2.549803971,2.549309148,2.547804877,2.543703267,2.533660978,2.511538532,2.4675441,2.388178885,2.25740866,2.058727381,1.77623518
842,2.55,2.55,2.55,2.549999998,2.549999988,2.549999922,2.549999543,2.549997567,2.549988313,2.549949364,2.549802274,2.54930414,2.547791745,2.543672704,2.5335979,2.511423131,2.467356978,2.387910049,2.257066921,2.058344679,1.775861804
843,2.55,2.55,2.55,2.549999998,2.549999988,2.549999921,2.549999535,2.549997534,2.549988175,2.549948848,2.549800567,2.549299106,2.547778562,2.543642058,2.53353471,2.511307615,2.467169792,2.387641256,2.256725362,2.057962267,1.775488727
844,2.55,2.55,2.55,2.549999998,2.549999987,2.549999919,2.549999528,2.5499975,2.549988035,2.549948329,2.549798848,2.549294048,2.547765329,2.543611328,2.533471407,2.511191985,2.466982541,2.387372507,2.256383983,2.057580142,1.775115953
845,2.55,2.55,2.55,2.549999998,2.549999987,2.549999918,2.549999521,2.549997466,2.549987893,2.549947805,2.549797119,2.549288963,2.547752045,2.543580514,2.533407991,2.51107624,2.466795226,2.387103801,2.256042783,2.057198305,1.774743482
846,2.55,2.55,2.55,2.549999998,2.549999987,2.549999916,2.549999513,2.549997432,2.549987751,2.549947277,2.549795378,2.549283854,2.547738712,2.543549618,2.533344462,2.510960382,2.466607848,2.386835139,2.255701762,2.056816755,1.774371315
847,2.55,2.55,2.55,2.549999998,2.549999987,2.549999915,2.549999506,2.549997397,2.549987606,2.549946746,2.549793626,2.549278718,2.547725328,2.543518637,2.533280821,2.510844409,2.466420406,2.386566521,2.255360921,2.056435491,1.773999453
848,2.55,2.55,2.55,2.549999998,2.549999986,2.549999913,2.549999498,2.549997362,2.549987461,2.549946209,2.549791864,2.549273557,2.547711893,2.543487574,2.533217068,2.510728324,2.466232901,2.386297947,2.255020259,2.056054514,1.773627895
849,2.55,2.55,2.55,2.549999998,2.549999986,2.549999912,2.54999949,2.549997326,2.549987314,2.549945669,2.54979009,2.549268371,2.547698408,2.543456426,2.533153202,2.510612124,2.466045333,2.386029417,2.254679775,2.055673822,1.773256641
850,2.55,2.55,2.55,2.549999998,2.549999986,2.54999991,2.549999483,2.54999729,2.549987166,2.549945125,2.549788305,2.549263159,2.547684873,2.543425196,2.533089225,2.510495812,2.465857703,2.385760931,2.254339471,2.055293416,1.772885689
851,2.55,2.55,2.55,2.549999998,2.549999986,2.549999909,2.549999475,2.549997254,2.549987017,2.549944576,2.549786508,2.549257921,2.547671287,2.543393882,2.533025136,2.510379388,2.465670011,2.38549249,2.253999345,2.054913294,1.772515041
852,2.55,2.55,2.55,2.549999998,2.549999985,2.549999907,2.549999467,2.549997217,2.549986866,2.549944023,2.549784701,2.549252657,2.54765765,2.543362484,2.532960935,2.510262851,2.465482256,2.385224094,2.253659398,2.054533457,1.772144695
853,2.55,2.55,2.55,2.549999998,2.549999985,2.549999906,2.549999458,2.549997179,2.549986713,2.549943465,2.549782881,2.549247367,2.547643962,2.543331003,2.532896622,2.510146202,2.465294442,2.384955743,2.253319629,2.054153902,1.77177465
854,2.55,2.55,2.55,2.549999998,2.549999985,2.549999904,2.54999945,2.549997142,2.549986559,2.549942904,2.549781051,2.549242051,2.547630224,2.543299438,2.532832198,2.510029442,2.465106566,2.384687437,2.252980038,2.05377463,1.771404906
855,2.55,2.55,2.55,2.549999998,2.549999984,2.549999902,2.549999442,2.549997104,2.549986404,2.549942338,2.549779209,2.549236709,2.547616434,2.54326779,2.532767663,2.50991257,2.46491863,2.384419176,2.252640625,2.053395642,1.771035464
856,2.55,2.55,2.55,2.549999998,2.549999984,2.549999901,2.549999433,2.549997065,2.549986247,2.549941767,2.549777356,2.549231341,2.547602594,2.543236059,2.532703016,2.509795586,2.464730632,2.38415096,2.25230139,2.053016937,1.770666324
857,2.55,2.55,2.55,2.549999998,2.549999984,2.549999899,2.549999425,2.549997026,2.549986089,2.549941193,2.549775491,2.549225946,2.547588703,2.543204244,2.532638259,2.509678493,2.464542575,2.383882791,2.251962333,2.052638512,1.770297482
858,2.55,2.55,2.55,2.549999998,2.549999983,2.549999897,2.549999416,2.549996987,2.54998593,2.549940614,2.549773615,2.549220526,2.547574761,2.543172346,2.532573391,2.509561288,2.464354458,2.383614667,2.251623453,2.052260369,1.76992894
859,2.55,2.55,2.55,2.549999997,2.549999983,2.549999895,2.549999407,2.549996947,2.549985768,2.54994003,2.549771727,2.549215079,2.547560768,2.543140365,2.532508411,2.509443972,2.464166281,2.383346589,2.251284751,2.051882508,1.769560699
860,2.55,2.55,2.55,2.549999997,2.549999983,2.549999894,2.549999398,2.549996907,2.549985606,2.549939442,2.549769827,2.549209606,2.547546724,2.5431083,2.532443321,2.509326546,2.463978045,2.383078557,2.250946227,2.051504928,1.769192757
861,2.55,2.55,2.55,2.549999997,2.549999982,2.549999892,2.549999389,2.549996866,2.549985442,2.54993885,2.549767916,2.549204107,2.547532629,2.543076151,2.532378121,2.509209011,2.46378975,2.382810571,2.25060788,2.051127627,1.768825113
862,2.55,2.55,2.55,2.549999997,2.549999982,2.54999989,2.54999938,2.549996825,2.549985276,2.549938253,2.549765993,2.549198581,2.547518482,2.543043919,2.53231281,2.509091366,2.463601397,2.382542632,2.25026971,2.050750605,1.768457766
863,2.55,2.55,2.55,2.549999997,2.549999982,2.549999888,2.549999371,2.549996783,2.549985109,2.549937651,2.549764058,2.549193029,2.547504284,2.543011604,2.532247388,2.508973611,2.463412985,2.382274739,2.249931716,2.050373863,1.768090718
864,2.55,2.55,2.55,2.549999997,2.549999981,2.549999886,2.549999361,2.549996741,2.54998494,2.549937045,2.549762112,2.54918745,2.547490035,2.542979206,2.532181857,2.508855748,2.463224515,2.382006893,2.2495939,2.0499974,1.767723966
865,2.55,2.55,2.55,2.549999997,2.549999981,2.549999884,2.549999352,2.549996699,2.54998477,2.549936434,2.549760153,2.549181844,2.547475735,2.542946724,2.532116216,2.508737775,2.463035987,2.381739094,2.24925626,2.049621215,1.767357511
866,2.55,2.55,2.55,2.549999997,2.549999981,2.549999882,2.549999342,2.549996656,2.549984599,2.549935819,2.549758183,2.549176212,2.547461383,2.542914159,2.532050464,2.508619694,2.462847402,2.381471342,2.248918797,2.049245308,1.766991352
867,2.55,2.55,2.55,2.549999997,2.54999998,2.54999988,2.549999332,2.549996613,2.549984425,2.5499352,2.549756201,2.549170553,2.54744698,2.542881511,2.531984603,2.508501504,2.46265876,2.381203637,2.248581511,2.048869678,1.766625489
868,2.55,2.55,2.55,2.549999997,2.54999998,2.549999878,2.549999322,2.549996569,2.54998425,2.549934575,2.549754207,2.549164867,2.547432525,2.542848779,2.531918633,2.508383207,2.462470061,2.380935979,2.2482444,2.048494325,1.766259922
869,2.55,2.55,2.55,2.549999997,2.54999998,2.549999876,2.549999312,2.549996524,2.549984074,2.549933946,2.549752201,2.549159155,2.547418019,2.542815964,2.531852553,2.508264801,2.462281306,2.380668369,2.247907466,2.048119249,1.765894649
870,2.55,2.55,2.55,2.549999997,2.549999979,2.549999874,2.549999302,2.54999648,2.549983896,2.549933313,2.549750183,2.549153415,2.547403461,2.542783065,2.531786363,2.508146289,2.462092494,2.380400806,2.247570708,2.047744449,1.76552967
871,2.55,2.55,2.55,2.549999997,2.549999979,2.549999872,2.549999292,2.549996434,2.549983717,2.549932674,2.549748153,2.549147649,2.547388851,2.542750084,2.531720065,2.508027668,2.461903626,2.380133292,2.247234125,2.047369924,1.765164985
872,2.55,2.55,2.55,2.549999997,2.549999978,2.54999987,2.549999282,2.549996388,2.549983535,2.549932031,2.549746111,2.549141855,2.54737419,2.542717019,2.531653657,2.507908941,2.461714703,2.379865825,2.246897718,2.046995674,1.764800593
873,2.55,2.55,2.55,2.549999997,2.549999978,2.549999868,2.549999271,2.549996342,2.549983352,2.549931383,2.549744056,2.549136034,2.547359477,2.542683871,2.53158714,2.507790108,2.461525725,2.379598406,2.246561487,2.046621699,1.764436494
874,2.55,2.55,2.549999999,2.549999997,2.549999978,2.549999866,2.54999926,2.549996295,2.549983168,2.549930731,2.54974199,2.549130186,2.547344712,2.54265064,2.531520515,2.507671167,2.461336691,2.379331036,2.246225431,2.046247998,1.764072686
875,2.55,2.55,2.549999999,2.549999996,2.549999977,2.549999863,2.54999925,2.549996248,2.549982982,2.549930073,2.549739911,2.549124311,2.547329895,2.542617325,2.531453781,2.507552121,2.461147603,2.379063714,2.245889551,2.045874571,1.763709171
876,2.55,2.55,2.549999999,2.549999996,2.549999977,2.549999861,2.549999239,2.549996201,2.549982794,2.549929411,2.549737819,2.549118409,2.547315027,2.542583928,2.531386938,2.507432969,2.460958461,2.378796441,2.245553845,2.045501416,1.763345947
877,2.55,2.55,2.549999999,2.549999996,2.549999976,2.549999859,2.549999228,2.549996152,2.549982605,2.549928744,2.549735716,2.549112479,2.547300106,2.542550447,2.531319987,2.507313711,2.460769264,2.378529217,2.245218315,2.045128535,1.762983013
878,2.55,2.55,2.549999999,2.549999996,2.549999976,2.549999857,2.549999216,2.549996104,2.549982414,2.549928072,2.5497336,2.549106522,2.547285133,2.542516883,2.531252928,2.507194348,2.460580014,2.378262041,2.244882959,2.044755926,1.76262037
879,2.55,2.55,2.549999999,2.549999996,2.549999975,2.549999854,2.549999205,2.549996054,2.549982221,2.549927395,2.549731472,2.549100538,2.547270109,2.542483236,2.531185761,2.50707488,2.46039071,2.377994914,2.244547778,2.044383589,1.762258016
880,2.55,2.55,2.549999999,2.549999996,2.549999975,2.549999852,2.549999194,2.549996004,2.549982027,2.549926713,2.549729331,2.549094526,2.547255032,2.542449505,2.531118486,2.506955307,2.460201353,2.377727837,2.244212771,2.044011523,1.761895951
881,2.55,2.55,2.549999999,2.549999996,2.549999975,2.549999849,2.549999182,2.549995954,2.549981831,2.549926027,2.549727177,2.549088486,2.547239903,2.542415692,2.531051103,2.506835629,2.460011943,2.377460809,2.243877939,2.043639729,1.761534175
882,2.55,2.55,2.549999999,2.549999996,2.549999974,2.549999847,2.54999917,2.549995903,2.549981633,2.549925335,2.549725011,2.549082419,2.547224722,2.542381795,2.530983613,2.506715847,2.459822481,2.377193831,2.243543281,2.043268205,1.761172687
883,2.55,2.55,2.549999999,2.549999996,2.549999974,2.549999844,2.549999158,2.549995852,2.549981433,2.549924639,2.549722833,2.549076324,2.547209489,2.542347816,2.530916014,2.506595961,2.459632967,2.376926902,2.243208797,2.04289695,1.760811487
884,2.55,2.55,2.549999999,2.549999996,2.549999973,2.549999842,2.549999146,2.5499958,2.549981232,2.549923937,2.549720642,2.549070201,2.547194203,2.542313753,2.530848309,2.506475972,2.4594434,2.376660023,2.242874488,2.042525966,1.760450574
885,2.55,2.55,2.549999999,2.549999996,2.549999973,2.549999839,2.549999134,2.549995748,2.549981029,2.54992323,2.549718438,2.549064051,2.547178865,2.542279607,2.530780496,2.506355879,2.459253782,2.376393194,2.242540351,2.042155251,1.760089948
886,2.55,2.55,2.549999999,2.549999996,2.549999972,2.549999837,2.549999122,2.549995695,2.549980824,2.549922519,2.549716221,2.549057873,2.547163475,2.542245379,2.530712577,2.506235682,2.459064112,2.376126415,2.242206389,2.041784804,1.759729607
887,2.55,2.55,2.549999999,2.549999996,2.549999972,2.549999834,2.549999109,2.549995641,2.549980617,2.549921802,2.549713992,2.549051666,2.547148032,2.542211067,2.53064455,2.506115383,2.458874391,2.375859686,2.2418726,2.041414626,1.759369553
888,2.55,2.55,2.549999999,2.549999995,2.549999971,2.549999831,2.549999097,2.549995587,2.549980409,2.54992108,2.54971175,2.549045432,2.547132537,2.542176672,2.530576416,2.505994981,2.45868462,2.375593007,2.241538984,2.041044716,1.759009783
889,2.55,2.55,2.549999999,2.549999995,2.549999971,2.549999829,2.549999084,2.549995533,2.549980199,2.549920353,2.549709495,2.54903917,2.547116989,2.542142195,2.530508176,2.505874477,2.458494797,2.37532638,2.241205542,2.040675073,1.758650298
890,2.55,2.55,2.549999999,2.549999995,2.54999997,2.549999826,2.549999071,2.549995478,2.549979987,2.549919621,2.549707227,2.549032879,2.547101389,2.542107634,2.530439829,2.50575387,2.458304925,2.375059802,2.240872273,2.040305698,1.758291098
891,2.55,2.55,2.549999999,2.549999995,2.54999997,2.549999823,2.549999058,2.549995422,2.549979773,2.549918884,2.549704946,2.549026561,2.547085736,2.542072991,2.530371376,2.505633162,2.458115003,2.374793276,2.240539176,2.039936589,1.757932181
892,2.55,2.55,2.549999999,2.549999995,2.549999969,2.54999982,2.549999045,2.549995366,2.549979557,2.549918141,2.549702652,2.549020214,2.547070031,2.542038264,2.530302817,2.505512352,2.45792503,2.3745268,2.240206253,2.039567746,1.757573547
893,2.55,2.55,2.549999999,2.549999995,2.549999968,2.549999818,2.549999031,2.549995309,2.54997934,2.549917393,2.549700345,2.549013839,2.547054273,2.542003455,2.530234151,2.50539144,2.457735009,2.374260375,2.239873502,2.03919917,1.757215196
894,2.55,2.55,2.549999999,2.549999995,2.549999968,2.549999815,2.549999018,2.549995251,2.549979121,2.54991664,2.549698025,2.549007436,2.547038462,2.541968563,2.53016538,2.505270428,2.457544938,2.373994002,2.239540923,2.038830858,1.756857128
895,2.55,2.55,2.549999999,2.549999995,2.549999967,2.549999812,2.549999004,2.549995193,2.5499789,2.549915882,2.549695692,2.549001004,2.547022598,2.541933588,2.530096502,2.505149314,2.457354819,2.37372768,2.239208517,2.038462812,1.756499341
896,2.55,2.55,2.549999999,2.549999995,2.549999967,2.549999809,2.54999899,2.549995135,2.549978677,2.549915119,2.549693346,2.548994544,2.547006681,2.541898531,2.530027519,2.5050281,2.45716465,2.373461409,2.238876283,2.03809503,1.756141835
897,2.55,2.55,2.549999999,2.549999995,2.549999966,2.549999806,2.549998976,2.549995076,2.549978452,2.54991435,2.549690986,2.548988056,2.546990712,2.54186339,2.52995843,2.504906785,2.456974434,2.37319519,2.238544221,2.037727512,1.755784611
898,2.55,2.55,2.549999999,2.549999994,2.549999966,2.549999803,2.549998962,2.549995016,2.549978225,2.549913575,2.549688614,2.548981539,2.54697469,2.541828167,2.529889236,2.504785371,2.45678417,2.372929023,2.238212331,2.037360258,1.755427666
899,2.55,2.55,2.549999999,2.549999994,2.549999965,2.5499998,2.549998948,2.549994955,2.549977996,2.549912796,2.549686228,2.548974993,2.546958614,2.541792861,2.529819937,2.504663856,2.456593858,2.372662908,2.237880613,2.036993267,1.755071001
900,2.55,2.55,2.549999999,2.549999994,2.549999964,2.549999796,2.549998933,2.549994894,2.549977766,2.549912011,2.549683829,2.548968419,2.546942486,2.541757472,2.529750532,2.504542242,2.456403498,2.372396844,2.237549067,2.036626539,1.754714613
901,2.55,2.55,2.549999999,2.549999994,2.549999964,2.549999793,2.549998918,2.549994833,2.549977533,2.54991122,2.549681416,2.548961816,2.546926305,2.541722,2.529681023,2.504420529,2.456213091,2.372130833,2.237217691,2.036260073,1.754358477
902,2.55,2.55,2.549999999,2.549999994,2.549999963,2.54999979,2.549998904,2.549994771,2.549977299,2.549910425,2.54967899,2.548955184,2.546910071,2.541686446,2.529611409,2.504298716,2.456022638,2.371864874,2.236886488,2.03589387,1.754002591
903,2.55,2.55,2.549999999,2.549999994,2.549999962,2.549999787,2.549998888,2.549994708,2.549977062,2.549909623,2.54967655,2.548948523,2.546893783,2.541650809,2.529541689,2.504176805,2.455832137,2.371598967,2.236555455,2.035527928,1.753646964
904,2.55,2.55,2.549999999,2.549999994,2.549999962,2.549999783,2.549998873,2.549994645,2.549976824,2.549908817,2.549674097,2.548941834,2.546877442,2.54161509,2.529471866,2.504054795,2.455641591,2.371333113,2.236224594,2.035162248,1.753291602
905,2.55,2.55,2.549999999,2.549999994,2.549999961,2.54999978,2.549998858,2.54999458,2.549976583,2.549908004,2.549671631,2.548935115,2.546861049,2.541579288,2.529401938,2.503932687,2.455450998,2.371067312,2.235893903,2.034796828,1.752936505
906,2.55,2.55,2.549999999,2.549999993,2.54999996,2.549999777,2.549998842,2.549994516,2.549976341,2.549907186,2.549669151,2.548928368,2.546844602,2.541543403,2.529331905,2.50381048,2.455260359,2.370801563,2.235563383,2.034431669,1.752581674
907,2.55,2.55,2.549999999,2.549999993,2.54999996,2.549999773,2.549998826,2.549994451,2.549976097,2.549906363,2.549666657,2.548921591,2.546828101,2.541507436,2.529261768,2.503688176,2.455069675,2.370535867,2.235233034,2.034066769,1.752227109
908,2.55,2.55,2.549999999,2.549999993,2.549999959,2.54999977,2.549998811,2.549994385,2.54997585,2.549905534,2.54966415,2.548914786,2.546811548,2.541471387,2.529191528,2.503565775,2.454878945,2.370270224,2.234902855,2.03370213,1.751872811
909,2.55,2.55,2.549999999,2.549999993,2.549999958,2.549999766,2.549998794,2.549994318,2.549975602,2.549904699,2.549661629,2.548907951,2.546794941,2.541435255,2.529121183,2.503443275,2.454688171,2.370004634,2.234572846,2.033337749,1.75151878
910,2.55,2.55,2.549999999,2.549999993,2.549999958,2.549999763,2.549998778,2.549994251,2.549975351,2.549903859,2.549659094,2.548901087,2.54677828,2.54139904,2.529050735,2.503320679,2.454497351,2.369739098,2.234243008,2.032973628,1.751165016
911,2.55,2.55,2.549999999,2.549999993,2.549999957,2.549999759,2.549998762,2.549994183,2.549975099,2.549903013,2.549656545,2.548894194,2.546761566,2.541362743,2.528980183,2.503197986,2.454306488,2.369473615,2.23391334,2.032609764,1.750811519
912,2.55,2.55,2.549999999,2.549999993,2.549999956,2.549999755,2.549998745,2.549994114,2.549974844,2.549902161,2.549653983,2.548887272,2.546744799,2.541326363,2.528909528,2.503075197,2.454115579,2.369208185,2.233583841,2.032246159,1.750458289
913,2.55,2.55,2.549999999,2.549999993,2.549999955,2.549999752,2.549998728,2.549994045,2.549974588,2.549901304,2.549651406,2.54888032,2.546727978,2.541289902,2.528838769,2.502952311,2.453924627,2.368942809,2.233254512,2.031882811,1.750105325
914,2.55,2.55,2.549999999,2.549999992,2.549999955,2.549999748,2.549998711,2.549993975,2.549974329,2.549900441,2.549648816,2.548873339,2.546711104,2.541253357,2.528767907,2.502829329,2.453733632,2.368677487,2.232925353,2.031519721,1.749752627
915,2.55,2.55,2.549999999,2.549999992,2.549999954,2.549999744,2.549998694,2.549993905,2.549974068,2.549899572,2.549646212,2.548866328,2.546694176,2.541216731,2.528696942,2.502706251,2.453542592,2.368412219,2.232596363,2.031156887,1.749400196
916,2.55,2.55,2.549999999,2.549999992,2.549999953,2.54999974,2.549998676,2.549993833,2.549973806,2.549898698,2.549643594,2.548859288,2.546677195,2.541180022,2.528625874,2.502583078,2.45335151,2.368147004,2.232267543,2.030794309,1.749048031
917,2.55,2.55,2.549999999,2.549999992,2.549999952,2.549999736,2.549998659,2.549993762,2.549973541,2.549897817,2.549640962,2.548852218,2.54666016,2.541143231,2.528554704,2.502459809,2.453160385,2.367881844,2.231938892,2.030431988,1.748696131
918,2.55,2.55,2.549999999,2.549999992,2.549999951,2.549999732,2.549998641,2.549993689,2.549973273,2.549896931,2.549638315,2.548845119,2.546643071,2.541106357,2.528483431,2.502336445,2.452969217,2.367616738,2.231610409,2.030069921,1.748344497
919,2.55,2.55,2.549999999,2.549999992,2.549999951,2.549999728,2.549998623,2.549993616,2.549973004,2.549896039,2.549635655,2.54883799,2.546625928,2.541069402,2.528412055,2.502212986,2.452778006,2.367351686,2.231282096,2.02970811,1.747993128
920,2.55,2.55,2.549999999,2.549999991,2.54999995,2.549999724,2.549998605,2.549993542,2.549972733,2.549895141,2.54963298,2.548830831,2.546608732,2.541032364,2.528340577,2.502089433,2.452586754,2.367086689,2.230953951,2.029346553,1.747642023
921,2.55,2.55,2.549999999,2.549999991,2.549999949,2.54999972,2.549998586,2.549993467,2.549972459,2.549894237,2.549630291,2.548823643,2.546591482,2.540995244,2.528268997,2.501965786,2.452395459,2.366821746,2.230625975,2.028985251,1.747291183
922,2.55,2.55,2.549999999,2.549999991,2.549999948,2.549999716,2.549998567,2.549993392,2.549972183,2.549893327,2.549627588,2.548816424,2.546574178,2.540958042,2.528197314,2.501842044,2.452204123,2.366556858,2.230298167,2.028624202,1.746940608
923,2.55,2.55,2.549999999,2.549999991,2.549999947,2.549999711,2.549998549,2.549993315,2.549971906,2.549892411,2.549624871,2.548809176,2.54655682,2.540920758,2.52812553,2.501718208,2.452012746,2.366292025,2.229970528,2.028263407,1.746590296
924,2.55,2.55,2.549999998,2.549999991,2.549999946,2.549999707,2.54999853,2.549993239,2.549971625,2.549891489,2.549622139,2.548801898,2.546539408,2.540883392,2.528053644,2.501594279,2.451821327,2.366027247,2.229643057,2.027902864,1.746240248
925,2.55,2.55,2.549999998,2.549999991,2.549999945,2.549999703,2.54999851,2.549993161,2.549971343,2.549890561,2.549619393,2.54879459,2.546521942,2.540845944,2.527981656,2.501470257,2.451629868,2.365762523,2.229315753,2.027542574,1.745890463
926,2.55,2.55,2.549999998,2.54999999,2.549999944,2.549999698,2.549998491,2.549993083,2.549971058,2.549889627,2.549616633,2.548787251,2.546504423,2.540808413,2.527909567,2.501346141,2.451438368,2.365497855,2.228988618,2.027182536,1.74554094
927,2.55,2.55,2.549999998,2.54999999,2.549999944,2.549999694,2.549998471,2.549993004,2.549970772,2.549888687,2.549613858,2.548779883,2.546486849,2.540770801,2.527837377,2.501221932,2.451246827,2.365233242,2.22866165,2.02682275,1.74519168
928,2.55,2.55,2.549999998,2.54999999,2.549999943,2.549999689,2.549998451,2.549992924,2.549970482,2.549887741,2.549611068,2.548772485,2.546469221,2.540733107,2.527765085,2.501097631,2.451055246,2.364968685,2.22833485,2.026463215,1.744842683
929,2.55,2.55,2.549999998,2.54999999,2.549999942,2.549999685,2.549998431,2.549992844,2.549970191,2.549886789,2.549608264,2.548765056,2.546451539,2.540695331,2.527692692,2.500973237,2.450863626,2.364704183,2.228008217,2.02610393,1.744493946
930,2.55,2.55,2.549999998,2.54999999,2.549999941,2.54999968,2.549998411,2.549992762,2.549969898,2.549885831,2.549605445,2.548757597,2.546433804,2.540657473,2.527620199,2.500848752,2.450671966,2.364439736,2.227681751,2.025744896,1.744145472
931,2.55,2.55,2.549999998,2.54999999,2.54999994,2.549999675,2.54999839,2.54999268,2.549969602,2.549884866,2.549602612,2.548750108,2.546416014,2.540619533,2.527547604,2.500724174,2.450480266,2.364175345,2.227355453,2.025386112,1.743797258
932,2.55,2.55,2.549999998,2.549999989,2.549999939,2.549999671,2.549998369,2.549992598,2.549969303,2.549883896,2.549599764,2.548742588,2.546398169,2.540581512,2.527474909,2.500599504,2.450288528,2.36391101,2.227029321,2.025027578,1.743449305
933,2.55,2.55,2.549999998,2.549999989,2.549999938,2.549999666,2.549998348,2.549992514,2.549969003,2.549882919,2.549596902,2.548735038,2.546380271,2.540543408,2.527402114,2.500474743,2.45009675,2.363646731,2.226703356,2.024669293,1.743101612
934,2.55,2.55,2.549999998,2.549999989,2.549999937,2.549999661,2.549998327,2.54999243,2.5499687,2.549881935,2.549594024,2.548727458,2.546362318,2.540505223,2.527329218,2.500349891,2.449904934,2.363382508,2.226377558,2.024311256,1.742754179
935,2.55,2.55,2.549999998,2.549999989,2.549999936,2.549999656,2.549998306,2.549992345,2.549968395,2.549880946,2.549591132,2.548719847,2.546344311,2.540466956,2.527256221,2.500224948,2.44971308,2.363118341,2.226051927,2.023953468,1.742407006
936,2.55,2.55,2.549999998,2.549999989,2.549999935,2.549999651,2.549998284,2.549992259,2.549968087,2.54987995,2.549588225,2.548712205,2.54632625,2.540428608,2.527183125,2.500099915,2.449521187,2.362854231,2.225726462,2.023595928,1.742060092
937,2.55,2.55,2.549999998,2.549999988,2.549999933,2.549999646,2.549998262,2.549992172,2.549967777,2.549878948,2.549585303,2.548704533,2.546308134,2.540390178,2.527109929,2.49997479,2.449329257,2.362590176,2.225401163,2.023238636,1.741713436
938,2.55,2.55,2.549999998,2.549999988,2.549999932,2.549999641,2.54999824,2.549992085,2.549967465,2.54987794,2.549582366,2.54869683,2.546289964,2.540351666,2.527036633,2.499849576,2.449137289,2.362326178,2.22507603,2.02288159,1.741367039
939,2.55,2.55,2.549999998,2.549999988,2.549999931,2.549999636,2.549998217,2.549991997,2.54996715,2.549876925,2.549579414,2.548689097,2.54627174,2.540313073,2.526963237,2.499724271,2.448945283,2.362062237,2.224751063,2.022524792,1.7410209
940,2.55,2.55,2.549999998,2.549999988,2.54999993,2.54999963,2.549998195,2.549991907,2.549966833,2.549875904,2.549576448,2.548681333,2.546253461,2.540274398,2.526889742,2.499598877,2.44875324,2.361798352,2.224426262,2.02216824,1.740675018
941,2.55,2.55,2.549999998,2.549999987,2.549999929,2.549999625,2.549998172,2.549991818,2.549966514,2.549874876,2.549573466,2.548673537,2.546235128,2.540235641,2.526816147,2.499473393,2.44856116,2.361534524,2.224101627,2.021811933,1.740329394
942,2.55,2.55,2.549999998,2.549999987,2.549999928,2.54999962,2.549998149,2.549991727,2.549966192,2.549873842,2.549570469,2.548665712,2.54621674,2.540196804,2.526742453,2.49934782,2.448369044,2.361270753,2.223777157,2.021455873,1.739984027
943,2.55,2.55,2.549999998,2.549999987,2.549999927,2.549999614,2.549998125,2.549991636,2.549965867,2.549872802,2.549567457,2.548657855,2.546198298,2.540157884,2.52666866,2.499222158,2.448176891,2.361007038,2.223452852,2.021100058,1.739638916
944,2.55,2.55,2.549999998,2.549999987,2.549999926,2.549999609,2.549998102,2.549991543,2.54996554,2.549871755,2.549564429,2.548649967,2.546179801,2.540118884,2.526594768,2.499096407,2.447984702,2.360743381,2.223128713,2.020744487,1.739294061
945,2.55,2.55,2.549999998,2.549999987,2.549999924,2.549999603,2.549998078,2.54999145,2.549965211,2.549870701,2.549561387,2.548642048,2.54616125,2.540079802,2.526520778,2.498970567,2.447792477,2.360479781,2.222804739,2.020389161,1.738949461
946,2.55,2.55,2.549999998,2.549999986,2.549999923,2.549999598,2.549998054,2.549991356,2.549964879,2.549869641,2.549558329,2.548634098,2.546142644,2.540040638,2.526446688,2.498844639,2.447600216,2.360216238,2.222480929,2.020034079,1.738605117
947,2.55,2.55,2.549999998,2.549999986,2.549999922,2.549999592,2.549998029,2.549991261,2.549964545,2.549868574,2.549555256,2.548626117,2.546123983,2.540001394,2.5263725,2.498718623,2.44740792,2.359952753,2.222157285,2.019679241,1.738261028
948,2.55,2.55,2.549999998,2.549999986,2.549999921,2.549999586,2.549998004,2.549991166,2.549964208,2.549867501,2.549552168,2.548618105,2.546105268,2.539962068,2.526298214,2.498592519,2.447215589,2.359689325,2.221833805,2.019324646,1.737917194
949,2.55,2.55,2.549999997,2.549999986,2.549999919,2.54999958,2.54999798,2.549991069,2.549963869,2.549866421,2.549549064,2.548610062,2.546086498,2.539922661,2.526223829,2.498466327,2.447023222,2.359425954,2.221510489,2.018970294,1.737573613
950,2.55,2.55,2.549999997,2.549999985,2.549999918,2.549999574,2.549997954,2.549990972,2.549963527,2.549865334,2.549545945,2.548601987,2.546067673,2.539883172,2.526149347,2.498340048,2.446830821,2.359162641,2.221187338,2.018616184,1.737230286
951,2.55,2.55,2.549999997,2.549999985,2.549999917,2.549999568,2.549997929,2.549990874,2.549963182,2.549864241,2.54954281,2.548593882,2.546048794,2.539843603,2.526074766,2.498213681,2.446638385,2.358899386,2.220864352,2.018262317,1.736887213
952,2.55,2.549999999,2.549999997,2.549999985,2.549999916,2.549999562,2.549997903,2.549990774,2.549962835,2.549863141,2.54953966,2.548585744,2.546029859,2.539803953,2.526000088,2.498087228,2.446445914,2.358636189,2.220541529,2.017908692,1.736544393
953,2.55,2.549999999,2.549999997,2.549999984,2.549999914,2.549999556,2.549997877,2.549990674,2.549962486,2.549862034,2.549536495,2.548577576,2.54601087,2.539764221,2.525925311,2.497960688,2.44625341,2.358373049,2.22021887,2.017555308,1.736201825
954,2.55,2.549999999,2.549999997,2.549999984,2.549999913,2.54999955,2.549997851,2.549990574,2.549962133,2.549860921,2.549533313,2.548569376,2.545991826,2.539724408,2.525850438,2.497834061,2.446060872,2.358109968,2.219896375,2.017202165,1.735859509
955,2.55,2.549999999,2.549999997,2.549999984,2.549999911,2.549999544,2.549997825,2.549990472,2.549961779,2.549859801,2.549530116,2.548561144,2.545972728,2.539684515,2.525775467,2.497707348,2.4458683,2.357846945,2.219574043,2.016849262,1.735517445
956,2.55,2.549999999,2.549999997,2.549999984,2.54999991,2.549999537,2.549997798,2.549990369,2.549961421,2.549858674,2.549526904,2.548552881,2.545953574,2.53964454,2.525700398,2.497580549,2.445675695,2.357583979,2.219251875,2.0164966,1.735175633
957,2.55,2.549999999,2.549999997,2.549999983,2.549999909,2.549999531,2.549997771,2.549990266,2.549961061,2.54985754,2.549523676,2.548544587,2.545934365,2.539604485,2.525625233,2.497453665,2.445483056,2.357321073,2.21892987,2.016144179,1.734834071
958,2.55,2.549999999,2.549999997,2.549999983,2.549999907,2.549999524,2.549997743,2.549990161,2.549960699,2.549856399,2.549520431,2.54853626,2.545915102,2.539564349,2.52554997,2.497326694,2.445290385,2.357058224,2.218608028,2.015791996,1.734492761
959,2.55,2.549999999,2.549999997,2.549999983,2.549999906,2.549999518,2.549997716,2.549990056,2.549960333,2.549855251,2.549517172,2.548527902,2.545895783,2.539524132,2.525474611,2.497199638,2.44509768,2.356795434,2.21828635,2.015440053,1.7341517
960,2.55,2.549999999,2.549999997,2.549999982,2.549999904,2.549999511,2.549997688,2.54998995,2.549959965,2.549854096,2.549513896,2.548519513,2.54587641,2.539483834,2.525399155,2.497072498,2.444904944,2.356532703,2.217964834,2.015088349,1.733810891
961,2.55,2.549999999,2.549999997,2.549999982,2.549999903,2.549999504,2.54999766,2.549989842,2.549959595,2.549852935,2.549510604,2.548511091,2.545856981,2.539443455,2.525323602,2.496945272,2.444712175,2.35627003,2.217643481,2.014736883,1.733470355
962,2.55,2.549999999,2.549999997,2.549999982,2.549999901,2.549999497,2.549997631,2.549989734,2.549959221,2.549851766,2.549507297,2.548502638,2.545837498,2.539402996,2.525247953,2.496817961,2.444519373,2.356007416,2.21732229,2.014385656,1.733130095
963,2.55,2.549999999,2.549999997,2.549999982,2.5499999,2.54999949,2.549997603,2.549989625,2.549958845,2.549850591,2.549503974,2.548494153,2.545817959,2.539362456,2.525172208,2.496690566,2.444326541,2.355744861,2.217001262,2.014034666,1.732790096
964,2.55,2.549999999,2.549999997,2.549999981,2.549999898,2.549999483,2.549997574,2.549989515,2.549958466,2.549849408,2.549500634,2.548485636,2.545798365,2.539321835,2.525096366,2.496563087,2.444133676,2.355482364,2.216680397,2.013683914,1.732450358
965,2.55,2.549999999,2.549999997,2.549999981,2.549999897,2.549999476,2.549997544,2.549989404,2.549958085,2.549848219,2.549497279,2.548477086,2.545778717,2.539281134,2.525020429,2.496435524,2.44394078,2.355219927,2.216359693,2.013333399,1.732110879
966,2.55,2.549999999,2.549999997,2.549999981,2.549999895,2.549999469,2.549997515,2.549989292,2.5499577,2.549847022,2.549493907,2.548468505,2.545759013,2.539240352,2.524944396,2.496307877,2.443747853,2.354957549,2.216039152,2.01298312,1.731771656
967,2.55,2.549999999,2.549999996,2.54999998,2.549999893,2.549999462,2.549997485,2.549989179,2.549957313,2.549845818,2.54949052,2.548459892,2.545739254,2.53919949,2.524868267,2.496180146,2.443554895,2.35469523,2.215718772,2.012633078,1.731432688
968,2.55,2.549999999,2.549999996,2.54999998,2.549999892,2.549999455,2.549997454,2.549989066,2.549956923,2.549844607,2.549487116,2.548451247,2.545719439,2.539158547,2.524792042,2.496052332,2.443361906,2.35443297,2.215398554,2.012283272,1.731093975
969,2.55,2.549999999,2.549999996,2.54999998,2.54999989,2.549999447,2.549997424,2.549988951,2.549956531,2.549843389,2.549483696,2.54844257,2.54569957,2.539117524,2.524715722,2.495924435,2.443168887,2.35417077,2.215078497,2.011933702,1.730755515
970,2.55,2.549999999,2.549999996,2.549999979,2.549999888,2.54999944,2.549997393,2.549988835,2.549956135,2.549842164,2.549480259,2.54843386,2.545679645,2.53907642,2.524639307,2.495796455,2.442975837,2.353908629,2.214758602,2.011584367,1.730417308
971,2.55,2.549999999,2.549999996,2.549999979,2.549999887,2.549999432,2.549997362,2.549988718,2.549955737,2.549840931,2.549476807,2.548425118,2.545659665,2.539035236,2.524562796,2.495668393,2.442782758,2.353646548,2.214438868,2.011235267,1.730079353
972,2.55,2.549999999,2.549999996,2.549999978,2.549999885,2.549999424,2.549997331,2.5499886,2.549955336,2.549839692,2.549473338,2.548416344,2.54563963,2.538993972,2.524486191,2.495540248,2.442589648,2.353384526,2.214119296,2.010886401,1.729741649
973,2.55,2.549999999,2.549999996,2.549999978,2.549999883,2.549999417,2.549997299,2.549988482,2.549954932,2.549838445,2.549469853,2.548407538,2.545619539,2.538952628,2.52440949,2.495412021,2.442396509,2.353122564,2.213799884,2.01053777,1.729404196
974,2.55,2.549999999,2.549999996,2.549999978,2.549999882,2.549999409,2.549997267,2.549988362,2.549954525,2.54983719,2.549466351,2.548398699,2.545599393,2.538911203,2.524332695,2.495283711,2.44220334,2.352860661,2.213480633,2.010189373,1.729066993
975,2.55,2.549999999,2.549999996,2.549999977,2.54999988,2.549999401,2.549997234,2.549988241,2.549954115,2.549835929,2.549462833,2.548389828,2.545579192,2.538869698,2.524255805,2.49515532,2.442010143,2.352598819,2.213161543,2.00984121,1.728730039
976,2.55,2.549999999,2.549999996,2.549999977,2.549999878,2.549999393,2.549997202,2.549988119,2.549953702,2.54983466,2.549459298,2.548380924,2.545558935,2.538828113,2.524178821,2.495026848,2.441816916,2.352337036,2.212842613,2.00949328,1.728393334
977,2.55,2.549999999,2.549999996,2.549999977,2.549999876,2.549999385,2.549997169,2.549987997,2.549953287,2.549833383,2.549455747,2.548371988,2.545538623,2.538786449,2.524101743,2.494898294,2.44162366,2.352075314,2.212523844,2.009145583,1.728056878
978,2.55,2.549999999,2.549999996,2.549999976,2.549999874,2.549999377,2.549997135,2.549987873,2.549952868,2.5498321,2.54945218,2.548363019,2.545518255,2.538744703,2.52402457,2.494769659,2.441430376,2.351813651,2.212205235,2.008798119,1.727720669
979,2.55,2.549999999,2.549999996,2.549999976,2.549999872,2.549999368,2.549997101,2.549987748,2.549952447,2.549830809,2.549448595,2.548354018,2.545497833,2.538702878,2.523947303,2.494640943,2.441237064,2.351552049,2.211886786,2.008450887,1.727384708
980,2.55,2.549999999,2.549999995,2.549999975,2.54999987,2.54999936,2.549997067,2.549987622,2.549952023,2.54982951,2.549444994,2.548344984,2.545477354,2.538660974,2.523869943,2.494512146,2.441043723,2.351290507,2.211568497,2.008103887,1.727048993
981,2.55,2.549999999,2.549999995,2.549999975,2.549999868,2.549999351,2.549997033,2.549987495,2.549951595,2.549828204,2.549441377,2.548335917,2.54545682,2.538618989,2.523792488,2.494383269,2.440850354,2.351029025,2.211250368,2.007757119,1.726713524
982,2.55,2.549999999,2.549999995,2.549999975,2.549999867,2.549999343,2.549996998,2.549987367,2.549951165,2.54982689,2.549437742,2.548326817,2.545436231,2.538576924,2.523714941,2.494254312,2.440656958,2.350767604,2.210932398,2.007410582,1.726378302
983,2.55,2.549999999,2.549999995,2.549999974,2.549999865,2.549999334,2.549996963,2.549987238,2.549950732,2.549825569,2.549434091,2.548317685,2.545415586,2.538534779,2.523637299,2.494125274,2.440463534,2.350506243,2.210614588,2.007064277,1.726043324
984,2.55,2.549999999,2.549999995,2.549999974,2.549999863,2.549999325,2.549996928,2.549987108,2.549950295,2.549824241,2.549430423,2.54830852,2.545394886,2.538492555,2.523559564,2.493996157,2.440270083,2.350244943,2.210296938,2.006718203,1.725708592
985,2.55,2.549999999,2.549999995,2.549999973,2.54999986,2.549999316,2.549996892,2.549986976,2.549949856,2.549822904,2.549426738,2.548299322,2.54537413,2.538450251,2.523481736,2.49386696,2.440076605,2.349983703,2.209979446,2.006372359,1.725374104
986,2.55,2.549999999,2.549999995,2.549999973,2.549999858,2.549999307,2.549996856,2.549986844,2.549949414,2.54982156,2.549423037,2.548290091,2.545353318,2.538407868,2.523403815,2.493737684,2.4398831,2.349722524,2.209662114,2.006026745,1.72503986
987,2.55,2.549999999,2.549999995,2.549999972,2.549999856,2.549999298,2.54999682,2.549986711,2.549948968,2.549820209,2.549419318,2.548280828,2.545332451,2.538365404,2.523325802,2.493608329,2.439689568,2.349461406,2.209344941,2.005681361,1.724705859
988,2.55,2.549999999,2.549999995,2.549999972,2.549999854,2.549999289,2.549996783,2.549986576,2.54994852,2.54981885,2.549415583,2.548271531,2.545311528,2.538322861,2.523247695,2.493478894,2.43949601,2.349200349,2.209027926,2.005336207,1.724372101
989,2.55,2.549999999,2.549999995,2.549999971,2.549999852,2.54999928,2.549996746,2.549986441,2.549948068,2.549817483,2.54941183,2.548262201,2.54529055,2.538280239,2.523169496,2.493349381,2.439302425,2.348939352,2.20871107,2.004991283,1.724038586
990,2.55,2.549999999,2.549999995,2.549999971,2.54999985,2.54999927,2.549996709,2.549986304,2.549947614,2.549816108,2.54940806,2.548252838,2.545269516,2.538237537,2.523091204,2.49321979,2.439108815,2.348678417,2.208394373,2.004646587,1.723705314
991,2.55,2.549999999,2.549999994,2.549999971,2.549999848,2.549999261,2.549996671,2.549986166,2.549947156,2.549814726,2.549404274,2.548243442,2.545248426,2.538194756,2.52301282,2.49309012,2.438915178,2.348417543,2.208077834,2.00430212,1.723372282
992,2.55,2.549999999,2.549999994,2.54999997,2.549999845,2.549999251,2.549996633,2.549986027,2.549946695,2.549813336,2.54940047,2.548234013,2.545227281,2.538151895,2.522934343,2.492960372,2.438721516,2.348156729,2.207761453,2.003957881,1.723039493
993,2.55,2.549999999,2.549999994,2.54999997,2.549999843,2.549999242,2.549996594,2.549985887,2.549946231,2.549811938,2.549396649,2.54822455,2.545206079,2.538108955,2.522855775,2.492830546,2.438527828,2.347895978,2.20744523,2.003613871,1.722706944
994,2.549999999,2.549999999,2.549999994,2.549999969,2.549999841,2.549999232,2.549996555,2.549985746,2.549945764,2.549810533,2.54939281,2.548215055,2.545184823,2.538065935,2.522777114,2.492700643,2.438334115,2.347635287,2.207129165,2.003270088,1.722374635
995,2.549999999,2.549999999,2.549999994,2.549999969,2.549999839,2.549999222,2.549996516,2.549985604,2.549945294,2.549809119,2.549388955,2.548205526,2.54516351,2.538022837,2.522698362,2.492570662,2.438140377,2.347374658,2.206813258,2.002926533,1.722042567
996,2.549999999,2.549999999,2.549999994,2.549999968,2.549999836,2.549999212,2.549996476,2.54998546,2.54994482,2.549807698,2.549385082,2.548195963,2.545142142,2.537979659,2.522619518,2.492440603,2.437946615,2.34711409,2.206497509,2.002583205,1.721710738
997,2.549999999,2.549999999,2.549999994,2.549999968,2.549999834,2.549999202,2.549996436,2.549985316,2.549944343,2.549806268,2.549381192,2.548186368,2.545120718,2.537936402,2.522540583,2.492310468,2.437752827,2.346853584,2.206181917,2.002240104,1.721379148
998,2.549999999,2.549999999,2.549999994,2.549999967,2.549999831,2.549999191,2.549996396,2.54998517,2.549943863,2.549804831,2.549377284,2.548176739,2.545099238,2.537893066,2.522461556,2.492180256,2.437559015,2.346593139,2.205866483,2.00189723,1.721047797
999,2.549999999,2.549999999,2.549999994,2.549999966,2.549999829,2.549999181,2.549996355,2.549985023,2.54994338,2.549803386,2.54937336,2.548167076,2.545077702,2.53784965,2.522382438,2.492049967,2.437365179,2.346332756,2.205551205,2.001554582,1.720716685
1000,2.549999999,2.549999999,2.549999993,2.549999966,2.549999827,2.549999171,2.549996314,2.549984875,2.549942894,2.549801933,2.549369417,2.54815738,2.54505611,2.537806156,2.522303229,2.491919602,2.437171319,2.346072435,2.205236085,2.001212159,1.720385811
1001,2.549999999,2.549999999,2.549999993,2.549999965,2.549999824,2.54999916,2.549996272,2.549984725,2.549942404,2.549800471,2.549365457,2.54814765,2.545034463,2.537762583,2.522223929,2.491789161,2.436977435,2.345812175,2.204921122,2.000869963,1.720055174
1002,2.549999999,2.549999999,2.549999993,2.549999965,2.549999822,2.549999149,2.54999623,2.549984575,2.549941911,2.549799002,2.54936148,2.548137887,2.54501276,2.537718931,2.522144538,2.491658644,2.436783527,2.345551978,2.204606315,2.000527992,1.719724774
1003,2.549999999,2.549999999,2.549999993,2.549999964,2.549999819,2.549999138,2.549996188,2.549984423,2.549941415,2.549797525,2.549357485,2.54812809,2.544991,2.5376752,2.522065057,2.49152805,2.436589596,2.345291842,2.204291666,2.000186246,1.719394611
1004,2.549999999,2.549999999,2.549999993,2.549999964,2.549999816,2.549999128,2.549996145,2.54998427,2.549940915,2.549796039,2.549353472,2.54811826,2.544969185,2.53763139,2.521985485,2.491397382,2.436395641,2.345031768,2.203977172,1.999844724,1.719064685
1005,2.549999999,2.549999999,2.549999993,2.549999963,2.549999814,2.549999116,2.549996102,2.549984116,2.549940413,2.549794546,2.549349442,2.548108396,2.544947314,2.537587501,2.521905822,2.491266638,2.436201664,2.344771757,2.203662836,1.999503427,1.718734994
1006,2.549999999,2.549999998,2.549999993,2.549999962,2.549999811,2.549999105,2.549996059,2.549983961,2.549939906,2.549793044,2.549345394,2.548098498,2.544925388,2.537543534,2.521826069,2.491135819,2.436007663,2.344511807,2.203348655,1.999162355,1.71840554
1007,2.549999999,2.549999998,2.549999993,2.549999962,2.549999808,2.549999094,2.549996015,2.549983804,2.549939397,2.549791534,2.549341329,2.548088566,2.544903405,2.537499488,2.521746226,2.491004925,2.43581364,2.34425192,2.20303463,1.998821506,1.71807632
1008,2.549999999,2.549999998,2.549999993,2.549999961,2.549999806,2.549999083,2.54999597,2.549983647,2.549938884,2.549790016,2.549337245,2.5480786,2.544881366,2.537455363,2.521666294,2.490873956,2.435619594,2.343992095,2.202720762,1.99848088,1.717747335
1009,2.549999999,2.549999998,2.549999992,2.549999961,2.549999803,2.549999071,2.549995926,2.549983488,2.549938368,2.54978849,2.549333144,2.548068601,2.544859271,2.53741116,2.521586271,2.490742912,2.435425526,2.343732332,2.202407049,1.998140478,1.717418585
1010,2.549999999,2.549999998,2.549999992,2.54999996,2.5499998,2.549999059,2.549995881,2.549983327,2.549937848,2.549786955,2.549329025,2.548058567,2.544837121,2.537366878,2.521506158,2.490611795,2.435231436,2.343472631,2.202093492,1.997800299,1.717090069
1011,2.549999999,2.549999998,2.549999992,2.549999959,2.549999797,2.549999048,2.549995835,2.549983166,2.549937325,2.549785412,2.549324888,2.5480485,2.544814914,2.537322518,2.521425956,2.490480603,2.435037324,2.343212993,2.20178009,1.997460342,1.716761786
1012,2.549999999,2.549999998,2.549999992,2.549999959,2.549999795,2.549999036,2.549995789,2.549983003,2.549936799,2.549783861,2.549320734,2.548038399,2.544792651,2.537278079,2.521345665,2.490349337,2.43484319,2.342953418,2.201466844,1.997120608,1.716433737
1013,2.549999999,2.549999998,2.549999992,2.549999958,2.549999792,2.549999024,2.549995743,2.549982839,2.549936269,2.549782302,2.549316561,2.548028263,2.544770333,2.537233562,2.521265284,2.490217998,2.434649035,2.342693905,2.201153754,1.996781096,1.716105921
1014,2.549999999,2.549999998,2.549999992,2.549999957,2.549999789,2.549999011,2.549995696,2.549982674,2.549935735,2.549780734,2.54931237,2.548018094,2.544747958,2.537188967,2.521184814,2.490086585,2.434454858,2.342434455,2.200840818,1.996441805,1.715778338
1015,2.549999999,2.549999998,2.549999992,2.549999957,2.549999786,2.549998999,2.549995649,2.549982507,2.549935199,2.549779158,2.549308161,2.54800789,2.544725527,2.537144293,2.521104255,2.489955099,2.43426066,2.342175067,2.200528037,1.996102736,1.715450986
1016,2.549999999,2.549999998,2.549999991,2.549999956,2.549999783,2.549998987,2.549995601,2.549982339,2.549934658,2.549777573,2.549303934,2.547997653,2.54470304,2.537099541,2.521023607,2.489823539,2.434066442,2.341915742,2.200215411,1.995763888,1.715123867
1017,2.549999999,2.549999998,2.549999991,2.549999955,2.54999978,2.549998974,2.549995553,2.54998217,2.549934114,2.54977598,2.549299689,2.547987381,2.544680497,2.537054711,2.520942871,2.489691907,2.433872202,2.34165648,2.19990294,1.995425261,1.714796978
1018,2.549999999,2.549999998,2.549999991,2.549999955,2.549999777,2.549998961,2.549995504,2.549981999,2.549933567,2.549774378,2.549295426,2.547977074,2.544657898,2.537009803,2.520862046,2.489560202,2.433677942,2.341397281,2.199590623,1.995086854,1.714470321
1019,2.549999999,2.549999998,2.549999991,2.549999954,2.549999774,2.549998949,2.549995455,2.549981828,2.549933016,2.549772768,2.549291145,2.547966734,2.544635243,2.536964816,2.520781132,2.489428425,2.433483661,2.341138145,2.199278461,1.994748668,1.714143895
1020,2.549999999,2.549999998,2.549999991,2.549999953,2.54999977,2.549998936,2.549995406,2.549981655,2.549932462,2.549771149,2.549286845,2.547956359,2.544612532,2.536919752,2.52070013,2.489296575,2.43328936,2.340879072,2.198966453,1.994410701,1.7138177
1021,2.549999999,2.549999998,2.549999991,2.549999953,2.549999767,2.549998923,2.549995356,2.54998148,2.549931904,2.549769522,2.549282527,2.54794595,2.544589765,2.53687461,2.52061904,2.489164653,2.433095039,2.340620061,2.1986546,1.994072954,1.713491758
1022,2.549999999,2.549999998,2.54999999,2.549999952,2.549999764,2.549998909,2.549995306,2.549981304,2.549931342,2.549767887,2.549278191,2.547935507,2.544566941,2.53682939,2.520537861,2.48903266,2.432900698,2.340361114,2.1983429,1.993735427,1.713166066
1023,2.549999999,2.549999998,2.54999999,2.549999951,2.549999761,2.549998896,2.549995255,2.549981127,2.549930777,2.549766242,2.549273837,2.547925029,2.544544062,2.536784091,2.520456595,2.488900594,2.432706338,2.34010223,2.198031354,1.993398118,1.712840617
1024,2.549999999,2.549999998,2.54999999,2.54999995,2.549999758,2.549998883,2.549995204,2.549980949,2.549930209,2.549764589,2.549269464,2.547914516,2.544521126,2.536738716,2.520375241,2.488768457,2.432511958,2.33984341,2.197719962,1.993061028,1.712515407
1025,2.549999999,2.549999998,2.54999999,2.54999995,2.549999754,2.549998869,2.549995152,2.549980769,2.549929636,2.549762927,2.549265072,2.54790397,2.544498134,2.536693262,2.5202938,2.488636249,2.432317558,2.339584652,2.197408724,1.992724157,1.712190435
1026,2.549999999,2.549999998,2.54999999,2.549999949,2.549999751,2.549998855,2.5499951,2.549980588,2.54992906,2.549761257,2.549260663,2.547893388,2.544475086,2.536647731,2.520212271,2.48850397,2.43212314,2.339325958,2.197097639,1.992387504,1.7118657
1027,2.549999999,2.549999998,2.54999999,2.549999948,2.549999747,2.549998841,2.549995047,2.549980405,2.549928481,2.549759578,2.549256234,2.547882772,2.544451982,2.536602122,2.520130654,2.48837162,2.431928702,2.339067328,2.196786707,1.992051068,1.711541199
1028,2.549999999,2.549999998,2.549999989,2.549999947,2.549999744,2.549998827,2.549994994,2.549980221,2.549927897,2.54975789,2.549251788,2.547872122,2.544428821,2.536556435,2.52004895,2.488239199,2.431734246,2.33880876,2.196475929,1.99171485,1.711216933
1029,2.549999999,2.549999998,2.549999989,2.549999946,2.549999741,2.549998813,2.549994941,2.549980036,2.54992731,2.549756194,2.549247322,2.547861436,2.544405604,2.536510671,2.51996716,2.488106707,2.431539771,2.338550257,2.196165304,1.991378849,1.710892899
1030,2.549999999,2.549999998,2.549999989,2.549999946,2.549999737,2.549998799,2.549994887,2.549979849,2.54992672,2.549754488,2.549242838,2.547850717,2.544382332,2.536464829,2.519885282,2.487974146,2.431345278,2.338291817,2.195854832,1.991043066,1.710569099
1031,2.549999999,2.549999998,2.549999989,2.549999945,2.549999733,2.549998784,2.549994832,2.549979661,2.549926125,2.549752774,2.549238336,2.547839962,2.544359002,2.53641891,2.519803317,2.487841514,2.431150766,2.33803344,2.195544512,1.990707498,1.710245531
1032,2.549999999,2.549999998,2.549999989,2.549999944,2.54999973,2.549998769,2.549994777,2.549979472,2.549925527,2.549751051,2.549233814,2.547829172,2.544335617,2.536372913,2.519721266,2.487708812,2.430956237,2.337775127,2.195234345,1.990372148,1.709922194
1033,2.549999999,2.549999997,2.549999989,2.549999943,2.549999726,2.549998755,2.549994722,2.549979281,2.549924925,2.549749319,2.549229274,2.547818348,2.544312176,2.53632684,2.519639128,2.487576041,2.430761689,2.337516878,2.194924331,1.990037013,1.709599087
1034,2.549999999,2.549999997,2.549999988,2.549999942,2.549999722,2.54999874,2.549994666,2.549979088,2.54992432,2.549747578,2.549224715,2.547807489,2.544288678,2.536280688,2.519556904,2.4874432,2.430567124,2.337258693,2.194614469,1.989702094,1.709276211
1035,2.549999999,2.549999997,2.549999988,2.549999941,2.549999719,2.549998725,2.54999461,2.549978895,2.54992371,2.549745828,2.549220138,2.547796595,2.544265124,2.53623446,2.519474593,2.48731029,2.430372542,2.337000571,2.194304759,1.989367391,1.708953565
1036,2.549999999,2.549999997,2.549999988,2.549999941,2.549999715,2.549998709,2.549994553,2.549978699,2.549923097,2.549744069,2.549215541,2.547785666,2.544241513,2.536188154,2.519392197,2.487177311,2.430177942,2.336742513,2.193995202,1.989032903,1.708631148
1037,2.549999999,2.549999997,2.549999988,2.54999994,2.549999711,2.549998694,2.549994495,2.549978503,2.54992248,2.549742302,2.549210926,2.547774703,2.544217846,2.536141772,2.519309714,2.487044262,2.429983324,2.33648452,2.193685797,1.98869863,1.708308959
1038,2.549999999,2.549999997,2.549999988,2.549999939,2.549999707,2.549998678,2.549994437,2.549978305,2.549921859,2.549740525,2.549206292,2.547763704,2.544194124,2.536095312,2.519227145,2.486911146,2.42978869,2.33622659,2.193376543,1.988364571,1.707986999
1039,2.549999999,2.549999997,2.549999987,2.549999938,2.549999703,2.549998663,2.549994379,2.549978105,2.549921235,2.549738739,2.549201638,2.54775267,2.544170344,2.536048775,2.519144491,2.48677796,2.429594039,2.335968724,2.193067441,1.988030727,1.707665266
1040,2.549999999,2.549999997,2.549999987,2.549999937,2.549999699,2.549998647,2.54999432,2.549977904,2.549920606,2.549736944,2.549196966,2.547741601,2.544146509,2.536002161,2.519061751,2.486644706,2.429399371,2.335710923,2.192758491,1.987697098,1.70734376
1041,2.549999999,2.549999997,2.549999987,2.549999936,2.549999695,2.549998631,2.549994261,2.549977702,2.549919974,2.54973514,2.549192275,2.547730497,2.544122617,2.535955471,2.518978926,2.486511384,2.429204687,2.335453185,2.192449692,1.987363682,1.707022482
1042,2.549999999,2.549999997,2.549999987,2.549999935,2.549999691,2.549998615,2.549994201,2.549977498,2.549919337,2.549733327,2.549187565,2.547719358,2.544098669,2.535908703,2.518896015,2.486377994,2.429009986,2.335195512,2.192141045,1.98703048,1.706701429
1043,2.549999999,2.549999997,2.549999986,2.549999934,2.549999687,2.549998598,2.54999414,2.549977292,2.549918697,2.549731505,2.549182835,2.547708184,2.544074664,2.535861859,2.518813019,2.486244536,2.42881527,2.334937903,2.191832548,1.986697491,1.706380603
1044,2.549999999,2.549999997,2.549999986,2.549999933,2.549999683,2.549998582,2.549994079,2.549977085,2.549918053,2.549729673,2.549178087,2.547696975,2.544050603,2.535814938,2.518729938,2.486111011,2.428620537,2.334680358,2.191524203,1.986364715,1.706060002
1045,2.549999999,2.549999997,2.549999986,2.549999932,2.549999679,2.549998565,2.549994018,2.549976877,2.549917405,2.549727833,2.549173319,2.54768573,2.544026486,2.53576794,2.518646772,2.485977418,2.428425789,2.334422878,2.191216009,1.986032153,1.705739626
1046,2.549999999,2.549999997,2.549999986,2.549999931,2.549999675,2.549998548,2.549993956,2.549976666,2.549916753,2.549725983,2.549168532,2.54767445,2.544002313,2.535720866,2.518563522,2.485843758,2.428231024,2.334165462,2.190907966,1.985699803,1.705419475
1047,2.549999999,2.549999997,2.549999986,2.54999993,2.54999967,2.549998531,2.549993893,2.549976455,2.549916097,2.549724124,2.549163726,2.547663135,2.543978083,2.535673715,2.518480186,2.485710032,2.428036245,2.33390811,2.190600073,1.985367665,1.705099548
1048,2.549999998,2.549999997,2.549999985,2.549999929,2.549999666,2.549998514,2.54999383,2.549976242,2.549915437,2.549722255,2.5491589,2.547651784,2.543953797,2.535626488,2.518396767,2.485576238,2.42784145,2.333650823,2.190292331,1.985035739,1.704779845
1049,2.549999998,2.549999997,2.549999985,2.549999928,2.549999662,2.549998497,2.549993767,2.549976027,2.549914773,2.549720377,2.549154055,2.547640398,2.543929454,2.535579184,2.518313262,2.485442378,2.42764664,2.333393601,2.189984739,1.984704026,1.704460365
1050,2.549999998,2.549999997,2.549999985,2.549999927,2.549999657,2.549998479,2.549993703,2.549975811,2.549914105,2.54971849,2.549149191,2.547628977,2.543905055,2.535531803,2.518229674,2.485308451,2.427451815,2.333136443,2.189677297,1.984372523,1.704141109
1051,2.549999998,2.549999996,2.549999985,2.549999926,2.549999653,2.549998461,2.549993638,2.549975593,2.549913433,2.549716594,2.549144308,2.54761752,2.5438806,2.535484347,2.518146001,2.485174458,2.427256975,2.332879349,2.189370006,1.984041232,1.703822075
1052,2.549999998,2.549999996,2.549999984,2.549999925,2.549999648,2.549998444,2.549993573,2.549975374,2.549912757,2.549714688,2.549139405,2.547606028,2.543856088,2.535436814,2.518062245,2.485040399,2.427062121,2.33262232,2.189062865,1.983710152,1.703503263
1053,2.549999998,2.549999996,2.549999984,2.549999924,2.549999643,2.549998426,2.549993507,2.549975153,2.549912077,2.549712772,2.549134482,2.5475945,2.54383152,2.535389204,2.517978405,2.484906274,2.426867252,2.332365357,2.188755873,1.983379283,1.703184673
1054,2.549999998,2.549999996,2.549999984,2.549999923,2.549999639,2.549998407,2.549993441,2.549974931,2.549911393,2.549710848,2.54912954,2.547582937,2.543806895,2.535341519,2.517894481,2.484772083,2.426672369,2.332108457,2.188449032,1.983048625,1.702866305
1055,2.549999998,2.549999996,2.549999984,2.549999921,2.549999634,2.549998389,2.549993374,2.549974707,2.549910704,2.549708913,2.549124578,2.547571338,2.543782214,2.535293757,2.517810473,2.484637827,2.426477472,2.331851623,2.18814234,1.982718176,1.702548157
1056,2.549999998,2.549999996,2.549999983,2.54999992,2.549999629,2.54999837,2.549993306,2.549974481,2.549910012,2.54970697,2.549119597,2.547559703,2.543757477,2.53524592,2.517726382,2.484503506,2.42628256,2.331594853,2.187835797,1.982387938,1.702230231
1057,2.549999998,2.549999996,2.549999983,2.549999919,2.549999625,2.549998352,2.549993238,2.549974254,2.549909315,2.549705016,2.549114596,2.547548033,2.543732683,2.535198006,2.517642208,2.484369119,2.426087635,2.331338149,2.187529404,1.982057909,1.701912525
1058,2.549999998,2.549999996,2.549999983,2.549999918,2.54999962,2.549998333,2.54999317,2.549974025,2.549908615,2.549703053,2.549109576,2.547536327,2.543707833,2.535150016,2.51755795,2.484234667,2.425892697,2.331081509,2.18722316,1.98172809,1.701595038
1059,2.549999998,2.549999996,2.549999982,2.549999917,2.549999615,2.549998314,2.549993101,2.549973794,2.54990791,2.549701081,2.549104536,2.547524586,2.543682927,2.535101951,2.517473609,2.484100151,2.425697745,2.330824934,2.186917065,1.98139848,1.701277772
1060,2.549999998,2.549999996,2.549999982,2.549999916,2.54999961,2.549998294,2.549993031,2.549973562,2.549907201,2.549699099,2.549099476,2.547512808,2.543657964,2.53505381,2.517389186,2.48396557,2.425502779,2.330568425,2.186611119,1.981069079,1.700960724
1061,2.549999998,2.549999996,2.549999982,2.549999914,2.549999605,2.549998275,2.549992961,2.549973329,2.549906487,2.549697107,2.549094396,2.547500995,2.543632944,2.535005592,2.51730468,2.483830925,2.4253078,2.33031198,2.186305322,1.980739886,1.700643896
1062,2.549999998,2.549999996,2.549999982,2.549999913,2.5499996,2.549998255,2.54999289,2.549973093,2.54990577,2.549695106,2.549089297,2.547489146,2.543607868,2.5349573,2.517220091,2.483696216,2.425112809,2.330055601,2.185999674,1.980410902,1.700327286
1063,2.549999998,2.549999996,2.549999981,2.549999912,2.549999595,2.549998235,2.549992818,2.549972856,2.549905048,2.549693094,2.549084178,2.547477262,2.543582736,2.534908931,2.51713542,2.483561443,2.424917804,2.329799286,2.185694174,1.980082126,1.700010895
1064,2.549999998,2.549999996,2.549999981,2.549999911,2.54999959,2.549998215,2.549992746,2.549972617,2.549904322,2.549691074,2.549079038,2.547465341,2.543557548,2.534860487,2.517050666,2.483426605,2.424722787,2.329543037,2.185388823,1.979753558,1.699694721
1065,2.549999998,2.549999995,2.549999981,2.549999909,2.549999584,2.549998195,2.549992674,2.549972377,2.549903592,2.549689043,2.549073879,2.547453384,2.543532302,2.534811967,2.51696583,2.483291705,2.424527758,2.329286853,2.18508362,1.979425198,1.699378765
1066,2.549999998,2.549999995,2.54999998,2.549999908,2.549999579,2.549998174,2.5499926,2.549972135,2.549902858,2.549687003,2.5490687,2.547441392,2.543507001,2.534763372,2.516880912,2.48315674,2.424332716,2.329030735,2.184778565,1.979097045,1.699063025
1067,2.549999998,2.549999995,2.54999998,2.549999907,2.549999574,2.549998154,2.549992526,2.549971891,2.549902119,2.549684952,2.549063501,2.547429364,2.543481643,2.534714701,2.516795912,2.483021713,2.424137661,2.328774682,2.184473659,1.978769099,1.698747503
1068,2.549999998,2.549999995,2.54999998,2.549999905,2.549999568,2.549998133,2.549992452,2.549971646,2.549901376,2.549682892,2.549058282,2.547417299,2.543456228,2.534665955,2.51671083,2.482886622,2.423942595,2.328518694,2.1841689,1.978441359,1.698432197
1069,2.549999998,2.549999995,2.549999979,2.549999904,2.549999563,2.549998112,2.549992377,2.549971399,2.549900628,2.549680822,2.549053043,2.547405199,2.543430758,2.534617134,2.516625667,2.482751468,2.423747517,2.328262771,2.183864289,1.978113827,1.698117107
1070,2.549999998,2.549999995,2.549999979,2.549999903,2.549999557,2.549998091,2.549992301,2.54997115,2.549899877,2.549678743,2.549047784,2.547393062,2.54340523,2.534568237,2.516540422,2.482616252,2.423552427,2.328006914,2.183559826,1.9777865,1.697802233
1071,2.549999998,2.549999995,2.549999979,2.549999901,2.549999552,2.549998069,2.549992225,2.549970899,2.54989912,2.549676653,2.549042505,2.547380889,2.543379646,2.534519265,2.516455095,2.482480973,2.423357326,2.327751123,2.18325551,1.97745938,1.697487574
1072,2.549999998,2.549999995,2.549999978,2.5499999,2.549999546,2.549998048,2.549992148,2.549970647,2.54989836,2.549674553,2.549037205,2.547368681,2.543354006,2.534470218,2.516369687,2.482345632,2.423162213,2.327495397,2.182951342,1.977132465,1.697173131
1073,2.549999998,2.549999995,2.549999978,2.549999899,2.54999954,2.549998026,2.549992071,2.549970393,2.549897595,2.549672444,2.549031886,2.547356436,2.543328309,2.534421096,2.516284198,2.482210229,2.422967089,2.327239736,2.182647321,1.976805756,1.696858902
1074,2.549999998,2.549999995,2.549999978,2.549999897,2.549999535,2.549998004,2.549991992,2.549970137,2.549896826,2.549670324,2.549026546,2.547344154,2.543302556,2.534371899,2.516198628,2.482074763,2.422771954,2.326984142,2.182343447,1.976479252,1.696544887
1075,2.549999997,2.549999995,2.549999977,2.549999896,2.549999529,2.549997982,2.549991914,2.549969879,2.549896052,2.549668194,2.549021185,2.547331837,2.543276747,2.534322627,2.516112977,2.481939236,2.422576808,2.326728612,2.182039721,1.976152953,1.696231086
1076,2.549999997,2.549999995,2.549999977,2.549999894,2.549999523,2.549997959,2.549991834,2.54996962,2.549895274,2.549666055,2.549015805,2.547319483,2.543250881,2.53427328,2.516027246,2.481803647,2.422381651,2.326473149,2.181736141,1.975826858,1.6959175
1077,2.549999997,2.549999994,2.549999977,2.549999893,2.549999517,2.549997937,2.549991754,2.549969359,2.549894491,2.549663905,2.549010404,2.547307093,2.543224958,2.534223858,2.515941433,2.481667997,2.422186483,2.326217751,2.181432708,1.975500968,1.695604126
1078,2.549999997,2.549999994,2.549999976,2.549999891,2.549999511,2.549997914,2.549991673,2.549969096,2.549893704,2.549661745,2.549004983,2.547294667,2.543198979,2.534174361,2.51585554,2.481532285,2.421991305,2.325962419,2.181129422,1.975175283,1.695290966
1079,2.549999997,2.549999994,2.549999976,2.54999989,2.549999505,2.549997891,2.549991592,2.549968831,2.549892913,2.549659575,2.548999541,2.547282205,2.543172944,2.53412479,2.515769567,2.481396512,2.421796117,2.325707153,2.180826282,1.974849801,1.694978018
1080,2.549999997,2.549999994,2.549999976,2.549999888,2.549999499,2.549997867,2.54999151,2.549968565,2.549892117,2.549657395,2.548994079,2.547269706,2.543146852,2.534075144,2.515683514,2.481260679,2.421600919,2.325451953,2.180523289,1.974524522,1.69466528
1081,2.549999997,2.549999994,2.549999975,2.549999887,2.549999492,2.549997844,2.549991428,2.549968297,2.549891316,2.549655204,2.548988597,2.54725717,2.543120703,2.534025423,2.51559738,2.481124784,2.42140571,2.325196818,2.180220442,1.974199447,1.694352717
1082,2.549999997,2.549999994,2.549999975,2.549999885,2.549999486,2.54999782,2.549991344,2.549968027,2.549890511,2.549653004,2.548983093,2.547244598,2.543094498,2.533975628,2.515511167,2.480988829,2.421210492,2.32494175,2.179917742,1.973874576,1.694040325
1083,2.549999997,2.549999994,2.549999974,2.549999884,2.54999948,2.549997796,2.54999126,2.549967755,2.549889701,2.549650793,2.54897757,2.54723199,2.543068237,2.533925758,2.515424873,2.480852814,2.421015263,2.324686747,2.179615187,1.973549907,1.693728122
1084,2.549999997,2.549999994,2.549999974,2.549999882,2.549999473,2.549997772,2.549991176,2.549967481,2.549888887,2.549648572,2.548972026,2.547219345,2.543041919,2.533875814,2.5153385,2.480716738,2.420820026,2.324431811,2.179312778,1.97322544,1.693416113
1085,2.549999997,2.549999994,2.549999974,2.54999988,2.549999467,2.549997748,2.54999109,2.549967205,2.549888068,2.54964634,2.548966461,2.547206664,2.543015545,2.533825795,2.515252048,2.480580602,2.420624778,2.32417694,2.179010515,1.972901176,1.693104298
1086,2.549999997,2.549999994,2.549999973,2.549999879,2.54999946,2.549997723,2.549991004,2.549966928,2.549887244,2.549644098,2.548960875,2.547193946,2.542989115,2.533775702,2.515165516,2.480444407,2.420429522,2.323922136,2.178708398,1.972577114,1.69279268
1087,2.549999997,2.549999993,2.549999973,2.549999877,2.549999454,2.549997698,2.549990918,2.549966648,2.549886416,2.549641846,2.548955269,2.547181192,2.542962627,2.533725535,2.515078904,2.480308152,2.420234256,2.323667397,2.178406427,1.972253254,1.692481258
1088,2.549999997,2.549999993,2.549999972,2.549999875,2.549999447,2.549997673,2.54999083,2.549966367,2.549885583,2.549639584,2.548949642,2.5471684,2.542936084,2.533675294,2.514992214,2.480171837,2.420038982,2.323412725,2.1781046,1.971929596,1.692170035
1089,2.549999997,2.549999993,2.549999972,2.549999874,2.54999944,2.549997648,2.549990742,2.549966084,2.549884746,2.549637311,2.548943994,2.547155573,2.542909484,2.533624978,2.514905444,2.480035463,2.419843698,2.323158119,2.177802919,1.971606138,1.69185901
1090,2.549999997,2.549999993,2.549999972,2.549999872,2.549999433,2.549997622,2.549990654,2.549965799,2.549883904,2.549635027,2.548938326,2.547142708,2.542882827,2.533574588,2.514818595,2.479899029,2.419648406,2.322903579,2.177501384,1.971282882,1.691548183
1091,2.549999997,2.549999993,2.549999971,2.54999987,2.549999426,2.549997597,2.549990564,2.549965512,2.549883057,2.549632734,2.548932636,2.547129807,2.542856114,2.533524125,2.514731668,2.479762537,2.419453106,2.322649105,2.177199993,1.970959826,1.691237556
1092,2.549999997,2.549999993,2.549999971,2.549999868,2.549999419,2.549997571,2.549990474,2.549965224,2.549882205,2.549630429,2.548926926,2.547116869,2.542829345,2.533473587,2.514644662,2.479625986,2.419257797,2.322394698,2.176898747,1.970636971,1.690927128
1093,2.549999997,2.549999993,2.54999997,2.549999867,2.549999412,2.549997544,2.549990383,2.549964933,2.549881349,2.549628114,2.548921195,2.547103895,2.542802519,2.533422975,2.514557577,2.479489376,2.419062479,2.322140357,2.176597646,1.970314316,1.690616899
1094,2.549999996,2.549999993,2.54999997,2.549999865,2.549999405,2.549997518,2.549990292,2.54996464,2.549880488,2.549625789,2.548915443,2.547090883,2.542775637,2.53337229,2.514470414,2.479352708,2.418867154,2.321886082,2.17629669,1.969991861,1.690306869
1095,2.549999996,2.549999992,2.549999969,2.549999863,2.549999398,2.549997491,2.5499902,2.549964346,2.549879622,2.549623453,2.54890967,2.547077835,2.542748698,2.533321531,2.514383173,2.479215981,2.41867182,2.321631873,2.175995879,1.969669605,1.689997039
1096,2.549999996,2.549999992,2.549999969,2.549999861,2.549999391,2.549997464,2.549990107,2.549964049,2.549878752,2.549621106,2.548903876,2.54706475,2.542721703,2.533270698,2.514295854,2.479079196,2.418476479,2.321377731,2.175695211,1.969347549,1.689687408
1097,2.549999996,2.549999992,2.549999968,2.549999859,2.549999384,2.549997437,2.549990013,2.549963751,2.549877876,2.549618749,2.548898061,2.547051628,2.542694651,2.533219792,2.514208456,2.478942353,2.41828113,2.321123656,2.175394688,1.969025692,1.689377976
1098,2.549999996,2.549999992,2.549999968,2.549999857,2.549999376,2.54999741,2.549989919,2.54996345,2.549876996,2.549616381,2.548892225,2.547038469,2.542667543,2.533168811,2.514120981,2.478805453,2.418085774,2.320869647,2.17509431,1.968704033,1.689068743
1099,2.549999996,2.549999992,2.549999968,2.549999855,2.549999369,2.549997382,2.549989823,2.549963148,2.549876111,2.549614003,2.548886368,2.547025273,2.542640379,2.533117758,2.514033428,2.478668495,2.41789041,2.320615704,2.174794075,1.968382573,1.68875971
1100,2.549999996,2.549999992,2.549999967,2.549999853,2.549999361,2.549997354,2.549989728,2.549962844,2.549875221,2.549611614,2.548880489,2.54701204,2.542613158,2.533066631,2.513945797,2.478531479,2.417695039,2.320361828,2.174493985,1.968061311,1.688450875
1101,2.549999996,2.549999992,2.549999967,2.549999852,2.549999353,2.549997326,2.549989631,2.549962537,2.549874326,2.549609214,2.54887459,2.546998771,2.54258588,2.53301543,2.513858089,2.478394406,2.417499661,2.320108018,2.174194038,1.967740246,1.68814224
1102,2.549999996,2.549999992,2.549999966,2.54999985,2.549999346,2.549997298,2.549989534,2.549962229,2.549873427,2.549606803,2.548868669,2.546985464,2.542558547,2.532964156,2.513770303,2.478257276,2.417304276,2.319854275,2.173894235,1.96741938,1.687833803
1103,2.549999996,2.549999991,2.549999966,2.549999848,2.549999338,2.549997269,2.549989436,2.549961919,2.549872522,2.549604381,2.548862727,2.54697212,2.542531156,2.532912809,2.513682441,2.478120089,2.417108884,2.319600599,2.173594575,1.96709871,1.687525565
1104,2.549999996,2.549999991,2.549999965,2.549999845,2.54999933,2.54999724,2.549989337,2.549961606,2.549871613,2.549601949,2.548856763,2.546958739,2.54250371,2.532861388,2.513594501,2.477982846,2.416913485,2.319346989,2.173295059,1.966778237,1.687217525
1105,2.549999996,2.549999991,2.549999965,2.549999843,2.549999322,2.549997211,2.549989237,2.549961292,2.549870698,2.549599506,2.548850779,2.546945321,2.542476207,2.532809895,2.513506484,2.477845545,2.41671808,2.319093446,2.172995686,1.966457961,1.686909684
1106,2.549999996,2.549999991,2.549999964,2.549999841,2.549999314,2.549997181,2.549989137,2.549960976,2.549869779,2.549597052,2.548844773,2.546931866,2.542448647,2.532758328,2.51341839,2.477708188,2.416522668,2.31883997,2.172696457,1.966137881,1.68660204
1107,2.549999996,2.549999991,2.549999963,2.549999839,2.549999306,2.549997152,2.549989036,2.549960657,2.549868855,2.549594587,2.548838746,2.546918374,2.542421031,2.532706688,2.51333022,2.477570775,2.41632725,2.31858656,2.172397371,1.965817998,1.686294595
1108,2.549999995,2.549999991,2.549999963,2.549999837,2.549999298,2.549997122,2.549988934,2.549960337,2.549867925,2.549592111,2.548832697,2.546904844,2.542393359,2.532654976,2.513241973,2.477433306,2.416131826,2.318333217,2.172098427,1.96549831,1.685987347
1109,2.549999995,2.549999991,2.549999962,2.549999835,2.549999289,2.549997091,2.549988831,2.549960014,2.549866991,2.549589624,2.548826627,2.546891278,2.54236563,2.53260319,2.513153649,2.477295781,2.415936396,2.318079941,2.171799627,1.965178817,1.685680297
1110,2.549999995,2.54999999,2.549999962,2.549999833,2.549999281,2.549997061,2.549988728,2.549959689,2.549866052,2.549587126,2.548820535,2.546877674,2.542337845,2.532551332,2.513065249,2.4771582,2.41574096,2.317826732,2.171500969,1.964859519,1.685373445
1111,2.549999995,2.54999999,2.549999961,2.549999831,2.549999272,2.54999703,2.549988624,2.549959363,2.549865107,2.549584617,2.548814422,2.546864032,2.542310004,2.5324994,2.512976773,2.477020564,2.415545519,2.31757359,2.171202454,1.964540417,1.685066789
1112,2.549999995,2.54999999,2.549999961,2.549999828,2.549999264,2.549996999,2.549988519,2.549959034,2.549864158,2.549582097,2.548808287,2.546850354,2.542282106,2.532447396,2.512888221,2.476882872,2.415350072,2.317320514,2.170904081,1.964221508,1.684760331
1113,2.549999995,2.54999999,2.54999996,2.549999826,2.549999255,2.549996968,2.549988413,2.549958703,2.549863203,2.549579566,2.548802131,2.546836638,2.542254152,2.532395319,2.512799593,2.476745124,2.415154619,2.317067506,2.170605851,1.963902794,1.684454069
1114,2.549999995,2.54999999,2.54999996,2.549999824,2.549999247,2.549996936,2.549988307,2.54995837,2.549862244,2.549577024,2.548795953,2.546822885,2.542226141,2.53234317,2.512710889,2.476607322,2.414959161,2.316814564,2.170307763,1.963584274,1.684148004
1115,2.549999995,2.54999999,2.549999959,2.549999822,2.549999238,2.549996905,2.549988199,2.549958035,2.549861279,2.549574471,2.548789753,2.546809095,2.542198075,2.532290948,2.51262211,2.476469465,2.414763698,2.31656169,2.170009817,1.963265948,1.683842136
1116,2.549999995,2.549999989,2.549999958,2.549999819,2.549999229,2.549996872,2.549988091,2.549957698,2.549860309,2.549571907,2.548783532,2.546795267,2.542169951,2.532238654,2.512533254,2.476331553,2.41456823,2.316308882,2.169712013,1.962947815,1.683536463
1117,2.549999995,2.549999989,2.549999958,2.549999817,2.54999922,2.54999684,2.549987982,2.549957358,2.549859334,2.549569331,2.548777289,2.546781402,2.542141772,2.532186287,2.512444324,2.476193586,2.414372757,2.316056141,2.169414351,1.962629876,1.683230987
1118,2.549999995,2.549999989,2.549999957,2.549999815,2.549999211,2.549996807,2.549987873,2.549957017,2.549858354,2.549566745,2.548771024,2.546767499,2.542113536,2.532133848,2.512355318,2.476055565,2.414177279,2.315803468,2.16911683,1.962312129,1.682925706
1119,2.549999995,2.549999989,2.549999957,2.549999812,2.549999202,2.549996775,2.549987762,2.549956673,2.549857369,2.549564147,2.548764738,2.546753559,2.542085243,2.532081337,2.512266237,2.47591749,2.413981797,2.315550861,2.168819452,1.961994574,1.682620621
1120,2.549999994,2.549999989,2.549999956,2.54999981,2.549999192,2.549996741,2.549987651,2.549956327,2.549856378,2.549561538,2.54875843,2.546739581,2.542056895,2.532028753,2.512177081,2.47577936,2.41378631,2.315298322,2.168522215,1.961677212,1.682315731
1121,2.549999994,2.549999989,2.549999955,2.549999807,2.549999183,2.549996708,2.549987538,2.549955979,2.549855383,2.549558917,2.548752099,2.546725566,2.54202849,2.531976097,2.51208785,2.475641177,2.413590818,2.31504585,2.168225119,1.961360042,1.682011036
1122,2.549999994,2.549999988,2.549999955,2.549999805,2.549999174,2.549996674,2.549987425,2.549955629,2.549854382,2.549556286,2.548745747,2.546711513,2.542000028,2.531923369,2.511998544,2.475502939,2.413395323,2.314793444,2.167928164,1.961043064,1.681706536
1123,2.549999994,2.549999988,2.549999954,2.549999802,2.549999164,2.54999664,2.549987312,2.549955277,2.549853375,2.549553642,2.548739374,2.546697423,2.541971511,2.531870569,2.511909163,2.475364648,2.413199823,2.314541107,2.167631351,1.960726277,1.681402231
1124,2.549999994,2.549999988,2.549999953,2.5499998,2.549999155,2.549996606,2.549987197,2.549954922,2.549852364,2.549550988,2.548732978,2.546683295,2.541942937,2.531817697,2.511819708,2.475226304,2.413004319,2.314288836,2.167334679,1.960409681,1.68109812
1125,2.549999994,2.549999988,2.549999953,2.549999797,2.549999145,2.549996571,2.549987081,2.549954565,2.549851347,2.549548322,2.54872656,2.54666913,2.541914306,2.531764753,2.511730179,2.475087906,2.412808812,2.314036632,2.167038147,1.960093277,1.680794203
1126,2.549999994,2.549999988,2.549999952,2.549999794,2.549999135,2.549996536,2.549986965,2.549954206,2.549850325,2.549545645,2.54872012,2.546654927,2.54188562,2.531711737,2.511640575,2.474949455,2.412613301,2.313784496,2.166741757,1.959777063,1.68049048
1127,2.549999994,2.549999987,2.549999951,2.549999792,2.549999125,2.549996501,2.549986848,2.549953845,2.549849298,2.549542956,2.548713658,2.546640686,2.541856877,2.53165865,2.511550897,2.474810951,2.412417786,2.313532427,2.166445507,1.959461039,1.680186951
1128,2.549999994,2.549999987,2.549999951,2.549999789,2.549999115,2.549996465,2.54998673,2.549953481,2.549848265,2.549540256,2.548707174,2.546626408,2.541828078,2.531605491,2.511461145,2.474672395,2.412222267,2.313280425,2.166149397,1.959145206,1.679883615
1129,2.549999994,2.549999987,2.54999995,2.549999787,2.549999105,2.549996429,2.549986611,2.549953116,2.549847227,2.549537545,2.548700668,2.546612092,2.541799223,2.53155226,2.511371319,2.474533785,2.412026746,2.313028491,2.165853428,1.958829562,1.679580472
1130,2.549999993,2.549999987,2.549999949,2.549999784,2.549999095,2.549996393,2.549986491,2.549952748,2.549846184,2.549534822,2.54869414,2.546597738,2.541770311,2.531498957,2.511281419,2.474395123,2.411831221,2.312776624,2.165557599,1.958514108,1.679277523
1131,2.549999993,2.549999987,2.549999949,2.549999781,2.549999085,2.549996357,2.54998637,2.549952377,2.549845135,2.549532087,2.54868759,2.546583346,2.541741343,2.531445583,2.511191446,2.474256409,2.411635693,2.312524825,2.165261911,1.958198843,1.678974766
1132,2.549999993,2.549999986,2.549999948,2.549999778,2.549999074,2.54999632,2.549986249,2.549952005,2.54984408,2.549529341,2.548681017,2.546568917,2.541712319,2.531392137,2.511101399,2.474117643,2.411440162,2.312273092,2.164966362,1.957883768,1.678672201
1133,2.549999993,2.549999986,2.549999947,2.549999775,2.549999064,2.549996283,2.549986126,2.54995163,2.549843021,2.549526583,2.548674422,2.546554449,2.541683238,2.53133862,2.511011278,2.473978824,2.411244629,2.312021428,2.164670954,1.957568881,1.678369829
1134,2.549999993,2.549999986,2.549999946,2.549999773,2.549999053,2.549996245,2.549986003,2.549951253,2.549841956,2.549523813,2.548667805,2.546539944,2.541654102,2.531285032,2.510921085,2.473839954,2.411049092,2.31176983,2.164375685,1.957254183,1.678067649
1135,2.549999993,2.549999986,2.549999946,2.54999977,2.549999042,2.549996208,2.549985879,2.549950873,2.549840885,2.549521032,2.548661166,2.546525402,2.541624909,2.531231373,2.510830818,2.473701032,2.410853554,2.3115183,2.164080556,1.956939673,1.677765661
1136,2.549999993,2.549999986,2.549999945,2.549999767,2.549999032,2.54999617,2.549985754,2.549950491,2.549839809,2.549518239,2.548654504,2.546510821,2.54159566,2.531177642,2.510740478,2.473562058,2.410658012,2.311266838,2.163785566,1.956625352,1.677463865
1137,2.549999993,2.549999985,2.549999944,2.549999764,2.549999021,2.549996131,2.549985628,2.549950107,2.549838728,2.549515435,2.548647821,2.546496202,2.541566354,2.53112384,2.510650065,2.473423033,2.410462469,2.311015443,2.163490716,1.956311218,1.677162259
1138,2.549999993,2.549999985,2.549999943,2.549999761,2.54999901,2.549996093,2.549985501,2.549949721,2.54983764,2.549512619,2.548641114,2.546481546,2.541536993,2.531069967,2.51055958,2.473283957,2.410266923,2.310764116,2.163196005,1.955997272,1.676860845
1139,2.549999992,2.549999985,2.549999942,2.549999758,2.549998999,2.549996054,2.549985373,2.549949332,2.549836548,2.549509791,2.548634385,2.546466851,2.541507575,2.531016023,2.510469021,2.47314483,2.410071375,2.310512856,2.162901433,1.955683513,1.676559622
1140,2.549999992,2.549999985,2.549999942,2.549999755,2.549998987,2.549996014,2.549985244,2.549948941,2.54983545,2.549506951,2.548627634,2.546452119,2.541478101,2.530962007,2.510378391,2.473005651,2.409875825,2.310261664,2.162607,1.955369941,1.676258594
1141,2.549999992,2.549999984,2.549999941,2.549999752,2.549998976,2.549995975,2.549985114,2.549948547,2.549834346,2.549504099,2.54862086,2.546437348,2.541448571,2.530907922,2.510287687,2.472866422,2.409680273,2.310010539,2.162312707,1.955056556,1.67595779
1142,2.549999992,2.549999984,2.54999994,2.549999749,2.549998965,2.549995935,2.549984984,2.549948151,2.549833237,2.549501236,2.548614064,2.54642254,2.541418985,2.530853765,2.510196912,2.472727143,2.40948472,2.309759483,2.162018552,1.954743357,1.675657233
1143,2.549999992,2.549999984,2.549999939,2.549999746,2.549998953,2.549995895,2.549984852,2.549947753,2.549832122,2.54949836,2.548607245,2.546407693,2.541389343,2.530799537,2.510106064,2.472587812,2.409289165,2.309508493,2.161724536,1.954430345,1.675356889
1144,2.549999992,2.549999984,2.549999938,2.549999742,2.549998942,2.549995854,2.54998472,2.549947352,2.549831001,2.549495473,2.548600404,2.546392809,2.541359644,2.530745239,2.510015145,2.472448432,2.409093609,2.309257572,2.161430658,1.954117519,1.675056755
1145,2.549999992,2.549999983,2.549999937,2.549999739,2.54999893,2.549995813,2.549984587,2.549946949,2.549829875,2.549492574,2.54859354,2.546377886,2.54132989,2.53069087,2.509924153,2.472309001,2.408898051,2.309006718,2.161136919,1.953804879,1.674756828
1146,2.549999991,2.549999983,2.549999937,2.549999736,2.549998918,2.549995772,2.549984452,2.549946544,2.549828743,2.549489663,2.548586653,2.546362925,2.541300079,2.53063643,2.50983309,2.472169521,2.408702493,2.308755931,2.160843318,1.953492424,1.674457106
1147,2.549999991,2.549999983,2.549999936,2.549999733,2.549998906,2.54999573,2.549984317,2.549946136,2.549827606,2.54948674,2.548579744,2.546347926,2.541270212,2.53058192,2.509741955,2.47202999,2.408506933,2.308505213,2.160549855,1.953180155,1.674157588
1148,2.549999991,2.549999983,2.549999935,2.549999729,2.549998894,2.549995688,2.549984181,2.549945725,2.549826463,2.549483805,2.548572812,2.546332889,2.541240289,2.53052734,2.509650748,2.47189041,2.408311372,2.308254562,2.160256531,1.95286807,1.673858273
1149,2.549999991,2.549999982,2.549999934,2.549999726,2.549998882,2.549995646,2.549984044,2.549945312,2.549825314,2.549480858,2.548565857,2.546317814,2.54121031,2.530472689,2.50955947,2.47175078,2.40811581,2.308003979,2.159963344,1.952556171,1.673559159
1150,2.549999991,2.549999982,2.549999933,2.549999723,2.549998869,2.549995603,2.549983906,2.549944897,2.549824159,2.549477898,2.54855888,2.546302701,2.541180275,2.530417968,2.509468121,2.471611101,2.407920248,2.307753464,2.159670295,1.952244456,1.673260245
1151,2.549999991,2.549999982,2.549999932,2.549999719,2.549998857,2.54999556,2.549983767,2.549944479,2.549822999,2.549474927,2.54855188,2.546287549,2.541150184,2.530363177,2.5093767,2.471471373,2.407724685,2.307503016,2.159377384,1.951932926,1.67296153
1152,2.549999991,2.549999982,2.549999931,2.549999716,2.549998844,2.549995517,2.549983627,2.549944059,2.549821833,2.549471944,2.548544857,2.54627236,2.541120037,2.530308315,2.509285208,2.471331595,2.407529121,2.307252637,2.15908461,1.95162158,1.672663014
1153,2.54999999,2.549999981,2.54999993,2.549999712,2.549998832,2.549995473,2.549983486,2.549943636,2.549820661,2.549468948,2.548537811,2.546257132,2.541089833,2.530253383,2.509193646,2.471191769,2.407333557,2.307002325,2.158791974,1.951310418,1.672364695
1154,2.54999999,2.549999981,2.549999929,2.549999709,2.549998819,2.549995429,2.549983344,2.549943211,2.549819483,2.549465941,2.548530742,2.546241865,2.541059574,2.530198381,2.509102013,2.471051894,2.407137993,2.306752081,2.158499475,1.950999439,1.672066574
1155,2.54999999,2.549999981,2.549999928,2.549999705,2.549998806,2.549995385,2.549983201,2.549942783,2.5498183,2.549462921,2.54852365,2.546226561,2.541029259,2.53014331,2.509010309,2.47091197,2.406942429,2.306501905,2.158207114,1.950688645,1.671768649
1156,2.54999999,2.54999998,2.549999927,2.549999702,2.549998793,2.54999534,2.549983057,2.549942353,2.54981711,2.549459889,2.548516536,2.546211218,2.540998887,2.530088168,2.508918534,2.470771998,2.406746865,2.306251797,2.157914889,1.950378033,1.67147092
1157,2.54999999,2.54999998,2.549999926,2.549999698,2.54999878,2.549995295,2.549982912,2.54994192,2.549815915,2.549456845,2.548509398,2.546195837,2.54096846,2.530032956,2.508826689,2.470631977,2.406551301,2.306001757,2.157622802,1.950067605,1.671173386
1158,2.54999999,2.54999998,2.549999925,2.549999694,2.549998767,2.549995249,2.549982766,2.549941485,2.549814714,2.549453788,2.548502237,2.546180417,2.540937976,2.529977675,2.508734774,2.470491908,2.406355737,2.305751784,2.157330851,1.94975736,1.670876047
1159,2.54999999,2.54999998,2.549999924,2.549999691,2.549998753,2.549995204,2.549982619,2.549941047,2.549813507,2.549450719,2.548495054,2.546164959,2.540907437,2.529922324,2.508642788,2.470351792,2.406160174,2.30550188,2.157039037,1.949447297,1.670578903
1160,2.549999989,2.549999979,2.549999923,2.549999687,2.54999874,2.549995157,2.549982471,2.549940606,2.549812294,2.549447638,2.548487847,2.546149463,2.540876842,2.529866903,2.508550733,2.470211627,2.405964611,2.305252043,2.15674736,1.949137417,1.670281952
1161,2.549999989,2.549999979,2.549999922,2.549999683,2.549998726,2.549995111,2.549982322,2.549940163,2.549811076,2.549444545,2.548480617,2.546133928,2.54084619,2.529811413,2.508458607,2.470071415,2.405769048,2.305002275,2.156455819,1.94882772,1.669985195
1162,2.549999989,2.549999979,2.549999921,2.549999679,2.549998712,2.549995064,2.549982172,2.549939718,2.549809851,2.549441439,2.548473364,2.546118355,2.540815483,2.529755853,2.508366412,2.469931155,2.405573487,2.304752574,2.156164415,1.948518205,1.66968863
1163,2.549999989,2.549999978,2.54999992,2.549999676,2.549998698,2.549995016,2.54998202,2.549939269,2.54980862,2.549438321,2.548466088,2.546102744,2.54078472,2.529700223,2.508274147,2.469790847,2.405377926,2.304502942,2.155873146,1.948208872,1.669392258
1164,2.549999989,2.549999978,2.549999919,2.549999672,2.549998684,2.549994969,2.549981868,2.549938819,2.549807384,2.54943519,2.548458789,2.546087094,2.540753901,2.529644524,2.508181812,2.469650493,2.405182366,2.304253378,2.155582014,1.947899721,1.669096079
1165,2.549999988,2.549999978,2.549999918,2.549999668,2.54999867,2.549994921,2.549981715,2.549938365,2.549806141,2.549432047,2.548451466,2.546071405,2.540723026,2.529588756,2.508089408,2.469510091,2.404986807,2.304003881,2.155291018,1.947590752,1.668800091
1166,2.549999988,2.549999977,2.549999917,2.549999664,2.549998656,2.549994872,2.549981561,2.549937909,2.549804892,2.549428891,2.54844412,2.546055678,2.540692095,2.529532919,2.507996935,2.469369642,2.404791249,2.303754453,2.155000158,1.947281964,1.668504295
1167,2.549999988,2.549999977,2.549999916,2.54999966,2.549998642,2.549994823,2.549981406,2.54993745,2.549803638,2.549425723,2.548436751,2.546039913,2.540661108,2.529477012,2.507904392,2.469229146,2.404595693,2.303505093,2.154709433,1.946973357,1.668208689
1168,2.549999988,2.549999977,2.549999915,2.549999656,2.549998627,2.549994774,2.54998125,2.549936989,2.549802377,2.549422542,2.548429359,2.546024109,2.540630066,2.529421036,2.50781178,2.469088604,2.404400138,2.303255801,2.154418844,1.946664932,1.667913274
1169,2.549999988,2.549999976,2.549999914,2.549999652,2.549998613,2.549994725,2.549981092,2.549936525,2.54980111,2.549419349,2.548421943,2.546008266,2.540598967,2.529364991,2.507719099,2.468948015,2.404204584,2.303006577,2.154128391,1.946356688,1.667618049
1170,2.549999988,2.549999976,2.549999913,2.549999647,2.549998598,2.549994675,2.549980934,2.549936058,2.549799837,2.549416144,2.548414504,2.545992385,2.540567813,2.529308877,2.50762635,2.46880738,2.404009032,2.302757421,2.153838073,1.946048624,1.667323014
1171,2.549999987,2.549999976,2.549999911,2.549999643,2.549998583,2.549994624,2.549980774,2.549935589,2.549798558,2.549412925,2.548407042,2.545976465,2.540536603,2.529252695,2.507533531,2.468666698,2.403813482,2.302508333,2.15354789,1.945740741,1.667028169
1172,2.549999987,2.549999975,2.54999991,2.549999639,2.549998568,2.549994573,2.549980614,2.549935117,2.549797273,2.549409694,2.548399556,2.545960506,2.540505337,2.529196443,2.507440644,2.468525971,2.403617934,2.302259313,2.153257843,1.945433039,1.666733513
1173,2.549999987,2.549999975,2.549999909,2.549999635,2.549998553,2.549994522,2.549980452,2.549934642,2.549795982,2.54940645,2.548392047,2.545944509,2.540474015,2.529140122,2.507347689,2.468385197,2.403422387,2.302010362,2.15296793,1.945125517,1.666439045
1174,2.549999987,2.549999975,2.549999908,2.54999963,2.549998537,2.549994471,2.54998029,2.549934165,2.549794684,2.549403194,2.548384514,2.545928474,2.540442638,2.529083733,2.507254665,2.468244378,2.403226843,2.301761478,2.152678153,1.944818175,1.666144766
1175,2.549999987,2.549999974,2.549999907,2.549999626,2.549998522,2.549994419,2.549980126,2.549933685,2.549793381,2.549399925,2.548376958,2.545912399,2.540411204,2.529027275,2.507161573,2.468103512,2.403031301,2.301512663,2.15238851,1.944511012,1.665850675
1176,2.549999986,2.549999974,2.549999905,2.549999622,2.549998506,2.549994366,2.549979961,2.549933202,2.549792071,2.549396643,2.548369378,2.545896286,2.540379715,2.528970748,2.507068413,2.467962602,2.402835761,2.301263916,2.152099002,1.94420403,1.665556772
1177,2.549999986,2.549999973,2.549999904,2.549999617,2.549998491,2.549994314,2.549979795,2.549932716,2.549790755,2.549393349,2.548361774,2.545880134,2.54034817,2.528914153,2.506975184,2.467821646,2.402640224,2.301015238,2.151809628,1.943897227,1.665263057
1178,2.549999986,2.549999973,2.549999903,2.549999613,2.549998475,2.54999426,2.549979628,2.549932228,2.549789433,2.549390041,2.548354147,2.545863944,2.54031657,2.52885749,2.506881888,2.467680645,2.402444689,2.300766627,2.151520389,1.943590604,1.664969529
1179,2.549999986,2.549999973,2.549999902,2.549999608,2.549998459,2.549994207,2.54997946,2.549931737,2.549788104,2.549386721,2.548346497,2.545847714,2.540284914,2.528800758,2.506788524,2.467539598,2.402249156,2.300518085,2.151231284,1.943284159,1.664676187
1180,2.549999985,2.549999972,2.5499999,2.549999604,2.549998443,2.549994153,2.54997929,2.549931243,2.549786769,2.549383388,2.548338823,2.545831446,2.540253202,2.528743957,2.506695093,2.467398507,2.402053627,2.300269611,2.150942313,1.942977894,1.664383032
1181,2.549999985,2.549999972,2.549999899,2.549999599,2.549998426,2.549994098,2.54997912,2.549930746,2.549785428,2.549380042,2.548331125,2.545815139,2.540221434,2.528687088,2.506601593,2.467257371,2.4018581,2.300021205,2.150653477,1.942671807,1.664090064
1182,2.549999985,2.549999971,2.549999898,2.549999594,2.54999841,2.549994043,2.549978948,2.549930247,2.549784081,2.549376683,2.548323403,2.545798794,2.540189611,2.528630151,2.506508027,2.46711619,2.401662576,2.299772868,2.150364774,1.942365899,1.663797281
1183,2.549999985,2.549999971,2.549999896,2.549999589,2.549998393,2.549993988,2.549978776,2.549929745,2.549782727,2.549373312,2.548315658,2.545782409,2.540157732,2.528573146,2.506414393,2.466974965,2.401467055,2.299524598,2.150076205,1.942060169,1.663504684
1184,2.549999985,2.549999971,2.549999895,2.549999585,2.549998376,2.549993932,2.549978602,2.54992924,2.549781367,2.549369927,2.548307889,2.545765986,2.540125797,2.528516073,2.506320692,2.466833695,2.401271538,2.299276397,2.14978777,1.941754617,1.663212273
1185,2.549999984,2.54999997,2.549999894,2.54999958,2.54999836,2.549993876,2.549978427,2.549928732,2.549780001,2.549366529,2.548300096,2.545749524,2.540093807,2.528458932,2.506226924,2.466692381,2.401076023,2.299028265,2.149499469,1.941449244,1.662920046
1186,2.549999984,2.54999997,2.549999892,2.549999575,2.549998343,2.54999382,2.549978251,2.549928221,2.549778628,2.549363119,2.548292279,2.545733023,2.540061761,2.528401723,2.506133089,2.466551023,2.400880512,2.298780201,2.149211301,1.941144048,1.662628004
1187,2.549999984,2.549999969,2.549999891,2.54999957,2.549998325,2.549993763,2.549978073,2.549927707,2.549777249,2.549359695,2.548284438,2.545716483,2.54002966,2.528344446,2.506039187,2.466409621,2.400685005,2.298532205,2.148923266,1.94083903,1.662336147
1188,2.549999984,2.549999969,2.54999989,2.549999565,2.549998308,2.549993705,2.549977895,2.549927191,2.549775863,2.549356259,2.548276574,2.545699904,2.539997503,2.528287101,2.505945218,2.466268176,2.400489501,2.298284277,2.148635365,1.940534189,1.662044474
1189,2.549999983,2.549999968,2.549999888,2.54999956,2.549998291,2.549993648,2.549977715,2.549926672,2.549774472,2.549352809,2.548268686,2.545683286,2.53996529,2.528229688,2.505851183,2.466126686,2.400294001,2.298036418,2.148347597,1.940229525,1.661752984
1190,2.549999983,2.549999968,2.549999887,2.549999555,2.549998273,2.549993589,2.549977535,2.549926149,2.549773073,2.549349346,2.548260773,2.54566663,2.539933022,2.528172208,2.505757081,2.465985153,2.400098504,2.297788627,2.148059962,1.939925039,1.661461679
1191,2.549999983,2.549999967,2.549999885,2.54999955,2.549998255,2.549993531,2.549977353,2.549925624,2.549771668,2.54934587,2.548252837,2.545649934,2.539900698,2.52811466,2.505662913,2.465843577,2.399903012,2.297540904,2.14777246,1.939620729,1.661170556
1192,2.549999983,2.549999967,2.549999884,2.549999545,2.549998237,2.549993471,2.549977169,2.549925096,2.549770257,2.549342381,2.548244877,2.5456332,2.539868319,2.528057044,2.505568679,2.465701957,2.399707523,2.29729325,2.14748509,1.939316596,1.660879617
1193,2.549999982,2.549999967,2.549999882,2.54999954,2.549998219,2.549993412,2.549976985,2.549924566,2.549768839,2.549338879,2.548236892,2.545616426,2.539835884,2.527999361,2.505474378,2.465560294,2.399512039,2.297045665,2.147197854,1.939012639,1.66058886
1194,2.549999982,2.549999966,2.549999881,2.549999534,2.549998201,2.549993352,2.5499768,2.549924032,2.549767414,2.549335363,2.548228884,2.545599614,2.539803394,2.527941611,2.505380012,2.465418589,2.399316559,2.296798147,2.14691075,1.938708858,1.660298286
1195,2.549999982,2.549999966,2.549999879,2.549999529,2.549998182,2.549993291,2.549976613,2.549923495,2.549765984,2.549331834,2.548220852,2.545582762,2.539770848,2.527883793,2.50528558,2.46527684,2.399121083,2.296550698,2.146623778,1.938405254,1.660007894
1196,2.549999982,2.549999965,2.549999878,2.549999524,2.549998164,2.54999323,2.549976425,2.549922955,2.549764546,2.549328292,2.548212795,2.545565871,2.539738247,2.527825908,2.505191082,2.465135049,2.398925611,2.296303318,2.146336939,1.938101825,1.659717684
1197,2.549999981,2.549999965,2.549999876,2.549999518,2.549998145,2.549993169,2.549976236,2.549922413,2.549763102,2.549324737,2.548204715,2.545548942,2.539705591,2.527767955,2.505096518,2.464993215,2.398730145,2.296056006,2.146050232,1.937798572,1.659427656
1198,2.549999981,2.549999964,2.549999875,2.549999513,2.549998126,2.549993107,2.549976045,2.549921867,2.549761651,2.549321168,2.54819661,2.545531973,2.539672879,2.527709936,2.505001889,2.464851339,2.398534682,2.295808762,2.145763657,1.937495495,1.659137809
1199,2.549999981,2.549999964,2.549999873,2.549999507,2.549998107,2.549993045,2.549975854,2.549921319,2.549760194,2.549317586,2.548188481,2.545514965,2.539640111,2.527651849,2.504907194,2.46470942,2.398339225,2.295561587,2.145477214,1.937192592,1.658848143
1200,2.54999998,2.549999963,2.549999871,2.549999502,2.549998088,2.549992982,2.549975661,2.549920767,2.54975873,2.549313991,2.548180328,2.545497919,2.539607289,2.527593695,2.504812434,2.46456746,2.398143772,2.29531448,2.145190903,1.936889865,1.658558657
1201,2.54999998,2.549999963,2.54999987,2.549999496,2.549998069,2.549992918,2.549975467,2.549920213,2.549757259,2.549310383,2.54817215,2.545480833,2.539574411,2.527535475,2.504717609,2.464425457,2.397948325,2.295067442,2.144904724,1.936587313,1.658269302
1202,2.54999998,2.549999962,2.549999868,2.54999949,2.549998049,2.549992855,2.549975272,2.549919655,2.549755782,2.54930676,2.548163949,2.545463707,2.539541477,2.527477187,2.504622719,2.464283413,2.397752882,2.294820472,2.144618677,1.936284935,1.657980078
1203,2.54999998,2.549999962,2.549999867,2.549999484,2.549998029,2.54999279,2.549975075,2.549919094,2.549754298,2.549303125,2.548155723,2.545446543,2.539508488,2.527418833,2.504527764,2.464141326,2.397557444,2.294573571,2.144332761,1.935982731,1.657691005
1204,2.549999979,2.549999961,2.549999865,2.549999479,2.54999801,2.549992726,2.549974877,2.549918531,2.549752808,2.549299476,2.548147472,2.54542934,2.539475444,2.527360412,2.504432744,2.463999198,2.397362012,2.294326738,2.144046976,1.935680702,1.657402088
1205,2.549999979,2.549999961,2.549999863,2.549999473,2.54999799,2.549992661,2.549974678,2.549917964,2.54975131,2.549295814,2.548139198,2.545412097,2.539442345,2.527301924,2.504337659,2.463857029,2.397166585,2.294079974,2.143761323,1.935378847,1.657113332
1206,2.549999979,2.54999996,2.549999861,2.549999467,2.549997969,2.549992595,2.549974478,2.549917394,2.549749806,2.549292138,2.548130899,2.545394816,2.53940919,2.52724337,2.504242509,2.463714818,2.396971164,2.293833278,2.143475802,1.935077165,1.656824738
1207,2.549999978,2.549999959,2.54999986,2.549999461,2.549997949,2.549992529,2.549974277,2.549916822,2.549748295,2.549288448,2.548122575,2.545377495,2.53937598,2.527184749,2.504147296,2.463572567,2.396775748,2.293586651,2.143190411,1.934775658,1.656536306
1208,2.549999978,2.549999959,2.549999858,2.549999455,2.549997928,2.549992462,2.549974074,2.549916246,2.549746778,2.549284745,2.548114228,2.545360135,2.539342715,2.527126061,2.504052017,2.463430274,2.396580337,2.293340092,2.142905151,1.934474323,1.656248038
1209,2.549999978,2.549999958,2.549999856,2.549999449,2.549997908,2.549992395,2.54997387,2.549915667,2.549745253,2.549281028,2.548105855,2.545342735,2.539309394,2.527067307,2.503956675,2.46328794,2.396384933,2.293093602,2.142620023,1.934173162,1.655959934
1210,2.549999977,2.549999958,2.549999854,2.549999443,2.549997887,2.549992328,2.549973664,2.549915085,2.549743722,2.549277298,2.548097459,2.545325297,2.539276019,2.527008487,2.503861268,2.463145565,2.396189534,2.29284718,2.142335025,1.933872174,1.655671996
1211,2.549999977,2.549999957,2.549999853,2.549999436,2.549997866,2.549992259,2.549973458,2.5499145,2.549742184,2.549273554,2.548089037,2.545307819,2.539242588,2.5269496,2.503765798,2.46300315,2.395994141,2.292600827,2.142050158,1.933571359,1.655384223
1212,2.549999977,2.549999957,2.549999851,2.54999943,2.549997844,2.549992191,2.54997325,2.549913912,2.549740639,2.549269797,2.548080592,2.545290302,2.539209102,2.526890648,2.503670263,2.462860694,2.395798755,2.292354542,2.141765421,1.933270716,1.655096616
1213,2.549999976,2.549999956,2.549999849,2.549999424,2.549997823,2.549992122,2.54997304,2.54991332,2.549739087,2.549266026,2.548072121,2.545272745,2.539175561,2.526831629,2.503574665,2.462718198,2.395603374,2.292108326,2.141480815,1.932970246,1.654809176
1214,2.549999976,2.549999955,2.549999847,2.549999417,2.549997801,2.549992052,2.54997283,2.549912726,2.549737528,2.549262241,2.548063626,2.54525515,2.539141964,2.526772544,2.503479003,2.462575661,2.395408,2.291862178,2.141196339,1.932669947,1.654521902
1215,2.549999976,2.549999955,2.549999845,2.549999411,2.54999778,2.549991982,2.549972618,2.549912128,2.549735963,2.549258442,2.548055107,2.545237515,2.539108313,2.526713393,2.503383277,2.462433085,2.395212632,2.291616099,2.140911994,1.932369821,1.654234794
1216,2.549999975,2.549999954,2.549999843,2.549999404,2.549997758,2.549991911,2.549972404,2.549911527,2.54973439,2.549254629,2.548046563,2.54521984,2.539074606,2.526654176,2.503287488,2.462290468,2.39501727,2.291370089,2.140627778,1.932069866,1.653947854
1217,2.549999975,2.549999953,2.549999841,2.549999398,2.549997736,2.54999184,2.54997219,2.549910923,2.549732811,2.549250803,2.548037994,2.545202127,2.539040845,2.526594893,2.503191636,2.462147812,2.394821915,2.291124147,2.140343693,1.931770083,1.65366108
1218,2.549999975,2.549999953,2.549999839,2.549999391,2.549997713,2.549991769,2.549971974,2.549910316,2.549731224,2.549246963,2.5480294,2.545184374,2.539007028,2.526535544,2.50309572,2.462005115,2.394626567,2.290878274,2.140059738,1.931470471,1.653374473
1219,2.549999974,2.549999952,2.549999837,2.549999384,2.549997691,2.549991697,2.549971757,2.549909706,2.549729631,2.549243109,2.548020782,2.545166581,2.538973156,2.526476129,2.502999741,2.46186238,2.394431225,2.290632469,2.139775912,1.931171029,1.653088033
1220,2.549999974,2.549999952,2.549999836,2.549999378,2.549997668,2.549991624,2.549971538,2.549909092,2.54972803,2.549239242,2.548012139,2.54514875,2.53893923,2.526416649,2.5029037,2.461719604,2.39423589,2.290386733,2.139492217,1.930871759,1.65280176
1221,2.549999973,2.549999951,2.549999834,2.549999371,2.549997645,2.549991551,2.549971318,2.549908475,2.549726423,2.54923536,2.548003471,2.545130878,2.538905248,2.526357103,2.502807595,2.46157679,2.394040562,2.290141065,2.139208651,1.930572658,1.652515653
1222,2.549999973,2.54999995,2.549999831,2.549999364,2.549997622,2.549991477,2.549971097,2.549907855,2.549724809,2.549231464,2.547994779,2.545112968,2.538871211,2.526297492,2.502711428,2.461433936,2.393845241,2.289895466,2.138925214,1.930273728,1.652229714
1223,2.549999973,2.54999995,2.549999829,2.549999357,2.549997599,2.549991403,2.549970874,2.549907232,2.549723187,2.549227555,2.547986062,2.545095018,2.538837119,2.526237815,2.502615198,2.461291043,2.393649927,2.289649936,2.138641907,1.929974968,1.651943942
1224,2.549999972,2.549999949,2.549999827,2.54999935,2.549997575,2.549991328,2.54997065,2.549906605,2.549721558,2.549223631,2.547977319,2.545077029,2.538802973,2.526178073,2.502518905,2.461148111,2.393454621,2.289404474,2.138358729,1.929676377,1.651658336
1225,2.549999972,2.549999948,2.549999825,2.549999343,2.549997552,2.549991253,2.549970425,2.549905976,2.549719923,2.549219694,2.547968552,2.545059,2.538768771,2.526118265,2.50242255,2.461005141,2.393259321,2.289159081,2.13807568,1.929377955,1.651372898
1226,2.549999971,2.549999948,2.549999823,2.549999336,2.549997528,2.549991177,2.549970198,2.549905342,2.54971828,2.549215743,2.54795976,2.545040932,2.538734515,2.526058392,2.502326133,2.460862131,2.393064029,2.288913757,2.13779276,1.929079703,1.651087625
1227,2.549999971,2.549999947,2.549999821,2.549999329,2.549997504,2.5499911,2.54996997,2.549904706,2.54971663,2.549211777,2.547950944,2.545022824,2.538700203,2.525998454,2.502229653,2.460719083,2.392868745,2.288668501,2.13750997,1.92878162,1.65080252
1228,2.549999971,2.549999946,2.549999819,2.549999321,2.549997479,2.549991024,2.54996974,2.549904066,2.549714973,2.549207798,2.547942102,2.545004677,2.538665837,2.525938451,2.502133111,2.460575997,2.392673468,2.288423313,2.137227308,1.928483705,1.650517581
1229,2.54999997,2.549999945,2.549999817,2.549999314,2.549997455,2.549990946,2.54996951,2.549903423,2.549713309,2.549203804,2.547933235,2.54498649,2.538631416,2.525878382,2.502036508,2.460432873,2.392478199,2.288178195,2.136944775,1.928185958,1.650232808
1230,2.54999997,2.549999945,2.549999814,2.549999307,2.54999743,2.549990868,2.549969277,2.549902777,2.549711637,2.549199796,2.547924343,2.544968264,2.53859694,2.525818249,2.501939842,2.46028971,2.392282937,2.287933145,2.136662371,1.92788838,1.649948202
1231,2.549999969,2.549999944,2.549999812,2.549999299,2.549997406,2.54999079,2.549969043,2.549902128,2.549709959,2.549195774,2.547915426,2.544949998,2.538562409,2.525758051,2.501843115,2.460146509,2.392087683,2.287688163,2.136380095,1.92759097,1.649663762
1232,2.549999969,2.549999943,2.54999981,2.549999291,2.549997381,2.54999071,2.549968808,2.549901475,2.549708273,2.549191738,2.547906485,2.544931693,2.538527824,2.525697787,2.501746326,2.46000327,2.391892438,2.287443251,2.136097947,1.927293727,1.649379488
1233,2.549999968,2.549999942,2.549999808,2.549999284,2.549997355,2.549990631,2.549968572,2.549900818,2.54970658,2.549187688,2.547897518,2.544913348,2.538493183,2.525637459,2.501649476,2.459859994,2.3916972,2.287198406,2.135815928,1.926996651,1.64909538
1234,2.549999968,2.549999942,2.549999805,2.549999276,2.54999733,2.549990551,2.549968334,2.549900159,2.549704879,2.549183624,2.547888526,2.544894964,2.538458488,2.525577067,2.501552564,2.45971668,2.39150197,2.286953631,2.135534037,1.926699743,1.648811438
1235,2.549999968,2.549999941,2.549999803,2.549999268,2.549997304,2.54999047,2.549968094,2.549899495,2.549703172,2.549179545,2.547879509,2.54487654,2.538423738,2.525516609,2.501455591,2.459573328,2.391306749,2.286708924,2.135252275,1.926403001,1.648527661
1236,2.549999967,2.54999994,2.549999801,2.549999261,2.549997278,2.549990388,2.549967853,2.549898829,2.549701457,2.549175452,2.547870466,2.544858077,2.538388934,2.525456087,2.501358556,2.459429939,2.391111536,2.286464286,2.13497064,1.926106427,1.648244051
1237,2.549999967,2.549999939,2.549999798,2.549999253,2.549997252,2.549990306,2.549967611,2.549898159,2.549699735,2.549171345,2.547861399,2.544839574,2.538354075,2.5253955,2.501261461,2.459286513,2.390916331,2.286219716,2.134689133,1.925810018,1.647960605
1238,2.549999966,2.549999939,2.549999796,2.549999245,2.549997226,2.549990224,2.549967367,2.549897486,2.549698005,2.549167223,2.547852306,2.544821031,2.538319161,2.525334849,2.501164305,2.459143049,2.390721135,2.285975215,2.134407754,1.925513776,1.647677325
1239,2.549999966,2.549999938,2.549999794,2.549999237,2.5499972,2.549990141,2.549967122,2.549896809,2.549696268,2.549163087,2.547843188,2.544802449,2.538284192,2.525274134,2.501067087,2.458999549,2.390525948,2.285730783,2.134126503,1.9252177,1.64739421
1240,2.549999965,2.549999937,2.549999791,2.549999228,2.549997173,2.549990057,2.549966875,2.549896129,2.549694524,2.549158937,2.547834045,2.544783827,2.538249169,2.525213354,2.500969809,2.458856011,2.390330769,2.28548642,2.133845379,1.924921789,1.647111261
1241,2.549999965,2.549999936,2.549999789,2.54999922,2.549997146,2.549989973,2.549966627,2.549895445,2.549692772,2.549154773,2.547824877,2.544765166,2.538214091,2.52515251,2.500872471,2.458712437,2.390135598,2.285242125,2.133564383,1.924626044,1.646828476
1242,2.549999964,2.549999935,2.549999786,2.549999212,2.549997119,2.549989888,2.549966377,2.549894758,2.549691013,2.549150594,2.547815683,2.544746465,2.538178959,2.525091601,2.500775071,2.458568826,2.389940437,2.284997899,2.133283514,1.924330465,1.646545856
1243,2.549999964,2.549999934,2.549999784,2.549999204,2.549997091,2.549989803,2.549966126,2.549894068,2.549689247,2.5491464,2.547806464,2.544727724,2.538143772,2.525030629,2.500677612,2.458425179,2.389745285,2.284753741,2.133002773,1.92403505,1.6462634
1244,2.549999963,2.549999934,2.549999781,2.549999195,2.549997064,2.549989717,2.549965873,2.549893374,2.549687473,2.549142192,2.54779722,2.544708944,2.538108531,2.524969592,2.500580092,2.458281495,2.389550141,2.284509652,2.132722158,1.9237398,1.645981109
1245,2.549999963,2.549999933,2.549999778,2.549999187,2.549997036,2.54998963,2.549965619,2.549892676,2.549685692,2.54913797,2.547787951,2.544690124,2.538073235,2.524908492,2.500482512,2.458137775,2.389355007,2.284265632,2.132441671,1.923444715,1.645698982
1246,2.549999962,2.549999932,2.549999776,2.549999178,2.549997008,2.549989543,2.549965363,2.549891975,2.549683903,2.549133733,2.547778656,2.544671264,2.538037885,2.524847327,2.500384872,2.457994019,2.389159882,2.28402168,2.13216131,1.923149794,1.645417019
1247,2.549999962,2.549999931,2.549999773,2.549999169,2.54999698,2.549989455,2.549965106,2.549891271,2.549682106,2.549129482,2.547769335,2.544652365,2.53800248,2.524786099,2.500287171,2.457850227,2.388964766,2.283777797,2.131881077,1.922855038,1.645135221
1248,2.549999961,2.54999993,2.549999771,2.549999161,2.549996952,2.549989367,2.549964847,2.549890563,2.549680303,2.549125216,2.547759989,2.544633426,2.53796702,2.524724806,2.500189411,2.457706399,2.38876966,2.283533983,2.13160097,1.922560445,1.644853586
1249,2.549999961,2.549999929,2.549999768,2.549999152,2.549996923,2.549989278,2.549964587,2.549889851,2.549678491,2.549120935,2.547750618,2.544614447,2.537931506,2.52466345,2.500091592,2.457562535,2.388574563,2.283290237,2.13132099,1.922266016,1.644572114
1250,2.54999996,2.549999928,2.549999765,2.549999143,2.549996894,2.549989188,2.549964326,2.549889136,2.549676672,2.54911664,2.547741221,2.544595429,2.537895938,2.524602031,2.499993712,2.457418635,2.388379476,2.28304656,2.131041136,1.921971751,1.644290806
1251,2.54999996,2.549999927,2.549999762,2.549999134,2.549996865,2.549989098,2.549964062,2.549888417,2.549674846,2.54911233,2.547731799,2.544576371,2.537860316,2.524540547,2.499895773,2.4572747,2.388184398,2.282802952,2.130761408,1.921677649,1.644009662
1252,2.549999959,2.549999926,2.54999976,2.549999125,2.549996836,2.549989007,2.549963797,2.549887695,2.549673012,2.549108006,2.547722351,2.544557273,2.537824639,2.524479001,2.499797775,2.45713073,2.38798933,2.282559413,2.130481807,1.92138371,1.64372868
1253,2.549999958,2.549999925,2.549999757,2.549999116,2.549996806,2.549988916,2.549963531,2.549886969,2.54967117,2.549103667,2.547712877,2.544538135,2.537788907,2.52441739,2.499699717,2.456986724,2.387794272,2.282315942,2.130202332,1.921089934,1.643447862
1254,2.549999958,2.549999924,2.549999754,2.549999107,2.549996776,2.549988824,2.549963263,2.54988624,2.549669321,2.549099313,2.547703378,2.544518958,2.537753122,2.524355717,2.4996016,2.456842683,2.387599223,2.28207254,2.129922984,1.92079632,1.643167206
1255,2.549999957,2.549999923,2.549999751,2.549999097,2.549996746,2.549988731,2.549962994,2.549885507,2.549667464,2.549094944,2.547693854,2.54449974,2.537717282,2.52429398,2.499503424,2.456698607,2.387404185,2.281829206,2.129643761,1.920502869,1.642886713
1256,2.549999957,2.549999922,2.549999748,2.549999088,2.549996716,2.549988638,2.549962722,2.54988477,2.549665599,2.549090561,2.547684304,2.544480483,2.537681388,2.52423218,2.499405189,2.456554496,2.387209157,2.281585941,2.129364664,1.920209581,1.642606383
1257,2.549999956,2.549999921,2.549999746,2.549999079,2.549996685,2.549988544,2.54996245,2.54988403,2.549663727,2.549086163,2.547674728,2.544461187,2.537645439,2.524170316,2.499306895,2.456410351,2.387014138,2.281342745,2.129085692,1.919916454,1.642326215
1258,2.549999956,2.54999992,2.549999743,2.549999069,2.549996655,2.549988449,2.549962176,2.549883286,2.549661847,2.54908175,2.547665126,2.54444185,2.537609437,2.52410839,2.499208543,2.45626617,2.386819131,2.281099617,2.128806847,1.91962349,1.642046209
1259,2.549999955,2.549999919,2.54999974,2.549999059,2.549996624,2.549988354,2.5499619,2.549882538,2.549659959,2.549077322,2.547655499,2.544422474,2.53757338,2.5240464,2.499110131,2.456121956,2.386624133,2.280856559,2.128528127,1.919330687,1.641766364
1260,2.549999954,2.549999918,2.549999737,2.54999905,2.549996592,2.549988258,2.549961622,2.549881787,2.549658063,2.54907288,2.547645846,2.544403058,2.537537269,2.523984347,2.499011661,2.455977706,2.386429146,2.280613568,2.128249532,1.919038045,1.641486682
1261,2.549999954,2.549999917,2.549999734,2.54999904,2.549996561,2.549988162,2.549961343,2.549881032,2.54965616,2.549068423,2.547636167,2.544383602,2.537501104,2.523922232,2.498913133,2.455833423,2.386234169,2.280370647,2.127971063,1.918745565,1.641207177
1262,2.549999953,2.549999916,2.549999731,2.54999903,2.549996529,2.549988065,2.549961063,2.549880273,2.549654249,2.54906395,2.547626463,2.544364106,2.537464884,2.523860053,2.498814546,2.455689105,2.386039203,2.280127794,2.127692718,1.918453245,1.640927846
1263,2.549999952,2.549999915,2.549999727,2.54999902,2.549996497,2.549987967,2.54996078,2.549879511,2.54965233,2.549059463,2.547616733,2.54434457,2.537428611,2.523797812,2.498715901,2.455544753,2.385844247,2.27988501,2.127414499,1.918161087,1.640648685
1264,2.549999952,2.549999914,2.549999724,2.54999901,2.549996465,2.549987868,2.549960497,2.549878745,2.549650404,2.549054961,2.547606977,2.544324995,2.537392283,2.523735508,2.498617198,2.455400367,2.385649303,2.279642295,2.127136405,1.917869089,1.640369691
1265,2.549999951,2.549999913,2.549999721,2.549999,2.549996433,2.549987769,2.549960211,2.549877975,2.549648469,2.549050444,2.547597195,2.54430538,2.537355902,2.523673142,2.498518437,2.455255947,2.385454369,2.279399648,2.126858436,1.917577252,1.640090865
1266,2.549999951,2.549999912,2.549999718,2.54999899,2.5499964,2.54998767,2.549959924,2.549877201,2.549646527,2.549045912,2.547587387,2.544285724,2.537319466,2.523610712,2.498419618,2.455111494,2.385259445,2.27915707,2.126580592,1.917285575,1.639812204
1267,2.54999995,2.549999911,2.549999715,2.549998979,2.549996367,2.549987569,2.549959635,2.549876424,2.549644577,2.549041365,2.547577554,2.544266029,2.537282976,2.523548221,2.498320741,2.454967007,2.385064533,2.27891456,2.126302872,1.916994058,1.639533708
1268,2.549999949,2.54999991,2.549999712,2.549998969,2.549996334,2.549987468,2.549959345,2.549875643,2.549642619,2.549036803,2.547567694,2.544246294,2.537246433,2.523485666,2.498221807,2.454822486,2.384869632,2.278672119,2.126025276,1.916702701,1.639255377
1269,2.549999949,2.549999909,2.549999708,2.549998958,2.549996301,2.549987366,2.549959053,2.549874858,2.549640653,2.549032226,2.547557809,2.54422652,2.537209835,2.52342305,2.498122815,2.454677932,2.384674742,2.278429747,2.125747806,1.916411503,1.63897721
1270,2.549999948,2.549999908,2.549999705,2.549998948,2.549996267,2.549987264,2.549958759,2.549874069,2.549638679,2.549027633,2.547547897,2.544206705,2.537173183,2.523360371,2.498023765,2.454533345,2.384479864,2.278187444,2.125470459,1.916120465,1.638699207
1271,2.549999947,2.549999906,2.549999702,2.549998937,2.549996233,2.549987161,2.549958464,2.549873277,2.549636697,2.549023026,2.54753796,2.54418685,2.537136478,2.52329763,2.497924658,2.454388725,2.384284996,2.277945209,2.125193237,1.915829586,1.638421367
1272,2.549999946,2.549999905,2.549999698,2.549998926,2.549996199,2.549987057,2.549958166,2.549872481,2.549634708,2.549018404,2.547527997,2.544166956,2.537099718,2.523234826,2.497825494,2.454244071,2.38409014,2.277703043,2.124916139,1.915538867,1.63814369
1273,2.549999946,2.549999904,2.549999695,2.549998915,2.549996164,2.549986952,2.549957868,2.54987168,2.54963271,2.549013766,2.547518008,2.544147022,2.537062905,2.523171961,2.497726273,2.454099385,2.383895296,2.277460945,2.124639165,1.915248306,1.637866176
1274,2.549999945,2.549999903,2.549999692,2.549998904,2.54999613,2.549986847,2.549957567,2.549870877,2.549630704,2.549009113,2.547507992,2.544127047,2.537026038,2.523109034,2.497626994,2.453954666,2.383700463,2.277218917,2.124362314,1.914957904,1.637588825
1275,2.549999944,2.549999902,2.549999688,2.549998893,2.549996095,2.549986741,2.549957265,2.549870069,2.54962869,2.549004445,2.547497951,2.544107033,2.536989117,2.523046044,2.497527659,2.453809915,2.383505642,2.276976956,2.124085588,1.914667661,1.637311636
1276,2.549999944,2.5499999,2.549999685,2.549998882,2.549996059,2.549986635,2.549956961,2.549869257,2.549626669,2.548999762,2.547487883,2.544086979,2.536952142,2.522982993,2.497428267,2.45366513,2.383310832,2.276735065,2.123808985,1.914377576,1.637034608
1277,2.549999943,2.549999899,2.549999681,2.549998871,2.549996024,2.549986528,2.549956656,2.549868442,2.549624639,2.548995063,2.54747779,2.544066885,2.536915113,2.522919879,2.497328818,2.453520314,2.383116034,2.276493242,2.123532506,1.914087649,1.636757742
1278,2.549999942,2.549999898,2.549999677,2.54999886,2.549995988,2.54998642,2.549956348,2.549867622,2.549622601,2.54899035,2.54746767,2.544046751,2.536878031,2.522856704,2.497229312,2.453375465,2.382921248,2.276251488,2.12325615,1.91379788,1.636481038
1279,2.549999941,2.549999897,2.549999674,2.549998848,2.549995952,2.549986311,2.549956039,2.549866799,2.549620555,2.548985621,2.547457524,2.544026577,2.536840895,2.522793468,2.49712975,2.453230584,2.382726474,2.276009802,2.122979918,1.913508269,1.636204494
1280,2.549999941,2.549999895,2.54999967,2.549998837,2.549995916,2.549986202,2.549955729,2.549865972,2.549618501,2.548980876,2.547447352,2.544006363,2.536803705,2.522730169,2.497030131,2.45308567,2.382531712,2.275768185,2.122703809,1.913218816,1.635928111
1281,2.54999994,2.549999894,2.549999667,2.549998825,2.549995879,2.549986092,2.549955416,2.549865141,2.549616439,2.548976117,2.547437154,2.543986109,2.536766462,2.522666809,2.496930457,2.452940725,2.382336962,2.275526637,2.122427823,1.91292952,1.635651889
1282,2.549999939,2.549999893,2.549999663,2.549998813,2.549995842,2.549985981,2.549955102,2.549864306,2.549614368,2.548971342,2.54742693,2.543965815,2.536729165,2.522603388,2.496830726,2.452795748,2.382142224,2.275285157,2.12215196,1.912640381,1.635375827
1283,2.549999938,2.549999891,2.549999659,2.549998801,2.549995805,2.549985869,2.549954786,2.549863467,2.54961229,2.548966551,2.547416679,2.543945481,2.536691814,2.522539905,2.496730938,2.452650739,2.381947499,2.275043746,2.12187622,1.9123514,1.635099925
1284,2.549999937,2.54999989,2.549999655,2.549998789,2.549995768,2.549985757,2.549954468,2.549862624,2.549610203,2.548961745,2.547406403,2.543925107,2.536654409,2.522476361,2.496631095,2.452505699,2.381752786,2.274802404,2.121600602,1.912062576,1.634824183
1285,2.549999937,2.549999889,2.549999652,2.549998777,2.54999573,2.549985644,2.549954149,2.549861777,2.549608108,2.548956924,2.547396099,2.543904693,2.536616951,2.522412755,2.496531196,2.452360627,2.381558085,2.27456113,2.121325108,1.911773908,1.634548601
1286,2.549999936,2.549999887,2.549999648,2.549998765,2.549995692,2.549985531,2.549953828,2.549860926,2.549606005,2.548952087,2.54738577,2.543884239,2.53657944,2.522349088,2.496431241,2.452215524,2.381363396,2.274319925,2.121049736,1.911485397,1.634273178
1287,2.549999935,2.549999886,2.549999644,2.549998753,2.549995654,2.549985416,2.549953505,2.549860071,2.549603894,2.548947235,2.547375414,2.543863745,2.536541875,2.52228536,2.496331231,2.452070389,2.381168721,2.274078788,2.120774486,1.911197043,1.633997914
1288,2.549999934,2.549999885,2.54999964,2.549998741,2.549995615,2.549985301,2.54995318,2.549859212,2.549601774,2.548942367,2.547365032,2.543843211,2.536504256,2.522221571,2.496231165,2.451925223,2.380974058,2.27383772,2.120499359,1.910908845,1.633722809
1289,2.549999933,2.549999883,2.549999636,2.549998728,2.549995576,2.549985185,2.549952853,2.549858349,2.549599647,2.548937484,2.547354624,2.543822637,2.536466584,2.522157721,2.496131043,2.451780026,2.380779407,2.273596721,2.120224354,1.910620803,1.633447863
1290,2.549999932,2.549999882,2.549999632,2.549998716,2.549995537,2.549985069,2.549952525,2.549857482,2.54959751,2.548932585,2.547344189,2.543802023,2.536428859,2.52209381,2.496030866,2.451634799,2.38058477,2.27335579,2.119949472,1.910332917,1.633173076
1291,2.549999931,2.54999988,2.549999628,2.549998703,2.549995498,2.549984951,2.549952195,2.549856611,2.549595366,2.548927671,2.547333728,2.543781369,2.53639108,2.522029837,2.495930634,2.45148954,2.380390145,2.273114928,2.119674711,1.910045187,1.632898446
1292,2.549999931,2.549999879,2.549999624,2.54999869,2.549995458,2.549984833,2.549951863,2.549855736,2.549593213,2.548922741,2.54732324,2.543760675,2.536353247,2.521965805,2.495830346,2.451344251,2.380195533,2.272874134,2.119400073,1.909757613,1.632623975
1293,2.54999993,2.549999877,2.54999962,2.549998677,2.549995418,2.549984714,2.549951529,2.549854857,2.549591052,2.548917795,2.547312726,2.543739941,2.536315362,2.521901711,2.495730004,2.451198931,2.380000934,2.272633409,2.119125556,1.909470194,1.632349662
1294,2.549999929,2.549999876,2.549999616,2.549998664,2.549995378,2.549984595,2.549951193,2.549853974,2.549588883,2.548912834,2.547302186,2.543719167,2.536277422,2.521837557,2.495629606,2.45105358,2.379806349,2.272392753,2.118851161,1.90918293,1.632075506
1295,2.549999928,2.549999874,2.549999611,2.549998651,2.549995338,2.549984474,2.549950856,2.549853087,2.549586705,2.548907857,2.547291619,2.543698353,2.53623943,2.521773342,2.495529154,2.450908199,2.379611776,2.272152165,2.118576887,1.908895822,1.631801508
1296,2.549999927,2.549999873,2.549999607,2.549998638,2.549995297,2.549984353,2.549950517,2.549852195,2.549584519,2.548902865,2.547281026,2.543677498,2.536201384,2.521709066,2.495428647,2.450762788,2.379417217,2.271911646,2.118302736,1.908608868,1.631527667
1297,2.549999926,2.549999871,2.549999603,2.549998625,2.549995256,2.549984231,2.549950175,2.5498513,2.549582324,2.548897857,2.547270406,2.543656604,2.536163285,2.52164473,2.495328085,2.450617347,2.379222671,2.271671195,2.118028705,1.90832207,1.631253983
1298,2.549999925,2.54999987,2.549999599,2.549998611,2.549995214,2.549984109,2.549949832,2.5498504,2.549580121,2.548892833,2.547259759,2.54363567,2.536125133,2.521580333,2.495227469,2.450471876,2.379028138,2.271430813,2.117754796,1.908035426,1.630980455
1299,2.549999924,2.549999868,2.549999594,2.549998598,2.549995172,2.549983985,2.549949488,2.549849497,2.549577909,2.548887793,2.547249086,2.543614695,2.536086927,2.521515877,2.495126798,2.450326374,2.378833619,2.2711905,2.117481008,1.907748936,1.630707085
1300,2.549999923,2.549999867,2.54999959,2.549998584,2.54999513,2.549983861,2.549949141,2.549848589,2.549575689,2.548882737,2.547238387,2.543593681,2.536048669,2.521451359,2.495026073,2.450180843,2.378639114,2.270950255,2.117207341,1.907462601,1.630433871
1301,2.549999922,2.549999865,2.549999585,2.54999857,2.549995088,2.549983736,2.549948792,2.549847677,2.549573461,2.548877666,2.54722766,2.543572626,2.536010357,2.521386782,2.494925294,2.450035282,2.378444622,2.270710078,2.116933795,1.90717642,1.630160813
1302,2.549999921,2.549999864,2.549999581,2.549998557,2.549995045,2.54998361,2.549948442,2.549846761,2.549571224,2.548872579,2.547216908,2.543551531,2.535971992,2.521322144,2.494824461,2.449889692,2.378250144,2.27046997,2.116660371,1.906890392,1.629887911
1303,2.54999992,2.549999862,2.549999576,2.549998543,2.549995002,2.549983484,2.549948089,2.54984584,2.549568978,2.548867476,2.547206128,2.543530397,2.535933574,2.521257447,2.494723573,2.449744072,2.378055679,2.270229931,2.116387066,1.906604519,1.629615165
1304,2.549999919,2.54999986,2.549999572,2.549998529,2.549994959,2.549983356,2.549947735,2.549844916,2.549566724,2.548862357,2.547195322,2.543509222,2.535895102,2.521192689,2.494622632,2.449598423,2.377861228,2.26998996,2.116113883,1.906318799,1.629342575
1305,2.549999918,2.549999859,2.549999567,2.549998514,2.549994915,2.549983228,2.549947379,2.549843987,2.549564461,2.548857222,2.547184489,2.543488007,2.535856578,2.521127871,2.494521637,2.449452744,2.377666792,2.269750058,2.11584082,1.906033233,1.62907014
1306,2.549999917,2.549999857,2.549999563,2.5499985,2.549994872,2.549983099,2.549947021,2.549843054,2.54956219,2.548852072,2.54717363,2.543466752,2.535818001,2.521062994,2.494420588,2.449307036,2.377472369,2.269510224,2.115567878,1.90574782,1.62879786
1307,2.549999916,2.549999855,2.549999558,2.549998486,2.549994827,2.54998297,2.549946661,2.549842116,2.54955991,2.548846905,2.547162743,2.543445456,2.53577937,2.520998056,2.494319485,2.449161299,2.37727796,2.269270458,2.115295056,1.90546256,1.628525735
1308,2.549999915,2.549999854,2.549999553,2.549998471,2.549994783,2.549982839,2.549946299,2.549841175,2.549557622,2.548841722,2.54715183,2.543424121,2.535740687,2.520933059,2.494218329,2.449015533,2.377083565,2.269030762,2.115022354,1.905177453,1.628253766
1309,2.549999914,2.549999852,2.549999548,2.549998456,2.549994738,2.549982708,2.549945935,2.549840229,2.549555325,2.548836524,2.547140891,2.543402746,2.53570195,2.520868002,2.49411712,2.448869739,2.376889185,2.268791133,2.114749772,1.904892499,1.62798195
1310,2.549999913,2.54999985,2.549999544,2.549998442,2.549994693,2.549982575,2.549945569,2.549839279,2.549553019,2.548831309,2.547129924,2.54338133,2.535663161,2.520802886,2.494015857,2.448723915,2.376694819,2.268551573,2.114477311,1.904607698,1.62771029
1311,2.549999912,2.549999848,2.549999539,2.549998427,2.549994647,2.549982442,2.549945202,2.549838325,2.549550704,2.548826079,2.547118931,2.543359874,2.535624319,2.52073771,2.493914541,2.448578063,2.376500467,2.268312082,2.114204969,1.904323049,1.627438783
1312,2.549999911,2.549999846,2.549999534,2.549998412,2.549994602,2.549982309,2.549944832,2.549837366,2.549548381,2.548820832,2.547107911,2.543338378,2.535585424,2.520672474,2.493813172,2.448432183,2.376306129,2.268072659,2.113932748,1.904038552,1.627167431
1313,2.54999991,2.549999845,2.549999529,2.549998396,2.549994555,2.549982174,2.54994446,2.549836403,2.54954605,2.54881557,2.547096864,2.543316842,2.535546476,2.520607179,2.49371175,2.448286274,2.376111806,2.267833305,2.113660646,1.903754208,1.626896233
1314,2.549999908,2.549999843,2.549999524,2.549998381,2.549994509,2.549982038,2.549944087,2.549835436,2.549543709,2.548810291,2.54708579,2.543295266,2.535507475,2.520541825,2.493610275,2.448140336,2.375917498,2.267594019,2.113388663,1.903470015,1.626625188
1315,2.549999907,2.549999841,2.549999519,2.549998366,2.549994462,2.549981902,2.549943711,2.549834464,2.54954136,2.548804996,2.547074689,2.54327365,2.535468421,2.520476412,2.493508747,2.447994371,2.375723204,2.267354801,2.113116801,1.903185974,1.626354297
1316,2.549999906,2.549999839,2.549999514,2.54999835,2.549994415,2.549981765,2.549943333,2.549833488,2.549539002,2.548799685,2.547063562,2.543251994,2.535429315,2.520410939,2.493407166,2.447848377,2.375528925,2.267115652,2.112845057,1.902902085,1.626083559
1317,2.549999905,2.549999837,2.549999509,2.549998335,2.549994368,2.549981627,2.549942954,2.549832508,2.549536635,2.548794358,2.547052407,2.543230297,2.535390156,2.520345407,2.493305533,2.447702356,2.37533466,2.266876571,2.112573433,1.902618348,1.625812974
1318,2.549999904,2.549999835,2.549999503,2.549998319,2.54999432,2.549981488,2.549942572,2.549831523,2.549534259,2.548789014,2.547041226,2.54320856,2.535350944,2.520279816,2.493203847,2.447556306,2.375140411,2.266637559,2.112301929,1.902334761,1.625542543
1319,2.549999903,2.549999833,2.549999498,2.549998303,2.549994272,2.549981348,2.549942189,2.549830534,2.549531875,2.548783655,2.547030017,2.543186783,2.53531168,2.520214166,2.493102109,2.447410229,2.374946176,2.266398615,2.112030543,1.902051326,1.625272265
1320,2.549999901,2.549999832,2.549999493,2.549998287,2.549994223,2.549981208,2.549941803,2.549829541,2.549529481,2.548778279,2.547018782,2.543164966,2.535272362,2.520148457,2.493000318,2.447264124,2.374751956,2.26615974,2.111759277,1.901768042,1.62500214
1321,2.5499999,2.54999983,2.549999488,2.549998271,2.549994174,2.549981066,2.549941416,2.549828543,2.549527079,2.548772887,2.54700752,2.543143109,2.535232993,2.520082689,2.492898476,2.447117991,2.374557751,2.265920933,2.111488129,1.901484908,1.624732207
1322,2.549999899,2.549999828,2.549999482,2.549998254,2.549994125,2.549980924,2.549941026,2.549827541,2.549524668,2.548767479,2.54699623,2.543121212,2.53519357,2.520016862,2.492796581,2.446971831,2.374363562,2.265682194,2.1112171,1.901201925,1.624462466
1323,2.549999898,2.549999826,2.549999477,2.549998238,2.549994076,2.549980781,2.549940634,2.549826534,2.549522248,2.548762054,2.546984914,2.543099274,2.535154095,2.519950976,2.492694634,2.446825644,2.374169387,2.265443524,2.11094619,1.900919093,1.624192899
1324,2.549999897,2.549999824,2.549999471,2.549998221,2.549994026,2.549980637,2.549940241,2.549825523,2.549519819,2.548756613,2.546973571,2.543077297,2.535114568,2.519885032,2.492592635,2.446679429,2.373975228,2.265204922,2.110675399,1.900636411,1.623923503
1325,2.549999895,2.549999822,2.549999466,2.549998205,2.549993976,2.549980492,2.549939845,2.549824507,2.549517381,2.548751156,2.5469622,2.543055279,2.535074987,2.519819029,2.492490585,2.446533187,2.373781084,2.264966389,2.110404726,1.900353879,1.623654275
1326,2.549999894,2.549999819,2.54999946,2.549998188,2.549993925,2.549980347,2.549939447,2.549823487,2.549514935,2.548745683,2.546950803,2.543033221,2.535035355,2.519752968,2.492388483,2.446386918,2.373586955,2.264727923,2.110134171,1.900071497,1.623385212
1327,2.549999893,2.549999817,2.549999455,2.549998171,2.549993874,2.5499802,2.549939047,2.549822462,2.549512479,2.548740193,2.546939378,2.543011122,2.53499567,2.519686848,2.492286329,2.446240623,2.373392842,2.264489527,2.109863735,1.899789265,1.623116314
1328,2.549999891,2.549999815,2.549999449,2.549998154,2.549993823,2.549980052,2.549938645,2.549821433,2.549510014,2.548734686,2.546927926,2.542988984,2.534955932,2.51962067,2.492184123,2.4460943,2.373198744,2.264251198,2.109593417,1.899507182,1.622847579
1329,2.54999989,2.549999813,2.549999443,2.549998137,2.549993772,2.549979904,2.549938241,2.5498204,2.549507541,2.548729164,2.546916447,2.542966805,2.534916142,2.519554433,2.492081867,2.445947951,2.373004662,2.264012938,2.109323217,1.89922525,1.622579006
1330,2.549999889,2.549999811,2.549999438,2.549998119,2.54999372,2.549979755,2.549937835,2.549819362,2.549505058,2.548723624,2.546904941,2.542944587,2.5348763,2.519488138,2.491979559,2.445801575,2.372810596,2.263774746,2.109053136,1.898943466,1.622310594
1331,2.549999887,2.549999809,2.549999432,2.549998102,2.549993667,2.549979605,2.549937427,2.549818319,2.549502566,2.548718069,2.546893408,2.542922328,2.534836405,2.519421785,2.491877199,2.445655172,2.372616545,2.263536623,2.108783172,1.898661831,1.622042343
1332,2.549999886,2.549999807,2.549999426,2.549998084,2.549993615,2.549979454,2.549937017,2.549817272,2.549500065,2.548712497,2.546881848,2.542900029,2.534796458,2.519355374,2.491774789,2.445508743,2.37242251,2.263298567,2.108513326,1.898380346,1.621774252
1333,2.549999885,2.549999804,2.54999942,2.549998066,2.549993562,2.549979302,2.549936604,2.54981622,2.549497555,2.548706908,2.54687026,2.542877689,2.534756459,2.519288905,2.491672327,2.445362288,2.372228491,2.26306058,2.108243598,1.89809901,1.621506319
1334,2.549999883,2.549999802,2.549999414,2.549998049,2.549993508,2.549979149,2.54993619,2.549815164,2.549495036,2.548701303,2.546858645,2.54285531,2.534716407,2.519222377,2.491569815,2.445215806,2.372034488,2.262822662,2.107973987,1.897817822,1.621238546
1335,2.549999882,2.5499998,2.549999408,2.549998031,2.549993455,2.549978995,2.549935773,2.549814103,2.549492508,2.548695681,2.546847003,2.54283289,2.534676303,2.519155792,2.491467251,2.445069299,2.3718405,2.262584811,2.107704494,1.897536783,1.620970931
1336,2.54999988,2.549999798,2.549999402,2.549998012,2.5499934,2.54997884,2.549935354,2.549813037,2.549489971,2.548690043,2.546835334,2.54281043,2.534636147,2.519089149,2.491364637,2.444922765,2.371646529,2.262347029,2.107435118,1.897255892,1.620703473
1337,2.549999879,2.549999795,2.549999396,2.549997994,2.549993346,2.549978685,2.549934934,2.549811967,2.549487425,2.548684388,2.546823637,2.54278793,2.534595939,2.519022447,2.491261973,2.444776205,2.371452574,2.262109315,2.10716586,1.89697515,1.620436173
1338,2.549999877,2.549999793,2.54999939,2.549997976,2.549993291,2.549978528,2.549934511,2.549810892,2.549484869,2.548678716,2.546811913,2.54276539,2.534555678,2.518955689,2.491159258,2.44462962,2.371258635,2.26187167,2.106896719,1.896694556,1.620169029
1339,2.549999876,2.549999791,2.549999383,2.549997957,2.549993236,2.549978371,2.549934085,2.549809813,2.549482305,2.548673028,2.546800162,2.542742809,2.534515366,2.518888872,2.491056492,2.444483009,2.371064712,2.261634092,2.106627695,1.89641411,1.619902042
1340,2.549999875,2.549999788,2.549999377,2.549997938,2.54999318,2.549978212,2.549933658,2.549808729,2.549479731,2.548667323,2.546788383,2.542720188,2.534475001,2.518821998,2.490953676,2.444336372,2.370870805,2.261396583,2.106358788,1.896133812,1.619635211
1341,2.549999873,2.549999786,2.549999371,2.549997919,2.549993124,2.549978053,2.549933228,2.54980764,2.549477147,2.548661602,2.546776577,2.542697527,2.534434584,2.518755066,2.49085081,2.44418971,2.370676915,2.261159142,2.106089998,1.895853663,1.619368536
1342,2.549999872,2.549999784,2.549999364,2.5499979,2.549993068,2.549977893,2.549932797,2.549806547,2.549474555,2.548655863,2.546764744,2.542674826,2.534394116,2.518688077,2.490747894,2.444043022,2.370483041,2.26092177,2.105821325,1.89557366,1.619102016
1343,2.54999987,2.549999781,2.549999358,2.549997881,2.549993011,2.549977731,2.549932363,2.549805449,2.549471953,2.548650109,2.546752883,2.542652085,2.534353595,2.518621031,2.490644927,2.443896309,2.370289184,2.260684465,2.105552768,1.895293806,1.618835651
1344,2.549999868,2.549999779,2.549999351,2.549997862,2.549992954,2.549977569,2.549931927,2.549804346,2.549469343,2.548644337,2.546740995,2.542629303,2.534313022,2.518553927,2.490541911,2.443749571,2.370095343,2.260447229,2.105284328,1.895014099,1.618569441
1345,2.549999867,2.549999776,2.549999345,2.549997842,2.549992897,2.549977406,2.549931489,2.549803239,2.549466722,2.548638548,2.54672908,2.542606481,2.534272397,2.518486765,2.490438845,2.443602808,2.369901519,2.26021006,2.105016005,1.89473454,1.618303385
1346,2.549999865,2.549999774,2.549999338,2.549997823,2.549992839,2.549977242,2.549931048,2.549802127,2.549464093,2.548632743,2.546717137,2.542583619,2.53423172,2.518419547,2.490335729,2.443456019,2.369707711,2.25997296,2.104747798,1.894455127,1.618037483
1347,2.549999864,2.549999771,2.549999332,2.549997803,2.54999278,2.549977077,2.549930605,2.54980101,2.549461454,2.548626921,2.546705166,2.542560717,2.534190992,2.518352271,2.490232563,2.443309206,2.36951392,2.259735928,2.104479708,1.894175862,1.617771734
1348,2.549999862,2.549999769,2.549999325,2.549997783,2.549992722,2.549976911,2.549930161,2.549799888,2.549458806,2.548621082,2.546693169,2.542537775,2.534150211,2.518284939,2.490129348,2.443162368,2.369320146,2.259498964,2.104211734,1.893896745,1.617506139
1349,2.54999986,2.549999766,2.549999318,2.549997763,2.549992663,2.549976744,2.549929713,2.549798762,2.549456148,2.548615227,2.546681143,2.542514792,2.534109379,2.518217549,2.490026083,2.443015505,2.369126389,2.259262069,2.103943876,1.893617774,1.617240698
1350,2.549999859,2.549999763,2.549999311,2.549997743,2.549992603,2.549976576,2.549929264,2.549797631,2.549453481,2.548609354,2.54666909,2.542491769,2.534068495,2.518150102,2.489922769,2.442868618,2.368932649,2.259025241,2.103676134,1.89333895,1.616975409
1351,2.549999857,2.549999761,2.549999304,2.549997722,2.549992543,2.549976407,2.549928813,2.549796495,2.549450805,2.548603465,2.54665701,2.542468706,2.534027559,2.518082599,2.489819406,2.442721706,2.368738926,2.258788482,2.103408508,1.893060272,1.616710272
1352,2.549999855,2.549999758,2.549999297,2.549997702,2.549992483,2.549976237,2.549928359,2.549795354,2.549448119,2.548597558,2.546644902,2.542445603,2.533986571,2.518015039,2.489715993,2.44257477,2.368545219,2.25855179,2.103140998,1.892781742,1.616445288
1353,2.549999854,2.549999755,2.54999929,2.549997681,2.549992422,2.549976067,2.549927903,2.549794208,2.549445424,2.548591635,2.546632767,2.54242246,2.533945532,2.517947421,2.489612532,2.442427809,2.36835153,2.258315167,2.102873603,1.892503357,1.616180456
1354,2.549999852,2.549999753,2.549999283,2.54999766,2.549992361,2.549975895,2.549927444,2.549793058,2.549442719,2.548585695,2.546620604,2.542399276,2.533904441,2.517879748,2.489509021,2.442280824,2.368157858,2.258078612,2.102606324,1.89222512,1.615915776
1355,2.54999985,2.54999975,2.549999276,2.549997639,2.5499923,2.549975722,2.549926984,2.549791903,2.549440005,2.548579738,2.546608413,2.542376052,2.533863298,2.517812017,2.489405462,2.442133815,2.367964203,2.257842125,2.102339161,1.891947028,1.615651247
1356,2.549999849,2.549999747,2.549999269,2.549997618,2.549992238,2.549975548,2.549926521,2.549790743,2.549437282,2.548573763,2.546596195,2.542352788,2.533822103,2.51774423,2.489301853,2.441986782,2.367770566,2.257605706,2.102072114,1.891669082,1.615386869
1357,2.549999847,2.549999745,2.549999261,2.549997596,2.549992176,2.549975373,2.549926055,2.549789578,2.549434548,2.548567772,2.546583949,2.542329484,2.533780857,2.517676387,2.489198196,2.441839725,2.367576946,2.257369354,2.101805182,1.891391283,1.615122643
1358,2.549999845,2.549999742,2.549999254,2.549997575,2.549992113,2.549975197,2.549925588,2.549788408,2.549431806,2.548561764,2.546571675,2.542306139,2.53373956,2.517608487,2.489094491,2.441692645,2.367383343,2.257133071,2.101538365,1.891113629,1.614858567
1359,2.549999843,2.549999739,2.549999247,2.549997553,2.54999205,2.54997502,2.549925118,2.549787233,2.549429054,2.548555738,2.546559374,2.542282754,2.533698211,2.517540531,2.488990737,2.44154554,2.367189758,2.256896856,2.101271663,1.890836121,1.614594642
1360,2.549999841,2.549999736,2.549999239,2.549997531,2.549991986,2.549974843,2.549924646,2.549786054,2.549426292,2.548549696,2.546547046,2.542259329,2.53365681,2.517472518,2.488886934,2.441398412,2.36699619,2.256660709,2.101005076,1.890558759,1.614330867
1361,2.54999984,2.549999733,2.549999232,2.549997509,2.549991922,2.549974664,2.549924172,2.549784869,2.549423521,2.548543637,2.546534689,2.542235864,2.533615358,2.517404449,2.488783083,2.44125126,2.36680264,2.25642463,2.100738605,1.890281542,1.614067242
1362,2.549999838,2.54999973,2.549999224,2.549997487,2.549991858,2.549974484,2.549923695,2.54978368,2.54942074,2.54853756,2.546522305,2.542212359,2.533573854,2.517336324,2.488679184,2.441104085,2.366609107,2.256188619,2.100472248,1.89000447,1.613803767
1363,2.549999836,2.549999727,2.549999216,2.549997465,2.549991793,2.549974303,2.549923216,2.549782485,2.549417949,2.548531466,2.546509893,2.542188813,2.533532299,2.517268143,2.488575237,2.440956887,2.366415592,2.255952676,2.100206006,1.889727544,1.613540442
1364,2.549999834,2.549999724,2.549999209,2.549997442,2.549991728,2.549974121,2.549922734,2.549781286,2.549415149,2.548525355,2.546497453,2.542165227,2.533490692,2.517199906,2.488471242,2.440809665,2.366222095,2.255716801,2.099939879,1.889450763,1.613277266
1365,2.549999832,2.549999721,2.549999201,2.54999742,2.549991662,2.549973938,2.54992225,2.549780082,2.549412339,2.548519227,2.546484986,2.542141601,2.533449035,2.517131613,2.488367198,2.44066242,2.366028616,2.255480993,2.099673866,1.889174126,1.613014239
1366,2.54999983,2.549999718,2.549999193,2.549997397,2.549991596,2.549973754,2.549921764,2.549778873,2.549409519,2.548513082,2.546472491,2.542117935,2.533407325,2.517063264,2.488263107,2.440515152,2.365835154,2.255245254,2.099407968,1.888897635,1.612751361
1367,2.549999828,2.549999715,2.549999185,2.549997374,2.54999153,2.549973569,2.549921276,2.549777658,2.54940669,2.548506919,2.546459968,2.542094228,2.533365565,2.51699486,2.488158968,2.440367861,2.365641711,2.255009582,2.099142185,1.888621288,1.612488632
1368,2.549999826,2.549999712,2.549999177,2.549997351,2.549991463,2.549973383,2.549920785,2.549776439,2.549403851,2.54850074,2.546447417,2.542070482,2.533323753,2.516926399,2.488054782,2.440220547,2.365448285,2.254773979,2.098876516,1.888345085,1.612226051
1369,2.549999824,2.549999709,2.549999169,2.549997328,2.549991395,2.549973195,2.549920291,2.549775215,2.549401003,2.548494543,2.546434839,2.542046695,2.53328189,2.516857883,2.487950548,2.440073211,2.365254878,2.254538443,2.098610961,1.888069028,1.611963618
1370,2.549999822,2.549999706,2.549999161,2.549997304,2.549991327,2.549973007,2.549919796,2.549773986,2.549398144,2.548488328,2.546422232,2.542022868,2.533239976,2.516789311,2.487846266,2.439925851,2.365061489,2.254302975,2.09834552,1.887793114,1.611701334
1371,2.54999982,2.549999703,2.549999153,2.54999728,2.549991259,2.549972818,2.549919298,2.549772751,2.549395276,2.548482097,2.546409598,2.541999,2.53319801,2.516720684,2.487741937,2.43977847,2.364868118,2.254067575,2.098080194,1.887517344,1.611439197
1372,2.549999818,2.549999699,2.549999144,2.549997256,2.54999119,2.549972628,2.549918797,2.549771512,2.549392398,2.548475848,2.546396936,2.541975093,2.533155994,2.516652001,2.487637561,2.439631065,2.364674765,2.253832243,2.097814981,1.887241719,1.611177208
1373,2.549999816,2.549999696,2.549999136,2.549997232,2.549991121,2.549972436,2.549918294,2.549770268,2.549389511,2.548469581,2.546384246,2.541951145,2.533113926,2.516583263,2.487533137,2.439483638,2.36448143,2.253596979,2.097549882,1.886966237,1.610915367
1374,2.549999814,2.549999693,2.549999128,2.549997208,2.549991052,2.549972244,2.549917789,2.549769018,2.549386613,2.548463298,2.546371528,2.541927157,2.533071807,2.516514469,2.487428666,2.439336189,2.364288114,2.253361783,2.097284898,1.886690899,1.610653672
1375,2.549999812,2.54999969,2.549999119,2.549997184,2.549990982,2.54997205,2.549917281,2.549767763,2.549383706,2.548456997,2.546358783,2.541903129,2.533029637,2.51644562,2.487324149,2.439188718,2.364094816,2.253126654,2.097020026,1.886415705,1.610392125
1376,2.54999981,2.549999686,2.549999111,2.549997159,2.549990911,2.549971855,2.549916771,2.549766504,2.549380789,2.548450678,2.546346009,2.541879061,2.532987416,2.516376716,2.487219584,2.439041224,2.363901536,2.252891593,2.096755269,1.886140654,1.610130724
1377,2.549999807,2.549999683,2.549999102,2.549997134,2.54999084,2.54997166,2.549916258,2.549765239,2.549377861,2.548444342,2.546333207,2.541854952,2.532945144,2.516307756,2.487114973,2.438893709,2.363708275,2.2526566,2.096490625,1.885865746,1.60986947
1378,2.549999805,2.549999679,2.549999093,2.54999711,2.549990769,2.549971463,2.549915743,2.549763969,2.549374925,2.548437989,2.546320378,2.541830804,2.532902821,2.516238742,2.487010315,2.438746172,2.363515033,2.252421675,2.096226095,1.885590982,1.609608362
1379,2.549999803,2.549999676,2.549999085,2.549997084,2.549990697,2.549971265,2.549915226,2.549762694,2.549371978,2.548431618,2.546307521,2.541806615,2.532860448,2.516169672,2.48690561,2.438598612,2.363321809,2.252186817,2.095961677,1.88531636,1.609347401
1380,2.549999801,2.549999673,2.549999076,2.549997059,2.549990625,2.549971066,2.549914706,2.549761414,2.549369021,2.54842523,2.546294635,2.541782386,2.532818023,2.516100548,2.486800858,2.438451031,2.363128604,2.251952027,2.095697374,1.885041881,1.609086582
1381,2.549999798,2.549999669,2.549999067,2.549997034,2.549990552,2.549970866,2.549914183,2.549760128,2.549366054,2.548418824,2.546281722,2.541758116,2.532775547,2.516031368,2.486696061,2.438303429,2.362935418,2.251717305,2.095433183,1.884767546,1.608825856
1382,2.549999796,2.549999666,2.549999058,2.549997008,2.549990479,2.549970664,2.549913658,2.549758838,2.549363077,2.548412401,2.54626878,2.541733807,2.532733021,2.515962134,2.486591216,2.438155805,2.36274225,2.251482651,2.095169105,1.884493352,1.6085652
1383,2.549999794,2.549999662,2.549999049,2.549996982,2.549990405,2.549970462,2.549913131,2.549757542,2.549360091,2.54840596,2.546255811,2.541709457,2.532690443,2.515892845,2.486486326,2.438008159,2.362549102,2.251248064,2.094905141,1.884219301,1.608304653
1384,2.549999792,2.549999658,2.54999904,2.549996956,2.549990331,2.549970259,2.549912601,2.549756241,2.549357094,2.548399502,2.546242813,2.541685067,2.532647815,2.515823501,2.486381389,2.437860492,2.362355972,2.251013545,2.094641289,1.883945393,1.608044216
1385,2.549999789,2.549999655,2.54999903,2.54999693,2.549990256,2.549970054,2.549912068,2.549754935,2.549354088,2.548393026,2.546229788,2.541660637,2.532605136,2.515754103,2.486276406,2.437712803,2.362162861,2.250779093,2.094377551,1.883671627,1.607783893
1386,2.549999787,2.549999651,2.549999021,2.549996903,2.549990181,2.549969848,2.549911533,2.549753623,2.549351071,2.548386532,2.546216734,2.541636167,2.532562407,2.51568465,2.486171378,2.437565094,2.361969769,2.25054471,2.094113925,1.883398002,1.607523695
1387,2.549999785,2.549999647,2.549999012,2.549996877,2.549990105,2.549969641,2.549910996,2.549752307,2.549348044,2.548380021,2.546203652,2.541611657,2.532519626,2.515615142,2.486066303,2.437417363,2.361776696,2.250310394,2.093850411,1.88312452,1.607263621
1388,2.549999782,2.549999644,2.549999002,2.54999685,2.549990029,2.549969433,2.549910456,2.549750985,2.549345007,2.548373492,2.546190543,2.541587106,2.532476795,2.51554558,2.485961182,2.437269611,2.361583643,2.250076145,2.093587011,1.882851179,1.607003673
1389,2.54999978,2.54999964,2.549998993,2.549996823,2.549989953,2.549969224,2.549909913,2.549749657,2.549341961,2.548366946,2.546177405,2.541562516,2.532433914,2.515475964,2.485856016,2.437121839,2.361390608,2.249841964,2.093323722,1.88257798,1.60674385
1390,2.549999777,2.549999636,2.549998983,2.549996796,2.549989876,2.549969014,2.549909368,2.549748325,2.549338904,2.548360382,2.546164239,2.541537885,2.532390982,2.515406293,2.485750804,2.436974045,2.361197593,2.249607851,2.093060547,1.882304922,1.606484156
1391,2.549999775,2.549999632,2.549998974,2.549996768,2.549989798,2.549968803,2.54990882,2.549746987,2.549335837,2.5483538,2.546151044,2.541513214,2.532347999,2.515336568,2.485645547,2.436826231,2.361004597,2.249373805,2.092797483,1.882032006,1.606224589
1392,2.549999772,2.549999628,2.549998964,2.549996741,2.54998972,2.54996859,2.54990827,2.549745644,2.549332759,2.5483472,2.546137822,2.541488502,2.532304965,2.515266789,2.485540244,2.436678396,2.360811621,2.249139827,2.092534532,1.881759231,1.605965151
1393,2.54999977,2.549999625,2.549998954,2.549996713,2.549989642,2.549968376,2.549907717,2.549744296,2.549329672,2.548340583,2.546124572,2.541463751,2.532261882,2.515196956,2.485434895,2.436530541,2.360618663,2.248905917,2.092271693,1.881486596,1.605705842
1394,2.549999767,2.549999621,2.549998944,2.549996685,2.549989563,2.549968161,2.549907162,2.549742942,2.549326574,2.548333948,2.546111293,2.541438959,2.532218747,2.515127069,2.485329502,2.436382665,2.360425725,2.248672074,2.092008966,1.881214103,1.605446661
1395,2.549999765,2.549999617,2.549998934,2.549996657,2.549989483,2.549967945,2.549906604,2.549741583,2.549323467,2.548327295,2.546097986,2.541414128,2.532175562,2.515057128,2.485224063,2.436234769,2.360232807,2.248438298,2.09174635,1.88094175,1.60518761
1396,2.549999762,2.549999613,2.549998924,2.549996629,2.549989403,2.549967728,2.549906043,2.549740218,2.549320349,2.548320624,2.546084651,2.541389256,2.532132327,2.514987132,2.485118579,2.436086852,2.360039908,2.24820459,2.091483847,1.880669537,1.604928688
1397,2.549999759,2.549999609,2.549998914,2.5499966,2.549989323,2.54996751,2.54990548,2.549738849,2.549317221,2.548313936,2.546071288,2.541364344,2.532089042,2.514917083,2.48501305,2.435938915,2.359847029,2.24797095,2.091221456,1.880397465,1.604669896
1398,2.549999757,2.549999605,2.549998904,2.549996571,2.549989242,2.54996729,2.549904914,2.549737473,2.549314082,2.54830723,2.546057896,2.541339391,2.532045706,2.514846981,2.484907476,2.435790958,2.35965417,2.247737377,2.090959176,1.880125532,1.604411234
1399,2.549999754,2.5499996,2.549998894,2.549996542,2.54998916,2.549967069,2.549904345,2.549736093,2.549310934,2.548300505,2.546044477,2.541314399,2.53200232,2.514776824,2.484801858,2.435642981,2.35946133,2.247503872,2.090697008,1.879853739,1.604152702
1400,2.549999751,2.549999596,2.549998883,2.549996513,2.549989078,2.549966847,2.549903774,2.549734707,2.549307775,2.548293763,2.546031029,2.541289367,2.531958883,2.514706614,2.484696194,2.435494984,2.35926851,2.247270434,2.090434951,1.879582086,1.6038943
1401,2.549999749,2.549999592,2.549998873,2.549996484,2.549988996,2.549966624,2.549903201,2.549733315,2.549304606,2.548287004,2.546017552,2.541264294,2.531915396,2.51463635,2.484590486,2.435346967,2.35907571,2.247037063,2.090173006,1.879310572,1.603636029
1402,2.549999746,2.549999588,2.549998862,2.549996454,2.549988913,2.5499664,2.549902624,2.549731918,2.549301426,2.548280226,2.546004048,2.541239181,2.531871859,2.514566032,2.484484733,2.435198931,2.358882929,2.24680376,2.089911173,1.879039197,1.603377889
1403,2.549999743,2.549999584,2.549998851,2.549996424,2.549988829,2.549966174,2.549902045,2.549730516,2.549298236,2.54827343,2.545990515,2.541214028,2.531828272,2.514495662,2.484378936,2.435050875,2.358690169,2.246570524,2.08964945,1.878767961,1.60311988
1404,2.54999974,2.549999579,2.549998841,2.549996394,2.549988745,2.549965947,2.549901463,2.549729108,2.549295036,2.548266616,2.545976954,2.541188835,2.531784635,2.514425237,2.484273095,2.434902799,2.358497428,2.246337356,2.089387839,1.878496864,1.602862002
1405,2.549999737,2.549999575,2.54999883,2.549996364,2.549988661,2.549965719,2.549900879,2.549727695,2.549291826,2.548259785,2.545963364,2.541163602,2.531740947,2.51435476,2.484167209,2.434754704,2.358304708,2.246104255,2.089126339,1.878225905,1.602604254
1406,2.549999735,2.549999571,2.549998819,2.549996333,2.549988576,2.54996549,2.549900292,2.549726276,2.549288605,2.548252935,2.545949746,2.541138329,2.531697209,2.514284229,2.484061279,2.434606589,2.358112007,2.245871221,2.08886495,1.877955084,1.602346637
1407,2.549999732,2.549999566,2.549998808,2.549996303,2.54998849,2.54996526,2.549899702,2.549724852,2.549285373,2.548246067,2.5459361,2.541113016,2.531653422,2.514213645,2.483955305,2.434458455,2.357919327,2.245638255,2.088603672,1.877684402,1.602089152
1408,2.549999729,2.549999562,2.549998797,2.549996272,2.549988404,2.549965028,2.54989911,2.549723422,2.549282132,2.548239181,2.545922425,2.541087662,2.531609584,2.514143007,2.483849286,2.434310301,2.357726667,2.245405356,2.088342504,1.877413857,1.601831799
1409,2.549999726,2.549999557,2.549998786,2.549996241,2.549988317,2.549964795,2.549898515,2.549721987,2.54927888,2.548232278,2.545908722,2.541062269,2.531565696,2.514072317,2.483743224,2.434162129,2.357534027,2.245172524,2.088081448,1.87714345,1.601574576
1410,2.549999723,2.549999553,2.549998775,2.54999621,2.54998823,2.549964561,2.549897917,2.549720546,2.549275617,2.548225356,2.545894991,2.541036835,2.531521759,2.514001574,2.483637118,2.434013937,2.357341407,2.24493976,2.087820502,1.87687318,1.601317484
1411,2.54999972,2.549999548,2.549998763,2.549996178,2.549988142,2.549964326,2.549897316,2.5497191,2.549272344,2.548218416,2.545881231,2.541011361,2.531477771,2.513930777,2.483530968,2.433865727,2.357148808,2.244707063,2.087559667,1.876603047,1.601060524
1412,2.549999717,2.549999544,2.549998752,2.549996146,2.549988054,2.549964089,2.549896713,2.549717648,2.54926906,2.548211458,2.545867443,2.540985847,2.531433734,2.513859928,2.483424775,2.433717497,2.356956229,2.244474433,2.087298942,1.876333052,1.600803694
1413,2.549999714,2.549999539,2.54999874,2.549996114,2.549987965,2.549963851,2.549896107,2.54971619,2.549265766,2.548204482,2.545853626,2.540960293,2.531389646,2.513789026,2.483318538,2.433569249,2.356763671,2.244241871,2.087038328,1.876063193,1.600546996
1414,2.549999711,2.549999534,2.549998729,2.549996082,2.549987876,2.549963612,2.549895498,2.549714727,2.549262462,2.548197488,2.545839781,2.540934699,2.531345509,2.513718071,2.483212257,2.433420982,2.356571133,2.244009376,2.086777824,1.875793471,1.600290429
1415,2.549999707,2.549999529,2.549998717,2.54999605,2.549987786,2.549963372,2.549894886,2.549713258,2.549259147,2.548190475,2.545825908,2.540909065,2.531301322,2.513647064,2.483105933,2.433272697,2.356378615,2.243776948,2.08651743,1.875523885,1.600033993
1416,2.549999704,2.549999525,2.549998705,2.549996017,2.549987696,2.54996313,2.549894272,2.549711784,2.549255821,2.548183444,2.545812006,2.540883391,2.531257085,2.513576004,2.482999566,2.433124392,2.356186118,2.243544587,2.086257147,1.875254435,1.599777688
1417,2.549999701,2.54999952,2.549998693,2.549995984,2.549987605,2.549962887,2.549893655,2.549710304,2.549252485,2.548176396,2.545798075,2.540857677,2.531212798,2.513504891,2.482893155,2.43297607,2.355993642,2.243312293,2.085996973,1.874985121,1.599521513
1418,2.549999698,2.549999515,2.549998681,2.549995951,2.549987513,2.549962643,2.549893035,2.549708818,2.549249138,2.548169329,2.545784116,2.540831922,2.531168462,2.513433726,2.482786702,2.432827729,2.355801186,2.243080067,2.08573691,1.874715943,1.59926547
1419,2.549999695,2.54999951,2.549998669,2.549995918,2.549987421,2.549962397,2.549892412,2.549707327,2.549245781,2.548162243,2.545770129,2.540806128,2.531124076,2.513362508,2.482680205,2.432679369,2.355608751,2.242847908,2.085476956,1.874446901,1.599009557
1420,2.549999691,2.549999505,2.549998657,2.549995884,2.549987329,2.549962151,2.549891787,2.54970583,2.549242413,2.54815514,2.545756113,2.540780293,2.531079641,2.513291238,2.482573665,2.432530992,2.355416337,2.242615816,2.085217112,1.874177994,1.598753776
1421,2.549999688,2.5499995,2.549998645,2.54999585,2.549987236,2.549961902,2.549891159,2.549704327,2.549239034,2.548148018,2.545742068,2.540754419,2.531035155,2.513219916,2.482467082,2.432382596,2.355223944,2.242383791,2.084957379,1.873909223,1.598498125
1422,2.549999685,2.549999495,2.549998633,2.549995816,2.549987142,2.549961653,2.549890528,2.549702819,2.549235645,2.548140878,2.545727995,2.540728504,2.53099062,2.513148541,2.482360457,2.432234183,2.355031571,2.242151833,2.084697754,1.873640586,1.598242605
1423,2.549999681,2.54999949,2.54999862,2.549995782,2.549987048,2.549961402,2.549889894,2.549701305,2.549232245,2.54813372,2.545713893,2.540702549,2.530946036,2.513077115,2.482253789,2.432085751,2.354839219,2.241919942,2.08443824,1.873372085,1.597987215
1424,2.549999678,2.549999485,2.549998608,2.549995748,2.549986953,2.549961151,2.549889257,2.549699785,2.549228834,2.548126543,2.545699763,2.540676555,2.530901402,2.513005636,2.482147078,2.431937301,2.354646889,2.241688119,2.084178834,1.873103718,1.597731956
1425,2.549999675,2.54999948,2.549998595,2.549995713,2.549986857,2.549960897,2.549888617,2.54969826,2.549225413,2.548119348,2.545685604,2.54065052,2.530856719,2.512934105,2.482040324,2.431788834,2.354454579,2.241456362,2.083919538,1.872835485,1.597476828
1426,2.549999671,2.549999474,2.549998582,2.549995678,2.549986761,2.549960643,2.549887975,2.549696729,2.549221981,2.548112135,2.545671417,2.540624445,2.530811986,2.512862522,2.481933528,2.431640349,2.35426229,2.241224673,2.083660352,1.872567387,1.597221829
1427,2.549999668,2.549999469,2.549998569,2.549995643,2.549986665,2.549960387,2.54988733,2.549695192,2.549218538,2.548104903,2.545657201,2.54059833,2.530767204,2.512790887,2.48182669,2.431491846,2.354070023,2.24099305,2.083401274,1.872299423,1.596966961
1428,2.549999664,2.549999464,2.549998557,2.549995608,2.549986568,2.54996013,2.549886682,2.549693649,2.549215084,2.548097653,2.545642956,2.540572175,2.530722372,2.5127192,2.48171981,2.431343326,2.353877777,2.240761495,2.083142306,1.872031593,1.596712223
1429,2.549999661,2.549999459,2.549998544,2.549995572,2.54998647,2.549959871,2.549886031,2.5496921,2.54921162,2.548090384,2.545628683,2.540545981,2.530677491,2.512647462,2.481612887,2.431194788,2.353685551,2.240530007,2.082883447,1.871763897,1.596457615
1430,2.549999657,2.549999453,2.54999853,2.549995536,2.549986372,2.549959611,2.549885377,2.549690546,2.549208145,2.548083097,2.545614381,2.540519746,2.530632561,2.512575672,2.481505922,2.431046233,2.353493348,2.240298585,2.082624697,1.871496335,1.596203138
1431,2.549999653,2.549999448,2.549998517,2.5499955,2.549986273,2.54995935,2.54988472,2.549688986,2.549204659,2.548075792,2.545600051,2.540493471,2.530587581,2.51250383,2.481398915,2.430897661,2.353301165,2.240067231,2.082366056,1.871228906,1.59594879
1432,2.54999965,2.549999442,2.549998504,2.549995463,2.549986173,2.549959087,2.54988406,2.54968742,2.549201162,2.548068468,2.545585692,2.540467156,2.530542552,2.512431936,2.481291866,2.430749071,2.353109004,2.239835943,2.082107523,1.87096161,1.595694572
1433,2.549999646,2.549999437,2.54999849,2.549995427,2.549986073,2.549958824,2.549883398,2.549685848,2.549197654,2.548061125,2.545571304,2.540440801,2.530497474,2.512359991,2.481184775,2.430600465,2.352916864,2.239604723,2.081849099,1.870694448,1.595440484
1434,2.549999642,2.549999431,2.549998477,2.54999539,2.549985973,2.549958558,2.549882732,2.54968427,2.549194136,2.548053764,2.545556887,2.540414406,2.530452347,2.512287995,2.481077643,2.430451841,2.352724745,2.239373569,2.081590784,1.870427418,1.595186526
1435,2.549999639,2.549999425,2.549998463,2.549995353,2.549985871,2.549958292,2.549882064,2.549682687,2.549190606,2.548046385,2.545542442,2.540387971,2.530407171,2.512215947,2.480970469,2.4303032,2.352532648,2.239142483,2.081332577,1.870160522,1.594932697
1436,2.549999635,2.54999942,2.54999845,2.549995315,2.549985769,2.549958024,2.549881392,2.549681097,2.549187066,2.548038987,2.545527968,2.540361497,2.530361945,2.512143848,2.480863253,2.430154543,2.352340573,2.238911463,2.081074479,1.869893758,1.594678997
1437,2.549999631,2.549999414,2.549998436,2.549995278,2.549985667,2.549957754,2.549880718,2.549679502,2.549183515,2.54803157,2.545513465,2.540334982,2.53031667,2.512071697,2.480755995,2.430005868,2.352148519,2.23868051,2.080816488,1.869627126,1.594425427
1438,2.549999627,2.549999408,2.549998422,2.54999524,2.549985564,2.549957484,2.549880041,2.549677901,2.549179952,2.548024135,2.545498934,2.540308427,2.530271347,2.511999495,2.480648697,2.429857177,2.351956487,2.238449625,2.080558607,1.869360627,1.594171986
1439,2.549999623,2.549999402,2.549998408,2.549995202,2.54998546,2.549957212,2.549879361,2.549676293,2.549176379,2.548016682,2.545484374,2.540281832,2.530225974,2.511927242,2.480541356,2.429708469,2.351764476,2.238218805,2.080300833,1.86909426,1.593918674
1440,2.549999619,2.549999397,2.549998394,2.549995163,2.549985356,2.549956938,2.549878677,2.54967468,2.549172795,2.548009209,2.545469785,2.540255198,2.530180552,2.511854938,2.480433975,2.429559745,2.351572487,2.237988053,2.080043167,1.868828026,1.593665495
1441,2.549999616,2.549999391,2.549998379,2.549995125,2.549985251,2.549956663,2.549877991,2.549673061,2.5491692,2.548001718,2.545455167,2.540228523,2.530135082,2.511782583,2.480326552,2.429411004,2.35138052,2.237757368,2.07978561,1.868561923,1.593412477
1442,2.549999612,2.549999385,2.549998365,2.549995086,2.549985146,2.549956387,2.549877302,2.549671436,2.549165594,2.547994209,2.54544052,2.540201808,2.530089562,2.511710177,2.480219088,2.429262247,2.351188575,2.237526749,2.07952816,1.868295952,1.593159625
1443,2.549999608,2.549999379,2.54999835,2.549995047,2.54998504,2.549956109,2.54987661,2.549669805,2.549161977,2.54798668,2.545425845,2.540175054,2.530043994,2.51163772,2.480111584,2.429113474,2.350996651,2.237296197,2.079270818,1.868030112,1.592906923
1444,2.549999603,2.549999373,2.549998336,2.549995007,2.549984933,2.54995583,2.549875915,2.549668169,2.549158349,2.547979133,2.545411141,2.540148259,2.529998376,2.511565212,2.480004038,2.428964684,2.350804749,2.237065712,2.079013584,1.867764404,1.592654365
1445,2.549999599,2.549999366,2.549998321,2.549994968,2.549984826,2.54995555,2.549875217,2.549666526,2.54915471,2.547971568,2.545396408,2.540121425,2.52995271,2.511492654,2.479896451,2.428815878,2.35061287,2.236835294,2.078756457,1.867498827,1.592401951
1446,2.549999595,2.54999936,2.549998306,2.549994928,2.549984718,2.549955268,2.549874516,2.549664877,2.54915106,2.547963983,2.545381647,2.540094551,2.529906995,2.511420044,2.479788824,2.428667056,2.350421012,2.236604943,2.078499438,1.867233381,1.592149678
1447,2.549999591,2.549999354,2.549998291,2.549994887,2.549984609,2.549954985,2.549873812,2.549663222,2.549147399,2.54795638,2.545366856,2.540067637,2.529861231,2.511347385,2.479681156,2.428518218,2.350229176,2.236374658,2.078242526,1.866968067,1.591897545
1448,2.549999587,2.549999348,2.549998276,2.549994847,2.5499845,2.5499547,2.549873104,2.549661561,2.549143726,2.547948759,2.545352037,2.540040683,2.529815419,2.511274674,2.479573447,2.428369364,2.350037362,2.23614444,2.077985722,1.866702883,1.591645551
1449,2.549999583,2.549999341,2.549998261,2.549994806,2.54998439,2.549954414,2.549872394,2.549659894,2.549140043,2.547941118,2.545337189,2.540013689,2.529769558,2.511201913,2.479465698,2.428220494,2.349845571,2.235914288,2.077729024,1.866437829,1.591393695
1450,2.549999578,2.549999335,2.549998246,2.549994765,2.54998428,2.549954126,2.549871681,2.549658221,2.549136348,2.547933458,2.545322312,2.539986655,2.529723648,2.511129101,2.479357909,2.428071609,2.349653801,2.235684204,2.077472434,1.866172907,1.591141977
1451,2.549999574,2.549999329,2.549998231,2.549994724,2.549984169,2.549953837,2.549870964,2.549656541,2.549132642,2.54792578,2.545307406,2.539959581,2.529677689,2.51105624,2.479250079,2.427922707,2.349462054,2.235454186,2.077215951,1.865908114,1.590890396
1452,2.54999957,2.549999322,2.549998215,2.549994682,2.549984057,2.549953547,2.549870245,2.549654856,2.549128925,2.547918083,2.545292471,2.539932467,2.529631682,2.510983327,2.479142208,2.427773791,2.349270329,2.235224234,2.076959575,1.865643452,1.590638951
1453,2.549999565,2.549999315,2.549998199,2.54999464,2.549983945,2.549953255,2.549869523,2.549653165,2.549125197,2.547910367,2.545277507,2.539905314,2.529585627,2.510910365,2.479034298,2.427624858,2.349078627,2.234994349,2.076703306,1.865378921,1.590387642
1454,2.549999561,2.549999309,2.549998184,2.549994598,2.549983831,2.549952961,2.549868797,2.549651467,2.549121458,2.547902633,2.545262514,2.53987812,2.529539523,2.510837352,2.478926348,2.427475911,2.348886946,2.234764531,2.076447144,1.865114519,1.590136469
1455,2.549999556,2.549999302,2.549998168,2.549994556,2.549983718,2.549952667,2.549868068,2.549649764,2.549117707,2.547894879,2.545247493,2.539850887,2.52949337,2.510764289,2.478818357,2.427326947,2.348695288,2.23453478,2.076191088,1.864850247,1.58988543
1456,2.549999552,2.549999295,2.549998152,2.549994513,2.549983604,2.54995237,2.549867337,2.549648054,2.549113946,2.547887107,2.545232442,2.539823614,2.529447169,2.510691176,2.478710327,2.427177969,2.348503653,2.234305095,2.075935139,1.864586104,1.589634526
1457,2.549999547,2.549999289,2.549998136,2.54999447,2.549983489,2.549952073,2.549866602,2.549646338,2.549110173,2.547879315,2.545217363,2.539796301,2.52940092,2.510618013,2.478602256,2.427028975,2.348312039,2.234075476,2.075679297,1.864322092,1.589383757
1458,2.549999543,2.549999282,2.54999812,2.549994427,2.549983373,2.549951773,2.549865864,2.549644616,2.549106388,2.547871505,2.545202255,2.539768948,2.529354622,2.5105448,2.478494146,2.426879967,2.348120449,2.233845924,2.075423561,1.864058209,1.589133121
1459,2.549999538,2.549999275,2.549998103,2.549994384,2.549983257,2.549951473,2.549865122,2.549642888,2.549102593,2.547863676,2.545187117,2.539741556,2.529308276,2.510471537,2.478385996,2.426730943,2.347928881,2.233616439,2.075167931,1.863794456,1.588882619
1460,2.549999533,2.549999268,2.549998087,2.54999434,2.54998314,2.549951171,2.549864378,2.549641154,2.549098786,2.547855827,2.545171951,2.539714123,2.529261881,2.510398225,2.478277807,2.426581904,2.347737335,2.23338702,2.074912408,1.863530831,1.588632251
1461,2.549999529,2.549999261,2.54999807,2.549994296,2.549983022,2.549950867,2.549863631,2.549639413,2.549094968,2.54784796,2.545156756,2.539686651,2.529215438,2.510324862,2.478169578,2.42643285,2.347545812,2.233157668,2.07465699,1.863267337,1.588382015
1462,2.549999524,2.549999254,2.549998054,2.549994252,2.549982904,2.549950562,2.54986288,2.549637666,2.549091138,2.547840074,2.545141532,2.539659139,2.529168947,2.51025145,2.478061309,2.426283782,2.347354312,2.232928382,2.074401679,1.863003971,1.588131912
1463,2.549999519,2.549999247,2.549998037,2.549994207,2.549982785,2.549950255,2.549862126,2.549635913,2.549087297,2.547832169,2.545126278,2.539631587,2.529122408,2.510177988,2.477953002,2.426134698,2.347162835,2.232699162,2.074146474,1.862740734,1.587881942
1464,2.549999514,2.54999924,2.54999802,2.549994162,2.549982665,2.549949947,2.549861369,2.549634154,2.549083445,2.547824244,2.545110996,2.539603995,2.52907582,2.510104477,2.477844655,2.4259856,2.34697138,2.232470009,2.073891374,1.862477627,1.587632104
1465,2.549999509,2.549999232,2.549998003,2.549994117,2.549982545,2.549949637,2.549860609,2.549632388,2.549079581,2.547816301,2.545095685,2.539576364,2.529029185,2.510030916,2.477736268,2.425836488,2.346779948,2.232240923,2.073636381,1.862214648,1.587382398
1466,2.549999504,2.549999225,2.549997986,2.549994071,2.549982424,2.549949326,2.549859846,2.549630616,2.549075706,2.547808339,2.545080345,2.539548693,2.528982501,2.509957306,2.477627843,2.425687361,2.346588539,2.232011902,2.073381493,1.861951798,1.587132824
1467,2.549999499,2.549999218,2.549997968,2.549994026,2.549982302,2.549949013,2.54985908,2.549628838,2.54907182,2.547800357,2.545064975,2.539520982,2.528935769,2.509883646,2.477519378,2.425538219,2.346397152,2.231782948,2.073126711,1.861689076,1.586883381
1468,2.549999494,2.54999921,2.549997951,2.549993979,2.54998218,2.549948699,2.54985831,2.549627054,2.549067922,2.547792357,2.545049577,2.539493231,2.528888989,2.509809937,2.477410875,2.425389064,2.346205789,2.231554061,2.072872034,1.861426483,1.58663407
1469,2.549999489,2.549999203,2.549997934,2.549993933,2.549982057,2.549948383,2.549857537,2.549625263,2.549064012,2.547784337,2.54503415,2.539465441,2.528842161,2.509736179,2.477302333,2.425239893,2.346014449,2.23132524,2.072617463,1.861164019,1.58638489
1470,2.549999484,2.549999195,2.549997916,2.549993886,2.549981933,2.549948066,2.549856761,2.549623466,2.549060092,2.547776299,2.545018693,2.53943761,2.528795285,2.509662371,2.477193752,2.425090709,2.345823131,2.231096485,2.072362997,1.860901683,1.58613584
1471,2.549999479,2.549999188,2.549997898,2.549993839,2.549981809,2.549947747,2.549855981,2.549621663,2.549056159,2.547768241,2.545003208,2.53940974,2.528748361,2.509588514,2.477085132,2.424941511,2.345631837,2.230867797,2.072108636,1.860639475,1.585886922
1472,2.549999474,2.54999918,2.54999788,2.549993792,2.549981684,2.549947427,2.549855199,2.549619853,2.549052216,2.547760164,2.544987693,2.539381831,2.528701389,2.509514608,2.476976473,2.424792298,2.345440566,2.230639174,2.071854381,1.860377395,1.585638134
1473,2.549999469,2.549999172,2.549997862,2.549993745,2.549981558,2.549947105,2.549854413,2.549618037,2.54904826,2.547752068,2.54497215,2.539353881,2.52865437,2.509440654,2.476867776,2.424643071,2.345249318,2.230410618,2.07160023,1.860115444,1.585389476
1474,2.549999463,2.549999165,2.549997844,2.549993697,2.549981431,2.549946781,2.549853624,2.549616215,2.549044293,2.547743952,2.544956577,2.539325892,2.528607302,2.50936665,2.476759041,2.424493831,2.345058093,2.230182129,2.071346185,1.85985362,1.585140948
1475,2.549999458,2.549999157,2.549997826,2.549993649,2.549981304,2.549946456,2.549852831,2.549614386,2.549040315,2.547735818,2.544940975,2.539297863,2.528560187,2.509292597,2.476650267,2.424344577,2.344866891,2.229953705,2.071092244,1.859591924,1.58489255
1476,2.549999453,2.549999149,2.549997807,2.5499936,2.549981176,2.54994613,2.549852036,2.549612551,2.549036325,2.547727664,2.544925344,2.539269794,2.528513024,2.509218496,2.476541455,2.424195309,2.344675712,2.229725348,2.070838409,1.859330356,1.584644282
1477,2.549999447,2.549999141,2.549997789,2.549993551,2.549981048,2.549945801,2.549851237,2.549610709,2.549032323,2.547719491,2.544909684,2.539241686,2.528465813,2.509144345,2.476432604,2.424046027,2.344484557,2.229497057,2.070584678,1.859068916,1.584396143
1478,2.549999442,2.549999133,2.54999777,2.549993502,2.549980918,2.549945472,2.549850435,2.549608861,2.54902831,2.547711298,2.544893994,2.539213538,2.528418554,2.509070147,2.476323716,2.423896732,2.344293425,2.229268832,2.070331052,1.858807603,1.584148134
1479,2.549999436,2.549999125,2.549997751,2.549993453,2.549980788,2.54994514,2.549849629,2.549607007,2.549024285,2.547703087,2.544878276,2.539185351,2.528371248,2.508995899,2.476214789,2.423747423,2.344102316,2.229040673,2.07007753,1.858546418,1.583900254
1480,2.549999431,2.549999117,2.549997732,2.549993403,2.549980658,2.549944807,2.54984882,2.549605146,2.549020249,2.547694856,2.544862529,2.539157123,2.528323894,2.508921603,2.476105824,2.4235981,2.343911231,2.228812581,2.069824113,1.858285359,1.583652503
1481,2.549999425,2.549999108,2.549997713,2.549993353,2.549980526,2.549944473,2.549848008,2.549603278,2.549016201,2.547686606,2.544846752,2.539128856,2.528276493,2.508847258,2.475996822,2.423448765,2.343720169,2.228584554,2.0695708,1.858024428,1.583404881
1482,2.549999419,2.5499991,2.549997694,2.549993303,2.549980394,2.549944137,2.549847192,2.549601404,2.549012141,2.547678336,2.544830946,2.53910055,2.528229044,2.508772865,2.475887781,2.423299416,2.343529131,2.228356594,2.069317591,1.857763625,1.583157387
1483,2.549999414,2.549999092,2.549997674,2.549993252,2.549980261,2.549943799,2.549846374,2.549599524,2.54900807,2.547670047,2.544815111,2.539072204,2.528181547,2.508698423,2.475778703,2.423150053,2.343338116,2.2281287,2.069064487,1.857502948,1.582910022
1484,2.549999408,2.549999083,2.549997655,2.549993201,2.549980127,2.549943459,2.549845551,2.549597637,2.549003987,2.547661739,2.544799247,2.539043818,2.528134003,2.508623933,2.475669587,2.423000678,2.343147125,2.227900872,2.068811486,1.857242398,1.582662785
1485,2.549999402,2.549999075,2.549997635,2.54999315,2.549979993,2.549943118,2.549844726,2.549595744,2.548999892,2.547653412,2.544783353,2.539015392,2.528086411,2.508549395,2.475560434,2.422851289,2.342956158,2.227673109,2.06855859,1.856981974,1.582415676
1486,2.549999396,2.549999066,2.549997615,2.549993098,2.549979858,2.549942776,2.549843897,2.549593844,2.548995785,2.547645065,2.544767431,2.538986927,2.528038772,2.508474809,2.475451243,2.422701888,2.342765214,2.227445413,2.068305798,1.856721678,1.582168695
1487,2.54999939,2.549999058,2.549997595,2.549993046,2.549979722,2.549942432,2.549843064,2.549591937,2.548991667,2.547636698,2.544751479,2.538958422,2.527991086,2.508400174,2.475342014,2.422552473,2.342574294,2.227217783,2.06805311,1.856461508,1.581921842
1488,2.549999385,2.549999049,2.549997575,2.549992994,2.549979585,2.549942086,2.549842229,2.549590024,2.548987537,2.547628312,2.544735498,2.538929878,2.527943352,2.508325491,2.475232748,2.422403046,2.342383397,2.226990219,2.067800525,1.856201464,1.581675116
1489,2.549999379,2.54999904,2.549997555,2.549992941,2.549979448,2.549941738,2.54984139,2.549588105,2.548983395,2.547619907,2.544719487,2.538901294,2.527895571,2.508250761,2.475123445,2.422253606,2.342192524,2.226762721,2.067548044,1.855941547,1.581428518
1490,2.549999372,2.549999031,2.549997535,2.549992888,2.54997931,2.549941389,2.549840547,2.549586179,2.548979242,2.547611483,2.544703448,2.538872671,2.527847743,2.508175982,2.475014105,2.422104153,2.342001675,2.226535289,2.067295667,1.855681756,1.581182048
1491,2.549999366,2.549999022,2.549997514,2.549992835,2.549979171,2.549941038,2.549839701,2.549584246,2.548975076,2.547603038,2.544687379,2.538844008,2.527799867,2.508101155,2.474904727,2.421954687,2.34181085,2.226307923,2.067043393,1.855422091,1.580935704
1492,2.54999936,2.549999013,2.549997493,2.549992782,2.549979031,2.549940686,2.549838852,2.549582307,2.548970899,2.547594575,2.544671281,2.538815305,2.527751944,2.508026281,2.474795313,2.421805209,2.341620049,2.226080622,2.066791223,1.855162552,1.580689487
1493,2.549999354,2.549999004,2.549997473,2.549992728,2.549978891,2.549940332,2.549837999,2.549580361,2.54896671,2.547586092,2.544655154,2.538786563,2.527703974,2.507951359,2.474685861,2.421655718,2.341429271,2.225853388,2.066539156,1.854903139,1.580443397
1494,2.549999348,2.549998995,2.549997452,2.549992673,2.54997875,2.549939976,2.549837143,2.549578408,2.548962509,2.547577589,2.544638997,2.538757781,2.527655957,2.507876389,2.474576373,2.421506215,2.341238518,2.225626219,2.066287192,1.854643852,1.580197434
1495,2.549999341,2.549998986,2.549997431,2.549992619,2.549978608,2.549939619,2.549836283,2.549576449,2.548958296,2.547569067,2.544622811,2.53872896,2.527607892,2.507801371,2.474466848,2.4213567,2.341047788,2.225399116,2.066035332,1.85438469,1.579951597
1496,2.549999335,2.549998977,2.549997409,2.549992564,2.549978465,2.549939259,2.54983542,2.549574483,2.548954071,2.547560525,2.544606596,2.538700099,2.527559781,2.507726306,2.474357286,2.421207172,2.340857083,2.22517208,2.065783574,1.854125654,1.579705887
1497,2.549999329,2.549998967,2.549997388,2.549992509,2.549978322,2.549938899,2.549834554,2.54957251,2.548949835,2.547551964,2.544590352,2.538671199,2.527511622,2.507651193,2.474247687,2.421057632,2.340666401,2.224945108,2.06553192,1.853866743,1.579460303
1498,2.549999322,2.549998958,2.549997366,2.549992453,2.549978178,2.549938536,2.549833684,2.549570531,2.548945586,2.547543383,2.544574078,2.538642259,2.527463416,2.507576033,2.474138052,2.42090808,2.340475744,2.224718203,2.065280369,1.853607958,1.579214845
1499,2.549999316,2.549998948,2.549997345,2.549992397,2.549978033,2.549938172,2.54983281,2.549568545,2.548941326,2.547534783,2.544557775,2.53861328,2.527415164,2.507500826,2.47402838,2.420758515,2.340285111,2.224491364,2.06502892,1.853349298,1.578969513
1500,2.549999309,2.549998939,2.549997323,2.549992341,2.549977887,2.549937806,2.549831933,2.549566552,2.548937053,2.547526163,2.544541443,2.538584261,2.527366864,2.507425571,2.473918672,2.420608939,2.340094502,2.22426459,2.064777574,1.853090762,1.578724306
1501,2.549999303,2.549998929,2.549997301,2.549992284,2.54997774,2.549937438,2.549831053,2.549564553,2.548932769,2.547517523,2.544525081,2.538555203,2.527318518,2.507350268,2.473808927,2.420459351,2.339903917,2.224037882,2.064526331,1.852832352,1.578479213
1502,2.549999296,2.54999892,2.549997279,2.549992227,2.549977593,2.549937069,2.549830169,2.549562547,2.548928472,2.547508864,2.54450869,2.538526105,2.527270125,2.507274919,2.473699146,2.420309751,2.339713356,2.223811239,2.064275191,1.852574067,1.578234234
1503,2.549999289,2.54999891,2.549997256,2.54999217,2.549977445,2.549936698,2.549829281,2.549560534,2.548924164,2.547500185,2.544492269,2.538496968,2.527221684,2.507199522,2.473589329,2.420160139,2.33952282,2.223584663,2.064024153,1.852315906,1.577989374
1504,2.549999282,2.5499989,2.549997234,2.549992112,2.549977296,2.549936325,2.54982839,2.549558514,2.548919843,2.547491486,2.54447582,2.538467791,2.527173197,2.507124078,2.473479476,2.420010515,2.339332308,2.223358152,2.063773217,1.85205787,1.577744634
1505,2.549999275,2.54999889,2.549997211,2.549992054,2.549977146,2.549935951,2.549827495,2.549556488,2.548915511,2.547482768,2.544459341,2.538438575,2.527124664,2.507048588,2.473369587,2.41986088,2.33914182,2.223131706,2.063522384,1.851799959,1.577500014
1506,2.549999269,2.54999888,2.549997189,2.549991996,2.549976996,2.549935575,2.549826597,2.549554455,2.548911166,2.54747403,2.544442832,2.53840932,2.527076083,2.50697305,2.473259662,2.419711233,2.338951357,2.222905327,2.063271654,1.851542172,1.577255515
1507,2.549999262,2.54999887,2.549997166,2.549991937,2.549976844,2.549935197,2.549825695,2.549552415,2.54890681,2.547465272,2.544426295,2.538380025,2.527027456,2.506897465,2.473149701,2.419561575,2.338760918,2.222679013,2.063021025,1.851284509,1.577011137
1508,2.549999255,2.54999886,2.549997143,2.549991878,2.549976692,2.549934817,2.54982479,2.549550368,2.548902441,2.547456495,2.544409727,2.53835069,2.526978782,2.506821833,2.473039704,2.419411905,2.338570504,2.222452764,2.062770499,1.85102697,1.57676688
1509,2.549999248,2.549998849,2.549997119,2.549991818,2.549976539,2.549934436,2.549823881,2.549548314,2.54889806,2.547447698,2.544393131,2.538321317,2.526930061,2.506746155,2.472929671,2.419262224,2.338380114,2.222226581,2.062520074,1.850769555,1.576522744
1510,2.54999924,2.549998839,2.549997096,2.549991759,2.549976386,2.549934053,2.549822969,2.549546254,2.548893667,2.547438881,2.544376505,2.538291903,2.526881294,2.50667043,2.472819603,2.419112531,2.338189748,2.222000464,2.062269752,1.850512265,1.57627873
1511,2.549999233,2.549998829,2.549997072,2.549991699,2.549976231,2.549933668,2.549822053,2.549544187,2.548889262,2.547430044,2.54435985,2.538262451,2.52683248,2.506594658,2.472709499,2.418962827,2.337999407,2.221774412,2.062019531,1.850255098,1.576034836
1512,2.549999226,2.549998818,2.549997049,2.549991638,2.549976076,2.549933281,2.549821133,2.549542112,2.548884845,2.547421188,2.544343165,2.538232959,2.52678362,2.506518839,2.472599359,2.418813112,2.337809091,2.221548426,2.061769413,1.849998054,1.575791064
1513,2.549999219,2.549998808,2.549997025,2.549991577,2.549975919,2.549932893,2.54982021,2.549540031,2.548880416,2.547412312,2.544326451,2.538203428,2.526734713,2.506442974,2.472489185,2.418663386,2.3376188,2.221322505,2.061519396,1.849741134,1.575547413
1514,2.549999211,2.549998797,2.549997001,2.549991516,2.549975762,2.549932502,2.549819283,2.549537943,2.548875974,2.547403416,2.544309707,2.538173857,2.52668576,2.506367063,2.472378974,2.418513649,2.337428533,2.221096649,2.06126948,1.849484338,1.575303884
1515,2.549999204,2.549998786,2.549996976,2.549991454,2.549975605,2.54993211,2.549818353,2.549535848,2.54887152,2.5473945,2.544292934,2.538144247,2.526636761,2.506291105,2.472268729,2.418363901,2.33723829,2.220870859,2.061019666,1.849227665,1.575060475
1516,2.549999196,2.549998775,2.549996952,2.549991392,2.549975446,2.549931717,2.549817419,2.549533747,2.548867054,2.547385564,2.544276132,2.538114598,2.526587714,2.5062151,2.472158448,2.418214142,2.337048073,2.220645135,2.060769954,1.848971115,1.574817188
1517,2.549999189,2.549998764,2.549996928,2.54999133,2.549975286,2.549931321,2.549816481,2.549531638,2.548862576,2.547376608,2.5442593,2.538084909,2.526538622,2.50613905,2.472048132,2.418064372,2.33685788,2.220419476,2.060520343,1.848714688,1.574574021
1518,2.549999181,2.549998753,2.549996903,2.549991267,2.549975126,2.549930924,2.549815539,2.549529522,2.548858086,2.547367633,2.544242439,2.538055182,2.526489483,2.506062953,2.471937781,2.417914592,2.336667712,2.220193882,2.060270834,1.848458384,1.574330976
1519,2.549999174,2.549998742,2.549996878,2.549991204,2.549974965,2.549930524,2.549814594,2.549527399,2.548853583,2.547358637,2.544225548,2.538025414,2.526440298,2.505986809,2.471827395,2.4177648,2.336477569,2.219968353,2.060021425,1.848202203,1.574088052
1520,2.549999166,2.549998731,2.549996853,2.54999114,2.549974803,2.549930123,2.549813646,2.54952527,2.548849068,2.547349622,2.544208628,2.537995608,2.526391067,2.50591062,2.471716974,2.417614998,2.336287451,2.21974289,2.059772118,1.847946145,1.573845248
1521,2.549999158,2.54999872,2.549996828,2.549991077,2.54997464,2.549929721,2.549812693,2.549523133,2.548844541,2.547340587,2.544191678,2.537965762,2.526341789,2.505834385,2.471606519,2.417465186,2.336097358,2.219517493,2.059522912,1.847690209,1.573602565
1522,2.54999915,2.549998709,2.549996802,2.549991012,2.549974476,2.549929316,2.549811737,2.54952099,2.548840001,2.547331532,2.544174699,2.537935877,2.526292466,2.505758103,2.471496028,2.417315363,2.335907289,2.21929216,2.059273807,1.847434396,1.573360003
1523,2.549999142,2.549998697,2.549996777,2.549990948,2.549974312,2.54992891,2.549810777,2.549518839,2.548835449,2.547322457,2.54415769,2.537905953,2.526243096,2.505681776,2.471385503,2.41716553,2.335717246,2.219066893,2.059024803,1.847178704,1.573117561
1524,2.549999134,2.549998686,2.549996751,2.549990883,2.549974146,2.549928501,2.549809814,2.549516681,2.548830885,2.547313362,2.544140652,2.537875989,2.52619368,2.505605403,2.471274943,2.417015686,2.335527228,2.218841691,2.0587759,1.846923135,1.57287524
1525,2.549999126,2.549998674,2.549996725,2.549990817,2.54997398,2.549928091,2.549808846,2.549514517,2.548826309,2.547304246,2.544123585,2.537845987,2.526144218,2.505528983,2.471164349,2.416865832,2.335337234,2.218616554,2.058527098,1.846667688,1.572633039
1526,2.549999118,2.549998663,2.549996699,2.549990751,2.549973813,2.549927679,2.549807876,2.549512345,2.54882172,2.547295111,2.544106488,2.537815945,2.52609471,2.505452518,2.47105372,2.416715968,2.335147266,2.218391483,2.058278396,1.846412363,1.572390958
1527,2.54999911,2.549998651,2.549996673,2.549990685,2.549973645,2.549927265,2.549806901,2.549510166,2.548817118,2.547285956,2.544089361,2.537785863,2.526045156,2.505376008,2.470943057,2.416566093,2.334957323,2.218166477,2.058029795,1.84615716,1.572148998
1528,2.549999102,2.549998639,2.549996646,2.549990619,2.549973476,2.54992685,2.549805922,2.54950798,2.548812505,2.547276781,2.544072205,2.537755743,2.525995555,2.505299452,2.470832359,2.416416209,2.334767405,2.217941536,2.057781295,1.845902078,1.571907158
1529,2.549999093,2.549998627,2.54999662,2.549990552,2.549973306,2.549926432,2.54980494,2.549505788,2.548807878,2.547267586,2.544055019,2.537725583,2.525945909,2.50522285,2.470721628,2.416266314,2.334577512,2.21771666,2.057532895,1.845647118,1.571665437
1530,2.549999085,2.549998615,2.549996593,2.549990484,2.549973136,2.549926013,2.549803954,2.549503588,2.54880324,2.547258371,2.544037804,2.537695385,2.525896217,2.505146202,2.470610862,2.41611641,2.334387645,2.217491849,2.057284595,1.845392279,1.571423837
1531,2.549999077,2.549998603,2.549996566,2.549990417,2.549972964,2.549925591,2.549802964,2.54950138,2.548798589,2.547249136,2.544020559,2.537665147,2.52584648,2.505069509,2.470500062,2.415966496,2.334197802,2.217267103,2.057036396,1.845137561,1.571182356
1532,2.549999068,2.549998591,2.549996539,2.549990348,2.549972792,2.549925168,2.549801971,2.549499166,2.548793925,2.547239881,2.544003285,2.53763487,2.525796696,2.504992771,2.470389227,2.415816571,2.334007985,2.217042423,2.056788296,1.844882965,1.570940995
1533,2.549999059,2.549998578,2.549996512,2.54999028,2.549972619,2.549924743,2.549800974,2.549496945,2.548789249,2.547230605,2.543985981,2.537604553,2.525746867,2.504915987,2.470278359,2.415666637,2.333818193,2.216817807,2.056540298,1.844628489,1.570699754
1534,2.549999051,2.549998566,2.549996484,2.549990211,2.549972444,2.549924316,2.549799972,2.549494716,2.548784561,2.54722131,2.543968648,2.537574198,2.525696991,2.504839158,2.470167458,2.415516694,2.333628427,2.216593256,2.056292399,1.844374134,1.570458632
1535,2.549999042,2.549998554,2.549996456,2.549990142,2.549972269,2.549923887,2.549798968,2.54949248,2.54877986,2.547211994,2.543951285,2.537543803,2.52564707,2.504762284,2.470056522,2.415366741,2.333438686,2.216368771,2.0560446,1.8441199,1.570217629
1536,2.549999033,2.549998541,2.549996429,2.549990072,2.549972094,2.549923457,2.549797959,2.549490238,2.548775146,2.547202658,2.543933893,2.53751337,2.525597104,2.504685364,2.469945552,2.415216778,2.33324897,2.21614435,2.055796901,1.843865787,1.569976745
1537,2.549999024,2.549998528,2.5499964,2.549990002,2.549971917,2.549923024,2.549796946,2.549487988,2.54877042,2.547193302,2.543916471,2.537482897,2.525547091,2.5046084,2.469834549,2.415066805,2.33305928,2.215919995,2.055549302,1.843611794,1.569735981
1538,2.549999016,2.549998516,2.549996372,2.549989931,2.549971739,2.54992259,2.54979593,2.54948573,2.548765682,2.547183926,2.543899019,2.537452385,2.525497034,2.50453139,2.469723513,2.414916824,2.332869615,2.215695704,2.055301803,1.843357922,1.569495336
1539,2.549999007,2.549998503,2.549996344,2.54998986,2.54997156,2.549922153,2.54979491,2.549483466,2.548760931,2.54717453,2.543881538,2.537421834,2.52544693,2.504454335,2.469612442,2.414766833,2.332679976,2.215471479,2.055054403,1.84310417,1.569254809
1540,2.549998998,2.54999849,2.549996315,2.549989789,2.549971381,2.549921715,2.549793885,2.549481194,2.548756167,2.547165114,2.543864028,2.537391244,2.525396781,2.504377236,2.469501339,2.414616832,2.332490362,2.215247318,2.054807103,1.842850538,1.569014402
1541,2.549998988,2.549998477,2.549996286,2.549989717,2.5499712,2.549921274,2.549792857,2.549478915,2.548751391,2.547155677,2.543846487,2.537360615,2.525346586,2.504300091,2.469390202,2.414466823,2.332300774,2.215023222,2.054559903,1.842597026,1.568774113
1542,2.549998979,2.549998464,2.549996257,2.549989645,2.549971019,2.549920832,2.549791826,2.549476629,2.548746602,2.54714622,2.543828918,2.537329947,2.525296346,2.504222902,2.469279031,2.414316804,2.332111212,2.214799191,2.054312802,1.842343634,1.568533943
1543,2.54999897,2.54999845,2.549996228,2.549989572,2.549970837,2.549920388,2.54979079,2.549474335,2.5487418,2.547136743,2.543811318,2.53729924,2.525246061,2.504145668,2.469167828,2.414166776,2.331921675,2.214575225,2.0540658,1.842090361,1.568293891
1544,2.549998961,2.549998437,2.549996199,2.549989499,2.549970653,2.549919942,2.54978975,2.549472034,2.548736986,2.547127246,2.543793689,2.537268494,2.52519573,2.504068389,2.469056591,2.414016739,2.331732163,2.214351324,2.053818898,1.841837209,1.568053957
1545,2.549998951,2.549998424,2.549996169,2.549989425,2.549970469,2.549919494,2.549788707,2.549469726,2.548732159,2.547117728,2.54377603,2.537237709,2.525145354,2.503991065,2.468945321,2.413866693,2.331542678,2.214127487,2.053572095,1.841584175,1.567814142
1546,2.549998942,2.54999841,2.54999614,2.549989351,2.549970284,2.549919044,2.549787659,2.549467411,2.548727319,2.54710819,2.543758342,2.537206885,2.525094932,2.503913697,2.468834019,2.413716638,2.331353218,2.213903716,2.053325391,1.841331262,1.567574445
1547,2.549998932,2.549998396,2.54999611,2.549989277,2.549970098,2.549918592,2.549786608,2.549465088,2.548722467,2.547098632,2.543740624,2.537176022,2.525044465,2.503836285,2.468722683,2.413566575,2.331163784,2.213680009,2.053078787,1.841078467,1.567334866
1548,2.549998922,2.549998383,2.549996079,2.549989202,2.549969911,2.549918138,2.549785553,2.549462758,2.548717602,2.547089054,2.543722877,2.53714512,2.524993953,2.503758828,2.468611314,2.413416502,2.330974376,2.213456367,2.052832281,1.840825792,1.567095405
1549,2.549998913,2.549998369,2.549996049,2.549989127,2.549969723,2.549917682,2.549784493,2.549460421,2.548712724,2.547079455,2.5437051,2.537114179,2.524943395,2.503681326,2.468499913,2.413266421,2.330784993,2.213232789,2.052585874,1.840573235,1.566856061
1550,2.549998903,2.549998355,2.549996019,2.549989052,2.549969535,2.549917224,2.54978343,2.549458076,2.548707834,2.547069836,2.543687293,2.537083199,2.524892793,2.50360378,2.468388479,2.413116331,2.330595636,2.213009276,2.052339566,1.840320798,1.566616835
1551,2.549998893,2.549998341,2.549995988,2.549988975,2.549969345,2.549916764,2.549782363,2.549455724,2.548702931,2.547060196,2.543669456,2.53705218,2.524842145,2.50352619,2.468277012,2.412966233,2.330406306,2.212785828,2.052093357,1.840068479,1.566377727
1552,2.549998883,2.549998327,2.549995957,2.549988899,2.549969154,2.549916302,2.549781292,2.549453365,2.548698015,2.547050536,2.54365159,2.537021122,2.524791452,2.503448556,2.468165513,2.412816126,2.330217001,2.212562445,2.051847247,1.839816279,1.566138737
1553,2.549998873,2.549998313,2.549995926,2.549988822,2.549968962,2.549915838,2.549780217,2.549450998,2.548693086,2.547040856,2.543633695,2.536990025,2.524740714,2.503370877,2.468053981,2.41266601,2.330027722,2.212339126,2.051601235,1.839564198,1.565899863
1554,2.549998863,2.549998298,2.549995894,2.549988745,2.54996877,2.549915372,2.549779138,2.549448623,2.548688145,2.547031156,2.543615769,2.536958889,2.524689931,2.503293154,2.467942416,2.412515886,2.329838469,2.212115872,2.051355322,1.839312235,1.565661107
1555,2.549998853,2.549998284,2.549995863,2.549988667,2.549968576,2.549914904,2.549778055,2.549446242,2.54868319,2.547021435,2.543597814,2.536927715,2.524639103,2.503215388,2.46783082,2.412365754,2.329649242,2.211892682,2.051109507,1.83906039,1.565422468
1556,2.549998843,2.549998269,2.549995831,2.549988589,2.549968382,2.549914434,2.549776968,2.549443853,2.548678223,2.547011693,2.54357983,2.536896501,2.524588229,2.503137577,2.467719191,2.412215614,2.329460041,2.211669557,2.050863791,1.838808664,1.565183946
1557,2.549998832,2.549998255,2.549995799,2.54998851,2.549968186,2.549913962,2.549775877,2.549441456,2.548673243,2.547001932,2.543561815,2.536865249,2.524537311,2.503059722,2.46760753,2.412065465,2.329270866,2.211446497,2.050618173,1.838557055,1.564945541
1558,2.549998822,2.54999824,2.549995767,2.549988431,2.54996799,2.549913488,2.549774782,2.549439052,2.54866825,2.546992149,2.543543771,2.536833958,2.524486348,2.502981823,2.467495836,2.411915308,2.329081717,2.211223501,2.050372653,1.838305565,1.564707252
1559,2.549998811,2.549998225,2.549995735,2.549988351,2.549967792,2.549913012,2.549773682,2.54943664,2.548663244,2.546982347,2.543525697,2.536802628,2.524435341,2.502903881,2.467384111,2.411765143,2.328892595,2.211000569,2.050127231,1.838054193,1.564469081
1560,2.549998801,2.54999821,2.549995702,2.549988271,2.549967594,2.549912534,2.549772579,2.549434221,2.548658226,2.546972524,2.543507594,2.536771259,2.524384288,2.502825895,2.467272354,2.41161497,2.328703498,2.210777702,2.049881908,1.837802938,1.564231026
1561,2.54999879,2.549998195,2.549995669,2.549988191,2.549967394,2.549912053,2.549771472,2.549431795,2.548653194,2.54696268,2.543489461,2.536739851,2.52433319,2.502747865,2.467160564,2.411464789,2.328514428,2.2105549,2.049636682,1.837551801,1.563993091
1562,2.549998779,2.54999818,2.549995636,2.54998811,2.549967194,2.549911571,2.549770361,2.549429361,2.54864815,2.546952816,2.543471298,2.536708405,2.524282048,2.502669791,2.467048743,2.4113146,2.328325384,2.210332162,2.049391555,1.837300781,1.563755278
1563,2.549998769,2.549998165,2.549995603,2.549988028,2.549966993,2.549911087,2.549769245,2.549426919,2.548643092,2.546942931,2.543453106,2.536676919,2.524230861,2.502591674,2.46693689,2.411164404,2.328136366,2.210109488,2.049146525,1.837049879,1.563517583
1564,2.549998758,2.549998149,2.54999557,2.549987946,2.54996679,2.5499106,2.549768126,2.54942447,2.548638022,2.546933026,2.543434884,2.536645395,2.524179629,2.502513513,2.466825005,2.411014199,2.327947374,2.209886879,2.048901593,1.836799094,1.563280006
1565,2.549998747,2.549998134,2.549995536,2.549987864,2.549966587,2.549910112,2.549767003,2.549422014,2.548632939,2.546923101,2.543416632,2.536613833,2.524128353,2.502435309,2.466713089,2.410863987,2.327758409,2.209664334,2.048656759,1.836548426,1.563042546
1566,2.549998736,2.549998118,2.549995502,2.549987781,2.549966382,2.549909622,2.549765875,2.549419549,2.548627842,2.546913154,2.54339835,2.536582231,2.524077032,2.502357061,2.466601141,2.410713767,2.32756947,2.209441853,2.048412023,1.836297875,1.562805204
1567,2.549998724,2.549998102,2.549995468,2.549987698,2.549966177,2.549909129,2.549764743,2.549417078,2.548622733,2.546903188,2.543380039,2.536550591,2.524025666,2.50227877,2.466489161,2.41056354,2.327380557,2.209219437,2.048167384,1.836047441,1.56256798
1568,2.549998713,2.549998086,2.549995434,2.549987614,2.549965971,2.549908634,2.549763607,2.549414598,2.548617611,2.5468932,2.543361698,2.536518912,2.523974256,2.502200436,2.46637715,2.410413305,2.327191671,2.208997085,2.047922842,1.835797124,1.562330872
1569,2.549998702,2.54999807,2.5499954,2.54998753,2.549965763,2.549908137,2.549762467,2.549412111,2.548612475,2.546883193,2.543343327,2.536487194,2.523922801,2.502122058,2.466265108,2.410263062,2.327002811,2.208774797,2.047678398,1.835546924,1.562093881
1570,2.549998691,2.549998054,2.549995365,2.549987445,2.549965555,2.549907639,2.549761323,2.549409617,2.548607327,2.546873164,2.543324927,2.536455437,2.523871302,2.502043637,2.466153034,2.410112813,2.326813977,2.208552574,2.047434052,1.83529684,1.561857007
1571,2.549998679,2.549998038,2.54999533,2.54998736,2.549965345,2.549907138,2.549760175,2.549407114,2.548602166,2.546863115,2.543306497,2.536423642,2.523819758,2.501965174,2.466040929,2.409962555,2.32662517,2.208330415,2.047189802,1.835046873,1.561620249
1572,2.549998667,2.549998022,2.549995295,2.549987275,2.549965135,2.549906635,2.549759023,2.549404605,2.548596991,2.546853045,2.543288037,2.536391808,2.52376817,2.501886667,2.465928793,2.409812291,2.32643639,2.20810832,2.04694565,1.834797022,1.561383607
1573,2.549998656,2.549998005,2.549995259,2.549987189,2.549964924,2.549906129,2.549757866,2.549402087,2.548591804,2.546842955,2.543269547,2.536359936,2.523716538,2.501808117,2.465816626,2.409662019,2.326247636,2.207886289,2.046701595,1.834547288,1.561147081
1574,2.549998644,2.549997989,2.549995224,2.549987102,2.549964711,2.549905622,2.549756705,2.549399562,2.548586603,2.546832844,2.543251028,2.536328025,2.523664861,2.501729524,2.465704428,2.40951174,2.326058908,2.207664323,2.046457637,1.834297669,1.560910671
1575,2.549998632,2.549997972,2.549995188,2.549987015,2.549964498,2.549905112,2.549755541,2.549397029,2.548581389,2.546822712,2.543232479,2.536296075,2.52361314,2.501650888,2.465592198,2.409361454,2.325870207,2.20744242,2.046213776,1.834048167,1.560674377
1576,2.54999862,2.549997955,2.549995152,2.549986928,2.549964283,2.549904601,2.549754371,2.549394489,2.548576162,2.54681256,2.5432139,2.536264086,2.523561375,2.501572209,2.465479938,2.409211161,2.325681533,2.207220582,2.045970012,1.833798781,1.560438198
1577,2.549998608,2.549997939,2.549995116,2.54998684,2.549964067,2.549904087,2.549753198,2.54939194,2.548570922,2.546802387,2.543195291,2.536232059,2.523509565,2.501493487,2.465367647,2.409060861,2.325492885,2.206998808,2.045726344,1.83354951,1.560202135
1578,2.549998596,2.549997922,2.549995079,2.549986751,2.549963851,2.549903571,2.549752021,2.549389384,2.548565669,2.546792193,2.543176653,2.536199994,2.523457711,2.501414723,2.465255325,2.408910554,2.325304264,2.206777098,2.045482774,1.833300355,1.559966187
1579,2.549998584,2.549997904,2.549995042,2.549986662,2.549963633,2.549903053,2.549750839,2.549386821,2.548560403,2.546781979,2.543157985,2.536167889,2.523405813,2.501335916,2.465142973,2.40876024,2.32511567,2.206555452,2.0452393,1.833051316,1.559730354
1580,2.549998572,2.549997887,2.549995006,2.549986573,2.549963414,2.549902533,2.549749653,2.549384249,2.548555123,2.546771744,2.543139287,2.536135747,2.523353871,2.501257067,2.46503059,2.408609919,2.324927102,2.20633387,2.044995923,1.832802392,1.559494637
1581,2.549998559,2.54999787,2.549994968,2.549986483,2.549963195,2.54990201,2.549748463,2.54938167,2.54854983,2.546761488,2.54312056,2.536103565,2.523301885,2.501178175,2.464918176,2.408459592,2.324738561,2.206112352,2.044752642,1.832553584,1.559259034
1582,2.549998547,2.549997852,2.549994931,2.549986392,2.549962974,2.549901486,2.549747268,2.549379083,2.548544524,2.546751212,2.543101802,2.536071345,2.523249854,2.50109924,2.464805732,2.408309258,2.324550047,2.205890898,2.044509457,1.832304891,1.559023546
1583,2.549998534,2.549997835,2.549994893,2.549986301,2.549962752,2.549900959,2.54974607,2.549376488,2.548539205,2.546740914,2.543083015,2.536039087,2.52319778,2.501020263,2.464693258,2.408158917,2.32436156,2.205669508,2.044266369,1.832056313,1.558788173
1584,2.549998522,2.549997817,2.549994855,2.54998621,2.549962529,2.54990043,2.549744867,2.549373886,2.548533873,2.546730596,2.543064198,2.53600679,2.523145662,2.500941243,2.464580753,2.408008569,2.324173099,2.205448181,2.044023378,1.83180785,1.558552914
1585,2.549998509,2.549997799,2.549994817,2.549986118,2.549962305,2.549899899,2.54974366,2.549371275,2.548528527,2.546720257,2.543045351,2.535974454,2.523093499,2.500862182,2.464468218,2.407858216,2.323984666,2.205226919,2.043780482,1.831559502,1.55831777
1586,2.549998496,2.549997781,2.549994779,2.549986025,2.54996208,2.549899366,2.549742448,2.549368657,2.548523168,2.546709898,2.543026475,2.53594208,2.523041293,2.500783078,2.464355652,2.407707855,2.323796259,2.205005721,2.043537683,1.831311269,1.55808274
1587,2.549998483,2.549997763,2.54999474,2.549985932,2.549961854,2.54989883,2.549741232,2.549366031,2.548517796,2.546699517,2.543007568,2.535909668,2.522989043,2.500703931,2.464243057,2.407557488,2.323607879,2.204784587,2.04329498,1.831063151,1.557847824
1588,2.54999847,2.549997745,2.549994702,2.549985839,2.549961626,2.549898292,2.549740012,2.549363398,2.54851241,2.546689116,2.542988632,2.535877217,2.522936749,2.500624743,2.464130431,2.407407115,2.323419526,2.204563516,2.043052372,1.830815147,1.557613022
1589,2.549998457,2.549997726,2.549994663,2.549985745,2.549961398,2.549897752,2.549738788,2.549360756,2.548507012,2.546678694,2.542969666,2.535844728,2.522884411,2.500545512,2.464017776,2.407256736,2.3232312,2.204342509,2.042809861,1.830567258,1.557378334
1590,2.549998444,2.549997708,2.549994623,2.549985651,2.549961169,2.54989721,2.549737559,2.549358106,2.548501599,2.546668251,2.542950671,2.5358122,2.52283203,2.50046624,2.46390509,2.40710635,2.323042901,2.204121567,2.042567445,1.830319484,1.55714376
1591,2.549998431,2.549997689,2.549994584,2.549985556,2.549960938,2.549896665,2.549736326,2.549355449,2.548496174,2.546657787,2.542931645,2.535779634,2.522779605,2.500386925,2.463792375,2.406955959,2.322854629,2.203900688,2.042325126,1.830071823,1.5569093
1592,2.549998417,2.549997671,2.549994544,2.54998546,2.549960706,2.549896119,2.549735089,2.549352784,2.548490735,2.546647303,2.54291259,2.535747029,2.522727136,2.500307569,2.463679629,2.406805561,2.322666384,2.203679872,2.042082902,1.829824277,1.556674952
1593,2.549998404,2.549997652,2.549994504,2.549985364,2.549960474,2.54989557,2.549733847,2.54935011,2.548485283,2.546636797,2.542893505,2.535714386,2.522674623,2.50022817,2.463566854,2.406655157,2.322478166,2.203459121,2.041840773,1.829576845,1.556440719
1594,2.54999839,2.549997633,2.549994464,2.549985267,2.54996024,2.549895019,2.549732601,2.549347429,2.548479817,2.546626271,2.54287439,2.535681704,2.522622067,2.50014873,2.46345405,2.406504747,2.322289975,2.203238433,2.041598741,1.829329528,1.556206599
1595,2.549998376,2.549997614,2.549994423,2.54998517,2.549960005,2.549894465,2.54973135,2.54934474,2.548474338,2.546615723,2.542855245,2.535648985,2.522569467,2.500069248,2.463341215,2.406354331,2.322101811,2.203017809,2.041356803,1.829082324,1.555972591
1596,2.549998362,2.549997594,2.549994382,2.549985073,2.549959769,2.549893909,2.549730095,2.549342043,2.548468845,2.546605155,2.542836071,2.535616226,2.522516824,2.499989725,2.463228351,2.406203909,2.321913675,2.202797248,2.041114961,1.828835234,1.555738697
1597,2.549998349,2.549997575,2.549994341,2.549984975,2.549959532,2.549893352,2.549728836,2.549339338,2.54846334,2.546594566,2.542816867,2.53558343,2.522464137,2.499910159,2.463115458,2.406053482,2.321725565,2.202576751,2.040873215,1.828588257,1.555504916
1598,2.549998335,2.549997555,2.5499943,2.549984876,2.549959294,2.549892791,2.549727573,2.549336625,2.54845782,2.546583956,2.542797632,2.535550595,2.522411406,2.499830552,2.463002535,2.405903048,2.321537483,2.202356318,2.040631564,1.828341394,1.555271248
1599,2.54999832,2.549997536,2.549994258,2.549984777,2.549959054,2.549892229,2.549726304,2.549333904,2.548452287,2.546573325,2.542778368,2.535517722,2.522358632,2.499750904,2.462889583,2.405752609,2.321349428,2.202135949,2.040390008,1.828094645,1.555037692
1600,2.549998306,2.549997516,2.549994217,2.549984677,2.549958814,2.549891664,2.549725032,2.549331175,2.548446741,2.546562673,2.542759075,2.53548481,2.522305815,2.499671214,2.462776602,2.405602164,2.3211614,2.201915643,2.040148547,1.827848009,1.554804249
1601,2.549998292,2.549997496,2.549994175,2.549984577,2.549958572,2.549891097,2.549723755,2.549328438,2.548441181,2.546552,2.542739751,2.535451861,2.522252954,2.499591483,2.462663591,2.405451714,2.3209734,2.2016954,2.039907181,1.827601487,1.554570918
1602,2.549998278,2.549997476,2.549994132,2.549984476,2.549958329,2.549890527,2.549722474,2.549325693,2.548435608,2.546541306,2.542720398,2.535418873,2.52220005,2.49951171,2.462550552,2.405301258,2.320785426,2.201475222,2.03966591,1.827355077,1.5543377
1603,2.549998263,2.549997456,2.54999409,2.549984375,2.549958086,2.549889956,2.549721188,2.54932294,2.548430021,2.546530591,2.542701014,2.535385846,2.522147103,2.499431896,2.462437483,2.405150797,2.32059748,2.201255106,2.039424734,1.827108781,1.554104594
1604,2.549998248,2.549997435,2.549994047,2.549984273,2.549957841,2.549889382,2.549719898,2.549320179,2.548424421,2.546519855,2.542681601,2.535352782,2.522094112,2.49935204,2.462324385,2.40500033,2.320409562,2.201035054,2.039183653,1.826862598,1.5538716
1605,2.549998234,2.549997415,2.549994004,2.549984171,2.549957594,2.549888805,2.549718603,2.54931741,2.548418807,2.546509098,2.542662158,2.535319679,2.522041079,2.499272144,2.462211258,2.404849858,2.32022167,2.200815066,2.038942666,1.826616527,1.553638718
1606,2.549998219,2.549997394,2.549993961,2.549984068,2.549957347,2.549888227,2.549717304,2.549314633,2.54841318,2.54649832,2.542642686,2.535286538,2.521988001,2.499192206,2.462098103,2.404699381,2.320033806,2.200595141,2.038701774,1.82637057,1.553405948
1607,2.549998204,2.549997374,2.549993917,2.549983964,2.549957099,2.549887646,2.549716,2.549311848,2.548407539,2.546487521,2.542623183,2.535253359,2.521934881,2.499112228,2.461984918,2.404548898,2.31984597,2.20037528,2.038460977,1.826124725,1.55317329
1608,2.549998189,2.549997353,2.549993873,2.54998386,2.549956849,2.549887062,2.549714692,2.549309054,2.548401884,2.546476701,2.54260365,2.535220141,2.521881718,2.499032208,2.461871705,2.40439841,2.319658161,2.200155482,2.038220275,1.825878992,1.552940743
1609,2.549998174,2.549997332,2.549993829,2.549983756,2.549956598,2.549886476,2.54971338,2.549306253,2.548396216,2.54646586,2.542584088,2.535186886,2.521828511,2.498952147,2.461758463,2.404247917,2.319470379,2.199935747,2.037979667,1.825633372,1.552708308
1610,2.549998158,2.54999731,2.549993785,2.54998365,2.549956346,2.549885888,2.549712062,2.549303443,2.548390534,2.546454998,2.542564496,2.535153592,2.521775262,2.498872045,2.461645192,2.404097419,2.319282625,2.199716076,2.037739153,1.825387865,1.552475984
1611,2.549998143,2.549997289,2.54999374,2.549983545,2.549956093,2.549885298,2.549710741,2.549300626,2.548384839,2.546444114,2.542544874,2.53512026,2.521721969,2.498791903,2.461531893,2.403946916,2.319094899,2.199496468,2.037498733,1.82514247,1.552243772
1612,2.549998128,2.549997268,2.549993695,2.549983438,2.549955839,2.549884705,2.549709414,2.5492978,2.54837913,2.54643321,2.542525222,2.53508689,2.521668634,2.49871172,2.461418566,2.403796407,2.318907199,2.199276923,2.037258408,1.824897186,1.552011671
1613,2.549998112,2.549997246,2.54999365,2.549983332,2.549955583,2.54988411,2.549708084,2.549294966,2.548373407,2.546422284,2.54250554,2.535053482,2.521615255,2.498631496,2.461305209,2.403645894,2.318719528,2.199057441,2.037018177,1.824652015,1.551779681
1614,2.549998096,2.549997224,2.549993605,2.549983224,2.549955327,2.549883513,2.549706748,2.549292123,2.548367671,2.546411338,2.542485829,2.535020036,2.521561834,2.498551231,2.461191825,2.403495376,2.318531884,2.198838023,2.03677804,1.824406956,1.551547802
1615,2.54999808,2.549997202,2.549993559,2.549983116,2.549955069,2.549882913,2.549705409,2.549289273,2.548361921,2.54640037,2.542466087,2.534986551,2.52150837,2.498470925,2.461078412,2.403344854,2.318344268,2.198618668,2.036537998,1.824162009,1.551316033
1616,2.549998064,2.54999718,2.549993513,2.549983008,2.54995481,2.54988231,2.549704064,2.549286414,2.548356157,2.546389381,2.542446316,2.534953029,2.521454863,2.498390579,2.460964971,2.403194326,2.318156679,2.198399377,2.036298049,1.823917173,1.551084376
1617,2.549998048,2.549997158,2.549993467,2.549982899,2.54995455,2.549881706,2.549702715,2.549283548,2.54835038,2.546378371,2.542426515,2.534919468,2.521401313,2.498310193,2.460851502,2.403043794,2.317969118,2.198180148,2.036058194,1.823672449,1.550852829
1618,2.549998032,2.549997136,2.54999342,2.549982789,2.549954289,2.549881099,2.549701362,2.549280673,2.548344589,2.54636734,2.542406684,2.53488587,2.52134772,2.498229766,2.460738005,2.402893257,2.317781584,2.197960983,2.035818433,1.823427837,1.550621393
1619,2.549998016,2.549997113,2.549993373,2.549982679,2.549954026,2.549880489,2.549700003,2.549277789,2.548338784,2.546356287,2.542386823,2.534852233,2.521294084,2.498149298,2.46062448,2.402742715,2.317594079,2.197741881,2.035578765,1.823183336,1.550390067
1620,2.549998,2.549997091,2.549993326,2.549982568,2.549953762,2.549879877,2.549698641,2.549274898,2.548332965,2.546345214,2.542366932,2.534818559,2.521240406,2.498068791,2.460510927,2.402592169,2.317406601,2.197522842,2.035339192,1.822938946,1.550158851
1621,2.549997983,2.549997068,2.549993279,2.549982457,2.549953497,2.549879263,2.549697273,2.549271998,2.548327133,2.546334119,2.542347012,2.534784846,2.521186685,2.497988242,2.460397345,2.402441619,2.31721915,2.197303866,2.035099712,1.822694668,1.549927743
1622,2.549997966,2.549997045,2.549993231,2.549982345,2.549953231,2.549878646,2.549695901,2.54926909,2.548321286,2.546323003,2.542327061,2.534751096,2.521132922,2.497907654,2.460283736,2.402291064,2.317031728,2.197084953,2.034860325,1.822450501,1.549696741
1623,2.54999795,2.549997022,2.549993183,2.549982232,2.549952964,2.549878027,2.549694525,2.549266174,2.548315426,2.546311866,2.542307081,2.534717307,2.521079116,2.497827026,2.4601701,2.402140505,2.316844333,2.196866103,2.034621032,1.822206444,1.549465848
1624,2.549997933,2.549996999,2.549993135,2.549982119,2.549952695,2.549877405,2.549693143,2.549263249,2.548309553,2.546300707,2.542287071,2.534683481,2.521025267,2.497746357,2.460056435,2.401989941,2.316656966,2.196647317,2.034381833,1.821962499,1.549235064
1625,2.549997916,2.549996975,2.549993086,2.549982005,2.549952425,2.549876781,2.549691757,2.549260316,2.548303665,2.546289528,2.54226703,2.534649616,2.520971376,2.497665648,2.459942743,2.401839373,2.316469627,2.196428593,2.034142726,1.821718665,1.549004388
1626,2.549997899,2.549996952,2.549993038,2.549981891,2.549952154,2.549876155,2.549690367,2.549257375,2.548297763,2.546278327,2.54224696,2.534615714,2.520917443,2.497584899,2.459829023,2.401688801,2.316282316,2.196209932,2.033903713,1.821474941,1.548773821
1627,2.549997882,2.549996928,2.549992989,2.549981776,2.549951882,2.549875526,2.549688972,2.549254425,2.548291848,2.546267105,2.542226861,2.534581774,2.520863467,2.49750411,2.459715276,2.401538225,2.316095033,2.195991335,2.033664794,1.821231328,1.548543363
1628,2.549997864,2.549996904,2.549992939,2.549981661,2.549951608,2.549874894,2.549687572,2.549251468,2.548285919,2.546255861,2.542206731,2.534547796,2.520809448,2.497423282,2.459601501,2.401387644,2.315907777,2.1957728,2.033425967,1.820987825,1.548313013
1629,2.549997847,2.54999688,2.549992889,2.549981544,2.549951334,2.54987426,2.549686167,2.549248501,2.548279976,2.546244597,2.542186571,2.534513779,2.520755387,2.497342413,2.459487699,2.40123706,2.31572055,2.195554328,2.033187233,1.820744433,1.548082771
1630,2.549997829,2.549996856,2.54999284,2.549981428,2.549951058,2.549873624,2.549684758,2.549245527,2.548274019,2.54623331,2.542166382,2.534479726,2.520701284,2.497261505,2.45937387,2.401086471,2.31553335,2.195335919,2.032948592,1.820501151,1.547852638
1631,2.549997812,2.549996832,2.549992789,2.54998131,2.54995078,2.549872985,2.549683344,2.549242544,2.548268048,2.546222003,2.542146162,2.534445634,2.520647139,2.497180557,2.459260013,2.400935879,2.315346179,2.195117573,2.032710045,1.820257979,1.547622614
1632,2.549997794,2.549996807,2.549992739,2.549981193,2.549950502,2.549872344,2.549681925,2.549239552,2.548262063,2.546210675,2.542125913,2.534411504,2.520592951,2.497099569,2.459146129,2.400785283,2.315159035,2.19489929,2.03247159,1.820014917,1.547392697
1633,2.549997776,2.549996782,2.549992688,2.549981074,2.549950222,2.5498717,2.549680501,2.549236552,2.548256065,2.546199325,2.542105634,2.534377337,2.520538721,2.497018541,2.459032218,2.400634683,2.31497192,2.194681069,2.032233228,1.819771966,1.547162889
1634,2.549997758,2.549996758,2.549992637,2.549980955,2.549949941,2.549871054,2.549679073,2.549233544,2.548250052,2.546187953,2.542085325,2.534343131,2.520484449,2.496937474,2.45891828,2.400484079,2.314784832,2.194462912,2.031994958,1.819529124,1.546933189
1635,2.54999774,2.549996733,2.549992585,2.549980835,2.549949659,2.549870405,2.54967764,2.549230527,2.548244026,2.546176561,2.542064986,2.534308888,2.520430134,2.496856368,2.458804314,2.400333471,2.314597773,2.194244817,2.031756781,1.819286392,1.546703597
1636,2.549997721,2.549996707,2.549992534,2.549980715,2.549949375,2.549869753,2.549676202,2.549227502,2.548237985,2.546165147,2.542044617,2.534274608,2.520375778,2.496775221,2.458690322,2.40018286,2.314410741,2.194026785,2.031518697,1.81904377,1.546474113
1637,2.549997703,2.549996682,2.549992482,2.549980594,2.549949091,2.549869099,2.54967476,2.549224469,2.54823193,2.546153711,2.542024218,2.534240289,2.520321379,2.496694036,2.458576303,2.400032245,2.314223738,2.193808815,2.031280705,1.818801257,1.546244737
1638,2.549997684,2.549996657,2.549992429,2.549980472,2.549948805,2.549868443,2.549673312,2.549221427,2.548225862,2.546142254,2.54200379,2.534205933,2.520266939,2.496612811,2.458462257,2.399881626,2.314036763,2.193590909,2.031042806,1.818558854,1.546015469
1639,2.549997666,2.549996631,2.549992377,2.54998035,2.549948517,2.549867784,2.54967186,2.549218376,2.548219779,2.546130776,2.541983331,2.534171539,2.520212456,2.496531547,2.458348184,2.399731004,2.313849816,2.193373065,2.030804999,1.81831656,1.545786308
1640,2.549997647,2.549996605,2.549992324,2.549980227,2.549948229,2.549867122,2.549670403,2.549215317,2.548213683,2.546119277,2.541962843,2.534137107,2.520157931,2.496450243,2.458234085,2.399580378,2.313662897,2.193155284,2.030567284,1.818074376,1.545557255
1641,2.549997628,2.549996579,2.549992271,2.549980104,2.549947939,2.549866458,2.549668942,2.549212249,2.548207572,2.546107756,2.541942324,2.534102637,2.520103365,2.4963689,2.458119959,2.399429749,2.313476006,2.192937565,2.030329662,1.817832301,1.54532831
1642,2.549997609,2.549996553,2.549992217,2.54997998,2.549947648,2.549865792,2.549667475,2.549209173,2.548201448,2.546096213,2.541921776,2.53406813,2.520048756,2.496287519,2.458005806,2.399279117,2.313289144,2.192719909,2.030092132,1.817590334,1.545099472
1643,2.54999759,2.549996527,2.549992163,2.549979855,2.549947355,2.549865122,2.549666004,2.549206089,2.548195309,2.54608465,2.541901198,2.534033585,2.519994106,2.496206098,2.457891627,2.399128481,2.31310231,2.192502316,2.029854693,1.817348477,1.544870741
1644,2.54999757,2.5499965,2.549992109,2.54997973,2.549947061,2.549864451,2.549664528,2.549202995,2.548189156,2.546073064,2.54188059,2.533999003,2.519939413,2.496124638,2.457777421,2.398977842,2.312915504,2.192284785,2.029617347,1.817106729,1.544642118
1645,2.549997551,2.549996474,2.549992055,2.549979604,2.549946766,2.549863776,2.549663047,2.549199894,2.548182989,2.546061458,2.541859952,2.533964383,2.519884679,2.496043139,2.457663189,2.3988272,2.312728726,2.192067316,2.029380093,1.816865089,1.544413601
1646,2.549997531,2.549996447,2.549992,2.549979477,2.54994647,2.549863099,2.549661561,2.549196783,2.548176808,2.54604983,2.541839284,2.533929725,2.519829904,2.495961601,2.457548931,2.398676555,2.312541977,2.191849911,2.029142931,1.816623558,1.544185192
1647,2.549997511,2.54999642,2.549991945,2.54997935,2.549946172,2.54986242,2.54966007,2.549193665,2.548170613,2.54603818,2.541818587,2.53389503,2.519775086,2.495880024,2.457434646,2.398525906,2.312355256,2.191632567,2.02890586,1.816382136,1.54395689
1648,2.549997491,2.549996393,2.549991889,2.549979222,2.549945873,2.549861738,2.549658575,2.549190537,2.548164404,2.546026509,2.541797859,2.533860297,2.519720227,2.495798408,2.457320335,2.398375255,2.312168563,2.191415287,2.028668881,1.816140822,1.543728695
1649,2.549997471,2.549996365,2.549991833,2.549979094,2.549945573,2.549861053,2.549657074,2.549187401,2.54815818,2.546014816,2.541777102,2.533825526,2.519665326,2.495716754,2.457205998,2.3982246,2.311981899,2.191198068,2.028431994,1.815899617,1.543500606
1650,2.549997451,2.549996338,2.549991777,2.549978964,2.549945271,2.549860365,2.549655569,2.549184256,2.548151943,2.546003102,2.541756314,2.533790718,2.519610383,2.49563506,2.457091635,2.398073943,2.311795263,2.190980912,2.028195198,1.815658519,1.543272624
1651,2.549997431,2.54999631,2.549991721,2.549978835,2.549944968,2.549859676,2.549654058,2.549181103,2.548145691,2.545991367,2.541735497,2.533755872,2.519555399,2.495553328,2.456977246,2.397923282,2.311608655,2.190763819,2.027958494,1.81541753,1.543044749
1652,2.549997411,2.549996282,2.549991664,2.549978704,2.549944664,2.549858983,2.549652543,2.549177941,2.548139425,2.54597961,2.54171465,2.533720989,2.519500374,2.495471558,2.456862831,2.397772619,2.311422076,2.190546788,2.027721882,1.815176649,1.54281698
1653,2.54999739,2.549996254,2.549991607,2.549978573,2.549944358,2.549858288,2.549651023,2.54917477,2.548133145,2.545967831,2.541693773,2.533686069,2.519445306,2.495389749,2.45674839,2.397621953,2.311235525,2.190329819,2.02748536,1.814935876,1.542589317
1654,2.549997369,2.549996226,2.54999155,2.549978441,2.549944051,2.54985759,2.549649498,2.549171591,2.548126851,2.545956031,2.541672866,2.53365111,2.519390198,2.495307901,2.456633923,2.397471284,2.311049003,2.190112913,2.027248931,1.814695211,1.542361761
1655,2.549997349,2.549996197,2.549991492,2.549978309,2.549943743,2.549856889,2.549647968,2.549168403,2.548120543,2.545944209,2.541651929,2.533616115,2.519335048,2.495226015,2.45651943,2.397320613,2.310862509,2.189896069,2.027012592,1.814454653,1.542134311
1656,2.549997328,2.549996169,2.549991434,2.549978176,2.549943433,2.549856186,2.549646433,2.549165207,2.54811422,2.545932366,2.541630962,2.533581082,2.519279856,2.495144091,2.456404912,2.397169938,2.310676044,2.189679287,2.026776344,1.814214203,1.541906967
1657,2.549997306,2.54999614,2.549991376,2.549978042,2.549943122,2.549855481,2.549644893,2.549162001,2.548107883,2.545920501,2.541609965,2.533546011,2.519224623,2.495062128,2.456290368,2.397019261,2.310489607,2.189462567,2.026540188,1.813973861,1.541679729
1658,2.549997285,2.549996111,2.549991317,2.549977907,2.54994281,2.549854772,2.549643348,2.549158787,2.548101532,2.545908615,2.541588939,2.533510903,2.519169349,2.494980127,2.456175798,2.396868582,2.310303199,2.18924591,2.026304123,1.813733626,1.541452596
1659,2.549997264,2.549996082,2.549991258,2.549977772,2.549942496,2.549854061,2.549641799,2.549155564,2.548095166,2.545896707,2.541567882,2.533475758,2.519114033,2.494898088,2.456061203,2.3967179,2.310116819,2.189029315,2.026068149,1.813493498,1.54122557
1660,2.549997242,2.549996053,2.549991199,2.549977636,2.549942181,2.549853347,2.549640244,2.549152333,2.548088786,2.545884777,2.541546796,2.533440575,2.519058676,2.49481601,2.455946582,2.396567216,2.309930468,2.188812782,2.025832265,1.813253478,1.540998649
1661,2.549997221,2.549996023,2.549991139,2.5499775,2.549941865,2.549852631,2.549638684,2.549149092,2.548082392,2.545872826,2.541525679,2.533405354,2.519003278,2.494733895,2.455831936,2.396416529,2.309744145,2.188596311,2.025596473,1.813013565,1.540771834
1662,2.549997199,2.549995993,2.549991079,2.549977363,2.549941547,2.549851912,2.549637119,2.549145843,2.548075984,2.545860853,2.541504533,2.533370097,2.518947839,2.494651741,2.455717264,2.39626584,2.309557851,2.188379903,2.025360771,1.812773759,1.540545125
1663,2.549997177,2.549995964,2.549991019,2.549977225,2.549941228,2.54985119,2.549635549,2.549142585,2.548069561,2.545848859,2.541483357,2.533334802,2.518892359,2.494569549,2.455602567,2.396115148,2.309371586,2.188163556,2.02512516,1.81253406,1.54031852
1664,2.549997155,2.549995933,2.549990958,2.549977087,2.549940907,2.549850465,2.549633974,2.549139319,2.548063124,2.545836843,2.541462151,2.53329947,2.518836837,2.494487319,2.455487845,2.395964455,2.30918535,2.187947272,2.02488964,1.812294468,1.540092021
1665,2.549997132,2.549995903,2.549990897,2.549976947,2.549940585,2.549849738,2.549632395,2.549136043,2.548056672,2.545824805,2.541440915,2.5332641,2.518781275,2.494405052,2.455373098,2.395813759,2.308999142,2.18773105,2.02465421,1.812054982,1.539865628
1666,2.54999711,2.549995873,2.549990836,2.549976808,2.549940262,2.549849008,2.54963081,2.549132759,2.548050207,2.545812745,2.541419649,2.533228693,2.518725671,2.494322746,2.455258326,2.395663061,2.308812962,2.187514889,2.024418871,1.811815603,1.539639339
1667,2.549997087,2.549995842,2.549990774,2.549976667,2.549939937,2.549848275,2.54962922,2.549129466,2.548043727,2.545800664,2.541398353,2.533193249,2.518670026,2.494240403,2.455143528,2.395512361,2.308626812,2.187298791,2.024183622,1.811576331,1.539413155
1668,2.549997065,2.549995811,2.549990712,2.549976526,2.549939611,2.54984754,2.549627625,2.549126164,2.548037232,2.545788562,2.541377028,2.533157767,2.518614341,2.494158022,2.455028706,2.395361658,2.30844069,2.187082755,2.023948463,1.811337165,1.539187077
1669,2.549997042,2.54999578,2.54999065,2.549976384,2.549939284,2.549846802,2.549626024,2.549122853,2.548030723,2.545776437,2.541355672,2.533122249,2.518558614,2.494075603,2.454913858,2.395210954,2.308254597,2.186866781,2.023713395,1.811098106,1.538961103
1670,2.549997019,2.549995749,2.549990587,2.549976241,2.549938955,2.549846061,2.549624419,2.549119534,2.5480242,2.545764291,2.541334287,2.533086693,2.518502846,2.493993147,2.454798986,2.395060248,2.308068533,2.186650869,2.023478418,1.810859153,1.538735234
1671,2.549996996,2.549995718,2.549990524,2.549976098,2.549938624,2.549845317,2.549622809,2.549116205,2.548017662,2.545752124,2.541312871,2.533051099,2.518447038,2.493910653,2.454684089,2.39490954,2.307882497,2.186435018,2.02324353,1.810620305,1.538509469
1672,2.549996972,2.549995686,2.549990461,2.549975954,2.549938293,2.549844571,2.549621194,2.549112868,2.54801111,2.545739934,2.541291426,2.533015469,2.518391189,2.493828121,2.454569167,2.39475883,2.307696491,2.18621923,2.023008732,1.810381565,1.538283809
1673,2.549996949,2.549995654,2.549990397,2.549975809,2.549937959,2.549843821,2.549619573,2.549109521,2.548004543,2.545727723,2.541269951,2.532979801,2.518335299,2.493745552,2.45445422,2.394608118,2.307510513,2.186003503,2.022774025,1.81014293,1.538058253
1674,2.549996925,2.549995622,2.549990333,2.549975664,2.549937625,2.54984307,2.549617947,2.549106166,2.547997962,2.54571549,2.541248446,2.532944096,2.518279368,2.493662945,2.454339249,2.394457404,2.307324564,2.185787839,2.022539407,1.8099044,1.537832802
1675,2.549996901,2.54999559,2.549990268,2.549975517,2.549937289,2.549842315,2.549616317,2.549102802,2.547991366,2.545703235,2.541226911,2.532908354,2.518223396,2.493580301,2.454224253,2.394306689,2.307138644,2.185572236,2.02230488,1.809665977,1.537607455
1676,2.549996877,2.549995558,2.549990204,2.549975371,2.549936951,2.549841557,2.549614681,2.549099429,2.547984756,2.545690959,2.541205346,2.532872575,2.518167384,2.49349762,2.454109233,2.394155972,2.306952753,2.185356695,2.022070442,1.809427659,1.537382212
1677,2.549996853,2.549995525,2.549990138,2.549975223,2.549936612,2.549840797,2.54961304,2.549096047,2.547978131,2.545678661,2.541183751,2.532836759,2.518111331,2.493414901,2.453994188,2.394005253,2.306766891,2.185141216,2.021836094,1.809189447,1.537157073
1678,2.549996829,2.549995492,2.549990073,2.549975075,2.549936272,2.549840034,2.549611393,2.549092656,2.547971492,2.545666341,2.541162127,2.532800906,2.518055238,2.493332146,2.453879119,2.393854533,2.306581057,2.184925798,2.021601835,1.808951341,1.536932038
1679,2.549996805,2.549995459,2.549990007,2.549974926,2.54993593,2.549839268,2.549609742,2.549089256,2.547964838,2.545653999,2.541140472,2.532765015,2.517999104,2.493249352,2.453764025,2.393703811,2.306395253,2.184710443,2.021367667,1.80871334,1.536707107
1680,2.54999678,2.549995426,2.549989941,2.549974776,2.549935587,2.549838499,2.549608085,2.549085847,2.54795817,2.545641636,2.541118788,2.532729088,2.517942929,2.493166522,2.453648907,2.393553088,2.306209477,2.184495149,2.021133588,1.808475444,1.536482279
1681,2.549996755,2.549995392,2.549989874,2.549974626,2.549935242,2.549837728,2.549606424,2.549082429,2.547951487,2.54562925,2.541097073,2.532693123,2.517886714,2.493083655,2.453533765,2.393402363,2.306023731,2.184279917,2.020899598,1.808237653,1.53625756
1682,2.54999673,2.549995359,2.549989807,2.549974474,2.549934896,2.549836954,2.549604757,2.549079002,2.54794479,2.545616843,2.541075329,2.532657122,2.517830458,2.493000751,2.453418599,2.393251637,2.305838013,2.184064746,2.020665698,1.807999968,1.536032948
1683,2.549996705,2.549995325,2.54998974,2.549974322,2.549934549,2.549836176,2.549603085,2.549075566,2.547938078,2.545604414,2.541053555,2.532621083,2.517774162,2.49291781,2.453303408,2.39310091,2.305652325,2.183849637,2.020431887,1.807762387,1.535808443
1684,2.54999668,2.549995291,2.549989672,2.54997417,2.5499342,2.549835396,2.549601407,2.549072121,2.547931352,2.545591964,2.541031751,2.532585007,2.517717825,2.492834831,2.453188194,2.392950181,2.305466665,2.18363459,2.020198166,1.807524912,1.535584043
1685,2.549996655,2.549995257,2.549989604,2.549974016,2.549933849,2.549834614,2.549599725,2.549068667,2.547924611,2.545579491,2.541009917,2.532548895,2.517661449,2.492751816,2.453072955,2.392799451,2.305281035,2.183419604,2.019964534,1.807287541,1.535359747
1686,2.549996629,2.549995222,2.549989535,2.549973862,2.549933497,2.549833828,2.549598037,2.549065204,2.547917855,2.545566997,2.540988053,2.532512745,2.517605031,2.492668765,2.452957693,2.39264872,2.305095434,2.18320468,2.019730991,1.807050275,1.535135557
1687,2.549996603,2.549995188,2.549989466,2.549973707,2.549933144,2.549833039,2.549596344,2.549061732,2.547911085,2.545554481,2.54096616,2.532476558,2.517548574,2.492585676,2.452842406,2.392497987,2.304909861,2.182989817,2.019497537,1.806813113,1.534911471
1688,2.549996578,2.549995153,2.549989397,2.549973552,2.549932789,2.549832248,2.549594645,2.549058251,2.5479043,2.545541943,2.540944236,2.532440335,2.517492076,2.492502551,2.452727096,2.392347254,2.304724318,2.182775016,2.019264172,1.806576056,1.534687489
1689,2.549996552,2.549995118,2.549989327,2.549973395,2.549932432,2.549831454,2.549592942,2.54905476,2.5478975,2.545529383,2.540922283,2.532404074,2.517435538,2.492419389,2.452611762,2.392196519,2.304538804,2.182560277,2.019030896,1.806339104,1.534463611
1690,2.549996525,2.549995082,2.549989257,2.549973238,2.549932074,2.549830657,2.549591233,2.549051261,2.547890686,2.545516801,2.540900299,2.532367777,2.51737896,2.49233619,2.452496405,2.392045784,2.304353319,2.182345599,2.018797709,1.806102256,1.534239837
1691,2.549996499,2.549995047,2.549989187,2.54997308,2.549931715,2.549829857,2.549589519,2.549047752,2.547883857,2.545504198,2.540878286,2.532331443,2.517322341,2.492252955,2.452381023,2.391895047,2.304167864,2.182130982,2.018564611,1.805865512,1.534016167
1692,2.549996472,2.549995011,2.549989116,2.549972922,2.549931354,2.549829054,2.549587799,2.549044235,2.547877013,2.545491572,2.540856243,2.532295071,2.517265683,2.492169683,2.452265618,2.39174431,2.303982437,2.181916427,2.018331602,1.805628872,1.533792601
1693,2.549996446,2.549994975,2.549989045,2.549972762,2.549930991,2.549828248,2.549586074,2.549040708,2.547870155,2.545478925,2.54083417,2.532258663,2.517208984,2.492086375,2.45215019,2.391593572,2.30379704,2.181701933,2.018098681,1.805392337,1.533569138
1694,2.549996419,2.549994939,2.549988974,2.549972602,2.549930627,2.549827439,2.549584344,2.549037172,2.547863281,2.545466255,2.540812067,2.532222218,2.517152246,2.492003031,2.452034738,2.391442833,2.303611672,2.181487501,2.017865849,1.805155905,1.533345778
1695,2.549996392,2.549994903,2.549988902,2.549972441,2.549930262,2.549826627,2.549582609,2.549033627,2.547856394,2.545453564,2.540789934,2.532185737,2.517095467,2.49191965,2.451919262,2.391292093,2.303426333,2.18127313,2.017633106,1.804919577,1.533122522
1696,2.549996364,2.549994866,2.549988829,2.54997228,2.549929895,2.549825813,2.549580868,2.549030072,2.547849491,2.545440851,2.540767772,2.532149218,2.517038648,2.491836233,2.451803763,2.391141352,2.303241023,2.18105882,2.017400451,1.804683353,1.532899369
1697,2.549996337,2.549994829,2.549988757,2.549972117,2.549929527,2.549824995,2.549579122,2.549026509,2.547842574,2.545428116,2.540745579,2.532112663,2.51698179,2.491752779,2.451688241,2.390990611,2.303055743,2.180844572,2.017167885,1.804447233,1.532676318
1698,2.549996309,2.549994792,2.549988684,2.549971954,2.549929157,2.549824175,2.549577371,2.549022936,2.547835642,2.545415359,2.540723357,2.532076071,2.516924891,2.49166929,2.451572696,2.390839869,2.302870491,2.180630385,2.016935407,1.804211217,1.532453371
1699,2.549996282,2.549994755,2.54998861,2.54997179,2.549928785,2.549823352,2.549575614,2.549019354,2.547828695,2.54540258,2.540701104,2.532039442,2.516867953,2.491585764,2.451457127,2.390689126,2.30268527,2.180416259,2.016703017,1.803975304,1.532230526
1700,2.549996254,2.549994717,2.549988536,2.549971625,2.549928412,2.549822525,2.549573852,2.549015763,2.547821733,2.545389779,2.540678822,2.532002776,2.516810975,2.491502202,2.451341536,2.390538383,2.302500077,2.180202195,2.016470716,1.803739494,1.532007783
1701,2.549996226,2.549994679,2.549988462,2.54997146,2.549928037,2.549821696,2.549572084,2.549012163,2.547814757,2.545376956,2.54065651,2.531966074,2.516753957,2.491418604,2.451225921,2.390387639,2.302314914,2.179988192,2.016238503,1.803503788,1.531785144
1702,2.549996197,2.549994642,2.549988387,2.549971294,2.549927661,2.549820864,2.549570311,2.549008553,2.547807765,2.545364112,2.540634168,2.531929335,2.516696899,2.49133497,2.451110283,2.390236895,2.30212978,2.179774249,2.016006378,1.803268185,1.531562606
1703,2.549996169,2.549994603,2.549988312,2.549971127,2.549927283,2.549820029,2.549568533,2.549004934,2.547800759,2.545351245,2.540611797,2.531892559,2.516639801,2.4912513,2.450994622,2.390086151,2.301944675,2.179560368,2.015774341,1.803032685,1.531340171
1704,2.54999614,2.549994565,2.549988237,2.549970959,2.549926904,2.549819191,2.549566749,2.549001306,2.547793738,2.545338356,2.540589395,2.531855747,2.516582664,2.491167595,2.450878938,2.389935406,2.3017596,2.179346549,2.015542392,1.802797288,1.531117838
1705,2.549996111,2.549994526,2.549988161,2.54997079,2.549926523,2.54981835,2.54956496,2.548997668,2.547786703,2.545325445,2.540566963,2.531818898,2.516525487,2.491083853,2.450763232,2.38978466,2.301574554,2.17913279,2.015310531,1.802561995,1.530895607
1706,2.549996082,2.549994487,2.549988085,2.549970621,2.549926141,2.549817506,2.549563165,2.548994022,2.547779652,2.545312513,2.540544502,2.531782012,2.516468271,2.491000076,2.450647502,2.389633915,2.301389538,2.178919092,2.015078758,1.802326804,1.530673478
1707,2.549996053,2.549994448,2.549988008,2.54997045,2.549925757,2.549816659,2.549561365,2.548990366,2.547772587,2.545299558,2.540522011,2.53174509,2.516411015,2.490916263,2.45053175,2.389483169,2.301204551,2.178705456,2.014847073,1.802091716,1.53045145
1708,2.549996024,2.549994409,2.549987931,2.549970279,2.549925371,2.549815808,2.54955956,2.5489867,2.547765506,2.545286581,2.54049949,2.531708131,2.516353719,2.490832414,2.450415975,2.389332423,2.301019594,2.178491881,2.014615475,1.801856731,1.530229525
1709,2.549995994,2.549994369,2.549987853,2.549970107,2.549924984,2.549814955,2.549557749,2.548983026,2.547758411,2.545273582,2.540476939,2.531671135,2.516296384,2.490748529,2.450300178,2.389181677,2.300834666,2.178278366,2.014383965,1.801621848,1.530007701
1710,2.549995964,2.54999433,2.549987775,2.549969935,2.549924596,2.549814099,2.549555932,2.548979342,2.547751301,2.545260561,2.540454358,2.531634103,2.516239009,2.49066461,2.450184358,2.389030931,2.300649767,2.178064913,2.014152543,1.801387069,1.529785978
1711,2.549995934,2.54999429,2.549987697,2.549969761,2.549924205,2.54981324,2.54955411,2.548975648,2.547744176,2.545247518,2.540431747,2.531597034,2.516181595,2.490580654,2.450068515,2.388880185,2.300464898,2.17785152,2.013921208,1.801152391,1.529564357
1712,2.549995904,2.549994249,2.549987618,2.549969587,2.549923813,2.549812378,2.549552283,2.548971945,2.547737036,2.545234454,2.540409107,2.531559929,2.516124142,2.490496663,2.44995265,2.388729438,2.300280058,2.177638189,2.013689961,1.800917816,1.529342837
1713,2.549995874,2.549994209,2.549987539,2.549969412,2.54992342,2.549811513,2.54955045,2.548968233,2.547729881,2.545221367,2.540386436,2.531522788,2.516066649,2.490412637,2.449836762,2.388578692,2.300095248,2.177424918,2.013458801,1.800683343,1.529121418
1714,2.549995843,2.549994168,2.54998746,2.549969236,2.549923025,2.549810645,2.549548612,2.548964512,2.547722711,2.545208258,2.540363736,2.531485609,2.516009117,2.490328575,2.449720853,2.388427946,2.299910468,2.177211709,2.013227729,1.800448973,1.528900101
1715,2.549995813,2.549994127,2.54998738,2.54996906,2.549922628,2.549809773,2.549546768,2.548960781,2.547715526,2.545195126,2.540341006,2.531448395,2.515951545,2.490244478,2.44960492,2.3882772,2.299725717,2.17699856,2.012996744,1.800214705,1.528678884
1716,2.549995782,2.549994086,2.549987299,2.549968882,2.54992223,2.549808899,2.549544918,2.54895704,2.547708326,2.545181973,2.540318246,2.531411143,2.515893934,2.490160345,2.449488966,2.388126454,2.299540996,2.176785472,2.012765846,1.799980538,1.528457768
1717,2.549995751,2.549994044,2.549987218,2.549968704,2.54992183,2.549808022,2.549543063,2.548953291,2.547701111,2.545168798,2.540295456,2.531373856,2.515836284,2.490076178,2.449372989,2.387975708,2.299356304,2.176572445,2.012535035,1.799746474,1.528236753
1718,2.549995719,2.549994002,2.549987137,2.549968524,2.549921429,2.549807141,2.549541203,2.548949532,2.547693881,2.545155601,2.540272637,2.531336532,2.515778595,2.489991975,2.449256991,2.387824963,2.299171642,2.176359479,2.012304311,1.799512511,1.528015839
1719,2.549995688,2.54999396,2.549987055,2.549968344,2.549921025,2.549806258,2.549539337,2.548945763,2.547686637,2.545142381,2.540249787,2.531299171,2.515720867,2.489907737,2.44914097,2.387674218,2.298987009,2.176146573,2.012073675,1.799278651,1.527795025
1720,2.549995656,2.549993918,2.549986973,2.549968164,2.549920621,2.549805371,2.549537465,2.548941985,2.547679377,2.54512914,2.540226908,2.531261775,2.515663099,2.489823464,2.449024927,2.387523473,2.298802406,2.175933729,2.011843125,1.799044892,1.527574312
1721,2.549995624,2.549993876,2.549986891,2.549967982,2.549920214,2.549804481,2.549535588,2.548938197,2.547672102,2.545115876,2.540203999,2.531224341,2.515605293,2.489739156,2.448908862,2.387372728,2.298617833,2.175720945,2.011612663,1.798811234,1.527353699
1722,2.549995592,2.549993833,2.549986808,2.5499678,2.549919806,2.549803589,2.549533705,2.5489344,2.547664812,2.54510259,2.54018106,2.531186872,2.515547447,2.489654813,2.448792775,2.387221984,2.298433289,2.175508221,2.011382287,1.798577679,1.527133186
1723,2.54999556,2.54999379,2.549986724,2.549967616,2.549919397,2.549802693,2.549531817,2.548930594,2.547657507,2.545089282,2.540158091,2.531149366,2.515489562,2.489570435,2.448676667,2.387071241,2.298248775,2.175295559,2.011151998,1.798344224,1.526912773
1724,2.549995528,2.549993747,2.54998664,2.549967432,2.549918985,2.549801794,2.549529923,2.548926778,2.547650187,2.545075952,2.540135093,2.531111823,2.515431639,2.489486022,2.448560536,2.386920498,2.298064291,2.175082957,2.010921795,1.798110871,1.526692461
1725,2.549995495,2.549993703,2.549986556,2.549967247,2.549918573,2.549800892,2.549528023,2.548922952,2.547642852,2.5450626,2.540112064,2.531074245,2.515373676,2.489401574,2.448444384,2.386769755,2.297879836,2.174870416,2.01069168,1.797877619,1.526472249
1726,2.549995462,2.54999366,2.549986471,2.549967061,2.549918158,2.549799986,2.549526118,2.548919117,2.547635501,2.545049226,2.540089006,2.53103663,2.515315674,2.489317092,2.44832821,2.386619013,2.297695411,2.174657935,2.010461651,1.797644469,1.526252136
1727,2.549995429,2.549993616,2.549986386,2.549966874,2.549917742,2.549799078,2.549524207,2.548915272,2.547628136,2.545035829,2.540065918,2.530998979,2.515257634,2.489232575,2.448212015,2.386468272,2.297511016,2.174445515,2.010231708,1.797411419,1.526032123
1728,2.549995396,2.549993571,2.549986301,2.549966687,2.549917324,2.549798167,2.549522291,2.548911418,2.547620755,2.54502241,2.5400428,2.530961291,2.515199555,2.489148023,2.448095797,2.386317531,2.297326651,2.174233156,2.010001852,1.797178471,1.52581221
1729,2.549995362,2.549993527,2.549986215,2.549966498,2.549916904,2.549797252,2.549520369,2.548907554,2.54761336,2.54500897,2.540019652,2.530923568,2.515141437,2.489063436,2.447979559,2.386166792,2.297142315,2.174020857,2.009772083,1.796945623,1.525592396
1730,2.549995329,2.549993482,2.549986128,2.549966309,2.549916483,2.549796334,2.549518441,2.548903681,2.547605949,2.544995506,2.539996475,2.530885808,2.51508328,2.488978815,2.447863299,2.386016052,2.296958009,2.173808618,2.009542399,1.796712877,1.525372682
1731,2.549995295,2.549993437,2.549986041,2.549966119,2.54991606,2.549795413,2.549516508,2.548899798,2.547598523,2.544982021,2.539973268,2.530848012,2.515025084,2.48889416,2.447747017,2.385865314,2.296773733,2.173596441,2.009312802,1.796480231,1.525153068
1732,2.549995261,2.549993392,2.549985954,2.549965928,2.549915635,2.549794489,2.549514569,2.548895905,2.547591082,2.544968514,2.53995003,2.53081018,2.51496685,2.48880947,2.447630714,2.385714577,2.296589487,2.173384323,2.009083291,1.796247685,1.524933552
1733,2.549995226,2.549993346,2.549985866,2.549965736,2.549915209,2.549793562,2.549512624,2.548892003,2.547583626,2.544954984,2.539926763,2.530772311,2.514908577,2.488724745,2.44751439,2.38556384,2.29640527,2.173172266,2.008853867,1.796015241,1.524714136
1734,2.549995192,2.5499933,2.549985778,2.549965543,2.549914781,2.549792631,2.549510673,2.548888091,2.547576154,2.544941432,2.539903467,2.530734407,2.514850266,2.488639986,2.447398044,2.385413105,2.296221084,2.17296027,2.008624528,1.795782896,1.524494819
1735,2.549995157,2.549993254,2.549985689,2.54996535,2.549914352,2.549791698,2.549508717,2.54888417,2.547568668,2.544927858,2.53988014,2.530696466,2.514791915,2.488555193,2.447281677,2.38526237,2.296036927,2.172748333,2.008395276,1.795550653,1.524275601
1736,2.549995122,2.549993208,2.5499856,2.549965155,2.54991392,2.549790761,2.549506755,2.548880239,2.547561166,2.544914262,2.539856784,2.530658489,2.514733527,2.488470366,2.447165289,2.385111636,2.2958528,2.172536458,2.008166109,1.795318509,1.524056482
1737,2.549995087,2.549993161,2.54998551,2.54996496,2.549913487,2.549789821,2.549504787,2.548876298,2.547553649,2.544900643,2.539833398,2.530620476,2.514675099,2.488385504,2.44704888,2.384960904,2.295668703,2.172324642,2.007937029,1.795086466,1.523837462
1738,2.549995052,2.549993115,2.54998542,2.549964764,2.549913052,2.549788877,2.549502814,2.548872348,2.547546116,2.544887003,2.539809982,2.530582427,2.514616634,2.488300608,2.44693245,2.384810172,2.295484636,2.172112887,2.007708034,1.794854523,1.52361854
1739,2.549995016,2.549993067,2.549985329,2.549964566,2.549912616,2.549787931,2.549500835,2.548868388,2.547538569,2.54487334,2.539786536,2.530544342,2.51455813,2.488215678,2.446815999,2.384659442,2.295300599,2.171901192,2.007479125,1.79462268,1.523399717
1740,2.54999498,2.54999302,2.549985238,2.549964368,2.549912178,2.549786981,2.54949885,2.548864418,2.547531006,2.544859654,2.539763061,2.530506221,2.514499587,2.488130714,2.446699527,2.384508713,2.295116592,2.171689558,2.007250302,1.794390936,1.523180993
1741,2.549994944,2.549992972,2.549985147,2.549964169,2.549911738,2.549786028,2.549496859,2.548860439,2.547523428,2.544845947,2.539739555,2.530468064,2.514441006,2.488045716,2.446583034,2.384357985,2.294932614,2.171477984,2.007021564,1.794159293,1.52296237
1742,2.549994908,2.549992924,2.549985055,2.54996397,2.549911296,2.549785072,2.549494863,2.54885645,2.547515835,2.544832217,2.53971602,2.530429871,2.514382387,2.487960684,2.44646652,2.384207258,2.294748667,2.17126647,2.006792912,1.79392775,1.522743848
1743,2.549994872,2.549992876,2.549984962,2.549963769,2.549910853,2.549784113,2.549492861,2.548852451,2.547508226,2.544818465,2.539692455,2.530391642,2.514323729,2.487875618,2.446349986,2.384056533,2.29456475,2.171055016,2.006564346,1.793696306,1.522525426
1744,2.549994835,2.549992828,2.549984869,2.549963567,2.549910408,2.54978315,2.549490853,2.548848442,2.547500602,2.544804691,2.539668861,2.530353376,2.514265033,2.487790518,2.44623343,2.383905809,2.294380862,2.170843622,2.006335865,1.793464962,1.522307104
1745,2.549994798,2.549992779,2.549984776,2.549963365,2.549909961,2.549782184,2.549488839,2.548844424,2.547492963,2.544790894,2.539645236,2.530315075,2.514206299,2.487705384,2.446116854,2.383755087,2.294197005,2.170632289,2.006107469,1.793233717,1.522088881
1746,2.549994761,2.54999273,2.549984682,2.549963161,2.549909512,2.549781215,2.549486819,2.548840396,2.547485308,2.544777075,2.539621582,2.530276738,2.514147526,2.487620217,2.446000258,2.383604365,2.294013177,2.170421015,2.005879159,1.793002572,1.521870757
1747,2.549994724,2.549992681,2.549984588,2.549962957,2.549909062,2.549780243,2.549484794,2.548836358,2.547477639,2.544763234,2.539597898,2.530238365,2.514088716,2.487535016,2.445883641,2.383453646,2.29382938,2.170209802,2.005650934,1.792771527,1.521652732
1748,2.549994686,2.549992631,2.549984493,2.549962752,2.54990861,2.549779267,2.549482762,2.54883231,2.547469953,2.544749371,2.539574185,2.530199957,2.514029867,2.487449781,2.445767003,2.383302928,2.293645612,2.169998649,2.005422795,1.79254058,1.521434805
1749,2.549994648,2.549992581,2.549984398,2.549962546,2.549908156,2.549778288,2.549480725,2.548828252,2.547462253,2.544735485,2.539550441,2.530161512,2.51397098,2.487364512,2.445650345,2.383152211,2.293461875,2.169787556,2.00519474,1.792309733,1.521216977
1750,2.54999461,2.549992531,2.549984302,2.549962339,2.5499077,2.549777306,2.549478682,2.548824185,2.547454537,2.544721577,2.539526668,2.530123031,2.513912056,2.48727921,2.445533666,2.383001496,2.293278168,2.169576523,2.004966771,1.792078985,1.520999247
1751,2.549994572,2.54999248,2.549984205,2.549962131,2.549907243,2.54977632,2.549476634,2.548820108,2.547446806,2.544707646,2.539502865,2.530084515,2.513853093,2.487193874,2.445416967,2.382850783,2.29309449,2.16936555,2.004738887,1.791848336,1.520781616
1752,2.549994534,2.54999243,2.549984109,2.549961922,2.549906784,2.549775331,2.549474579,2.548816021,2.547439059,2.544693693,2.539479032,2.530045963,2.513794092,2.487108505,2.445300248,2.382700071,2.292910843,2.169154637,2.004511087,1.791617786,1.520564083
1753,2.549994495,2.549992379,2.549984011,2.549961712,2.549906323,2.549774339,2.549472518,2.548811924,2.547431297,2.544679718,2.53945517,2.530007375,2.513735053,2.487023102,2.445183508,2.382549361,2.292727226,2.168943784,2.004283373,1.791387334,1.520346647
1754,2.549994456,2.549992327,2.549983914,2.549961501,2.54990586,2.549773343,2.549470452,2.548807818,2.547423519,2.544665721,2.539431278,2.529968751,2.513675976,2.486937666,2.445066748,2.382398653,2.292543639,2.168732991,2.004055744,1.791156982,1.52012931
1755,2.549994417,2.549992276,2.549983815,2.549961289,2.549905395,2.549772345,2.549468379,2.548803701,2.547415726,2.544651701,2.539407356,2.529930091,2.513616861,2.486852197,2.444949968,2.382247947,2.292360082,2.168522257,2.003828199,1.790926728,1.51991207
1756,2.549994377,2.549992224,2.549983717,2.549961077,2.549904929,2.549771342,2.549466301,2.548799575,2.547407918,2.544637659,2.539383404,2.529891396,2.513557709,2.486766694,2.444833168,2.382097242,2.292176556,2.168311584,2.003600739,1.790696573,1.519694928
1757,2.549994338,2.549992172,2.549983618,2.549960863,2.549904461,2.549770337,2.549464217,2.548795439,2.547400094,2.544623594,2.539359423,2.529852665,2.513498519,2.486681158,2.444716348,2.38194654,2.291993059,2.168100971,2.003373364,1.790466516,1.519477884
1758,2.549994298,2.549992119,2.549983518,2.549960649,2.549903991,2.549769328,2.549462127,2.548791293,2.547392255,2.544609507,2.539335412,2.529813898,2.51343929,2.486595589,2.444599508,2.381795839,2.291809593,2.167890417,2.003146073,1.790236558,1.519260937
1759,2.549994258,2.549992066,2.549983418,2.549960433,2.549903519,2.549768316,2.549460031,2.548787136,2.5473844,2.544595398,2.539311371,2.529775096,2.513380025,2.486509987,2.444482648,2.38164514,2.291626157,2.167679923,2.002918867,1.790006698,1.519044087
1760,2.549994218,2.549992013,2.549983317,2.549960217,2.549903046,2.5497673,2.549457929,2.54878297,2.54737653,2.544581266,2.5392873,2.529736257,2.513320721,2.486424352,2.444365768,2.381494443,2.291442751,2.167469489,2.002691745,1.789776937,1.518827335
1761,2.549994177,2.54999196,2.549983216,2.549959999,2.54990257,2.549766281,2.549455821,2.548778795,2.547368644,2.544567112,2.5392632,2.529697384,2.51326138,2.486338683,2.444248868,2.381343749,2.291259375,2.167259115,2.002464708,1.789547273,1.518610679
1762,2.549994136,2.549991906,2.549983114,2.549959781,2.549902093,2.549765259,2.549453707,2.548774609,2.547360743,2.544552935,2.53923907,2.529658474,2.513202001,2.486252982,2.444131949,2.381193056,2.291076029,2.167048801,2.002237755,1.789317708,1.518394121
1763,2.549994095,2.549991852,2.549983012,2.549959562,2.549901614,2.549764233,2.549451587,2.548770413,2.547352827,2.544538737,2.53921491,2.529619529,2.513142584,2.486167248,2.444015009,2.381042366,2.290892714,2.166838546,2.002010887,1.789088241,1.518177659
1764,2.549994054,2.549991798,2.549982909,2.549959341,2.549901133,2.549763204,2.549449461,2.548766207,2.547344894,2.544524515,2.539190721,2.529580548,2.51308313,2.48608148,2.44389805,2.380891677,2.290709429,2.166628351,2.001784103,1.788858872,1.517961295
1765,2.549994012,2.549991743,2.549982806,2.54995912,2.549900651,2.549762172,2.549447329,2.548761991,2.547336947,2.544510272,2.539166502,2.529541532,2.513023639,2.48599568,2.443781072,2.380740991,2.290526174,2.166418215,2.001557403,1.7886296,1.517745027
1766,2.549993971,2.549991688,2.549982702,2.549958898,2.549900166,2.549761136,2.549445191,2.548757766,2.547328983,2.544496005,2.539142253,2.52950248,2.512964109,2.485909847,2.443664073,2.380590307,2.290342949,2.16620814,2.001330787,1.788400427,1.517528855
1767,2.549993929,2.549991633,2.549982598,2.549958675,2.54989968,2.549760096,2.549443047,2.54875353,2.547321005,2.544481717,2.539117975,2.529463393,2.512904543,2.485823981,2.443547056,2.380439625,2.290159755,2.165998124,2.001104255,1.788171351,1.517312781
1768,2.549993886,2.549991578,2.549982493,2.549958451,2.549899192,2.549759054,2.549440897,2.548749284,2.54731301,2.544467406,2.539093667,2.52942427,2.512844939,2.485738083,2.443430018,2.380288946,2.289976591,2.165788167,2.000877808,1.787942373,1.517096802
1769,2.549993844,2.549991522,2.549982388,2.549958226,2.549898702,2.549758007,2.549438741,2.548745029,2.547305,2.544453073,2.539069329,2.529385111,2.512785297,2.485652152,2.443312961,2.380138269,2.289793457,2.16557827,2.000651444,1.787713492,1.51688092
1770,2.549993801,2.549991466,2.549982282,2.549958,2.54989821,2.549756958,2.549436579,2.548740763,2.547296975,2.544438717,2.539044961,2.529345917,2.512725618,2.485566188,2.443195885,2.379987595,2.289610354,2.165368433,2.000425164,1.787484709,1.516665134
1771,2.549993758,2.549991409,2.549982175,2.549957773,2.549897716,2.549755905,2.549434411,2.548736487,2.547288934,2.544424338,2.539020564,2.529306688,2.512665902,2.485480192,2.44307879,2.379836923,2.289427281,2.165158655,2.000198968,1.787256023,1.516449445
1772,2.549993715,2.549991353,2.549982068,2.549957545,2.54989722,2.549754848,2.549432237,2.548732201,2.547280877,2.544409938,2.538996137,2.529267423,2.512606149,2.485394163,2.442961675,2.379686253,2.289244238,2.164948936,1.999972856,1.787027435,1.516233851
1773,2.549993671,2.549991296,2.549981961,2.549957316,2.549896723,2.549753788,2.549430057,2.548727905,2.547272805,2.544395514,2.53897168,2.529228123,2.512546358,2.485308102,2.442844541,2.379535586,2.289061225,2.164739278,1.999746828,1.786798944,1.516018353
1774,2.549993628,2.549991238,2.549981853,2.549957086,2.549896223,2.549752725,2.549427871,2.548723599,2.547264717,2.544381069,2.538947194,2.529188787,2.51248653,2.485222008,2.442727388,2.379384921,2.288878243,2.164529678,1.999520883,1.78657055,1.515802951
1775,2.549993584,2.549991181,2.549981745,2.549956855,2.549895722,2.549751658,2.549425679,2.548719283,2.547256613,2.5443666,2.538922678,2.529149416,2.512426665,2.485135882,2.442610216,2.379234259,2.288695292,2.164320138,1.999295022,1.786342253,1.515587645
1776,2.549993539,2.549991123,2.549981636,2.549956623,2.549895219,2.549750588,2.54942348,2.548714957,2.547248494,2.54435211,2.538898133,2.529110009,2.512366763,2.485049723,2.442493024,2.3790836,2.28851237,2.164110658,1.999069244,1.786114053,1.515372435
1777,2.549993495,2.549991064,2.549981526,2.54995639,2.549894714,2.549749514,2.549421276,2.54871062,2.547240359,2.544337597,2.538873557,2.529070567,2.512306824,2.484963533,2.442375814,2.378932943,2.288329479,2.163901236,1.99884355,1.78588595,1.51515732
1778,2.54999345,2.549991006,2.549981416,2.549956156,2.549894207,2.549748437,2.549419065,2.548706274,2.547232209,2.544323061,2.538848953,2.52903109,2.512246847,2.48487731,2.442258584,2.378782289,2.288146619,2.163691875,1.998617939,1.785657944,1.5149423
1779,2.549993405,2.549990947,2.549981305,2.549955921,2.549893698,2.549747356,2.549416848,2.548701917,2.547224042,2.544308503,2.538824318,2.528991577,2.512186834,2.484791055,2.442141336,2.378631638,2.287963789,2.163482572,1.998392412,1.785430034,1.514727376
1780,2.54999336,2.549990887,2.549981194,2.549955684,2.549893187,2.549746272,2.549414625,2.548697551,2.547215861,2.544293922,2.538799654,2.528952029,2.512126783,2.484704767,2.442024069,2.378480989,2.287780989,2.163273329,1.998166968,1.785202221,1.514512547
1781,2.549993314,2.549990828,2.549981083,2.549955447,2.549892675,2.549745184,2.549412396,2.548693174,2.547207663,2.544279319,2.53877496,2.528912446,2.512066695,2.484618448,2.441906783,2.378330344,2.28759822,2.163064145,1.997941607,1.784974505,1.514297814
1782,2.549993268,2.549990768,2.54998097,2.549955209,2.54989216,2.549744092,2.549410161,2.548688787,2.54719945,2.544264693,2.538750237,2.528872828,2.512006571,2.484532096,2.441789478,2.378179701,2.287415481,2.16285502,1.997716329,1.784746885,1.514083175
1783,2.549993222,2.549990708,2.549980858,2.54995497,2.549891643,2.549742997,2.549407919,2.54868439,2.547191221,2.544250045,2.538725483,2.528833174,2.51194641,2.484445713,2.441672154,2.378029061,2.287232773,2.162645955,1.997491135,1.784519362,1.513868632
1784,2.549993176,2.549990647,2.549980744,2.54995473,2.549891125,2.549741899,2.549405672,2.548679982,2.547182976,2.544235375,2.538700701,2.528793485,2.511886211,2.484359297,2.441554812,2.377878424,2.287050095,2.162436949,1.997266024,1.784291935,1.513654183
1785,2.549993129,2.549990586,2.54998063,2.549954489,2.549890605,2.549740797,2.549403418,2.548675565,2.547174716,2.544220681,2.538675888,2.528753761,2.511825976,2.48427285,2.441437451,2.37772779,2.286867448,2.162228002,1.997040995,1.784064605,1.513439829
1786,2.549993082,2.549990525,2.549980516,2.549954247,2.549890082,2.549739692,2.549401158,2.548671137,2.547166439,2.544205966,2.538651047,2.528714002,2.511765704,2.484186371,2.441320072,2.377577159,2.286684831,2.162019114,1.99681605,1.78383737,1.51322557
1787,2.549993035,2.549990463,2.549980401,2.549954004,2.549889558,2.549738583,2.549398892,2.548666699,2.547158147,2.544191227,2.538626175,2.528674207,2.511705396,2.48409986,2.441202674,2.377426531,2.286502245,2.161810285,1.996591187,1.783610232,1.513011406
1788,2.549992988,2.549990401,2.549980285,2.54995376,2.549889032,2.54973747,2.549396619,2.54866225,2.54714984,2.544176466,2.538601274,2.528634377,2.51164505,2.484013317,2.441085257,2.377275906,2.286319689,2.161601515,1.996366408,1.783383189,1.512797336
1789,2.54999294,2.549990339,2.549980169,2.549953514,2.549888504,2.549736354,2.549394341,2.548657792,2.547141516,2.544161683,2.538576343,2.528594512,2.511584668,2.483926743,2.440967822,2.377125285,2.286137163,2.161392805,1.996141711,1.783156243,1.512583361
1790,2.549992892,2.549990277,2.549980053,2.549953268,2.549887973,2.549735234,2.549392056,2.548653323,2.547133177,2.544146877,2.538551383,2.528554612,2.511524249,2.483840137,2.440850369,2.376974666,2.285954669,2.161184153,1.995917097,1.782929392,1.51236948
1791,2.549992844,2.549990214,2.549979935,2.549953021,2.549887441,2.549734111,2.549389765,2.548648844,2.547124822,2.544132048,2.538526393,2.528514677,2.511463794,2.483753499,2.440732897,2.376824051,2.285772205,2.160975561,1.995692565,1.782702638,1.512155693
1792,2.549992795,2.549990151,2.549979818,2.549952772,2.549886907,2.549732984,2.549387468,2.548644355,2.547116451,2.544117197,2.538501373,2.528474707,2.511403302,2.483666829,2.440615407,2.376673439,2.285589771,2.160767028,1.995468117,1.782475979,1.511942001
1793,2.549992746,2.549990087,2.549979699,2.549952523,2.549886371,2.549731853,2.549385164,2.548639855,2.547108064,2.544102324,2.538476324,2.528434702,2.511342773,2.483580128,2.440497899,2.37652283,2.285407368,2.160558553,1.99524375,1.782249415,1.511728403
1794,2.549992697,2.549990023,2.54997958,2.549952272,2.549885833,2.549730719,2.549382854,2.548635345,2.547099662,2.544087427,2.538451245,2.528394662,2.511282208,2.483493396,2.440380373,2.376372224,2.285224995,2.160350138,1.995019466,1.782022947,1.511514899
1795,2.549992648,2.549989959,2.549979461,2.549952021,2.549885293,2.549729581,2.549380538,2.548630825,2.547091243,2.544072509,2.538426137,2.528354586,2.511221607,2.483406632,2.440262828,2.376221622,2.285042654,2.160141781,1.994795265,1.781796575,1.511301488
1796,2.549992598,2.549989894,2.549979341,2.549951768,2.549884751,2.54972844,2.549378216,2.548626295,2.547082809,2.544057567,2.538400999,2.528314476,2.511160969,2.483319837,2.440145265,2.376071023,2.284860342,2.159933484,1.994571146,1.781570298,1.511088172
1797,2.549992548,2.549989829,2.54997922,2.549951515,2.549884207,2.549727295,2.549375887,2.548621754,2.547074359,2.544042603,2.538375832,2.528274331,2.511100294,2.48323301,2.440027685,2.375920428,2.284678062,2.159725245,1.994347109,1.781344116,1.510874949
1798,2.549992498,2.549989764,2.549979099,2.54995126,2.549883661,2.549726147,2.549373552,2.548617203,2.547065893,2.544027617,2.538350635,2.528234151,2.511039583,2.483146153,2.439910086,2.375769836,2.284495812,2.159517065,1.994123155,1.78111803,1.51066182
1799,2.549992448,2.549989698,2.549978977,2.549951004,2.549883113,2.549724994,2.54937121,2.548612641,2.547057411,2.544012607,2.538325408,2.528193935,2.510978836,2.483059264,2.439792469,2.375619247,2.284313592,2.159308944,1.993899283,1.780892039,1.510448785
1800,2.549992397,2.549989632,2.549978855,2.549950747,2.549882563,2.549723838,2.549368863,2.548608069,2.547048913,2.543997575,2.538300152,2.528153685,2.510918053,2.482972343,2.439674835,2.375468662,2.284131404,2.159100882,1.993675493,1.780666142,1.510235843
